:020000040000FA
:1000000000040020810A000015070000610A0000BA
:100010001F07000029070000330700000000000050
:10002000000000000000000000000000A50A000021
:100030003D070000000000004707000051070000D6
:100040005B070000650700006F07000079070000EC
:10005000830700008D07000097070000A10700003C
:10006000AB070000B5070000BF070000C90700008C
:10007000D3070000DD070000E7070000F1070000DC
:10008000FB070000050800000F0800001908000029
:10009000230800002D080000370800004108000078
:1000A0004B080000550800005F08000069080000C8
:1000B000730800007D080000870800009108000018
:1000C0009B080000A5080000AF080000B908000068
:1000D000C3080000CD080000D7080000E1080000B8
:1000E000EB080000F5080000FF0800000909000007
:1000F000130900001D090000270900003109000054
:100100003B0900001FB500F003F88DE80F001FBD8C
:1001100000F0ACBC40F6FC7108684FF01022401CA7
:1001200008D00868401C09D00868401C04D0086842
:1001300000F037BA9069F5E79069F9E7704770B554
:100140000B46010B184400F6FF70040B4FF0805073
:100150000022090303692403406943431D1B104621
:1001600000F048FA29462046BDE8704000F042BA47
:10017000F0B54FF6FF734FF4B4751A466E1E11E0DA
:10018000A94201D3344600E00C46091B30F8027B3B
:10019000641E3B441A44F9D19CB204EB134394B25D
:1001A00004EB12420029EBD198B200EB134002EBB2
:1001B000124140EA0140F0BDF34992B00446D1E952
:1001C0000001CDE91001FF224021684600F0F4FB58
:1001D00094E80F008DE80F00684610A902E004C8FB
:1001E00041F8042D8842FAD110216846FFF7C0FF7C
:1001F0001090AA208DF8440000F099F9FFF78AFFCB
:1002000040F6FC7420684FF01025401C0FD0206889
:1002100010226946803000F078F92068401C08D030
:100220002068082210A900F070F900F061F9A869AF
:10023000EEE7A869F5E74FF080500369406940F6A2
:10024000FC71434308684FF01022401C06D0086838
:1002500000F58050834203D2092070479069F7E788
:100260000868401C04D00868401C03D00020704778
:100270009069F9E70420704770B504460068C34DE3
:10028000072876D2DFE800F033041929631E250021
:10029000D4E9026564682946304600F062F92A46CE
:1002A0002146304600F031F9AA002146304600F0E0
:1002B00057FB002800D0032070BD00F009FC4FF46C
:1002C000805007E0201D00F040F90028F4D100F034
:1002D000FFFB60682860002070BD241D94E80700C3
:1002E000920000F03DFB0028F6D00E2070BDFFF715
:1002F000A2FF0028FAD1D4E901034FF0805100EBAE
:10030000830208694D69684382420ED840F6F8704E
:1003100005684FF010226D1C09D0056805EB8305B8
:100320000B6949694B439D4203D9092070BD55694A
:10033000F4E70168491C03D00068401C02D003E0C8
:100340005069FAE70F2070BD2046FFF735FFFFF731
:1003500072FF0028F7D1201D00F0F7F80028F2D135
:1003600060680028F0D100F0E2F8FFF7D3FE00F05B
:10037000BFF8072070BD10B50C46182802D0012028
:10038000086010BD2068FFF777FF206010BD41684E
:10039000054609B1012700E0002740F6F8742068FF
:1003A0004FF01026401C2BD02068AA68920000F065
:1003B000D7FA38B3A86881002068401C27D020688D
:1003C000FFF7BDFED7B12068401C22D026684FF051
:1003D0008050AC686D68016942695143A9420DD9EA
:1003E000016940694143A14208D92146304600F0E5
:1003F000B8F822462946304600F087F800F078F831
:100400007069D2E700F093F8FFF784FEF6E77069B1
:10041000D6E77669DBE740F6FC7420684FF01026DB
:10042000401C23D02068401C0CD02068401C1FD0EA
:100430002568206805F18005401C1BD027683879A5
:10044000AA2819D040F6F8700168491C42D001680A
:10045000491C45D00168491C3ED001680968491C07
:100460003ED00168491C39D000683EE0B069DAE747
:10047000B569DEE7B769E2E710212846FFF778FEA5
:100480003968814222D12068401C05D0D4F8001080
:1004900001F18002C03107E0B169F9E730B108CA63
:1004A00051F8040D984201D1012000E000208A4259
:1004B000F4D158B1286810B1042803D0FEE72846CB
:1004C000FFF765FF3149686808600EE0FFF722FE1C
:1004D00000F00EF87169BBE77169BFE7706904E06D
:1004E0004FF480500168491C01D000F0CBFAFEE7C0
:1004F000BFF34F8F26480168264A01F4E06111439B
:100500000160BFF34F8F00BFFDE72DE9F0411746B3
:100510000D460646002406E03046296800F054F8EF
:10052000641C2D1D361DBC42F6D3BDE8F08140F69B
:10053000FC700168491C04D0D0F800004FF48051D1
:10054000FDE54FF010208069F8E74FF080510A690F
:10055000496900684A43824201D810207047002050
:10056000704770B50C4605464FF4806608E0284693
:1005700000F017F8B44205D3A4F5806405F5805562
:10058000002CF4D170BD0000F40A0000000000202F
:100590000CED00E00400FA05144801680029FCD0C5
:1005A0007047134A0221116010490B68002BFCD0E0
:1005B0000F4B1B1D186008680028FCD0002010603D
:1005C00008680028FCD07047094B10B501221A605A
:1005D000064A1468002CFCD0016010680028FCD08A
:1005E0000020186010680028FCD010BD00E4014015
:1005F00004E5014070B50C46054600F073F810B9EB
:1006000000F07EF828B121462846BDE8704000F091
:1006100007B821462846BDE8704000F037B8000012
:100620007FB5002200920192029203920A0B000B06
:100630006946012302440AE0440900F01F0651F80C
:10064000245003FA06F6354341F82450401C8242F8
:10065000F2D80D490868009A10430860081D016827
:10066000019A1143016000F03DF800280AD00649C4
:1006700010310868029A10430860091D0868039A3F
:10068000104308607FBD00000006004030B50F4CED
:10069000002200BF04EB0213D3F800582DB9D3F8A1
:1006A000045815B9D3F808581DB1521C082AF1D3C3
:1006B00030BD082AFCD204EB0212C2F80008C3F8CD
:1006C00004180220C3F8080830BD000000E0014013
:1006D0004FF08050D0F83001082801D0002070473A
:1006E000012070474FF08050D0F83011062905D016
:1006F000D0F83001401C01D0002070470120704725
:100700004FF08050D0F830010A2801D00020704707
:100710000120704708208F490968095808471020B0
:100720008C4909680958084714208A4909680958FA
:100730000847182087490968095808473020854923
:100740000968095808473820824909680958084744
:100750003C20804909680958084740207D490968BC
:100760000958084744207B49096809580847482028
:1007700078490968095808474C207649096809589A
:10078000084750207349096809580847542071499F
:1007900009680958084758206E49096809580847E8
:1007A0005C206C4909680958084760206949096854
:1007B00009580847642067490968095808476820AC
:1007C00064490968095808476C2062490968095852
:1007D000084770205F4909680958084774205D4937
:1007E00009680958084778205A490968095808478C
:1007F0007C205849096809580847802055490968EC
:10080000095808478420534909680958084788202F
:1008100050490968095808478C204E490968095809
:10082000084790204B4909680958084794204949CE
:10083000096809580847982046490968095808472F
:100840009C204449096809580847A0204149096883
:1008500009580847A4203F49096809580847A820B3
:100860003C49096809580847AC203A4909680958C1
:100870000847B0203749096809580847B420354966
:10088000096809580847B8203249096809580847D3
:10089000BC203049096809580847C0202D4909681B
:1008A00009580847C4202B49096809580847C82037
:1008B0002849096809580847CC2026490968095879
:1008C0000847D0202349096809580847D4202149FE
:1008D000096809580847D8201E4909680958084777
:1008E000DC201C49096809580847E02019490968B3
:1008F00009580847E4201749096809580847E820BB
:100900001449096809580847EC2012490968095830
:100910000847F0200F49096809580847F4200D4995
:10092000096809580847F8200A490968095808471A
:10093000FC2008490968095808475FF48070054998
:10094000096809580847000003480449024A034B54
:100950007047000000000020000B0000000B0000AA
:1009600040EA010310B59B070FD1042A0DD310C82C
:1009700008C9121F9C42F8D020BA19BA884201D97E
:10098000012010BD4FF0FF3010BD1AB1D30703D0C6
:10099000521C07E0002010BD10F8013B11F8014B7C
:1009A0001B1B07D110F8013B11F8014B1B1B01D198
:1009B000921EF1D1184610BD02F0FF0343EA032254
:1009C00042EA024200F005B87047704770474FF0A6
:1009D00000020429C0F0128010F0030C00F01B800C
:1009E000CCF1040CBCF1020F18BF00F8012BA8BF1A
:1009F00020F8022BA1EB0C0100F00DB85FEAC17CDE
:100A000024BF00F8012B00F8012B48BF00F8012B90
:100A100070474FF0000200B51346944696462039C1
:100A200022BFA0E80C50A0E80C50B1F12001BFF4A7
:100A3000F7AF090728BFA0E80C5048BF0CC05DF80D
:100A400004EB890028BF40F8042B08BF704748BF5B
:100A500020F8022B11F0804F18BF00F8012B7047CF
:100A6000014B1B68DB6818470000002009480A4951
:100A70007047FFF7FBFFFFF745FB00BD20BFFDE719
:100A8000064B1847064A1060016881F308884068E1
:100A900000470000000B0000000B000017040000DE
:100AA000000000201EF0040F0CBFEFF30881EFF3ED
:100AB0000981886902380078182803D100E0000015
:100AC000074A1047074A12682C3212681047000084
:100AD00000B5054B1B68054A9B58984700BD0000B0
:100AE0007703000000000020F00A0000040000006E
:100AF000001000000000000000FFFFFF0090D00386
:10100000D00C0020598A01006D910000BF890100B9
:101010006D9100006D9100006D91000000000000D6
:10102000000000000000000000000000E58A010050
:101030006D910000000000006D9100006D910000B6
:101040004D8B0100538B01006D9100006D910000EC
:101050006D9100006D9100006D9100006D91000098
:10106000598B01006D9100006D9100005F8B0100B4
:101070006D910000658B01006B8B0100718B01008D
:101080006D9100006D9100006D9100006D91000068
:101090006D9100006D9100006D9100006D91000058
:1010A0006D910000778B01006D9100006D91000043
:1010B0006D9100006D9100006D9100006D91000038
:1010C0006D9100006D9100006D9100006D91000028
:1010D0006D9100006D9100006D9100006D91000018
:1010E0006D9100006D9100006D9100006D91000008
:1010F0006D9100006D9100006D9100006D910000F8
:101100006D9100006D91000000F002F817F093FC63
:101110000AA090E8000C82448344AAF10107DA4552
:1011200001D117F088FCAFF2090EBAE80F0013F0F6
:10113000010F18BFFB1A43F001031847747E01002A
:10114000947E01000A444FF0000C10F8013B13F0AC
:10115000070408BF10F8014B1D1108BF10F8015B10
:10116000641E05D010F8016B641E01F8016BF9D103
:1011700013F0080F1EBF10F8014BAD1C0C1B09D15A
:101180006D1E58BF01F801CBFAD505E014F8016BCC
:1011900001F8016B6D1EF9D59142D6D3704700005E
:1011A0000023002400250026103A28BF78C1FBD870
:1011B000520728BF30C148BF0B6070471FB500F011
:1011C00003F88DE80F001FBD17F032BC70B51B4C43
:1011D00005460A202070A01C00F0D7F85920A080F6
:1011E00029462046BDE8704006F00ABE06F013BE50
:1011F00070B50C461249097829B1A0F160015E2949
:1012000008D3012013E0602804D0692802D043F2FB
:1012100001000CE020CC0B4E94E80E0006EB8000A1
:10122000A0F58050241FD0F8806E2846B04720607B
:1012300070BD0120704706207047000008000020A4
:101240001C000020A08B01003249884201D20120FD
:1012500070470020704770B50446A0F500002E4E80
:10126000B0F1786F02D23444A4F5000429488442D6
:1012700001D2012500E0002500F043F848B125B96E
:10128000B44204D32548006808E0012070BD002066
:1012900070BD002DF9D1B442F9D321488442F6D271
:1012A000F3E710B50446A0F50000B0F1786F03D263
:1012B00019480444A4F5000400F023F84FF08041DD
:1012C00030B11648006804E08C4204D2012003E0EB
:1012D00013488442F8D2002080F0010010BD10B500
:1012E00020B1FFF7DEFF08B1012010BD002010BDC6
:1012F00010B520B1FFF7AFFF08B1012010BD0020ED
:1013000010BD084808490068884201D10120704793
:101310000020704700900100000000202000002005
:101320000800002050000020BEBAFECA10B50446D6
:101330000021012000F037F800210B2000F033F8E5
:101340000021082000F02FF80421192000F02BF8CC
:1013500004210D2000F027F804210E2000F023F8CE
:1013600004210F2000F01FF80421C84300F01BF8EF
:101370000621162000F017F80621152000F013F8BA
:101380002046FFF723FF002010BD40F2031101802B
:101390007047FFF72BBF002070470B487047FFF7DF
:1013A00027BF704770474907090E002804DB00F18A
:1013B000E02080F80014704700F00F0000F1E020FA
:1013C00080F8141D7047000003F9004230B5FF4D4E
:1013D0000446062CA9780ED2DFE804F0030E0E0EA8
:1013E0000509FFDF08E0022906D0FFDF04E003293A
:1013F00002D0FFDF00E0FFDFAC7030BDF34810B576
:10140000407E4108F14800F11A0005D00BF0EDFDD7
:10141000BDE8104006F08CBB0BF0CEFDF8E730B510
:101420000446A1F120000D460A2847D2DFE800F06B
:1014300005070C19202532373C41FFDF3FE02078BB
:1014400020283CD1FFDF3AE0E0488078052836D0FC
:101450002078242833D0252831D023282FD0FFDF2F
:101460002DE0207822282AD0232828D8FFDF26E064
:101470002078222823D0FFDF21E0207822281ED0E8
:1014800024281CD026281AD0272818D0292816D07E
:10149000FFDF14E02078252811D0FFDF0FE020784F
:1014A00025280CD0FFDF0AE02078252807D0FFDFB1
:1014B00005E02078282802D0FFDF00E0FFDF25705C
:1014C00030BD1FB50022ADF800200C88ADF80240F9
:1014D0004B88ADF80430CA88ADF808208988ADF88B
:1014E00006100021ADF80A10ADF80C1080B14FF6CF
:1014F000FF700621844201D1ADF80210834201D170
:10150000ADF80410824203D14FF44860ADF80800F2
:1015100068460BF03BFE06F00BFB04B010BD70B547
:1015200014460D460646FFF796FE60B90DB1A5427A
:1015300001D90C2070BD002409E000BF56F824003A
:10154000FFF789FE08B1102070BD641CE4B2AC4204
:10155000F4D3002070BD2DE9F04105461F469046AA
:101560000E4600240068FFF7C3FE30B9A98828683A
:101570000844401EFFF7BCFE10B11020BDE8F0810A
:1015800028680028A88802D0B84202D850E0002875
:10159000F4D00920F2E72968085DB8B1671CCA5D7C
:1015A000152A2ED03CDC152A3AD2DFE802F0391297
:1015B000222228282A2A3131393939393939393919
:1015C00039392200085D30BB641CA4B2A242F9D8AC
:1015D00033E00228DDD1A01C085C88F80000072851
:1015E00001D2400701D40A20C8E7307840F001005A
:1015F00015E0C143C90707E0012807D010E0062025
:10160000BCE70107A1F180510029F5D01846B5E7E4
:101610003078810701D50B20B0E740F00200307030
:101620002868005D384484B2A888A04202D2B0E79E
:101630004FF4485382B2A242ADD800209EE710B5C5
:101640000278540809D0012243F20223012C07D06A
:10165000022C0DD0032C13D10FE00020087005E000
:1016600080790324B4EB901F0AD10A70002010BDCA
:101670008079B2EB901F03D1F7E780798009F4D02D
:10168000184610BD08B500208DF800004F4890F8AE
:10169000221051B190F8230002280FD003280FD058
:1016A000FFDF00BF9DF8000008BD484869461930BB
:1016B00001F0AEF80028F5D0FFDFF3E7032000E0EB
:1016C00001208DF80000EDE738B50C460546694667
:1016D00001F09EF800280DD19DF80010207861F3EC
:1016E0004700207055F8010FC4F80100A888A4F83D
:1016F0000500002038BD38B51378C0B1022816D0D7
:1017000033A46D46246800944C7905EB9414247836
:1017100064F34703137003280ED003F0FE0010702B
:101720000868C2F801008888A2F8050038BD23F0D7
:10173000FE0313700228EED1D8B240F00100EEE7AC
:1017400002210CF0AFBE38B50C460978222901D22F
:10175000082038BDADF800008DF8022068460BF077
:1017600087FC06F0E5F9050003D121212046FFF7AB
:1017700056FE284638BD1CB500208DF80000CDF877
:101780000100ADF80500114890F82200022801D0B0
:10179000012000E000208DF8070068460BF0D2FC25
:1017A000002800D0FFDF1CBD2DE9FF478CB00025CD
:1017B000BDF8346082461C4690468DF81C50700778
:1017C00003D56068FFF747FD90B903E0940100205E
:1017D0000302FF01FE4F4FF0010997F8220058B1B4
:1017E00097F82300022807D16068FFF781FD18B140
:1017F000102010B0BDE8F087300702D5A0898028FE
:1018000015D8700704D4B8F1000F01D0387E70B13C
:10181000E07DC0F300108DF81B00617D072041B111
:10182000012906D00229E4D00429E2D117E00720DB
:10183000DFE78DF817908DF819908DF815806068A6
:1018400078B107A9FFF7FBFE0028D2D1606850F8F5
:10185000011FCDF80F108088ADF8130005E00620B9
:10186000C7E7CDF80F50ADF81350E07B0028F6D154
:10187000207C0028F3D1607C0028F0D1A07C0028D7
:10188000EDD1E07CC006EAD18DF800A0BDF83400AF
:10189000ADF80200A0680190A0680290CDA0D0E948
:1018A0000010CDE90A10E07C0AA901EB5010007885
:1018B0008DF80C00FFF7E6FE8DF80D009DF81C007A
:1018C0008DF80E008DF818508DF816508DF81A50BE
:1018D00009A968460BF0A9FC06F02AF989E7F0B5DA
:1018E0008FB000248DF830408DF814408DF83440CE
:1018F00006468DF82840019402940394049419B18B
:101900000FC901AD85E80F00B14DA878052801D0B9
:1019100004280CD101986968884200D120B9039845
:10192000E968884203D110B108200FB0F0BD1F272D
:101930003B460DAA05A903A8FFF70DFE0028F4D128
:101940003B460AAA0CA901A8FFF705FE0028ECD126
:101950009DF81400C00701D00A20E6E7A88A4107D5
:1019600008D4A97D31B19DF82810890702D043F22F
:101970000120DAE79DF82810C90709D0400707D4ED
:10198000288818B144F25061884201D90720CCE779
:101990008DF818408DF81960BDF80800ADF81A00F0
:1019A0000198079006A80BF04BFC06F0C1F8002840
:1019B000BBD18DF820408DF82160BDF81000ADF846
:1019C00022000398099008A80BF05CFC06F0B0F820
:1019D0000028AAD101AC2D1D94E80F0085E80F0066
:1019E0000020A2E72DE9FE43040000D1FFDF2078AC
:1019F000774E20F00F00801C20F0F0007030207037
:101A000060680178C91F112929D2DFE801F04BEB8A
:101A10002809EBEB38EA282864EAE928EAEAE80032
:101A200086883046FFF78CFE0546304609F065FF94
:101A3000B8B16068807985F83E0021212846FFF71B
:101A4000EEFC304603F01EFA304604F0DDFB314672
:101A5000012010F051FBA87F20F01000A877BDE80E
:101A6000FE83207820F0F0002030207003202072C8
:101A7000668060688079607206F043FADDE78588E9
:101A80002846FFF75DFE00B9FFDF60688078012817
:101A900000D0FFDF6068817903B02846BDE8F043DD
:101AA0000AF008B886883046FFF74AFE050000D1E4
:101AB000FFDF06F026FA60683146C088288160683A
:101AC0000089688160684089A881012010F014FBBA
:101AD0000020A875C3E7807828B10228BFD03C2831
:101AE000BDD0FFDFBBE706F00CFA6568A879AD1C36
:101AF00000B9FFDFF778B5F80290B046384605F038
:101B0000B7FF060000D1FFDF0022022148460CF09B
:101B1000C0FC040000D1FFDF22212046FFF77FFC3C
:101B2000A17F012060F30101A177298B2181698BBD
:101B30006181A98BA18184F822708DF8080002AA26
:101B4000032148460CF0A5FC00B9FFDFB088ADF8D2
:101B50000400B0788DF8060001AA052148460CF073
:101B600098FC00B9FFDFB088ADF80000F0788DF880
:101B700002006A46042148460CF08BFC00B9FFDFE6
:101B8000062105F1120000F060FE38B36879800785
:101B900000D5FFDF6979E07D61F34700E075D5F896
:101BA0000600A0616889A083062105F10C0000F001
:101BB0004CFE10B398F819104A08617862F3470197
:101BC0006170D8F81A10C4F80210B8F81E001DE0B1
:101BD00094010020070605040302010003E01FE052
:101BE0002AE025E017E0E07D20F0FE00801CE07593
:101BF000D5F81200A061E88AD5E7607820F0FE00F1
:101C0000801C6070E868C4F80200288AE080032025
:101C1000FFF7DCFB23E72046BDE8FE4301F0B6BC3E
:101C200006F06FF916F8240F40F00400307016E744
:101C3000BDE8FE4306F065B9B178052908D004294E
:101C4000E8D106F05EF90220BDE8FE43FFF7BEBB17
:101C500080780028DED0F07800F0C1FD06F051F960
:101C60000320F1E72DE9F047054600780027000939
:101C700091460C463E46012873D0022872D00728B0
:101C800009D00A2824D0FFDFA9F800600CB1278012
:101C900066800020AEE5D5F804C0DFF8BC874FF0C1
:101CA000010A9CF800004FF6FF7113287AD008DC77
:101CB00007280ED00E281FD0112826D0122806D1B2
:101CC00086E015280BD0162859D017286CD021464D
:101CD000FBE012271026BCF804002146B8E01C27C0
:101CE0000A26ECB3BCF80200A08068680079207274
:101CF000686840796072C7E71B27092684B3032010
:101D0000207268684088A080BEE79CF802003C28EA
:101D1000BAD010272C260CF1020C0CB3BCF8020030
:101D2000A080BCF818006082BCF818002082BCF8C3
:101D30001A00A082BCF81C00E0829CF8050004F1A7
:101D400008020CF10601FFF7D6FC9CF804000128FC
:101D50009AD184F80FA00020207608F1040002E058
:101D60000AE06DE077E090E80E00D8F81000C4E9D2
:101D70000930C4E9071287E7A9F8006089E720273E
:101D80001126002CF8D0A180686804F10A0280783E
:101D900020726868807A60726968C878091DFFF7E8
:101DA000AAFC71E729E0FFE721270A26002CE3D0EF
:101DB000BCF80200A08068680079207268684079E9
:101DC000607298F8241021F0040188F824105BE771
:101DD00022270B26002CCFD0BCF80400A080686816
:101DE000807820726868807900F03EFD60726868D3
:101DF000C07900F039FDA07246E726271C26002C8A
:101E0000BAD0A1806868C078607268688079A07272
:101E100008F1040090E80E00D8F81000C4E905307D
:101E2000C4E90312686880783C2803D0432804D0B2
:101E3000FFDF29E784F808A026E70220207223E7C5
:101E4000287A022801D0FFDF1EE7122710266888B3
:101E500000F0E8FC18E7287AB0B3012835D0022852
:101E600033D0032801D0FFDF0EE711270926002C0D
:101E700082D0B5F802804046FFF762FC90F822A0BD
:101E8000A4F80480687A2072042140460CF01CFB00
:101E9000052140460CF018FB002140460CF014FBD5
:101EA000012140460CF010FB032140460CF00CFBD6
:101EB000022140460CF008FB062140460CF004FBD2
:101EC000504600F08CFCDFE6FFE72846BDE8F0470F
:101ED00001F092BC70B5012801D0FFDF70BD8DB25A
:101EE0002846FFF72DFC040000D1FFDF20782128D1
:101EF000F4D006F003F880B1017821F00F01891CBD
:101F000021F0F001103101700221017245800020A2
:101F1000A075BDE8704005F0F4BF21462846BDE835
:101F2000704013220FE42DE9F04116460C00804664
:101F300000D1FFDF307820F00F00801C20F0F0008F
:101F4000103030702078022802D0FFDFBDE8F08129
:101F50004046FFF7F5FB050000D1FFDF61884FF633
:101F6000FF700027814202D1A288824203D08142C1
:101F700001D1A08848B105F0C4FF2068B060606856
:101F8000F06020893082AF75E0E7A87D0128DDD1BF
:101F900078230022414610F005F80220A875D5E705
:101FA00038B520380C4607283AD2DFE800F004069E
:101FB0002C3931251A00062038BD6068FFF78FF9EB
:101FC000A0B9618820886A460BF0C9FA05F0B0FD17
:101FD0000028F1D161680029EED0BDF800200A8008
:101FE00038BD206820B1FFF783F908B1102038BD53
:101FF00020460BF075FB0FE0A07800F0010120886F
:102000000BF0DEFA08E02068BDE8384001F029BE98
:10201000618820880BF03CFABDE8384005F088BDA7
:10202000072038BD70B505460C460846FFF739F95C
:1020300008B1102070BD202D07D0212D0DD0222DEC
:102040000BD0252D09D0072070BD2088A11C0BF0D6
:102050005EF8BDE8704005F06BBD062070BDFE481F
:102060001930704708B528220021FB4809F00DFA05
:102070000120FFF7ABF9F84968461A3105F0D4FEA4
:10208000F5489DF80020417E62F3470121F00101EF
:102090004176002180F822104FF461710184022101
:1020A00080F82310FFF7AAF900B1FFDF00F00CFC65
:1020B00001F03EFA08BD10B50C4640220021204632
:1020C00009F0E3F9A07F20F00300A0772020207022
:1020D0000020A07584F8230010BD70472DE9FC4155
:1020E0000746FFF7B8F810B11020BDE8FC81DA4EC2
:1020F00006F11901D6F819000090B6F81D50ADF898
:102100000450F47F8DF806403846FFF7DDFA0028CA
:10211000EBD1FFF773F90028E7D0009946F8191FB3
:10212000B580B471E1E710B50446FFF7BAF808B11D
:10213000102010BDC848C8492246407E1A314008C8
:10214000FFF7D9FA002010BD3EB504460D460846FB
:10215000FFF7A7F808B110203EBD14B143F2040008
:102160003EBDBD488078052803D0042801D0082052
:102170003EBD694602A809F02BFF2A4669469DF834
:102180000800FFF7B8FA00203EBDFEB50D4604007A
:102190004FF0000711D00822FFF7C1F9002811D134
:1021A000002608E054F826006946FFF748FA0028A0
:1021B00008D1761CF6B2AE42F4D30AF052FE10B14A
:1021C00043F20320FEBDA44E3776FCB100271AE08F
:1021D00054F8270002A9FFF732FA00B1FFDF9DF89B
:1021E00008008DF8000054F8270050F8011FCDF8C2
:1021F00001108088ADF8050068460AF057FE00B16E
:10220000FFDF7F1CFFB2AF42E2D335760020FEBD78
:102210002DE9F0478AB01546894604001DD00F46C7
:1022200008222946FFF77BF9002810D1002612E08A
:1022300054F826006946103000F0EAFA002806D16A
:102240003FB157F82600FFF706F810B110200AB08A
:1022500020E5761CF6B2AE42EAD30026A5F10108CD
:102260001CE000BF06F1010A0AF0FF0712E000BF00
:1022700054F82600017C4A0854F827100B7CB2EB76
:10228000530F05D106221130113109F0A7F858B1CA
:102290007F1CFFB2AF42EBD30AF0FF064645E1DBFD
:1022A0004E4624B1012003E043F20520CFE7002091
:1022B0000AF01BFE10B90AF024FE10B143F204200C
:1022C000C5E75CB300270DF1170825E054F8270097
:1022D0006946103000F09CFA00B1FFDF54F8270087
:1022E000102250F8111FCDF801108088ADF80500BC
:1022F00054F827100DF1070009F09DF896B156F833
:1023000027101022404609F096F868460AF0B3FDFF
:1023100000B1FFDF7F1CFFB2AF42D7D3FFF72BFA2C
:10232000002094E7404601F090FCEEE730B585B020
:102330000446FEF790FF18B96068FEF7D9FF10B1A8
:10234000102005B030BD60884AF2B811884206D826
:102350002078414D28B1012806D0022804D007205A
:10236000EFE7FFF74BF818E06078022804D0032865
:1023700002D043F20220E4E785F82300C1B2002036
:102380000090ADF8040002292CD0032927D0FFDFEC
:1023900068460AF02AFE05F0CBFB0028D1D1606820
:1023A00001F046FC207858B101208DF800000DF1B5
:1023B000010001F04AFC68460BF05FF900B1FFDF55
:1023C000207885F82200FFF7D6F9608860B128846C
:1023D00080B20AF082FD00B1FFDF0020B1E78DF886
:1023E0000500D5E74020FAE74FF46170EFE710B53C
:1023F0000446FEF756FF20B9606838B1FEF76FFF5C
:1024000008B1102010BD606801F01FFC124830F8C0
:10241000201F6180C178617080782070002010BD1D
:102420002DE9F843144689460646FEF73AFFB8B947
:102430004846FEF75DFF98B92046FEF759FF78B988
:10244000054DA878012800D154B13178FF2909D071
:1024500061B143F2040001E094010020BDE8F8837B
:102460001020F8E7012801D00420F4E7CCB30528B8
:1024700011D004280FD06946204600F000FA002849
:10248000E9D1217D49B1012909D0022909D00329C7
:1024900009D00720DFE70820DDE7024604E001223B
:1024A00002E0022200E00322804623461746002075
:1024B0000099FFF779F90028CDD1A0892880A07B69
:1024C000E875BDF80000A882AF75BDF800100907D7
:1024D00001D5A18931B1A1892980C00704D0032089
:1024E00003E006E08021F7E70220FEF76FFF86F8A1
:1024F00000804946BDE8F8430020FFF7F0B92DE918
:10250000FC41F04C06460D46A078022803D0032873
:1025100001D00820E9E516B143F20400E5E5062004
:102520000BF074FF10B9A078032849D00DF0DAFE43
:1025300007460FF039F9381A00F0FF0806200BF0B3
:102540005DFF074606200BF061FF391AA0780428CA
:1025500009D000221144A8EB010111F0FF0F04D0B3
:10256000032804D00DE00122F4E71320BDE528463E
:1025700005F07EFA10B3407810B3284605F065FDEB
:10258000E570FFF77FF809F06EFC01208DF8000080
:102590008DF801008DF802602088ADF80400E07D20
:1025A0008DF8060068460AF036FF05F0C1FA0028EB
:1025B000B0D1A078032805D0042010E0052094E5D0
:1025C000122092E5E07805F053FA040000D1FFDF15
:1025D000607800B9FFDF6078401E60700520FEF76C
:1025E000F5FE002081E51CB510B143F204001CBDCE
:1025F000B44CA078042803D0052801D008201CBDC5
:1026000000208DF8000001218DF801108DF80200E6
:1026100068460AF000FF05F08BFA0028EFD1A07899
:10262000052805D05FF00200FEF7D0FE00201CBD9B
:10263000E07800F0D4F80320F6E72DE9FC4180466D
:102640000D4603260846FEF753FE08B110204CE560
:102650004046FFF775F8040004D02078222804D201
:10266000082042E543F202003FE5A07F00F00307A7
:102670003DB1012F0AD000202946FEF722FF0600B7
:10268000E5D1012F04D0FFDF30462EE50120F3E72E
:10269000A07D2946022801D011B107E0112024E5D0
:1026A000684600F045FA0028D1D16946404609F055
:1026B000E1F90600E8D10120A075E5E770B50C4608
:1026C0000546FFF73DF8010005D022462846BDE843
:1026D0007040FFF738B843F2020070BD10B5012812
:1026E00007D1784B9B78012B00D011B143F2040045
:1026F00010BD0AF024FCBDE8104005F019BA012312
:1027000000F077B800231A46194600F072B870B589
:10271000064615460C460846FEF7C3FD18B928467E
:10272000FEF7BFFD08B1102070BD2A462146304695
:102730000AF0FDFE05F0FCF90028F5D121787F298B
:10274000F2D1052070BD7CB505460C460846FEF763
:1027500082FD08B110207CBD2846FEF7F1FF20B1B4
:102760000078222804D208207CBD43F202007CBD00
:10277000544890F82400400701D511207CBD2178F1
:10278000C80802D16078C20801D007207CBD890842
:1027900001D1800801D006207CBDADF80050207822
:1027A0008DF8020060788DF803000220ADF8040077
:1027B00068460AF0F7FA05F0BBF97CBD70B505462E
:1027C0000C460846FEF76DFD08B1102070BD21468D
:1027D00028460AF0CDFCBDE8704005F0A9B910B557
:1027E00005F046F9040000D1FFDF6078401C6070FE
:1027F00010BD1CB5ADF800008DF802308DF8031047
:102800008DF8042068460AF061FE05F091F91CBDC0
:102810000278520804D0012A02D043F20220704705
:10282000FEF70DBF70B50C0006460DD0FEF788FF11
:10283000050000D1FFDFA6802889208128896081DA
:102840006889A081A889E08170BD10B500231A466F
:1028500003E0845C2343521CD2B28A42F9D30BB109
:10286000002010BD012010BD00B530B1012803D0FB
:10287000022801D0FFDF002000BDFF2000BD0022A4
:102880000A8092B222F060020A800078062817D2ED
:10289000DFE800F0160306090C1142F0110007E012
:1028A00042F01D0009E042F0150006E042F0100081
:1028B00040F0020001E042F0100008800020704764
:1028C0000720704794010020FD480021016041600D
:1028D000018170472DE9FF4F93B09B46209F160062
:1028E00004460DD01046FEF7B6FC18B1102017B004
:1028F000BDE8F08F31460120FEF7E3FD0028F6D158
:1029000001258DF842504FF4C050ADF84000002230
:1029100010A9284603F03EFF0028E8D18DF8425068
:10292000A8464FF428500025ADF840001C22294647
:102930006846079508F0A9FD9DF81C000DF11C0ADA
:1029400020F00F00401C20F0F00010308DF81C002B
:1029500020788DF81D0061789DF81E000DF140096A
:1029600061F3420040F001008DF81E009DF8000068
:1029700008AA40F002008DF800002089ADF8300070
:10298000ADF832506089ADF83400CDF82CA0606805
:102990000E900AA9CDF82890684603F0F0FC0028B4
:1029A000A5D16068FEF79BFC40B16068FEF7A0FC13
:1029B00020B9607800F00300022801D0012000E077
:1029C0000020BF4C08AA0AA92072BDF82000208070
:1029D0008DF8428042F60120ADF840009DF81E00BF
:1029E00020F00600801C20F001008DF81E0002205F
:1029F000ADF83000ADF8340014A80E90684603F02E
:102A0000BEFC002889D1BDF82000608036B1211DB0
:102A1000304600F059F90028C2D109E0BBF1000F9F
:102A200005D008F0ADFAE8BB08F0AAFAD0BBA58043
:102A300017B1012F43D04AE08DF8428042F6A6201C
:102A4000ADF8400046461C2200216846079508F074
:102A50001CFD9DF81C00ADF8346020F00F00401CF8
:102A600020F0F00010308DF81C009DF81D0020F0C3
:102A7000FF008DF81D009DF81E0020F0060040F0BC
:102A80000100801C8DF81E009DF800008DF8446048
:102A900040F002008DF80000CDE90A9AADF83060F0
:102AA00011A800E011E00E9008AA0AA9684603F0F8
:102AB00066FC0028A6D1BDF82000E08008E008F000
:102AC0005FFA10B908F05CFA08B103200FE7E5805F
:102AD00000200CE73EB50446794D0820ADF8000013
:102AE000A88828B12046FEF7B6FB18B110203EBDDD
:102AF00006203EBD21460120FEF7E3FC0028F8D168
:102B00002088ADF804006088ADF80600A088ADF814
:102B10000800E088ADF80A00A88801AB6A460021E9
:102B200004F034F8BDF800100829E2D003203EBDBF
:102B30007FB5634D0446A88868B100200290082044
:102B4000ADF80800CDF80CD02046FEF784FB20B18C
:102B5000102004B070BD0620FBE7A98802AA4FF63A
:102B6000FF7004F055FA0028F3D1BDF808100829C9
:102B700001D00320EDE7BDF800102180BDF8021060
:102B80006180BDF80410A180BDF80610E180E0E787
:102B900001B582B00220ADF80000494802AB6A4698
:102BA0004088002103F0F2FFBDF80010022900D098
:102BB00003200EBD1CB5002100910221ADF80010CC
:102BC0000190FEF76EFB08B110201CBD3C486A4620
:102BD00041884FF6FF7004F01BFABDF8001002297F
:102BE000F3D003201CBDFEB5354C06461546207AB1
:102BF0000F46C00705D00846FEF72DFB18B1102080
:102C0000FEBD0F20FEBDF82D01D90C20FEBD3046C3
:102C1000FEF721FB18BB208801A903F0B2F80028B9
:102C2000F4D130788DF80500208801A903F08CFFDD
:102C30000028EBD100909DF800009DF8051040F0B1
:102C400002008DF80000090703D040F008008DF85D
:102C500000002088694603F014FF0028D6D1ADF8A3
:102C6000085020883B4602AA002103F08FFFBDF8E0
:102C70000810A942CAD00320FEBD7CB5054600203D
:102C8000009001900888ADF800000C462846019598
:102C9000FEF725FB18B92046FEF703FB08B110200C
:102CA0007CBD15B1BDF8000060B105486A460188D9
:102CB0004FF6FF7004F0ACF9BDF8001021807CBD28
:102CC000BC0100200C20FAE730B5044693B0002088
:102CD0000D4601460090142201A808F0D6FB1C22E4
:102CE000002108A808F0D1FB9DF80000CDF808D01D
:102CF00020F00F00401C20F0F00010308DF8000094
:102D00009DF8010006AA20F0FF008DF801009DF853
:102D1000200001A940F002008DF8200001208DF86C
:102D2000460042F60420ADF8440011A80190208826
:102D3000ADF83C006088ADF83E00A088ADF84000DA
:102D4000E088ADF842009DF8020020F00600801CEB
:102D500020F001008DF802000820ADF80C00ADF85D
:102D600010000FA8059008A803F009FB002803D164
:102D7000BDF818002880002013B030BD4FF0E021CE
:102D80004FF40040C1F88001BFF34F8FBFF36F8F46
:102D900000F021B810B5044600F01DF8002C09D051
:102DA000124A124812491432124B012C03D0022C41
:102DB00007D0FFDF10BD0224046011604FF04070A7
:102DC00004E00324046011604FF40000186010BD9B
:102DD00000B5FFDF00BD0548002101600160054925
:102DE0004FF06070091D08607047000000F500405A
:102DF0003C02002004F501400EF087B90449002090
:102E000008604FF0E0210220C1F880027047000006
:102E1000FC1F0040334901200860704770B50D2049
:102E200000F041F8304C0020C4F800010125C4F83E
:102E300004530D2000F048F825604FF0E0216014A5
:102E4000C1F8000170BD10B50D2000F02CF8264827
:102E5000012141600021C0F80011BDE810400D20A3
:102E600000F032B8204910B5D1F80001012801D096
:102E7000FFDF10BD1B48001D00680022C0B2C1F872
:102E80000021BDE810400EF07ABE10B5164800BF14
:102E9000D0F800110029FBD0FFF7E4FFBDE8104097
:102EA0000D2000F011B800280DDB00F01F020121F9
:102EB00091404009800000F1E020C0F88011BFF38C
:102EC0004F8FBFF36F8F7047002809DB00F01F02A0
:102ED000012191404009800000F1E020C0F88012FB
:102EE0007047000004D5004000D000404FF0E021C2
:102EF0004FF00070C1F8800101F5C071BFF34F8F32
:102F0000BFF36F8FC1F80001354B802283F8002496
:102F100041F8800C704700B502460420314903E0B7
:102F200001EBC0031B792BB1401EC0B2F8D2FFDF0A
:102F3000FF2000BD41F8302001EBC00100224A71A2
:102F40008A7101220A7100BD264A002102EBC000ED
:102F50000171704710B50446042800D3FFDF2148F3
:102F600000EBC4042079012800D0FFDF6079A1794B
:102F7000401CC0B2814200D060714FF0E0214FF0A0
:102F80000070C1F8000210BD70B50425154E164C36
:102F900016E0217806EBC1000279012A08D14279B6
:102FA00083799A4204D04279827156F83100804781
:102FB0002078401CC0B22070042801D3002020706B
:102FC0006D1EEDB2E5D270BD054810B590F8000455
:102FD0004009042800D0FFDFBDE81040D4E700001E
:102FE00019E000E0880400204C0000207047704782
:102FF00070470000100110013A0200001A020000A0
:103000002CFFFFFFDBE5B151009001000301FFFF42
:103010007000000090D76A00773D4B16B620AFF9DC
:10302000F4D1D1B6F33F7AC76170DB6D10B50446B9
:10303000FEF711F908B1102010BD2078C0F302107E
:10304000042807D86078072804D3A178102901D86C
:10305000814201D2072010BDE078410706D42179D2
:103060004A0703D4000701D4080701D5062010BD84
:10307000002010BD70B514460D46064604F03EFF14
:1030800080B10178182221F00F01891C21F0F00194
:10309000A03100F8081B214608F0CDF9BDE87040CA
:1030A00004F02FBF29463046BDE870401322FEF7DA
:1030B0004ABB2DE9F047064608A8904690E8300440
:1030C00089461F4614220021284608F0DEF9002117
:1030D000CAF80010B8F1000F03D0B9F1000F03D106
:1030E00014E03878C00711D02068FEF7DAF8C0BBCA
:1030F000B8F1000F07D12068123028602068143022
:1031000068602068A8602168CAF8001038788007D5
:1031100024D56068FEF7E3F818BBB9F1000F21D0A1
:10312000FEF79DFF0168C6F868118188A6F86C114A
:10313000807986F86E0101F034FAF84FEF6062682A
:1031400062B196F8680106F2691140081032FEF784
:10315000D2FA10223946606808F06DF90020BDE807
:10316000F08706E0606820B1E8606068C6F8640136
:10317000F4E71020F3E730B5054608780C4620F058
:103180000F00401C20F0F001103121700020607011
:1031900095F8230030B104280FD0052811D0062857
:1031A00014D0FFDF20780121B1EB101F04D295F875
:1031B000200000F01F00607030BD21F0F0002030D2
:1031C00002E021F0F00030302070EBE721F0F00059
:1031D0004030F9E7F0B591B0022715460C46064697
:1031E0003A46ADF80870082103AB08F027FA0490BE
:1031F000002810D004208DF804008DF80170E03410
:10320000099605948DF818500AA968460CF045FEF9
:1032100000B1FFDF012011B0F0BD2DE9F84F0646E7
:10322000808A0C4680B28246FEF78AFA0546BB4F7A
:103230003078203F4FF002094FF000080F287CD271
:10324000DFE800F07BA39D082C5B6A7CBADAFD976F
:1032500048979700012150460BF024F9040000D153
:10326000FFDF97F85C00C00701D0386E0BE0032148
:1032700004F11D000EF061FCD4F81D00A849B0FB5C
:10328000F1F201FB1200C4F81D0070686067B068BD
:10329000A0672878252872D0FFDF70E00121504612
:1032A0000BF000F9060000D1FFDF3078810702D56E
:1032B0002978252904D040F001003070BDE8F88F4E
:1032C00084F80090307F207106F11D002D36C4E98E
:1032D0000206F3E7012150460BF0E4F8050000D1A7
:1032E000FFDF2878C10604D5072020703D356560D2
:1032F000E4E740F008002870E0E7E87F000700D529
:10330000FFDF307CB28800F0010301B05046BDE819
:10331000F04F082108F02BBB05B9FFDF716821B120
:10332000102205F1240008F086F828212846FEF72F
:1033300076F8307A85F82000C0E7F7E001215046A2
:103340000BF0B0F8050000D1FFDF022105F1850088
:103350000EF0F3FB0420207005F5B4706060B5F842
:10336000850020826D4810387C356561C4E90270A3
:10337000A4E7012150460BF095F800B9FFDF324673
:1033800029465046BDE8F84F74E605B9FFDF2878B6
:10339000212893D93079012803D1E87F40F0080033
:1033A000E877324629465046FFF764FE2846BDE8D6
:1033B000F84F2321FEF733B83279A28004F10803D5
:1033C0000821504608F03AF9E06010B1052020705D
:1033D00074E74546012150460BF064F8040000D123
:1033E000FFDF04F1620102231022081F0AF0FFFE32
:1033F00005703179417061E7012150460BF052F8B8
:10340000040000D1FFDF94F8840000F003000128DD
:1034100059D1E87F10F0010003D194F8A010C9073A
:103420002AD0D4F8602132B394F88330117C63F34E
:1034300087011174AA7FD30963F3410100E071E0B1
:10344000D4F860211174D4F8602160F30001117484
:1034500090B1D4F86001102205F12401883407F0FE
:10346000EAFF207E40F001002076207820F0010065
:1034700004F8880919E0C0B994F88810C90714D075
:10348000D4F85C218AB194F88330117C63F387010E
:103490001174AA7FD309D4F85C2163F3410111743C
:1034A000D4F85C2160F30001117494F8880080075F
:1034B00009D594F87C00D4F86421400804F17D011A
:1034C0001032FEF718F98DF8009094F884006A46DF
:1034D00000F003008DF8010094F888108DF80210B8
:1034E00094F8A0008DF803002946504601F042F8F8
:1034F0002878252805D0212807D0FFDF2878222822
:1035000003D922212846FDF78AFF012150460AF0FF
:10351000DBFF00283FF4DDAEFFDFCFE6E80100204F
:1035200040420F00716881F80180C7E6FFDFC5E601
:1035300070B5FE4C002584F85C5025660CF079FCD3
:1035400004F11001204604F095FC84F8305070BD61
:1035500070B50D46FEF7F4F8040000D1FFDF4FF41C
:10356000B8720021284607F090FF2434012105F1AC
:10357000E0002C610CF05EFC002800D0FFDF70BD85
:103580000A46014602F1E0000CF075BC70B5054634
:10359000406886B00178082906D00B2933D00C2961
:1035A0002FD0FFDF06B070BD46883046FEF7C8F862
:1035B000040000D1FFDF20782128F3D028281BD178
:1035C000686802210C3000F0A0FFA8B168680821EB
:1035D000001D00F09AFF78B104F12401304609F093
:1035E0001CFF04F0A5FA00B1FFDF06B02046BDE8DD
:1035F00070402921FDF713BF06B0BDE8704004F00C
:1036000080BC01218171686886883046FEF798F891
:10361000040000D1FFDF20782128C3D068688179B9
:1036200009B1807808B1FFDFBCE704F06AFCA07F35
:10363000000622D5E07FC00705D094F8200000F0F6
:103640001F00102817D0052084F82300207829288F
:1036500015D02428A6D1314604200EF04DFD22219C
:103660002046FDF7DCFE012130460AF02DFF002840
:1036700098D0FFDF96E70620E6E70420E4E7012183
:1036800030460AF00FFF050000D1FFDF252120465C
:10369000FDF7C5FE03208DF80000694605F1E00046
:1036A0000CF0E0FB0228BFD00028BDD0FFDF79E797
:1036B0002DE9F04788B09A46164688468146FEF7BF
:1036C0003FF805003AD02878222837D3232835D070
:1036D000E87F000732D40027012148460AF0E2FEC5
:1036E000040005D10121002248460AF0D2FE04461A
:1036F000694600F066FF009800B9FFDF00983CB112
:10370000E03404612878222804D0242802D005E07F
:10371000076103E025212846FDF781FE009801217D
:103720004170C0F824908680C0E9028A01A90CF09B
:10373000B4FB022802D0002800D0FFDF08B00EE55D
:1037400070B586B00546FDF7FBFF0078222814D936
:10375000012128460AF0A6FE04002CD1FFDF2AE052
:10376000B4F85E0004F1620630440178427829B171
:1037700021462846FFF72EFDB0B913E7ADF8042027
:103780000821284602AB07F059FF03900028F4D027
:1037900005208DF80000694604F1E0000CF062FBA2
:1037A000022801D000B1FFDF02231022314604F1CC
:1037B0005E000AF052FDB4F860000028D0D1F1E6B6
:1037C00010B586B00446FDF7BBFF0078222811D95A
:1037D000012120460AF066FE040000D1FFDF06202A
:1037E0008DF80000694604F1E0000CF03BFB002876
:1037F00000D0FFDF06B010BD2DE9F84F0546007878
:103800000C460027010904F1080090463E46BA46DE
:10381000009002297ED0072902D00A2909D142E06E
:1038200068680178082905D00B292CD00C292AD0EA
:10383000FFDF72E114271C26002C6CD04088A0808A
:10384000FDF77EFF5FEA000900D1FFDF99F817005E
:1038500009F118014008009AFDF74DFF686880895A
:10386000208268684168C4F812108068C4F81600A5
:10387000A07E20F0060040F00100A07699F81E001E
:1038800040F020014FE01A270A26002CD5D080886E
:10389000A080FDF755FF050000D1FFDF2846009905
:1038A000FFF769FC39E10CB1A88BA080287A4FF0B2
:1038B000010B0B287ED006DC01287CD0022808D022
:1038C000032804D137E00D2876D00E2875D0FFDF0D
:1038D00023E11E270926002CAFD0A088FDF730FF7A
:1038E0005FEA000900D1FFDF287B00F00300012818
:1038F000207A1DD020F001002072297B890861F315
:1039000041002072297BC90861F382002072297B63
:10391000090901E0F7E0AEE061F3C300207299F815
:103920001E0040F0400189F81E10F6E0C80100209A
:1039300040F00100E0E713270D26002CA6D0A08858
:10394000FDF7FEFE81460121A0880AF0ABFD0500CF
:1039500000D1FFDF686F817801F003010129217A2E
:1039600050D021F00101217283789B0863F341015B
:1039700021728378DB0863F38201217283781B094B
:1039800063F3C3012172037863F306112172437854
:1039900063F3C711217284F809A0C178A17202797A
:1039A000E17A62F30001E1720279520862F34101A7
:1039B000E17203E029E067E04EE05FE002799208FF
:1039C00062F38201E1720279D20862F3C301E1720B
:1039D0004279217B62F3000121734279520862F33C
:1039E000410121734279920862F382012173407987
:1039F000C00860F3C301217399F8000023282AD975
:103A0000262139E041F00101ADE71827102694B3D3
:103A1000A088FDF795FE00900121A0880AF042FDE4
:103A20005FEA000900D1FFDFE868A06099F80000B4
:103A300040F0040189F8001099F80100800708D5CA
:103A400084F80CB000980078232866D927210098C4
:103A500052E084F80CA060E015270F265CB1A08826
:103A6000FDF76EFE81460622E868009907F06BFDBF
:103A700084F80EB085E042E048463DE0162709266E
:103A8000ECB3287B207248E0287B19270E26B4B3BC
:103A9000C4F808A0A4F80CA0012807D0022808D078
:103AA00003280CD004280AD0FFDF15E084F808B002
:103AB00001E002202072607A20F003000BE0697BB5
:103AC000042801F00F0141F080012172F3D1607AE6
:103AD00020F00300401C6072A088FDF731FE05460F
:103AE0000078212819D0232800D0FFDF0121A088E9
:103AF0000AF0EAFC22212846FDF791FC0DE0FFE7E1
:103B0000A8F800600EE00CB16888A080287A10B395
:103B1000012809D002283AD0FFDFA8F800600CB1D4
:103B200027806680002007E415270F26002CE7D0A9
:103B3000A088FDF705FE0121A0880AF0B3FC05006E
:103B400000D1FFDFD5F81D000622009907F0FBFC2D
:103B500084F80EA0E1E717270926002CD0D0A08812
:103B6000FDF7EEFD81460121A0880AF09BFC0500CF
:103B700000D1FFDF6878800701D5022000E0012036
:103B8000207299F800002328C7D9272174E7192744
:103B90000E26002CB4D0A088FDF7D2FD5FEA000904
:103BA00000D1FFDFC4F808A0A4F80CA084F808A096
:103BB000A07A40F00300A07299F81E10C90961F3C1
:103BC0008200A07299F81F2099F81E1012EAD11FE6
:103BD00005D099F8201001F01F01102925D020F000
:103BE0000800A07299F81F10607A61F3C300607238
:103BF000697A01F0030101298FD140F0040060725D
:103C0000E87A217B60F300012173AA7A607B62F37A
:103C100000006073EA7A520862F341012173A97AC5
:103C2000490861F34100607377E740F00800D8E786
:103C300010B5F84C30B10146102204F1200007F015
:103C4000FAFB012084F8300010BD10B5044600F0E6
:103C5000A8FCF04920461022BDE81040203107F0B2
:103C6000EABB70B5EB4D06004FF0000412D0FDF733
:103C7000F2FA08B110240BE00621304607F04AFCA6
:103C8000411C04D02866012085F85C0000E0072470
:103C9000204670BD0020F7E7007810F00F0204D036
:103CA000012A05D0022A0CD110E0000909D10AE04E
:103CB0000009012807D0022805D0032803D00428D2
:103CC00001D0072070470870002070470620704719
:103CD00005282AD2DFE800F003070F171F00087835
:103CE00020F0FF001EE0087820F00F00401C20F0BC
:103CF000F000103016E0087820F00F00401C20F093
:103D0000F00020300EE0087820F00F00401C20F07A
:103D1000F000303006E0087820F00F00401C20F062
:103D2000F0004030087000207047072070472DE9F0
:103D3000F043804687B00D464FF000090846FDF776
:103D4000D7FAA8B94046FDF7FBFC060003D030784F
:103D500022280BD104E043F2020007B0BDE8F08353
:103D600035B1B07FC10601D4000703D50820F4E7C0
:103D70001020F2E7F07F000701D50D20EDE70027C6
:103D8000012140460AF08EFB040006D101210022E9
:103D900040460AF07EFB040005D0694600F011FCA5
:103DA000009818B901E00420D7E7FFDF009802214E
:103DB000E0344170C0F82480446107810121017121
:103DC000297801F00102017E62F3010101762A786F
:103DD000520862F3820101762A78920862F3C301E5
:103DE00001762A78D20862F3041101762421304644
:103DF000FDF715FB01A900980CF04FF8022801D03F
:103E000000B1FFDF4846A8E72DE9FF4F0E46824983
:103E1000904697B09A4607C914AB4FF0000983E863
:103E200007001798FDF78CFC050006D02878262897
:103E300006D008201BB0BDE8F08F43F20200F9E77E
:103E400026B94046FFF7F2F80028F3D10121179870
:103E50000AF028FB040000D1FFDF852E27D007DC05
:103E6000EEB1812E1DD0822E1DD0832E08D11CE0F4
:103E7000862E1ED0882E1ED0892E1ED08A2E1ED0B1
:103E80000F2020710F281CD004F038F8D8B1012081
:103E90008DF83400201D0E902079B0B126E100206D
:103EA000EFE70120EDE70220EBE70320E9E705203B
:103EB000E7E70620E5E70820E3E70920E1E70A2035
:103EC000DFE70720B6E71120B4E798F80000D4E94F
:103ED0001D764208A87F002162F3C710A87798F8E2
:103EE00000008208E87F62F30000E87798F800009D
:103EF000C209607862F34100607098F8000002091E
:103F0000207862F34710207098F80000C2086078AB
:103F100062F30000607098F80100607198F800008A
:103F200000F00102B07862F30100B070AA7FD209FC
:103F300062F38200B070EA7F62F3C300B07062780F
:103F400062F30410B0702278C0F3C00052093270DE
:103F50006278C2F34002727098F80220F2707171B8
:103F60003171B978C1F3C00108405FEA000B2ED06F
:103F70005046FDF770F978BBDAF80C00FDF76BF9E5
:103F800050BBDAF81C00FDF766F928BBDAF80C0024
:103F9000A060DAF81C00E06060787A7842EA5001AC
:103FA00061F341006070B978C0B200EA111161F3A9
:103FB000000060700020207705F117006061681C28
:103FC000A061B07800F00300012806D046E06078D8
:103FD0007A7802EA5001E3E719E0B87800F00300CC
:103FE00001283BD1321D711D404600F099FA31790C
:103FF000387901408DF8281070797A7910408DF861
:10400000300001432AD05046FDF725F930B1102089
:1040100010E70000C8010020F42F00000AF1100092
:1040200004F5AE7304F18C028DE80D0000210AAB9B
:104030005A462046FFF73DF80028E9D104F5B07252
:1040400004F1A403CDF800A0CDE9013201210CABAD
:104050005A462046FFF72DF80028D9D1607880070E
:1040600022D4B078B978C0F38000C1F3800108434E
:104070001AD0307814AA397832F810204B00DA4080
:1040800002F00309B9F1030F01D14FF00209BBF1AE
:10409000000F09D0012801D0042805D1012901D041
:1040A000042901D14FF00409A87F40F08000A877CF
:1040B000E97F6BF30001E9776078800706D503207C
:1040C000A071BBF1000F11D100202CE00220B9F14A
:1040D000020F1AD0B9F1010F19D0B9F1040F2AD08B
:1040E0000020A071A87F20F08000A8772521284615
:1040F000FDF795F90DA904F1E0000BF0B3FE10B146
:10410000022800D0FFDF002094E6A071DCE7A07158
:104110000D22002104F1200007F0B7F9207840F0CB
:104120000200207001208DF84C0013AA2946179830
:1041300000F020FADAE70120A071D7E72DE9F0437B
:1041400087B09046894604460025FDF7F9FA070036
:1041500004D03878272804D00820FEE543F2020076
:10416000FBE5012120460AF09DF9040000D1FFDFA4
:10417000A6795FEA090005D0012821D0B9F1020F24
:1041800026D110E0B8F1000F22D1012E05D0022E69
:1041900005D0032E05D0FFDF2EE00C252CE00125F5
:1041A0002AE0022528E04046FDF755F8B0B9032E75
:1041B0000ED11022414604F11D0007F03CF91BE02E
:1041C000012E02D0022E03D104E0B8F1000F13D06B
:1041D0000720C2E54046FDF73EF808B11020BCE5D7
:1041E0001022002104F11D0007F04FF9062140467E
:1041F00007F090F9C4F81D002078252140F0020056
:1042000020703846FDF70BF92078C10713D020F055
:104210000100207002208DF8000004F11D000290C2
:104220008DF804506946C3300BF01CFE022803D001
:1042300010B1FFDF00E0257700208EE530B587B0B4
:104240000D460446FDF77CFA60B1012120460AF0D4
:1042500029F904000CD02846FCF7FDFF28B11020F6
:1042600007B030BD43F20200FAE72078400701D4DE
:104270000820F5E7294604F13D002022054607F015
:10428000DAF8207840F01000207001070FD520F0F8
:104290000800207007208DF80000694604F1E00056
:1042A00001950BF0DFFD022801D000B1FFDF0020F7
:1042B000D6E770B50D460646FDF742FA18B100780C
:1042C000272817D102E043F2020070BD01213046D9
:1042D0000AF0E8F8040000D1FFDFA079022809D134
:1042E0006078C00706D02A4621463046FEF772FFA6
:1042F00010B10FE0082070BDB4F860000E280BD29A
:1043000004F1620102231022081F09F070FF01214D
:1043100001704570002070BD112070BD70B506465B
:1043200014460D460846FCF796FF18B92046FCF7E0
:10433000B8FF08B1102070BDA6F57F40FF380ED041
:104340003046FDF7FDF938B1417822464B08811C13
:104350001846FDF7D0F907E043F2020070BD204691
:10436000FDF7E1FE0028F9D11021E01D0DF0E5FB7D
:10437000E21D294604F1170000F033F9002070BD5A
:104380002DE9F04104468AB015460E46002708463E
:10439000FCF7AEFF18B92846FCF7AAFF18B11020A9
:1043A0000AB0BDE8F0812046FDF7CAF95FEA0008CF
:1043B00004D098F80000272810D102E043F2020050
:1043C000EEE7012120460AF06DF8040000D1FFDF7E
:1043D0002078400702D56078800701D40820DFE705
:1043E000D4E91D01497801B18DB1407800B176B1B1
:1043F000ADB1EA1D06A8E16800F0F3F8102206A9A5
:1044000005F1170006F0EAFF18B1042707E00720BE
:10441000C6E71022E91D04F12D0007F00CF82EB1BB
:104420001022F11D04F11D0007F005F82078252168
:1044300040F0020020704046FCF7F1FF2078C107F1
:1044400015D020F00100207002208DF8000004F14A
:104450001D000290103003908DF804706946B3304F
:104460000BF000FD022803D010B1FFDF00E027773A
:10447000002095E770B50D4606460BB1072070BDCC
:10448000FDF75EF9040007D02078222802D3A07F30
:10449000800604D4082070BD43F2020070BDADB1A7
:1044A0002946304608F0B9FF03F042FB297C4A0850
:1044B000A17F62F3C711A177297CE27F61F300023B
:1044C000E277297C890884F8201004E0304608F05F
:1044D000C7FF03F02DFBA17F21F02001A17770BD64
:1044E00070B50D46FDF72CF9040005D02846FCF701
:1044F000D8FE20B1102070BD43F2020070BD2946E5
:104500002046FEF738FE002070BD04E010F8012BB5
:104510000AB100207047491E89B2F7D201207047C6
:1045200010B5C4780B7864F300030B70C47864088A
:1045300064F341030B70C478A40864F382030B7026
:10454000C478E40864F3C3030B700379117863F350
:104550000001117003795B0863F341011170037965
:104560009B0863F3820111700079C00860F3C301F6
:10457000117010BD70B51546064603F0BFFC04006F
:1045800000D1FFDF207820F00F00801C20F0F00029
:104590002030207066802868A060BDE8704003F07D
:1045A000B0BC10B5134C94F83000002808D104F1C9
:1045B0002001A1F110000BF097FC012084F83000DD
:1045C00010BD10B190F8B9202AB10A4890F8350012
:1045D00018B1002003E0B83001E00648343008602C
:1045E000704708B50023009313460A460AF059F9AC
:1045F00008BD0000C8010020F0B5007B059F1E46E5
:1046000014460D46012800D0FFDF0C2030803A20F0
:104610003880002C08D0287A032806D0287B01286F
:1046200000D0FFDF17206081F0BDA889FBE72DE9EE
:10463000F0470D4686B095F80C900E991446B9F1E6
:10464000010F0BD01022007B2E8A9046052807D040
:10465000062839D0FFDF06B0BDE8F0870222F2E776
:10466000E8890C2200EB400002EB40001880332068
:104670000880002CEFD0E8896081002720E00096B8
:10468000688808F1020301AA696900F097FF06EB48
:104690000800801C07EB470186B204EB4102BDF81D
:1046A00004009081F848007808B1012300E000235D
:1046B0000DF1060140460E320BF07FFC7F1CBFB2AD
:1046C0006089B842DBD8C6E734200880E889B9F1B0
:1046D000010F11D0122148430E301880002CBAD09F
:1046E000E88960814846B9F1010F00D002202073AB
:1046F00000270DF1040A1FE00621ECE70096688808
:1047000008F1020301AA696900F058FF06EB0800EE
:10471000801C86B2B9F1010F12D007EBC70004EB81
:104720004000BDF80410C18110220AF102011030CE
:1047300006F081FE7F1CBFB26089B842DED88AE7EE
:1047400007EB470104EB4102BDF80400D0810AF1F8
:104750000201404610320BF052FCEBE72DE9F04726
:104760000E4688B090F80CC096F80C80378AF58910
:104770000C20DFF81493109902F10C04BCF1030F24
:1047800008D0BCF1040F3DD0BCF1070F75D0FFDF9E
:1047900008B061E705EB850C00EB4C001880312078
:1047A0000880002AF4D0A8F1060000F0FF0A558125
:1047B00024E01622002101A806F067FE0097708809
:1047C000434601AA716900F0F9FEBDF8040020809B
:1047D000BDF80600E080BDF80800208199F80000CF
:1047E00008B1012300E00023A21C0DF10A0150468C
:1047F0000BF0E3FB07EB080087B20A346D1EADB285
:10480000D7D2C5E705EB850C00EB4C0018803220B1
:104810000880002ABCD0A8F1050000F0FF0A5581ED
:1048200037E000977088434601AA716900F0C6FE20
:104830009DF80600BDF80410E1802179420860F37C
:10484000000162F34101820862F38201C20862F34F
:10485000C301020962F30411420962F3451182099E
:1048600062F386112171C0096071BDF807002081D3
:1048700099F8000010B1012301E00EE00023224668
:104880000DF1090150460BF098FB07EB080087B2C9
:104890000A346D1EADB2C4D27AE7A8F1020084B228
:1048A00005FB08FC0CF10E00188035200880002A5A
:1048B000A7D05581948100971FFA8CF370880E322F
:1048C000716900F07BFE63E72DE9F84F1E460A9DF3
:1048D0000C4681462AB1607A00F58070D080E0896C
:1048E000108199F80C000C274FF000084FF00E0AC9
:1048F0000D2872D2DFE800F09D070E1B272F3745E9
:10490000546972727200214648460095FFF774FEA2
:10491000BDE8F88F207B9146082802D0032800D0FC
:10492000FFDF3780302009E0A9F80A80F0E7207B1C
:104930009146042800D0FFDF378031202880B9F16C
:10494000000FF1D1E4E7207B9146042800D0FFDF7F
:1049500037803220F2E7207B9146022800D0FFDF2B
:1049600037803320EAE7207B1746022800D0FFDF9C
:104970003420A6F800A02880002FC9D0A7F80A800C
:10498000C6E7207B1746042800D0FFDF3520A6F8B5
:1049900000A02880002FBBD04046A7F80A8012E074
:1049A000207B1746052802D0062800D0FFDF102004
:1049B000308036202880002FAAD0E0897881A7F89F
:1049C0000E80B9F80E00B881A2E7207B9146072837
:1049D00000D0FFDF37803720B0E72AE04FF0120029
:1049E00018804FF038001700288091D0E089788136
:1049F000A7F80E80A7F8108099F80C000A2805D0B7
:104A00000B2809D00C280DD0FFDF81E7207B0A2876
:104A100000D0FFDF01200AE0207B0B2800D0FFDF61
:104A2000042004E0207B0C2800D0FFDF0520387331
:104A30006EE7FFDF6CE770B50C460546FCF780FEBD
:104A400020B10078222804D2082070BD43F2020071
:104A500070BD0521284609F025FD206008B1002021
:104A600070BD032070BD30B44880087820F00F007E
:104A7000C01C20F0F000903001F8080B1DCA81E83E
:104A80001D0030BC03F03DBA100000202DE9FF47A7
:104A900084B00027824602970798904689461230D4
:104AA00004F0BFFB401D20F00306079828B907A9B2
:104AB0005046FFF7C0FF002854D1B9F1000F05D0D0
:104AC0000798017B19BB052504681BE098F80000D6
:104AD000092803D00D2812D0FFDF46E007990325EF
:104AE0004868B0B3497B42887143914239D98AB250
:104AF000B3B2011D09F067FB0446078002E0079C82
:104B0000042508340CB1208810B1032D29D02CE0E5
:104B100007980121123004F0B6FBADF80C000246F4
:104B200002AB2946504606F089FD070001D1A01CC2
:104B3000029007983A461230C8F80400A8F802A07C
:104B400003A94046029B04F0ABFBD8B10A2817D258
:104B500000E006E0DFE800F007091414100B0D1464
:104B60001412132014E6002012E6112010E608208B
:104B70000EE643F203000BE6072009E60D2007E6E8
:104B8000032005E6BDF80C002346CDE900702A4657
:104B90005046079900F022FD57B9032D08D1079818
:104BA000B3B2417B406871438AB2011D09F01FFB1B
:104BB000B9F1000FD7D0079981F80C90D3E72DE910
:104BC000FE4F91461A881C468A468046FAB102ABCF
:104BD000494606F033FD050019D04046A61C27883B
:104BE00009F0A5FD3246072629463B46009609F006
:104BF000D0F920882346CDE900504A465146404628
:104C000000F0ECFC002020800120BDE8FE8F002099
:104C1000FBE710B586B01C46AAB104238DF800301E
:104C20001388ADF808305288ADF80A208A788DF8DC
:104C30000E200988ADF80C1000236A462146FFF7C4
:104C400025FF06B010BD1020FBE770B50D4605210D
:104C500009F028FC040000D1FFDF294604F112000E
:104C6000BDE8704004F0F8BA2DE9F8430D468046DF
:104C7000002603F043F904462878102878D2DFE8AC
:104C800000F0773B34533131123131310831313159
:104C900031312879001FC0B2022801D0102810D16C
:104CA00014BBFFDF35E004B9FFDF0521404609F002
:104CB000F9FB007B032806D004280BD0072828D056
:104CC000FFDF072655E02879801FC0B2022820D0D8
:104CD00050B1F6E72879401FC0B2022819D0102839
:104CE00017D0EEE704B9FFDF13E004B9FFDF28793E
:104CF00001280ED1172137E00521404609F0D2FBEB
:104D0000070000D1FFDF07F11201404604F081FAED
:104D10002CB12A4621464046FFF7A5FE29E0132183
:104D20004046FDF7CBFC24E004B9FFDF05214046F7
:104D300009F0B8FB060000D1FFDF694606F112005A
:104D400004F071FA060000D0FFDFA988172901D20C
:104D5000172200E00A46BDF80000824202D901464F
:104D600002E005E01729C5D3404600F047FCD0E734
:104D7000FFDF3046BDE8F883401D20F0030219B183
:104D800002FB01F0001D00E000201044704713B545
:104D9000009858B10024684609F0BFF9002C04D1EE
:104DA000F749009A4A6000220A701CBD01240020C5
:104DB000F2E72DE9F0470C46154624220021204653
:104DC00006F063FB05B9FFDFA87860732888DFF879
:104DD000B0A3401D20F00301AF788946DAF8040043
:104DE00009F0B9F9060000D1FFDF4FF00008266096
:104DF000A6F8008077B109FB07F1091D0AD0DAF89F
:104E0000040009F0A8F9060000D1FFDF6660C6F8CB
:104E1000008001E0C4F80480298804F11200BDE894
:104E2000F04704F0E7B92DE9F047804601F11200A0
:104E30000D46814604F0F5F9401DD14F20F00302E4
:104E40006E7B14462968786809F0B0F93EB104FB1E
:104E500006F2121D03D06968786809F0A7F90520E9
:104E600009F0CCFA0446052009F0D0FA201A0128EE
:104E700002D1786809F064F949464046BDE8F04738
:104E800004F0CEB970B50546052109F00BFB04000E
:104E900000D1FFDF04F112012846BDE8704004F0A4
:104EA000B8B92DE9F04F91B04FF0000BADF828B034
:104EB000ADF804B047880C460546924605213846B1
:104EC00009F0F0FA060000D1FFDF24B1A780A4F8B2
:104ED00006B0A4F808B0297809220B20B2EB111F04
:104EE00073D12A7A04F1100138274FF00C084FF0E3
:104EF00012090291102A69D2DFE802F068F2F1F09B
:104F00008008D3898EA03DDCF3EEB7B7307B022852
:104F100000D0FFDFA88908EBC001ADF804103021F4
:104F2000ADF82810002C25D06081B5F80E80002740
:104F30001DE004EBC709317C89F80E10F189A9F84E
:104F40000C10CDF800806888042305AA296900F0B8
:104F500035FBBDF81410A9F8101008F10400BDF8D5
:104F600016107F1C1FFA80F8A9F81210BFB26089D2
:104F7000B842DED80CE1307B022800D0FFDFE9899F
:104F800008EBC100ADF804003020ADF8280095F81A
:104F90000C90002CA9F10400C0B20F90EAD06181FE
:104FA000B5F81080002725E0CDF8008068884B46D2
:104FB00003AA696900F002FB08EB09001FFA80F8F8
:104FC0006F48007818B1012302E0DDE0DAE0002349
:104FD00004EBC702009204A90C320F980AF0EDFF0F
:104FE000009ABDF80C007F1C1082009ABDF80E00DC
:104FF000BFB250826089B842D6D8C9E00AA80090F2
:1050000001AB224629463046FFF711FBC0E0307B5A
:10501000082805D0FFDF03E0307B082800D0FFDF41
:10502000E8891030ADF804003620ADF82800002CD7
:105030003FD0A9896181F189A18127E0307B0928CE
:1050400000D0FFDFA88901460C30ADF804003720FE
:10505000ADF82800002C2CD06181E8890090AB8944
:10506000688804F10C02296955E0E889392110307B
:1050700080B2ADF80400ADF82810002C72D0A989D8
:105080006181287A0E280AD002212173E989E18101
:10509000288A0090EB8968886969029A3BE00121BF
:1050A000F3E70AA8009001AB224629463046FFF7F5
:1050B00055FB6DE0307B0A2800D0FFDFADF804908F
:1050C000ADF828704CB3A9896181A4F810B0A4F898
:1050D0000EB0012020735BE020E002E030E038E019
:1050E00041E0307B0B2800D0FFDF288AADF8287024
:1050F0001230ADF8040084B104212173A9896181C3
:10510000E989E181298A2182688A00902B8A68884E
:1051100004F11202696900F051FA39E0307B0C2881
:1051200000D0FFDFADF80490ADF828703CB3052146
:105130002173A4F80AB0A4F80EB0A4F810B027E0C8
:105140000AA8009001AB224629463046FFF754FAE0
:105150001EE00AA8009001AB224629463046FFF720
:10516000B3FB15E034E03B21ADF80400ADF82810A6
:1051700074B30120E080A4F808B084F80AB007E016
:1051800010000020FFDF03E0297A012917D0FFDF9C
:10519000BDF80400AAF800006CB1BDF8280020801A
:1051A000BDF804006080BDF82800392803D03C28F1
:1051B00001D086F80CB011B00020BDE8F08F3C2182
:1051C000ADF80400ADF8281014B1697AA172DFE7D8
:1051D000AAF80000EFE72DE9F84356880F4680460D
:1051E00015460521304609F05DF9040000D1FFDFC6
:1051F000123400943B46414630466A6804F084F914
:10520000B8E570B50D46052109F04CF9040000D150
:10521000FFDF294604F11200BDE8704004F00EB82B
:1052200070B50D46052109F03DF9040000D1FFDFFE
:10523000294604F11200BDE8704004F02CB870B5A6
:105240000546052109F02EF9040000D1FFDF04F125
:10525000080321462846BDE870400422AFE470B53B
:105260000546052109F01EF9040000D1FFDF2146A3
:1052700028462368BDE870400522A0E470B50646C4
:10528000052109F00FF9040000D1FFDF04F112003D
:1052900003F0C7FF401D20F0030511E0011D008849
:1052A0000322431821463046FFF789FC00280BD023
:1052B000607BABB2684382B26068011D08F0CDFF2D
:1052C000606841880029E9D170BD70B50E46054679
:1052D00002F014FE040000D1FFDF0120207266728C
:1052E0006580207820F00F00C01C20F0F0003030E6
:1052F0002070BDE8704002F004BE602801D0072095
:1053000070470878C54900F0010008700020704718
:105310002DE9F0438BB00D461446814606A9FFF7F0
:105320008AFB002814D14FF6FF7601274FF420584E
:105330008CB103208DF800001020ADF8100007A8F4
:10534000059007AA204604A90AF05BFE78B1072061
:105350000BB0BDE8F0830820ADF808508DF80E7052
:105360008DF80000ADF80A60ADF80C800CE00698EE
:10537000A17801742188C1818DF80E70ADF80850B4
:10538000ADF80C80ADF80A606A4602214846069BDB
:10539000FFF77CFBDCE708B501228DF8022042F61E
:1053A0000202ADF800200A4603236946FFF731FCEC
:1053B00008BD08B501228DF8022042F60302ADF8BF
:1053C00000200A4604236946FFF723FC08BD00B508
:1053D00087B079B102228DF800200A88ADF8082044
:1053E0004988ADF80A1000236A460521FFF74EFBF5
:1053F00007B000BD1020FBE709B1072309E407202F
:10540000704770B588B00D461446064606A9FFF7EA
:1054100012FB00280ED17CB10620ADF808508DF8A3
:105420000000ADF80A40069B6A460821DC81304640
:10543000FFF72CFB08B070BD05208DF80000ADF81B
:105440000850F0E700B587B059B107238DF8003058
:10545000ADF80820039100236A460921FFF716FBE7
:10546000C6E71020C4E770B588B00C460646002594
:1054700006A9FFF7E0FA0028DCD1069801211230D6
:1054800003F001FF9CB12178062921D2DFE801F069
:10549000200505160318801E80B2C01EE28880B267
:1054A0000AB1A3681BB1824203D90C20C2E71020C5
:1054B000C0E7042904D0A08850B901E00620B9E76C
:1054C000012913D0022905D004291CD005292AD08E
:1054D0000720AFE709208DF800006088ADF80800CC
:1054E000E088ADF80A00A068039023E00A208DF858
:1054F00000006088ADF80800E088ADF80A00A068F8
:105500000A25039016E00B208DF800006088ADF8A6
:105510000800A088ADF80A00E088ADF80C00A0688B
:105520000B25049006E00C208DF8000060788DF8C3
:1055300008000C256A4629463046069BFFF7A6FA66
:1055400078E700B587B00D228DF80020ADF808107F
:1055500000236A461946FFF799FA49E700B587B074
:1055600071B102228DF800200A88ADF80820498820
:10557000ADF80A1000236A460621FFF787FA37E7DD
:10558000102035E770B586B0064601200D46ADF80F
:1055900008108DF80000014600236A463046FFF7E8
:1055A00075FA040008D12946304601F009FB0021B4
:1055B000304601F023FB204606B070BDF8B51C460E
:1055C00015460E46069F09F0A0F82346FF1DBCB203
:1055D00031462A46009408F0A8FCF8BD30B41146C4
:1055E000DDE902423CB1032903D0002330BC06F0C0
:1055F000BEB90123FAE71A8030BC704770B50C467B
:105600000546FFF722FB2146284601F0E8FA284626
:10561000BDE87040012101F0F1BA00001000002047
:1056200018B18178012938D101E010207047018834
:1056300042F60112881A914231D018DC42F601027A
:10564000A1EB020091422AD00CDC41B3B1F5C05F5E
:1056500025D06FF4C050081821D0A0F57060FF3835
:105660001BD11CE001281AD002280AD117E0B0F59E
:10567000807F14D008DC012811D002280FD0032825
:105680000DD0FF2809D10AE0B0F5817F07D0A0F541
:105690008070033803D0012801D0002070470F200C
:1056A00070470A281FD008DC0A2818D2DFE800F06B
:1056B000191B1F1F171F231D1F21102815D008DCC1
:1056C0000B2812D00C2810D00D2816D00F2806D188
:1056D0000DE011280BD084280BD087280FD0032091
:1056E00070470020704705207047072070470F2043
:1056F000704704207047062070470C20704743F223
:105700000200704738B50C46050041D06946FEF7E7
:10571000C3FA002819D19DF80010607861F30200E7
:1057200060706946681CFEF7B7FA00280DD19DF835
:105730000010607861F3C5006070A978C1F3410181
:10574000012903D0022905D0072038BD217821F096
:10575000200102E0217841F020012170410704D0AE
:10576000A978C90861F386106070607810F0380F6E
:1057700007D0A978090961F3C710607010F0380FDD
:1057800002D16078400603D5207840F040002070B8
:10579000002038BD70B504460020088015466068BA
:1057A000FFF7B0FF002816D12089A189884211D8BF
:1057B00060688078C0070AD0B1F5007F0AD840F24F
:1057C0000120B1FBF0F200FB1210288007E0B1F5D8
:1057D000FF7F01D90C2070BD01F20121298000203A
:1057E00070BD10B50478137864F300031370047867
:1057F000640864F3410313700478A40864F382031B
:1058000013700478E40864F3C30313700478240964
:1058100064F3041313700478640964F3451313707C
:105820000078800960F38613137031B10878C107DE
:1058300001D1800701D5012000E0002060F3C713EB
:10584000137010BD4278530702D002F0070306E040
:1058500012F0380F02D0C2F3C20300E001234A78ED
:1058600063F302024A70407810F0380F02D0C0F3A0
:10587000C20005E0430702D000F0070000E001206D
:1058800060F3C5024A7070472DE9F04F95B00D00E6
:10589000824613D012220021284605F0F6FD4FF66D
:1058A000FF7B05AA0121584605F0B7FB00242646D8
:1058B00037464FF420586FF4205972E0102015B08D
:1058C000BDE8F08F9DF81E0001280AD1BDF81C101C
:1058D00041450BD011EB09000AD001280CD0022859
:1058E0000CD0042C0ED0052C0FD10DE0012400E0CB
:1058F0000224BDF81A6008E0032406E00424BDF881
:105900001A7002E0052400E00624BDF81A10514583
:1059100047D12C74BEB34FF0000810AA4FF0070A0D
:10592000CDE90282CDE900A80DF13C091023CDF8A4
:10593000109042463146584605F03FFC08BBBDF882
:105940003C002A46C0B210A90AF059FBC8B9AE8182
:10595000CFB1CDE900A80DF1080C0AAE40468CE8A5
:105960004102132300223946584605F026FC40B96F
:10597000BDF83C00F11CC01EC0B22A1D0AF03FFB5E
:1059800010B103209BE70AE0BDF82900E881062C4E
:1059900005D19DF81E00A872BDF81C0028810020CA
:1059A0008DE705A805F045FB00288BD0FFF779FEB1
:1059B00085E72DE9F0471C46DDE90978DDF8209000
:1059C00015460E00824600D1FFDF0CB1208818B1C9
:1059D000D5B11120BDE8F087022D01D0012100E0F2
:1059E000002106F1140004F0E1F9A8F800000246D5
:1059F0003B462946504605F021FEC9F8000008B98B
:105A0000A41C3C600020E5E71320E3E7F0B4144653
:105A1000DDE904528DB1002314B1022C09D101E05B
:105A2000012306E00D7CEE0703D025F001050123DC
:105A30000D742146F0BC05F09ABF1A80F0BC704787
:105A40002DE9FE4F91461A881C468A468046FAB1D7
:105A500002AB494605F0F2FD050019D04046A61CF0
:105A6000278808F064FE3246072629463B46009602
:105A700008F08FFA20882346CDE900504A46514667
:105A80004046FFF7C3FF002020800120BDE8FE8FC5
:105A90000020FBE72DE9F04786B082460EA890462D
:105AA00090E8B000894604AA05A903A88DE807007C
:105AB0001E462A4621465046FFF77BFF039901B157
:105AC00001213970002818D1FA4904F1140204ABFD
:105AD0000860039805998DE80700424649465046FC
:105AE00004F017FDA8B1092811D2DFE800F005087D
:105AF0000510100A0C0C0E00002006B06AE71120F9
:105B0000FBE70720F9E70820F7E70D20F5E703207A
:105B1000F3E7BDF810100398CDE9000133462A469B
:105B200021465046FFF772FFE6E72DE9F04389B0C2
:105B30001646DDE910870D4681461C4614220021D9
:105B400003A805F0A2FC012002218DF810108DF8A9
:105B50000C008DF81170ADF8146064B1A278D20712
:105B600009D08DF81600E088ADF81A00A088ADF8CD
:105B70001800A068079008A80095CDE901104246DA
:105B800003A948466B68FFF785FF09B0BDE8F083BD
:105B9000F0B58BB0002406460694079407270894B6
:105BA00005A80994019400970294CDE903400D469D
:105BB00010232246304605F000FB78B90AA806A952
:105BC000019400970294CDE90310BDF8143000222F
:105BD0002946304605F08FF8002801D0FFF761FD17
:105BE0000BB0F0BD04F020BF2DE9FC410C4680460F
:105BF000002602F083F9054620780D287ED2DFE8E2
:105C000000F0BC0713B325BD49496383AF959B00E2
:105C1000A848006820B1417841F010014170ADE022
:105C2000404602F09BF9A9E00421404608F03AFC06
:105C3000070000D1FFDF07F11401404604F04BF8E4
:105C4000A5BB13214046FCF739FD97E004214046EF
:105C500008F028FC070000D1FFDFE088ADF8000065
:105C60000020B8819DF80000010704D5C00602D5C8
:105C7000A088B88105E09DF8010040067ED5A08887
:105C8000F88105B9FFDF22462946404601F0C0FCF5
:105C9000022673E0E188ADF800109DF801100906B6
:105CA0000FD5072803D006280AD00AE024E00421F3
:105CB000404608F0F7FB060000D1FFDFA088F08126
:105CC0000226CDB9FFDF17E00421404608F0EAFBC9
:105CD000070000D1FFDF07F1140004F0DCFE90F0B4
:105CE000010F02D1E079000648D5387C022640F049
:105CF0000200387405B9FFDF224600E03DE0294686
:105D0000404601F085FC39E00421404608F0CAFB1A
:105D1000017C002D01F00206C1F340016171017C9C
:105D200021F002010174E7D1FFDFE5E7022601213E
:105D3000404602F045F921E00421404608F0B2FB5C
:105D40000546606800902089ADF80400012269468C
:105D5000404602F056F9287C20F0020028740DE03D
:105D6000002DC9D1FFDFC7E7022600214046FFF71B
:105D700057FA002DC0D1FFDFBEE7FFDF3046BDE898
:105D8000FC813EB50C0009D001466B4601AA0020FB
:105D900005F098FA20B1FFF784FC3EBD10203EBD0F
:105DA00000202080A0709DF8050002A900F00700E7
:105DB000FDF78EFF50B99DF8080020709DF8050092
:105DC00002A9C0F3C200FDF783FF08B103203EBD66
:105DD0009DF8080060709DF80500C109A07861F386
:105DE0000410A0709DF80510890961F3C300A0702C
:105DF0009DF80410890601D5022100E0012161F31C
:105E000042009DF8001061F30000A07000203EBD2C
:105E100070B5144606460D4651EA040005D075B12A
:105E20000846FBF75CFA78B901E0072070BD294607
:105E3000304605F0AEFA10B1BDE8704031E454B11F
:105E40002046FBF74CFA08B1102070BD21463046C1
:105E5000BDE8704095E7002070BD2DE9FC5F0C4661
:105E600090460546002701780822007A3E46B2EBAC
:105E7000111F7DD104F10A0100910A31821E4FF0F9
:105E8000020A04F1080B0191092A72D2DFE802F03C
:105E9000EDE005F528287BAACE006888042108F0EB
:105EA00001FB060000D1FFDFB08928B15227072689
:105EB000C3E000002C02002051271026002C7DD0CA
:105EC0006888A0800120A071A88900220099FFF7AE
:105ED0009FFF002873D1A8892081288AE081D1E022
:105EE000B5F81290072824D1E87B000621D5512768
:105EF00009F1140086B2002CE1D0A8890022009993
:105F0000FFF786FF00285AD16888A08084F806A091
:105F1000A88920810120A073288A2082A4F81290E9
:105F2000A88A009068884B46A969019A01F04CFB49
:105F3000A8E0502709F1120086B2002C3ED0A889B3
:105F400000225946FFF764FF002838D16888A080F6
:105F5000A889E080287A072813D002202073288A95
:105F6000E081E87BC0096073A4F81090A88A01E082
:105F700085E082E0009068884B4604F11202A9692E
:105F8000D4E70120EAE7B5F81290512709F114008F
:105F900086B2002C66D06888042108F083FA834614
:105FA0006888A080A88900220099FFF731FF0028A7
:105FB0006ED184F806A0A889208101E052E067E054
:105FC0000420A073288A2082A4F81290A88A009046
:105FD00068884B46A969019A01F0F6FAA989ABF8DD
:105FE0000E104FE06888FBF7ABFB0746688804217A
:105FF00008F058FA064607B9FFDF06B9FFDF687BED
:10600000C00702D05127142601E0502712264CB3B6
:106010006888A080502F06D084F806A0287B5946B7
:1060200001F0E2FA2EE0287BA11DF9E7FE49A889DC
:106030004989814205D1542706269CB16888A080F1
:1060400020E053270BE06888A080A889E08019E051
:106050006888042108F026FA00B9FFDF55270826D2
:10606000002CF0D1A8F8006011E056270726002C7C
:10607000F8D06888A080002013E0FFDF02E001284C
:1060800008D0FFDFA8F800600CB1278066800020F0
:10609000BDE8FC9F57270726002CE3D06888A08026
:1060A000687AA071EEE7401D20F0030009B141437A
:1060B000091D01EB4000704713B5DB4A0020107149
:1060C000009848B10024684608F027F8002C02D157
:1060D000D64A009911601CBD01240020F4E770B578
:1060E0000D461446064686B05C220021284605F07F
:1060F000CCF904B9FFDFA0786874A278218828461B
:1061000001F09DFA0020A881E881228805F11401A0
:10611000304603F0C4FD6A460121304604F07DFF9D
:106120001AE000BF9DF80300000715D5BDF8061062
:106130003046FFF72DFD9DF80300BDF8061040F036
:1061400010008DF80300BDF80300ADF81400FF2324
:106150003046059A05F0E5F8684604F06AFF002825
:10616000E0D006B070BD10B50C4601F1140003F08C
:10617000CEFD0146627C2046BDE8104001F094BA95
:1061800030B50446A84891B04FF6FF75C18905AAFD
:10619000284604F042FF30E09DF81E00A0422AD0BD
:1061A00001282AD1BDF81C00B0F5205F03D042F6CB
:1061B0000101884221D1002002AB0AAA0CA901905A
:1061C00083E8070007200090BDF81A101023002272
:1061D000284604F0F2FF38B9BDF828000BAAC0B277
:1061E0000CA909F00CFF10B1032011B030BD9DF8CF
:1061F0002E00A04201D10020F7E705A804F019FF06
:106200000028C9D00520F0E770B50546042108F044
:1062100049F9040000D1FFDF04F114010C462846BF
:1062200003F059FD21462846BDE8704003F05ABDF1
:1062300070B58AB00C460646FBF782FA050014D00A
:106240002878222827D30CB1A08890B101208DF89E
:106250000C0003208DF8100000208DF8110054B1BF
:10626000A088ADF81800206807E043F202000AB0E9
:1062700070BD0920FBE7ADF81800059004213046F9
:1062800008F010F9040000D1FFDF04F1140003F05E
:1062900054FD000701D40820E9E701F02FFE60B1AA
:1062A00008A802210094CDE9011095F8232003A944
:1062B00030466368FFF7EEFBD9E71120D7E72DE9F9
:1062C000F04FB2F802A0834689B015468946504681
:1062D000FBF736FA07460421504608F0E3F800269B
:1062E000044605964FF002080696ADF81C6007B903
:1062F000FFDF04B9FFDF4146504605F066FC50B9A8
:1063000007AA06A905A88DE807004246214650467F
:106310006368FFF74EFB444807AB0660DDE90512F2
:1063200004F11400CDF80090CDE90320CDE901314E
:1063300097F82320594650466B6803F047FD060046
:106340000AD0022E04D0032E14D0042E00D0FFDF7A
:1063500009B03046BDE8F08FBDF81C000028F7D02A
:106360000599CDE900104246214650466368FFF783
:106370004DFBEDE7687840F008006870E8E72DE92C
:10638000F04F99B004464FF000082748ADF81C8044
:10639000ADF82080ADF82480A0F80880ADF8148016
:1063A000ADF81880ADF82C80ADF82880007916463D
:1063B0000D464746012808D0022806D0032804D0FD
:1063C000042802D0082019B0C4E72046FAF743FF9A
:1063D00070BB2846FAF73FFF50BB6068FAF788FFAA
:1063E00030BB606848B160892189884202D8B1F524
:1063F000007F01D90C20E6E780460EAA06A92846B0
:10640000FFF7C8F90028DED168688078C0F3410042
:10641000022808D19DF8190010F0380F03D0286920
:10642000FAF75DFF20B904E02C02002018000020DC
:1064300022E005A92069FFF765F90028C3D120698A
:1064400048B1607880079DF8150000F0380001D54C
:10645000F0B300E0E0BB9DF8140080060ED59DF877
:10646000150010F0380F03D06068FAF738FF18B93C
:106470006068FAF73DFF08B11020A4E70AA9606937
:10648000FFF740F900289ED1606940B19DF82900CE
:1064900000F0070101293CD110F0380F39D00BA9C9
:1064A000A069FFF72FF900288DD19DF828008006FC
:1064B0002FD49DF82C0080062BD4A06950B19DF8F4
:1064C0002D0000F00701012923D110F0380F00E062
:1064D0001FE01ED0E06818B10078D0B11C2818D297
:1064E0000FAA611C2046FFF77CF90121384661F3B1
:1064F0000F2082468DF85210B94642F603000F462F
:10650000ADF850000DF13F0218A9286809F079FD97
:1065100008B1072057E79DF8600015A9CDF8009055
:10652000C01CCDE9019100F0FF0B00230BF201220A
:10653000514614A804F09CFCF0BBBDF854000C902C
:10654000FE482A8929690092CDE901106B89BDF8BE
:1065500038202868069904F08BFC01007ED1207851
:106560004FF0020AC10601D480062BD5CDF80C905D
:10657000606950B90AA906A8FFF764F99DF82900D7
:1065800020F00700401C8DF829009DF8280008A97C
:1065900040F0C8008DF828008DF8527042F60210C5
:1065A000ADF8500003AACDF800A0CDE901210023E9
:1065B00040F2032214A800E01EE00A9904F058FCFF
:1065C00001004BD1DD484D4608385B460089ADF8E7
:1065D0003D000FA8CDE90290CDF80490CDF81090C1
:1065E0004FF007090022CDF80090BDF854104FF687
:1065F000FF7004F080FB10B1FFF753F8E3E69DF85D
:106600003C00000624D52946012060F30F218DF8B7
:1066100052704FF424500395ADF8500062789DF805
:106620000C00002362F300008DF80C006278CDF8B6
:1066300000A0520862F341008DF80C0003AACDE9D6
:10664000012540F2032214A804F012FC010005D138
:10665000606888B32069A8B905A900E084E006A8AD
:10666000FFF7F0F86078800706D49DF8150020F059
:1066700038008DF8150005E09DF8140040F040004A
:106680008DF814008DF8527042F60110ADF85000EC
:10669000208940F20121B0FBF1F201FB1202606897
:1066A00009ABCDF80080CDE90103002314A80599BA
:1066B00004F0DEFB010057D12078C00728D00395F5
:1066C000A06950B90BA906A8FFF7BCF89DF82D00EA
:1066D00020F00700401C8DF82D009DF82C008DF84F
:1066E000527040F040008DF82C0042F60310ADF8D7
:1066F000500007A903AACDF800A0CDE9012100238D
:1067000040F2032214A80B9904F0B2FB01002BD134
:10671000E06868B32946012060F30F218DF85270BC
:1067200042F60410ADF85000E068002302788DF8BE
:10673000582040788DF85900E06816AA4088ADF8D6
:106740005A00E06800798DF85C00E068C088ADF818
:106750005D00CDF80090CDE901254FF4027214A838
:1067600004F086FB010003D00C9800F0C9FF2AE674
:10677000724803210838017156B100893080BDF894
:1067800024007080BDF82000B080BDF81C00F080AF
:10679000002018E670B501258AB016460B46012880
:1067A00002D0022816D104E08DF80E504FF420508C
:1067B00003E08DF80E5042F60100ADF80C005BB11D
:1067C0000024601C60F30F2404AA08A9184609F0ED
:1067D00018FC18B107204AE5102048E504A99DF8E7
:1067E00020205648CDE90021801E0290002321463A
:1067F00003A802F2012204F03BFB10B1FEF751FFA7
:1068000035E54E4808380EB1C18831800571002049
:106810002DE5F0B593B0074601268DF83E6041F6B0
:106820000100ADF83C0012AA0FA93046FFF7B2FFF5
:10683000002849D1414C0025083CEFB31C2200211F
:1068400002A804F022FE9DF808008DF83E6040F09A
:1068500020008DF8080042F60520ADF83C000E95AA
:106860009DF83A00119520F00600801C8DF83A0042
:106870009DF838006A4620F0FF008DF838009DF83A
:10688000390009A920F0FF008DF839000420ADF887
:106890002C00ADF830000EA80A9011A80D900FA89A
:1068A0000990ADF82E5002A8FFF769FD00280BD122
:1068B000BDF80000608100E008E0BDF80400A081A0
:1068C000401CE0812571002013B0F0BD6581A581D9
:1068D000BDF84800F4E72DE9F74F1849A0B00024AF
:1068E000083917940A79A146012A04D0022A02D055
:1068F000082023B02EE5CA88824201D00620F8E79E
:1069000021988A46824201D10720F2E701202146E0
:1069100060F30F21ADF848004FF6FF780691ADF80F
:106920004A808DF86E0042F6020B8DF872401CA969
:10693000ADF86CB0ADF87040139101E03402002066
:10694000ADF8508012A804F0A3FB00252E462F4678
:106950000DAB072212A9404604F09DFB78B10A282E
:106960005DD195B38EB3ADF86450ADF866609DF817
:106970005E008DF8144019AC012864D06BE09DF8DE
:106980003A001FB3012859D1BDF8381059451FD11D
:1069900018A809A901940294CDE9031007200090DA
:1069A000BDF8361010230022404604F006FCB0BBB0
:1069B000BDF86000042801D006284AD1BDF8241093
:1069C000219881423AD10F2093E73AE0012835D14E
:1069D000BDF83800B0F5205F03D042F601018842CF
:1069E0002CD1BAF80600BDF83610884201D1012733
:1069F00000E0002705B19EB1219881421ED118A860
:106A000009AA01940294CDE90320072000900D46C5
:106A100010230022404604F0D0FB00B902E02DE034
:106A20004E460BE0BDF86000022801D0102810D1BE
:106A3000C0B217AA09A909F0E2FA50B9BDF8369018
:106A400086E7052055E705A917A8221D09F0D9FA00
:106A500008B103204DE79DF814000023001DC2B2C9
:106A60008DF8142022980092CDE901401BA80699C8
:106A700004F0FEF910B902228AF80420FEF711FE94
:106A800037E710B50B46401E88B084B205AA002136
:106A90001846FEF7A6FE00200DF1080C06AA05A96F
:106AA00001908CE807000720009001230022214676
:106AB0004FF6FF7004F01FF90446BDF818000128D6
:106AC00000D0FFDF2046FEF7ECFD08B010BDF0B5AA
:106AD000F74F044687B038790E46032804D00428BF
:106AE00002D0082007B0F0BD04AA03A92046FEF793
:106AF00051FE0500F6D160688078C0F3410002289D
:106B00000AD19DF80D0010F0380F05D02069FAF772
:106B1000E6FB08B11020E5E7208905AA21698DE888
:106B200007006389BDF810202068039904F0A0F9DC
:106B300010B1FEF7B6FDD5E716B1BDF814003080F0
:106B4000042038712846CDE7F8B50C0006460CD075
:106B500001464FF6FF7500236A46284604F0B2FB53
:106B600028B100BFFEF79DFDF8BD1020F8BD6946B5
:106B70002046FEF7C7FD0028F8D1A078314600F086
:106B800001032846009A04F0CCFBEBE730B587B050
:106B9000144600220DF1080C05AD01928CE82C0082
:106BA000072200920A46014623884FF6FF7004F040
:106BB000A2F8BDF814102180FEF773FD07B030BDB8
:106BC00070B50D46042107F06DFC040000D1FFDF15
:106BD000294604F11400BDE8704003F0A7B870B571
:106BE0000D46042107F05EFC040000D1FFDF2946BA
:106BF00004F11400BDE8704003F0BBB870B50D4659
:106C0000042107F04FFC040000D1FFDF294604F106
:106C10001400BDE8704003F0D3B870B505460421F8
:106C200007F040FC040000D1FFDF2146284623681E
:106C3000BDE870400122FEF703BF70B5064604218F
:106C400007F030FC040000D1FFDF04F1140003F072
:106C50005EF8401D20F0030511E0011D00880022B0
:106C6000431821463046FEF7EBFE00280BD0607C2F
:106C7000ABB2684382B2A068011D07F0EEFAA068CB
:106C800041880029E9D170BD70B50546042107F09F
:106C900009FC040000D1FFDF214628466368BDE8F7
:106CA00070400222FEF7CCBE70B50E46054601F0DC
:106CB00025F9040000D1FFDF012020726672658093
:106CC000207820F00F00001D20F0F00040302070F0
:106CD000BDE8704001F015B910B50446012900D097
:106CE000FFDF2046BDE810400121FEF799BA2DE9EB
:106CF000F04F97B04FF0000A0C008346ADF814A097
:106D0000D04619D0E06830B1A068A8B10188ADF8CC
:106D10001410A0F800A05846FAF712FD070043F23D
:106D2000020961D0387822285CD30421584607F044
:106D3000B9FB050005D103E0102017B0BDE8F08FC6
:106D4000FFDF05F1140002F0E2FF401D20F0030612
:106D5000A078012803D0022801D00720EDE7218880
:106D600007AA584604F059F930BB07A804F061F9A6
:106D700010BB07A804F05DF948B99DF8260001286A
:106D800005D1BDF82400A0F52451023902D04FF4FA
:106D90005050D2E7E068B0B1CDE902A007200090E2
:106DA00005AACDF804A00492A2882188BDF8143069
:106DB000584603F0A0FF10B1FEF773FCBDE7A168D1
:106DC000BDF8140008809DF81F00C00602D543F2EC
:106DD0000140B2E70B9838B1A1780078012905D0BD
:106DE00080071AD40820A8E74846A6E7C007F9D0CC
:106DF00002208DF83C00A8684FF00009A0B1697C22
:106E00004288714391420FD98AB2B3B2011D07F093
:106E1000DAF98046A0F800A006E003208DF83C00D7
:106E2000D5F800804FF001099DF8200010F0380FD0
:106E300000D1FFDF9DF820001E49C0F3C2000844C6
:106E400097F8231010F8010C884201D90F2074E73D
:106E50002088ADF8400014A90095CDE90191434682
:106E600007220FA95846FEF715FE002891D19DF87C
:106E7000500050B9A078012807D1687CB3B27043A4
:106E800082B2A868011D07F0B2F9002055E770B57D
:106E9000064615460C460846FEF7C2FB002805D1FB
:106EA0002A4621463046BDE8704073E470BD12E5C5
:106EB0002C020020148D010070B51E4614460D00F2
:106EC00009D044B1616831B138B1FC49C988814207
:106ED00003D0072070BD102070BD2068FEF7A0FB16
:106EE0000028F9D1324621462846BDE87040FFF718
:106EF00046BA70B515460C0006D038B1EF4909897D
:106F0000814203D0072070BD102070BD2068FEF7BD
:106F100087FB0028F9D129462046BDE87040D6E518
:106F200070B5064686B00D4614461046FAF7B9F914
:106F3000D0BB6068FAF7DCF9B0BBA6F57F40FF383C
:106F400003D03046FAF7FCFB80B128466946FEF7CD
:106F50009BFC00280CD19DF810100F2008293DD271
:106F6000DFE801F008060606060A0A0843F20200F6
:106F700006B070BD0320FBE79DF80210012908D17F
:106F8000BDF80010B1F5C05FF2D06FF4C052D1422D
:106F9000EED09DF8061001290DD1BDF80410A1F521
:106FA0002851062907D200E029E0DFE801F00303B9
:106FB00004030303DCE79DF80A1001290FD1BDF893
:106FC0000810B1F5245FD3D0A1F60211B1F500513C
:106FD000CED00129CCD0022901D1C9E7FFDF6068FA
:106FE00078B9002305AA2946304604F06BF910B1A0
:106FF000FEF757FBBCE79DF81400800601D4102073
:10700000B6E76188224628466368FFF7BFFDAFE711
:107010002DE9F043814687B0884614461046FAF7BA
:1070200040F918B1102007B0BDE8F083002306AA8C
:107030004146484604F046F918B100BFFEF731FB5F
:10704000F1E79DF81800C00602D543F20140EAE7D7
:107050000025072705A8019500970295CDE9035063
:1070600062884FF6FF734146484604F0A6F80600D2
:1070700013D16068FAF715F960B960680195CDE938
:10708000025000970495238862884146484604F0E0
:1070900094F80646BDF8140020803046CEE739B19A
:1070A000864B0A889B899A4202D843F203007047B4
:1070B0001DE610B586B0814C0423ADF81430638909
:1070C00043B1A4898C4201D2914205D943F2030015
:1070D00006B010BD0620FBE7ADF8101000210091AE
:1070E0000191ADF8003002218DF8021005A902913E
:1070F00004A90391ADF812206946FFF7F8FDE7E710
:107100002DE9FC4781460D460846FAF7A4F888BBEE
:107110004846FAF715FB5FEA00080AD098F8000025
:10712000222829D30421484607F0BCF9070005D1DD
:1071300003E043F20200BDE8FC87FFDF07F1140023
:1071400002F0FBFD06462878012803D0022804D06F
:107150000720F0E7B0070FD502E016F01C0F0BD0A8
:10716000A8792C1DC00709D0E08838B1A068FAF7CB
:1071700072F818B11020DEE70820DCE721882A78B1
:107180000720B1F5847F35D01EDC40F20315A1F253
:107190000313A94226D00EDCB1F5807FCBD003DCEF
:1071A000F9B1012926D1C6E7A1F58073013BC2D010
:1071B000012B1FD113E0012BBDD0022B1AD0032BC2
:1071C000B9D0042B16D112E0A1F20912082A11D26B
:1071D000DFE802F00B04041010101004ABE7022AE1
:1071E000A9D007E0012AA6D004E0320700E0F206A9
:1071F000002AA0DACDB200F081FE50B198F8230049
:10720000CDE90005FA89234639464846FEF78DFC4C
:1072100091E711208FE72DE9F04F8BB01F461546FF
:107220000C4683460026FAF78BFA28B1007822280C
:1072300005D208200BB081E543F20200FAE7B80856
:1072400001D00720F6E7032F00D100274FF6FF7982
:10725000CCB1022D73D32046FAF74AF830B904EBCB
:107260000508A8F10100FAF743F808B11020E1E79A
:10727000AD1E38F8028CAAB22146484604F075F9D2
:1072800040455CD1ADB20D49B80702D58889401C94
:1072900000E001201FFA80F8F80701D08F8900E094
:1072A0004F4605AA4146584603F0B7FE4FF0070A7D
:1072B0004FF00009DCB320460BE000002C02002058
:1072C000408810283BD8361D304486B2AE4236D2B4
:1072D000A01902884245F3D351E000BF9DF8170082
:1072E00002074CD594B304EB0608361DB8F80230FB
:1072F000B6B2102B23D89A19AA4220D8B8F8002089
:1073000091421CD1C0061CD5CDE900A90DF1080C95
:107310000AAAA11948468CE80700B8F80010002214
:10732000584603F0E8FC20B1FEF7BBF982E726E0FF
:1073300005E0B8F80200BDF82810884201D00B2003
:1073400078E7B8F80200304486B207E0FFE7C006ED
:1073500004D55846FEF71CFC002888D19DF817007C
:10736000BDF81A1020F010008DF81700BDF81700B6
:10737000ADF80000FF235846009A03F0D2FF05A89D
:1073800003F057FE18B9BDF81A10B942A6D9042166
:10739000584607F087F8040000D1FFDFA2895AB1F0
:1073A000CDE900A94D46002321465846FEF7BDFB16
:1073B0000028BBD1A5813DE700203BE72DE9FF4F29
:1073C0008BB01E4617000D464FF0000412D0B008D7
:1073D00002D007200FB0B1E4032E00D100265DB12A
:1073E0000846F9F77CFF28B93888691E0844F9F780
:1073F00076FF08B11020EDE7C74AB00701D5D18963
:1074000000E00121F0074FF6FF7802D0D089401E3E
:1074100000E0404686B206AA0B9803F0FEFD4FF04E
:1074200000094FF0070B0DF1140A38E09DF81B001E
:10743000000734D5CDF80490CDF800B0CDF8089011
:10744000CDE9039A434600220B9803F0B6FE60BBD9
:1074500005B3BDF814103A8821442819091D8A4241
:1074600030D3BDF81E2020F8022BBDF8142020F8E0
:10747000022BCDE900B9CDE90290CDF810A0BDF8FE
:107480001E10BDF8143000220B9803F096FE08B1D0
:1074900003209FE7BDF814002044001D84B206A815
:1074A00003F0C7FD20B10A2806D0FEF7FAF891E7ED
:1074B000BDF81E10B142B9D934B17DB13888A11CD4
:1074C000884203D20C2085E7052083E7224629461F
:1074D000404604F04AF8014628190180A41C3C806B
:1074E000002077E710B50446F9F7DBFE08B110205D
:1074F00010BD8948C0892080002010BDF0B58BB038
:107500000D4606461422002103A803F0BEFF012009
:107510008DF80C008DF8100000208DF81100ADF8EA
:1075200014503046FAF70CF948B10078222812D3EB
:107530000421304606F0B6FF040005D103E043F213
:1075400002000BB0F0BDFFDF04F11400074602F0AB
:10755000F4FB800601D40820F3E7207C022140F0F0
:107560000100207409A80094CDE90110072203A9A5
:1075700030466368FEF78EFA20B1217C21F00101CC
:107580002174DEE729463046FDF73BFE08A9384660
:1075900002F0C2FB00B1FFDFBDF82040172C01D282
:1075A000172000E02046A84201D92C4602E0172C03
:1075B00000D2172421463046FFF711FB2146304602
:1075C000FDF743FB0020BCE7F8B51C4615460E4608
:1075D000069F07F09AF82346FF1DBCB231462A46A3
:1075E000009406F0A2FCF8BD70B50C4605460E22CC
:1075F0000021204603F049FF002020802DB1012DFD
:1076000001D0FFDF70BD062000E00520A07170BD35
:1076100010B548800878134620F00F00001D20F0B8
:10762000F00080300C4608701422194604F108005E
:1076300003F001FF00F065FC3748046010BD2DE940
:10764000F047DFF8D890491D064621F003011746A0
:107650000C46D9F8000006F07EFD050000D1FFDFE2
:107660004FF000083560A5F800802146D9F80000E9
:1076700006F071FD050000D1FFDF7560A5F8008000
:107680007FB104FB07F1091D0BD0D9F8000006F00B
:1076900062FD040000D1FFDFB460C4F80080BDE8E3
:1076A000F087C6F80880FAE72DE9F0411746491D32
:1076B00021F00302194D064601681446286806F0B9
:1076C00075FD22467168286806F070FD3FB104FB25
:1076D00007F2121D03D0B168286806F067FD042088
:1076E00006F08CFE0446042006F090FE201A0128C5
:1076F00004D12868BDE8F04106F022BDBDE8F08164
:1077000010B50C4603F058FC00B1FFDF2046BDE881
:107710001040FDF7C6BF00002C020020180000201A
:1077200038B582880A800C46C188121D90B26A461C
:1077300005F07EFFBDF80000032800D30320C1B28E
:10774000208800F0A4FF38BD38B582880A800C4636
:10775000C188121D90B26A4605F06AFFBDF80000AC
:10776000022800D30220C1B2208800F090FF401C04
:10777000C0B238BD2DE9FF5F8B46F94982461446F9
:10778000D1E90101CDE902010BF1030222F003026C
:1077900001A84421019206F0C0FCF24E002C02D157
:1077A000F149019A8A60019901440191B57E05F180
:1077B000010504D1E8B208F0A5FB00B1FFDF019894
:1077C00000EB0510C01C20F00301019144B9727A4E
:1077D00000200870B08B80B203F04DFA00B1FFDFDB
:1077E0000198F16908440190214601A800F013FFB7
:1077F00080460198C01C20F003000190717A04B10A
:10780000002006F074FD019908440190214601A86A
:1078100000F048FFD34800273D4690F801900CE067
:10782000284600F0DBFE064681788088FDF7A4FA42
:1078300071786D1C00FB0177EDB24D45F0D10198D8
:10784000C01C20F00300019004B100203946FDF770
:107850009EFA0199002708440190C2483D4690F8DD
:1078600001900CE0284600F0B9FE0646C1788088F9
:10787000FEF719FC71786D1C00FB0177EDB24D45E8
:10788000F0D10198C01C20F00300019004B1002049
:107890003946FEF711FC019908440190B2480021D5
:1078A0004278084604F00BF8214601A800F072FE69
:1078B0000198C01D20F007000190DAF80010814205
:1078C00004D3A0EB0B01B1F5803F04DB4FF00408BB
:1078D000CAF8000004E0CAF80000B8F1000F03D0B5
:1078E000404604B0BDE8F09F4CBBFAF7BBFB9D4C93
:1078F000207E0090607E012823D0002318B3002250
:10790000984800210C30FAF7E5FF00B1FFDFE07E78
:10791000FEF77FFF00B1FFDF92484FF4F6720021BF
:10792000343003F0B2FD8F480421343080F8E9117F
:1079300080F8EA11062180F8EB1103210171002083
:10794000CFE70123DAE702AADAE770B5854C0646ED
:107950003434207804EB4015E078083598B9A01944
:1079600090F8E80100280FD0A0780F2800D3FFDF9F
:1079700020220021284603F088FD687866F3020083
:1079800068700120E070284670BD2DE9F041054681
:107990000C4600270078052190463E46B1EB101FAB
:1079A00000D0FFDF287A58B101280FD0FFDF00BFD9
:1079B000A8F800600CB1278066800020BDE8F08147
:1079C0000127092674B16888A08008E002271426E0
:1079D00044B16888A0802869E060A88A2082287B5A
:1079E0002072E5E7A8F80060E7E730B55D4C0120BC
:1079F000002120706170207260726176217621739F
:107A00000521A1821F21E182607358A121610A2111
:107A1000A176E076544D4FF4B060E0616868C11C17
:107A200021F00301814200D0FFDF6868606030BD53
:107A300030B54D4C1568636808339D4202D204206E
:107A4000136030BD474B5D785A6802EBC502107079
:107A500051700320D080172090800120D07090704A
:107A60005878401C5870606808306060002030BD55
:107A700070B506463B480024457807E0204600F0F4
:107A8000ADFD0178B14204D0641CE4B2AC42F5D142
:107A9000002070BDF7B5064608780C46F8B1FFF730
:107AA000E7FF0546202E06D0212E1AD0222E18D010
:107AB000232E14D110E000F09CFD0DB1697800E098
:107AC0000021401A81B2A0780144FF2907D830B1C3
:107AD000A088022805D202E06088172801D207207A
:107AE000FEBD65B9207802AA0121FFF7A1FF002899
:107AF000F6D12078FFF7BCFF050000D1FFDF202E74
:107B000008D0212E0ED0222E0FD0232E07D0FFDF3B
:107B10000020FEBDA0786870A088E880F8E7608843
:107B2000A880F5E7A078A870F2E7A078E870EFE702
:107B30001A283FD00DDC13283CD2DFE800F0253BAB
:107B40002A3B3B31312D2F373B3B333B3B3B3B39D2
:107B50000F00302802D00DDC1E282BD107207047E3
:107B6000188D0100680200201C0000206E5246356E
:107B7000780000003A3809281CD2DFE800F0151B15
:107B80000F1B1B1B1B1B07000020E8E743F2040030
:107B9000E5E743F20200E2E70420E0E70D20DEE73C
:107BA0000F20DCE70820DAE71120D8E71320D6E71A
:107BB0000620D4E70320D2E710B5007800F00100DA
:107BC00005F02CFDBDE81040B2E710B5007800F0DC
:107BD000010005F028FDBDE81040A9E70EB50178C9
:107BE00001F001018DF80010417801F001018DF8DC
:107BF00001100178C1F340018DF802104178C1F302
:107C000040018DF80310017889088DF8041041783F
:107C100089088DF8051081788DF80610C1788DF8E7
:107C2000071000798DF80800684605F0EFF9FFF7B6
:107C30007FFF0EBD2DE9F84FDFF8F883FE4C0026DC
:107C40001FE0012000F071FD0120FFF77EFE0546D8
:107C500044214746D8F8080006F07DFA686000B96C
:107C6000FFDF686805F0CCF8A8B12846F9F7BAFE3E
:107C7000284600F060FD20B944226968B86806F023
:107C800095FA94F9E9010428DBDA022006F0B6FB44
:107C900007460025A5E044226968D8F8080006F0E8
:107CA00085FAF2E7B8F802104046491C89B2A8F8F4
:107CB0000210B94201D3002141800221B8F802002C
:107CC00006F0F0FB002864D0B8F80200694605F021
:107CD0001FFCFFF72DFF00B1FFDF9DF8000078B11A
:107CE000B8F8020006F023FD5FEA000900D1FFDFCB
:107CF000484605F0AEFF18B1B8F8020003F053FF94
:107D0000B8F8020006F001FD5FEA000900D1FFDFCC
:107D1000484605F096FFE0BB0321B8F8020006F0E4
:107D2000C1FB5FEA000B47D1FFDF45E0DBF80C0049
:107D300010B10078FF2849D0022000F0F6FC0220A4
:107D4000FFF703FE8246484606F087F8CAF80400AB
:107D500000B9FFDFDAF8040006F04FF900210090C7
:107D60000170B8F802105046AAF8021003F046FE5F
:107D7000484606F044F900B9FFDF504600F0DBFC4E
:107D800018B99AF80100000704D50099CBF80C1037
:107D900012E024E0DBF80C0038B10178491C11F046
:107DA000FF01017008D1FFDF06E0002211464846BE
:107DB00000F0EEFB00B9FFDF94F9EA01022805DBD1
:107DC000B8F8020003F0F5FD0028AFD194F9E901FD
:107DD000042804DB484606F076F900B101266D1C44
:107DE000EDB2BD4204D294F9EA010228BFF65AAFBF
:107DF000002E7FF424AFBDE8F84F032000F095BCBF
:107E000010B58C4CE06008682061AFF2D710FBF72A
:107E100082F8607010BD88480021343801708548B0
:107E20000170864941609AE670B505464FF0805072
:107E30000C46D0F8A410491C05D1D0F8A810C943AD
:107E40000904090C0BD050F8A01F01F001012970A2
:107E5000416821608068A080287830B970BD062113
:107E6000204609F06AFE01202870607940F0C000C9
:107E7000607170BD70B54FF080540D46D4F880101D
:107E8000491C0BD1D4F88410491C07D1D4F88810B0
:107E9000491C03D1D4F88C10491C0CD0D4F88010A4
:107EA0000160D4F884104160D4F888108160D4F85F
:107EB0008C10C16002E0102109F03FFED4F8900060
:107EC000401C0BD1D4F89400401C07D1D4F8980082
:107ED000401C03D1D4F89C00401C09D054F8900FEA
:107EE000286060686860A068A860E068E86070BDAD
:107EF0002846BDE87040102109F01FBE4E480079A9
:107F000023E570B54C4CE07830B3207804EB40109A
:107F1000407A00F00700204490F9E801002800DCD6
:107F2000FFDF2078002504EB4010407A00F00700C6
:107F3000011991F8E801401E81F8E8012078401C01
:107F4000C0B220700F2800D12570A078401CA0700E
:107F500009F072FCE57070BDFFDF70BD3EB50546EF
:107F6000032106F09FFA0446284606F0CEFB05469C
:107F700004B9FFDFE06818B10078FF2800D1FFDF07
:107F800001AA6946284600F003FB60B9FFDF0AE05A
:107F9000002202A9284600F0FBFA00B9FFDF9DF895
:107FA000080000B1FFDF9DF80000411E8DF80010B1
:107FB000EED2E0680199884201D10020E0603EBD28
:107FC00070B50546A0F57F400C46FF3800D1FFDFB5
:107FD000012C01D0FFDF70BDFFF790FF040000D13E
:107FE000FFDF207820F00F00401D20F0F00050301F
:107FF000207065800020207201202073BDE8704051
:108000007FE72DE9F04116460D460746FFF776FF5C
:10801000040000D1FFDF207820F00F00401D20F089
:10802000F0005030207067800120207228682061A5
:10803000A88805E01C0000209C020020680D00209C
:10804000A0822673BDE8F0415BE77FB5FFF710FD26
:10805000040000D1FFDF02A92046FFF761FB0546BF
:1080600003A92046FFF770FB8DF800508DF8010042
:10807000BDF80800001DADF80200BDF80C00001DA1
:10808000ADF80400E088ADF80600684605F0AAFAED
:10809000002800D0FFDF7FBD2DE9F05FFE4F804656
:1080A000387808B108201DE44046F9F7FAF808B11D
:1080B000102017E4F94D287808B9FFF796FC6C7A80
:1080C000464600F096FAA04207D2201AC1B23246C4
:1080D0000020FFF7ADFC0028E5D17968BB46C91C3C
:1080E00021F0030179600027EC483E46B946BA46C4
:1080F0003C46457807E0204600F070FA4078641C62
:108100000644E4B27F1CAC42F5D10AEB870000EBD9
:10811000C600E24E00EB89005C46717A012200EB5A
:10812000C100DBF80410451829464046FFF722FB42
:10813000070012D00020FFF79BFC05000BD005F1D3
:108140000B00616820F00300884200D0FFDF7078E8
:10815000401E707065603846A5E7002229464046FB
:10816000FFF708FB00B1FFDFD8F8000060604FF6B2
:10817000FF70608001202070002094E72DE9F0411D
:108180000446C54817460E46007808B1082015E495
:108190000846F9F760F808B110200FE4BF4D2878C1
:1081A00008B9FFF722FC601E1E2807D8012C22D137
:1081B0003078FE281FD8A8760020E8E7A4F1200038
:1081C0001F2805D8E0B23A463146BDE8F04161E4E7
:1081D000A4F140001F2805D831462046BDE8F041F3
:1081E00000F0D1BAA4F1A0001F2804D80020A02CD0
:1081F00003D0A12C06D00720C9E7317801F0010196
:10820000E976C4E731680922F82901D38B0701D048
:108210001046BCE76B7B03F00303012B04D1EB8A10
:10822000D7339CB28C42F3D8E961B0E72DE9F0472F
:1082300081460E460846F9F734F848B94846F9F73A
:108240004EF828B909F1030020F00301494502D096
:108250001020BDE8F08791484FF0000A3430817853
:1082600069B14178804600EB4114083437883246C2
:108270000021204600F06DFA050004D027E0A6F8A2
:1082800000A00520E5E7B9F1000F24D03088B842FE
:1082900001D90C251FE0607800F00705284600F0A2
:1082A00044FA08EB0507324697F8E8014946401CB6
:1082B00087F8E801204607F5F47700F04AFA05460A
:1082C0003878401E3870032000F02FFA2DB10C2DA5
:1082D00001D0A6F800A02846BBE760786E4E00F0FB
:1082E0000701012923D002290CD0032933D0FFDF55
:1082F00098F801104046491CC9B288F801100F29AE
:1083000034D035E0616821B1000702D46088FFF7FE
:1083100025FE98F8EA014746012802D17078FAF75D
:1083200019FE97F9EA010428E2DBFFDFE0E7616864
:1083300019B14422B06805F039FF98F8E9014746C1
:10834000032802D17078FAF705FE97F9E9010428AD
:10835000CEDBFFDFCCE7C00602D56088FFF7FEFD6D
:1083600098F9EB010628C3DBFFDFC1E780F801A025
:108370008178491E8170617801F0070101EB0800E6
:1083800090F8E811491C80F8E811A4E770B50C4694
:108390000546F8F760FF18B92046F8F782FF08B1E4
:1083A000102070BD284607F0E4FD207008B10020C1
:1083B00070BD042070BD70B5054607F0F3FDC4B272
:1083C0002846F8F78CFF08B1102070BD35B1287829
:1083D0002C7018B1A04201D0072070BD2046FDF7D7
:1083E000CFFE052805D107F0E0FD012801D00020CF
:1083F00070BD0F2070BD70B5044615460E46084688
:10840000F8F729FF18B92846F8F74BFF08B11020F4
:1084100070BD022C03D0102C01D0092070BD2A465B
:108420003146204607F0EBFD0028F7D0052070BD4F
:1084300070B514460D460646F8F70DFF38B92846C4
:10844000F8F72FFF18B92046F8F749FF08B11020B8
:1084500070BD22462946304607F0D3FD0028F7D0EC
:10846000072070BD3EB50446F8F71BFF08B1102089
:108470003EBD684604F052FDFFF75AFB0028F7D1D5
:108480009DF806002070BDF808006080BDF80A0065
:10849000A08000203EBD00001C00002068020020DB
:1084A00070B505460C460846F8F719FF20B93CB1EF
:1084B0002068F8F7F6FE08B1102070BDA08828B13A
:1084C00021462846BDE87040FDF7B2BE092070BDC8
:1084D00070B504460D460846F8F7BDFE58BB601E51
:1084E0001E280ED8032C01D9072070BD04B9FFDF68
:1084F000E54800EB840050F8041C2846BDE87040B5
:108500000847A4F120001F2805D829462046BDE8C9
:108510007040F9F745BDA4F160001F2805D8294631
:108520002046BDE87040FCF7E8BEF02CDCD1A8681E
:10853000F8F791FE08B1102070BD284605F0AEF89E
:10854000BDE87040FFF7F4BA70B504460D46084622
:10855000F8F7A7FE30B9601E1E280FD82846F8F796
:108560007AFE08B1102070BD012C03D0022C01D07E
:10857000032C01D1062070BD072070BDA4F120009E
:108580001F28F9D829462046BDE87040F9F74ABDB2
:1085900005F026BB1CB500291FD102F098FFBB488F
:1085A00000224178C06804F07FFBB8481030C078E2
:1085B0008DF8000010B1012802D004E0012000E095
:1085C00000208DF80000684604F003FDAE48243812
:1085D0000068019001A804F02AFE1CBD30B5AC4D26
:1085E00004466878A04200D8FFDF686800EBC4004A
:1085F00030BD70B5A64800252C46467807E02046D9
:10860000FFF7ECFF4078641C2844C5B2E4B2B442E2
:10861000F5D1284670BD2DE9F04105469C484FF044
:108620000008427A9600FF2E01D94FF013082868FF
:10863000C01C20F003022A6051EA080121D19448AD
:10864000F3B20521203009F07DFC002408E0052C60
:108650000FD2DFE804F00503070709008D4804E0A6
:108660008D4802E08D4800E08D4809F08BFC0746FC
:1086700000E0FFDFA74200D0FFDF641CE4B2052C5E
:10868000E5D3286800EB0610286040467FE5021D10
:108690005143452900D245210844C01CB0FBF2F0EB
:1086A000C0B270472DE9FC5F064679484FF00008DC
:1086B0008B464746444690F8019022E02046FFF75B
:1086C0008DFF050000D1FFDF687869463844C7B2E6
:1086D0002846FFF725F8824601A92846FFF734F817
:1086E0000346BDF804005246001D81B2BDF80000EB
:1086F000001D80B205F054FF6A78641C00FB0288FC
:10870000E4B24C45DAD13068C01C20F00300306080
:10871000BBF1000F00D000204246394605F04EFF65
:10872000316808443060BDE8FC9F59493431087114
:108730000020C870704756493431CA782AB10A7887
:1087400001EB42110831814201D001207047002025
:1087500070472DE9F04106460078154600F00F04F9
:1087600000201080601E0F46052800D3FFDF46481A
:108770002A46183800EB8400394650F8043C30464D
:10878000BDE8F04118472DE9F041414E0C46402824
:1087900006D041281AD0422822D0432826D11AE0F8
:1087A00020786578012801D91320F0E4FF2D08D83E
:1087B00007F098FD074608F0F7FF381A401EA84258
:1087C00001DA1220E3E4208830810DE0BDE8F041B9
:1087D000084600F00DB80878022807D8307603E084
:1087E0000878022802D870760020D0E40720CEE472
:1087F00038B50446407800F00300012803D0022871
:108800000BD0072038BD606858B1F8F771FDD0B9BA
:108810006068F8F764FD20B915E06068F8F71BFDA3
:1088200088B969462046FBF737FA0028EAD1607814
:1088300000F00300022808D19DF8000028B160680C
:10884000F8F74DFD08B1102038BD6189F8290DD821
:10885000208988420AD8607800F003020C48012A77
:1088600006D1D731C26989B28A4201D2092038BD06
:1088700094E80E0000F10C0585E80E000AB900210D
:108880008182002038BD00003C8D01001C000020CA
:1088900068020020D51E00000DB90000AD91000057
:1088A000F7FC000070B50B2000F0B9F9082000F0CB
:1088B000B6F900210B2000F0D0F90021082000F0CB
:1088C000CCF9EE4C01256560A5600020C4F840019C
:1088D000C4F84401C4F848010B2000F0B1F90820A5
:1088E00000F0AEF90B2000F08DF9256070BD10B5D9
:1088F0000B2000F094F9082000F091F9DF480121E5
:1089000041608160DE490A68002AFCD10021C0F87C
:108910004011C0F84411C0F848110B2000F090F944
:10892000BDE81040082000F08BB910B50B2000F016
:1089300087F9BDE81040082000F082B900B530B1D9
:10894000012806D0022806D0FFDF002000BDCD4858
:1089500000BDCD4800BDCC48001D00BD70B5CB4961
:108960004FF000400860CA4DC00BC5F80803C94865
:1089700000240460C5F840410820C43500F04FF9D8
:10898000C5F83C41C448047070BD08B5BB4A00211D
:1089900028B1012811D002281CD0FFDF08BD4FF4F8
:1089A0008030C2F80803C2F84803B5483C30016083
:1089B000C2F84011BDE80840D0E74FF40030C2F8DB
:1089C0000803C2F84803AE4840300160C2F84411C1
:1089D000AD480CE04FF48020C2F80803C2F8480309
:1089E000A74844300160C2F84811A748001D00683C
:1089F000009008BD70B516460D460446022800D901
:108A0000FFDF00229D48012304F110018B4000EBA1
:108A10008401C1F8405526B1C1F84021C0F80433A3
:108A200003E0C0F80833C1F84021C0F8443370BDFA
:108A30002DE9F0411D46144630B1012833D00228FB
:108A400038D0FFDFBDE8F081891E002221F07F4190
:108A50001046FFF7CFFF012D23D000208E4D8C4F05
:108A6000012668703E618B4900203C390860022075
:108A7000091D0860874904203039086085483D3465
:108A8000046008206C6000F0DBF83004C7F80403D1
:108A9000082000F0B7F87D49F007091F08602E7024
:108AA000D0E70120DAE7012B02D00022012005E007
:108AB0000122FBE7012B04D000220220BDE8F04197
:108AC00098E70122F9E76E480068704770B56B4C73
:108AD000D4F840010025012809D1D4F80803C003C7
:108AE00005D54FF48030C4F80803C4F84051D4F8D9
:108AF000440101280CD1D4F80803800308D54FF4B1
:108B00000030C4F80803C4F84451012008F069FAA1
:108B1000D4F8480101280ED1D4F8080340030AD53F
:108B20004FF48020C4F80803C4F84851BDE87040F1
:108B3000022008F056BA70BD10B5574C207850B1DD
:108B4000FFF70CFF6078002807D000206070BDE8B8
:108B5000104008F046BA0320F9E710BD4FF0E021BD
:108B60004FF40010C1F800027047152000F068B8FB
:108B7000474901200861082000F062B844494FF4D9
:108B80007C10C1F8080300204FEA000201EB8003CB
:108B9000C3F84025C3F84021401CC0B20628F5D3D5
:108BA0007047410A43F609525143C0F3080010FBD5
:108BB00002F000F5807001EB5020704710B5430BB8
:108BC00048F2376463431B0C5C020C60334C03FBBC
:108BD0000400334B4CF2F72443435B0D13FB04F4C6
:108BE00004EB402000F580704012107008681844B3
:108BF000086010BD28484068704725490120C1F829
:108C000000027047002809DB00F01F02012191409B
:108C10004009800000F1E020C0F8001170470028F2
:108C20000DDB00F01F02012191404009800000F19E
:108C3000E020C0F88011BFF34F8FBFF36F8F7047F4
:108C4000002809DB00F01F0201219140400980004B
:108C500000F1E020C0F8801270474907090E002893
:108C600004DB00F1E02080F80014704700F00F00F2
:108C700000F1E02080F8141D7047000000B00040B3
:108C800004B500404081004044B1004008F5014077
:108C9000008000404085004030000020F7C2FFFF08
:108CA0006F0C010010B5EFF3108000F0010472B6F4
:108CB000F7484178491C41704078012801D108F0FB
:108CC000E3FD002C00D162B610BD70B5F04CA07869
:108CD00048B90125A570FFF7E5FF08F0E6FD20B1D2
:108CE000002008F0B0FD002070BD4FF08040E5701E
:108CF000C0F80453F7E770B5EFF3108000F00105FA
:108D000072B6E34C607800B9FFDF6078401E607097
:108D1000607808B908F0BCFD002D00D162B670BDC6
:108D2000DB4810B5817821B10021C1708170FFF757
:108D3000E2FF002010BD10B5044608F0B6FDD4498E
:108D40008978084000D001202060002010BD10B5B7
:108D5000FFF7A8FF08F0A9FD02220123CC49540720
:108D600028B1CC48026023610320087202E00A7235
:108D7000C4F804330020887110BD2DE9F84FDFF8E6
:108D800010934278817889F80420002689F805102C
:108D9000074689F806600078DFF8FCB2354620B156
:108DA000012811D0022811D0FFDF08F090FD4FF00C
:108DB000804498B108F092FDB0420FD1304608F0DF
:108DC00091FD0028FAD042E00126EEE7FFF76AFFA6
:108DD00058460168C907FCD00226E6E70120E0609A
:108DE000C4F80451AD490E600107D1F84412AB4AF2
:108DF000C1F3423124321160A849343108604FF088
:108E0000020AC4F804A3A060A5480168C94341F35D
:108E1000001101F10108016841F01001016001E059
:108E20000FF0C2FDD4F804010028F9D0304608F054
:108E300059FD0028FAD0B8F1000F04D19848016814
:108E400021F010010160C4F808A3C4F8045199F896
:108E500005004E4680B1387870B908F026FD80468E
:108E600008F02EFF6FF00042B8F1000F02D0C6E903
:108E7000032001E0C6E90302DBF80000C00701D0CF
:108E800008F00FFD387810B13572BDE8F88F4FF05B
:108E90001808C4F808830127A7614FF42070ADF8C3
:108EA000000000BFBDF80000411EADF80010F9D26F
:108EB000C4F80C51C4F810517548C01D08F09CFD51
:108EC0003570FFF744FF67617449307920310860DD
:108ED000C4F80483D9E770B5050000D1FFDF4FF077
:108EE00080424FF0FF30C2F808030021C2F80011A1
:108EF000C2F80411C2F80C11C2F81011644C617070
:108F000008F0DFFC10B10120A070607062480068BA
:108F1000C00701D008F0C5FC2846BDE870402CE72A
:108F20005B48007A002800D0012070472DE9FF5FE0
:108F30004FF080444FF0000AD4F80801D14657465C
:108F400010B14FF0010801E04FF0000808F027FDD4
:108F500078B1D4F8240100B101208246D4F81C0174
:108F600000B101208146D4F8200108B1012700E0BA
:108F70000027D4F8000100B101208346D4F8040191
:108F800000B101200390D4F80C0100B1012002903F
:108F9000D4F8100100B101203D4D01902878002641
:108FA0000090B8F1000F04D0C4F80861012008F067
:108FB0004AFCBAF1000F04D0C4F82461092008F07B
:108FC00042FCB9F1000F04D0C4F81C610A2008F07B
:108FD0003AFC27B1C4F820610B2008F034FC2C487F
:108FE000C01D08F011FD00B1FFDFDFF8A8800127E8
:108FF000BBF1000F10D0C4F80873E87818B1EE7018
:10900000002008F020FC287A022805D103202872CD
:109010000221C8F800102761039808B1C4F8046160
:10902000029850B1C4F80C61287A032800D0FFDF01
:10903000C8F800602F72FFF75EFE019838B1C4F8DF
:109040001061287A012801D100F054F86761009876
:1090500038B12E70287A012801D1FFF778FEFFF78A
:109060004AFE04B00A48BDE8F05FC01D08F0E2BC4B
:10907000074810B5C01D08F0C7FC054990B1012094
:1090800008704FF0E021C1F80002BDE8104009E689
:1090900038000020340C00400C040040180500404B
:1090A00010ED00E0087A012801D1FFF750FEBDE87D
:1090B0001040244808F0BEBC70B5224CE41FA078D4
:1090C00008B908F0E5FB01208507A861207A002691
:1090D000032809D1D5F80C0120B9002008F002FCC2
:1090E0000028F7D1C5F80C6126724FF0FF30C5F8A3
:1090F000080370BD70B5134CE41F6079F0B101280E
:1091000003D0A179401E814218DA08F0CEFB054653
:1091100008F0D6FD6179012902D9A179491CA17114
:109120000DB1216900E0E168411A022902DA11F16A
:10913000020F06DC0DB1206100E0E060BDE8704088
:1091400005E670BD3F0000200348044A01689142D3
:1091500001D100210160704750000020BEBAFECA54
:109160000E4A12680C498A420AD118470B4A126803
:10917000094B9A4204D101B508F07CFDBDE80140DD
:10918000074909680958084706480749054A064B30
:109190007047000000000000BEBAFECA5000002068
:1091A00004000020D00C0020D00C002070B50C462C
:1091B000054600F045FB21462846BDE8704001F019
:1091C00026BC0000F8B51D46DDE906470E000AD0B2
:1091D00005F0ADFA2346FF1DBCB231462A46009485
:1091E00004F0D7FEF8BDD0192246194602F023F943
:1091F0002046F8BD70B50D4604461022002102F04D
:1092000044F9258117206081A07B40F00A00A073FB
:1092100070BD4FF6FF720A800146022008F06CBF55
:10922000704700897047827BD30701D1920703D42E
:10923000808908800020704705207047827B920754
:1092400000D58181704701460020098841F6FE5211
:10925000114200D00120704700B50346807BC00753
:1092600001D0052000BD59811846FFF7ECFFC0076B
:1092700003D0987B40F004009873987B40F0010085
:109280009873002000BD827B520700D509B1408948
:10929000704717207047827B61F3C3028273704767
:1092A0002DE9FC5F0E46044601789646012000FA3F
:1092B00001F14DF6FF5201EA020962684FF6FF7BA9
:1092C0001188594502D10920BDE8FC9FB9F1000F72
:1092D00005D041F6FE55294201D00120F4E741EACC
:1092E000090111801D0014D000232B7094F800C0D8
:1092F000052103221F464FF0020ABCF10E0F76D261
:10930000DFE80CF0F909252F47646B77479193B498
:10931000D1D80420D8E7616820898B7B9B0767D56B
:1093200017284AD30B89834247D38989172901D348
:10933000814242D185F800A0A5F801003280616821
:1093400088816068817B21F002018173C6E004207E
:1093500028702089A5F801006089A5F803003180F4
:10936000BCE0208A3188C01D1FFA80F8414524D313
:10937000062028702089A5F801006089A5F803005F
:10938000A089A5F805000721208ACDE900016369BD
:1093900041E00CF0FF00082810D008202870208938
:1093A000A5F801006089A5F8030031806A1D6946AF
:1093B00004F10C0006F025FE10B15EE01020EDE790
:1093C00030889DF800100844308087E00A2028701B
:1093D0002089A5F80100328044E00C202870208903
:1093E000A5F801006089A5F8030031803AE082E029
:1093F00064E02189338800EB41021FFA82F843457B
:109400003BD3B8F1050F38D30E222A700BEA410185
:10941000CDE90010E36860882A467146FFF7D2FE66
:10942000A6F800805AE04020287060893188C01C6E
:109430001FFA80F8414520D32878714620F03F007C
:10944000123028702089A5F801006089CDE900025A
:1094500060882A46E368FFF7B5FEA6F80080287802
:1094600040063BD461682089888037E0A089328833
:10947000401D1FFA80F8424501D204273DE0162026
:1094800028702089A5F801006089A5F80300A0894B
:10949000CDE9000160882A4671462369FFF792FEF4
:1094A000A6F80080DEE718202870207A6870A6F8F9
:1094B00000A013E061680A88920401D405271CE02B
:1094C000C9882289914201D0062716E01E21297001
:1094D00030806068018821F400510180B9F1000FEB
:1094E0000BD0618878230022022008F05BFD6168C0
:1094F0002078887006E0338003276068018821EABD
:10950000090101803846DFE62DE9FF4F85B0174697
:10951000129C0D001E461CD03078C10703D000F00D
:109520003F00192801D9012100E000212046FFF762
:10953000AAFEA8420DD32088A0F57F41FF3908D0AC
:109540003078410601D4000605D5082009B0BDE8F1
:10955000F08F0720FAE700208DF800008DF8010059
:1095600030786B1E00F03F0C0121A81E4FF0050A59
:109570004FF002094FF0030B9AB2BCF1200F75D2E5
:10958000DFE80CF08B10745E7468748C749C74B596
:1095900074BA74C874D474E1747474F174EF74EEB2
:1095A00074ED748B052D78D18DF80090A0788DF82E
:1095B00004007088ADF8060030798DF801007078ED
:1095C00000F03F000C2829D00ADCA0F10200092895
:1095D00063D2DFE800F0126215621A621D62200099
:1095E000122824D004DC0E281BD01028DBD11BE06D
:1095F00016281FD01828D6D11FE02078800701E058
:1096000020784007002848DAEEE020780007F9E7E4
:109610002078C006F6E720788006F3E72078400639
:10962000F0E720780006EDE72088C005EAE720880B
:109630004005E7E720880005E4E72088C004E1E76B
:109640002078800729D5032D27D18DF800B0B6F8F2
:10965000010081E0217849071FD5062D1DD381B275
:109660007078012803D0022817D102E0C9E0022057
:1096700000E0102004228DF8002072788DF804207C
:10968000801CB1FBF0F2ADF8062092B242438A4250
:1096900003D10397ADF80890A6E079E020780007A1
:1096A00076D598B282088DF800A0ADF80420B0EB12
:1096B000820F6DD10297ADF8061095E02178C906AA
:1096C00066D5022D64D381B206208DF80000707833
:1096D00002285DD3B1FBF0F28DF80400ADF806204E
:1096E00092B242438A4253D1ADF808907BE0207891
:1096F00080064DD5072003E0207840067FD508205E
:109700008DF80000A088ADF80400ADF80620ADF893
:10971000081068E02078000671D50920ADF8042013
:109720008DF80000ADF8061002975DE02188C905AC
:1097300065D5022D63D381B20A208DF800007078C0
:1097400004285CD3C6E72088400558D5012D56D1A2
:109750000B208DF80000A088ADF8040044E021E063
:1097600026E016E0FFE72088000548D5052D46D302
:109770000C208DF80000A088ADF80400B6F80300B6
:109780006D1FADF80850ADF80600ADF80AA02AE04C
:1097900035E02088C00432D5012D30D10D208DF860
:1097A000000021E02088800429D4B6F80100E08080
:1097B000A07B000723D5032D21D3307800F03F0094
:1097C0001B2818D00F208DF80000208840F400508E
:1097D000A4F80000B6F80100ADF80400ED1EADF8E5
:1097E0000650ADF808B0039769460598FBF73CFAB8
:1097F000050008D016E00E208DF80000EAE70725E6
:1098000010E008250EE0307800F03F001B2809D05A
:109810001D2807D00220059908F06EFC208800F46E
:1098200000502080A07B400708D52046FFF70BFDA5
:10983000C00703D1A07B20F00400A073284685E672
:109840001FB5022806D101208DF8000088B26946B4
:10985000FBF70AFA1FBD0000F8B51D46DDE9064713
:109860000E000AD004F063FF2346FF1DBCB2314650
:109870002A46009404F08DFBF8BDD0192246194603
:1098800001F0D9FD2046F8BD2DE9FF4F8DB09B4674
:10989000DDE91B57DDF87CA00C46082B05D0E069FC
:1098A00001F0FEF850B11020D2E02888092140F0E4
:1098B000100028808AF80010022617E0E1690120D4
:1098C0008871E2694FF420519180E1698872E06902
:1098D00042F601010181E06900218173288811218C
:1098E00040F0200028808AF80010042638780A907A
:1098F0000A2038704FF0020904F118004D460C9010
:1099000001F0C6FBB04681E0BBF1100F0ED1022D75
:109910000CD0A9EB0800801C80B20221CDE9001018
:1099200005AB52461E990D98FFF796FFBDF816102D
:109930001A98814203D9F74800790F9004E003D1C7
:109940000A9808B138702FE04FF00201CDE90019F4
:109950000DF1160352461E990D98FFF77DFF1D98D5
:109960000088401B801B83B2C6F1FF00984200D2E2
:1099700003461E990BA8D9B15FF00002DDF878C04C
:10998000CDE9032009EB060189B2CDE901C10F98A9
:109990000090BDF8161000220D9801F00EFC3870F2
:1099A00070B1C0B2832807D0BDF8160020833AE01A
:1099B0000AEB09018A19E1E7022011B0BDE8F08F36
:1099C000BDF82C00811901F0FF08022D0DD09AF886
:1099D0000120424506D1BDF82010814207D0B8F1E0
:1099E000FF0F04D09AF801801FE08AF80180C9486F
:1099F00000680178052902D1BDF81610818009EBB5
:109A000008001FFA80F905EB080085B2DDE90C10AB
:109A100005AB0F9A01F03FFB28B91D980088411B48
:109A20004145BFF671AF022D13D0BBF1100F0CD121
:109A3000A9EB0800801C81B20220CDE9000105AB32
:109A400052461E990D98FFF707FF1D9805800020CC
:109A500038700020B1E72DE9F8439C46089E134674
:109A60000027B26B9AB3491F8CB2F18FA1F57F45E5
:109A7000FF3D05D05518AD882944891D8DB200E001
:109A800000252919B6F83C800831414520D82A44E0
:109A9000BCF8011022F8021BBCF8031022F8021BCC
:109AA000984622F8024B914604F02FFE4FF00C0C22
:109AB00041464A462346CDF800C004F036FAF58701
:109AC000B16B00202944A41D2144088003E001E07B
:109AD000092700E083273846BDE8F88310B50B88D6
:109AE000848F9C420CD9846BE018048844B184882C
:109AF00024F40044A41D23440B801060002010BDFA
:109B00000A2010BD2DE9F0478AB00025904689460D
:109B10008246ADF8185007274BE0059806888088E4
:109B2000000446D4A8F8006007A8019500970295A4
:109B3000CDE903504FF4007300223146504601F046
:109B40003CFB04003CD1BDF81800ADF8200005989E
:109B500004888188B44216D10A0414D40195029570
:109B6000039521F400410097049541F48043428815
:109B70002146504601F0BFF804000BD105988188BA
:109B800041F40041818005AA08A94846FFF7A6FFD5
:109B90000400DCD000970598029501950395049583
:109BA0000188BDF81C300022504601F0A4F80A2CB0
:109BB00006D105AA06A94846FFF790FF0400ACD0DD
:109BC000ADF8185004E00598818821F400418180A7
:109BD00005AA06A94846FFF781FF0028F3D00A2C02
:109BE00003D020460AB0BDE8F0870020FAE710B5A0
:109BF0000C46896B86B051B10C218DF80010A18FF5
:109C0000ADF80810A16B01916946FBF7EDFF00204C
:109C10004FF6FF71A063E187A08706B010BD2DE964
:109C2000F0410D460746896B0020069E1446002928
:109C300011D0012B0FD1324629463846FFF762FF7B
:109C4000002808D1002C06D0324629463846BDE807
:109C5000F04100F034BFBDE8F0812DE9FC4114462D
:109C6000DDE9087C0E46DDE90A15521DBCF800E06E
:109C700092B2964502D20720BDE8FC81ACF80020E4
:109C800017222A70A5F80160A5F803300522CDE956
:109C900000423B462A46FFF7DFFD0020ECE770B5A7
:109CA0000C46154648220021204601F0EEFB04F147
:109CB000080044F81C0F00204FF6FF71E06161843A
:109CC0002084A5841720E08494F82A0040F00A003C
:109CD00084F82A0070BD4FF6FF720A800146032007
:109CE00008F00ABA30B585B00C460546FFF77FFF8D
:109CF000A18E284629B101218DF800106946FBF795
:109D000073FF0020E0622063606305B030BDB0F8EF
:109D1000400070475400002090F84620920703D47A
:109D2000408808800020F4E70620F2E790F84620FB
:109D30009207EED5A0F84410EBE701460020098811
:109D40000A0700D5012011F0F00F01D040F0020009
:109D5000CA0501D540F004008A0501D540F008008D
:109D60004A0501D540F010000905D2D540F0200089
:109D7000CFE700B5034690F84600C00701D00620A3
:109D800000BDA3F842101846FFF7D7FF10F03E0FB2
:109D900005D093F8460040F0040083F8460013F81D
:109DA000460F40F001001870002000BD90F84620DA
:109DB000520700D511B1B0F84200AAE71720A8E772
:109DC00010F8462F61F3C3020270A2E72DE9FF4F9E
:109DD0009BB00E00DDE92B34DDE92978289D24D0E5
:109DE0002878C10703D000F03F00192801D90121CC
:109DF00000E000212046FFF7D9FFB04215D32878B4
:109E0000410600F03F010CD41E290CD0218811F42A
:109E10007F6F0AD13A8842B1A1F57F42FF3A04D060
:109E200001E0122901D1000602D504201FB0C5E5CA
:109E3000FA491D984FF0000A08718DF818A08DF8A6
:109E40003CA00FAA0A60ADF81CA0ADF850A029787C
:109E5000994601F03F02701F5B1C04F1180C4FF093
:109E6000060E4FF0040BCDF858C01F2A7ED2DFE853
:109E700002F07D7D107D267DAC7DF47DF37DF27D4D
:109E8000F17DF47DF07D7D7DEF7DEE7D7D7D7D7DC1
:109E9000ED0094F84610B5F80100890701D5032EAE
:109EA00002D08DF818B01EE34FF40061ADF85010E9
:109EB000608003218DF83C10ADF84000D4E2052EFF
:109EC000EFD1B5F801002083ADF81C00B5F8031000
:109ED000618308B1884201D9012079E10020A07294
:109EE00020814FF6FF702084169801F0D1F80520EC
:109EF00089F800000220029083460AAB1D9A169949
:109F00001B9801F0C8F890BB9DF82E00012804D0E2
:109F1000022089F80100102003E0012089F80100E7
:109F200002200590002203A90BA806F06AF8E8BBFE
:109F30009DF80C00059981423DD13988801CA1EB28
:109F40000B01814237DB02990220CDE900010DF1BE
:109F50002A034A4641461B98FFF77EFC02980BF104
:109F6000020B801C81B217AA029101E09CE228E05A
:109F700003A90BA806F045F802999DF80C00CDE95D
:109F8000000117AB4A4641461B98FFF765FC9DF858
:109F90000C000AAB0BEB00011FFA81FB02991D9A22
:109FA000084480B2029016991B9800E003E001F08B
:109FB00072F80028B6D0BBF1020F02D0A7F800B0AB
:109FC0004FE20A208DF818004BE200210391072E82
:109FD000FFF467AFB5F801002083ADF81C00B5F8B9
:109FE0000320628300283FF477AF90423FF674AFBE
:109FF0000120A072B5F8050020810020A073E0695F
:10A0000000F04EFD78B9E16901208871E2694FF4F2
:10A0100020519180E1698872E16942F6010008816E
:10A02000E06900218173F01F20841E986062072080
:10A030006084169801F02CF8072089F800000120B0
:10A04000049002900020ADF82A0028E019E29FE178
:10A0500035E1E5E012E2A8E080E043E00298012863
:10A0600014D0E0698079012803D1BDF82800ADF84B
:10A070000E00049803ABCDE900B04A4641461B9858
:10A08000FFF7EAFB0498001D80B20490BDF82A0097
:10A09000ADF80C00ADF80E00059880B202900AAB46
:10A0A0001D9A16991B9800F0F6FF28B90298398876
:10A0B000001D05908142D1D20298012881D0E0692B
:10A0C0008079012803D1BDF82800ADF80E0004986E
:10A0D00003ABCDE900B04A4641461B98FFF7BCFBF5
:10A0E0000298BDE1072E02D0152E7FF4DAAEB5F846
:10A0F00001102183ADF81C10B5F8032062830029FC
:10A100003FF4EAAE91423FF6E7AE0121A1724FF073
:10A11000000BA4F808B084F80EB0052E07D0C0B22A
:10A12000691DE26905F06BFF00287FF44AAF4FF626
:10A13000FF70208401A906AA14A8CDF800B081E818
:10A1400085032878214600F03F031D9A1B98FFF7EE
:10A150009BFB8246208BADF81C0082E10120032E80
:10A16000C3D14021ADF85010B5F801102183ADF8EE
:10A170001C100AAAB8F1000F00D00023CDE9020399
:10A1800004921D98CDF80480009038880022401E6B
:10A1900083B21B9801F011F88DF8180090BB0B20CA
:10A1A00089F80000BDF8280035E04FF0010C052EBD
:10A1B0009BD18020ADF85000B5F801102183B5F88F
:10A1C00003002084ADF81C10B0F5007F03D90720F0
:10A1D0008DF8180087E140F47C4222840CA8B8F185
:10A1E000000F00D00023CDE90330CDE9018C1D988C
:10A1F00000903888401E83B21B9800F0DEFF8DF877
:10A20000180018B18328A8D10220BFE00D2189F8D9
:10A210000010BDF83000401C22E100005400002076
:10A22000032E04D248067FF53CAE002018E1B5F8B5
:10A230000110ADF81C102878400602D58DF83CE0DE
:10A2400002E007208DF83C004FF000080320CDE924
:10A2500002081E9BCDF810801D980193A6F1030BF8
:10A2600000901FFA8BF342461B9800F044FD8DF8D6
:10A2700018008DF83C80297849060DD52088C00546
:10A2800006D5208BBDF81C10884201D1C4F824806B
:10A2900040468DF81880E3E0832801D14FF0020A90
:10A2A0004FF48070ADF85000BDF81C002083A4F876
:10A2B00020B01E986062032060841321CDE0052E3B
:10A2C000FFF4EFADB5F80110ADF81C10A28F6AB322
:10A2D000A2F57F43FE3B29D008228DF83C2000BF29
:10A2E0004FF0000B0523CDE9023BDDF878C0CDF837
:10A2F00010B01D9A80B2CDF804C040F40043009223
:10A30000B5F803201B9800F0F6FC8DF83CB04FF434
:10A3100000718DF81800ADF85010832810D0F8B1F6
:10A32000A18FA1F57F40FE3807D0DCE00B228DF82D
:10A330003C204FF6FE72A287D2E7A4F83CB0D2E0F0
:10A3400000942B4631461E9A1B98FFF784FB8DF82C
:10A35000180008B183284BD1BDF81C00208353E7B7
:10A3600000942B4631461E9A1B98FFF774FB8DF81C
:10A370001800E8BBE18FA06B0844831D8DE88803BB
:10A380004388828801881B98FFF767FC824668E053
:10A3900095F80180022E70D15FEA080002D0B8F172
:10A3A000010F6AD109208DF83C0007A800908DF8B4
:10A3B00040804346002221461B98FFF730FC8DF871
:10A3C00042004FF0000B8DF843B050B9B8F1010FC7
:10A3D00012D0B8F1000F04D1A18FA1F57F40FF3852
:10A3E0000AD0A08F40B18DF83CB04FF4806000E0FF
:10A3F00037E0ADF850000DE00FA91B98FBF7F4FB18
:10A4000082468DF83CB04FF48060ADF85000BAF150
:10A41000020F06D0FC480068C07928B18DF81800FA
:10A4200027E0A4F8188044E0BAF1000F03D081209F
:10A430008DF818003DE007A8009043460122214610
:10A440001B98FFF7ECFB8DF8180021461B98FFF7CF
:10A45000CEFB9DF8180020B9192189F800100120C1
:10A4600038809DF83C0020B10FA91B98FBF7BCFB7E
:10A470008246BAF1000F33D01BE018E08DF818E0E7
:10A4800031E02078000712D5012E10D10A208DF876
:10A490003C00E088ADF8400003201B9907F02CFE3B
:10A4A0000820ADF85000C0E648067FF5FAAC4FF042
:10A4B000040A2088BDF8501008432080BDF85000E1
:10A4C00080050BD5A18FA1F57F40FE3806D11E98DF
:10A4D000E06228982063A6864FF0030A5046A5E460
:10A4E0009DF8180078B1012089F80000297889F8D2
:10A4F0000110BDF81C10A9F802109DF8181089F879
:10A500000410052038802088BDF850108843208032
:10A51000E4E72DE9FF4F8846087895B00121814096
:10A520004FF20900249C0140ADF820102088DDF88E
:10A530008890A0F57F424FF0000AFF3A06D039B16B
:10A54000000705D5012019B0BDE8F08F0820FAE713
:10A55000239E4FF0000B0EA886F800B018995D46B8
:10A560000988ADF83410A8498DF81CB0179A0A7103
:10A570008DF838B0086098F8000001283BD0022818
:10A5800009D003286FD1307820F03F001D303070A3
:10A59000B8F80400E08098F800100320022904D1E4
:10A5A000317821F03F011B31317094F846100907D2
:10A5B00059D505ABB9F1000F13D0002102AA82E8EA
:10A5C0000B000720CDE90009BDF83400B8F80410ED
:10A5D000C01E83B20022159800F0EFFD0028D1D1F3
:10A5E00001E0F11CEAE7B8F80400A6F80100BDF8A4
:10A5F0001400C01C04E198F805108DF81C1098F8A0
:10A600000400012806D04FF4007A02282CD0032839
:10A61000B8D16CE12188B8F8080011F40061ADF8F8
:10A62000201020D017281CD3B4F84010814218D332
:10A63000B4F84410172901D3814212D1317821F0A6
:10A640003F01C91C3170A6F801000321ADF8341098
:10A65000A4F8440094F8460020F0020084F8460074
:10A6600065E105257EE177E1208808F1080700F41F
:10A67000FE60ADF8200010F0F00F1BD010F0C00FFE
:10A6800003D03888228B9042EBD199B9B878C007B3
:10A6900010D0B9680720CDE902B1CDF804B0009020
:10A6A000CDF810B0FB88BA883988159800F023FBE4
:10A6B0000028D6D12398BDF82010401C80294ED008
:10A6C00006DC10290DD020290BD0402987D124E0A9
:10A6D000B1F5807F6ED051457ED0B1F5806F97D1B6
:10A6E000DEE0C80601D5082000E0102082460DA952
:10A6F00007AA0520CDE902218DF83800ADF83CB05D
:10A70000CDE9049608A93888CDE90001534607220F
:10A7100021461598FFF7B8F8A8E09DF81C20012104
:10A720004FF00A0A002A9BD105ABB9F1000F00D007
:10A730000020CDE902100720CDE90009BDF8340062
:10A740000493401E83B2218B0022159800F035FD42
:10A750008DF81C000B203070BDF8140020E09DF82F
:10A760001C2001214FF00C0A002A22D113ABB9F1B1
:10A77000000F00D00020CDE902100720CDE900092C
:10A780000493BDF83400228C401E83B2218B1598AF
:10A7900000F013FD8DF81C000D203070BDF84C004A
:10A7A000401CADF8340005208DF83800208BADF842
:10A7B0003C00BCE03888218B88427FF452AF9DF882
:10A7C0001C004FF0120A00281CD1606AA8B1B878AA
:10A7D000C0073FF446AF00E018E0BA680720CDE9B3
:10A7E00002B2CDF804B00090CDF810B0FB88BA8862
:10A7F000159800F080FA8DF81C00132030700120AD
:10A80000ADF8340093E00000540000203988208B1C
:10A810008142D2D19DF81C004FF0160A0028A06B8F
:10A8200008D0E0B34FF6FF7000215F46ADF808B0E6
:10A83000019027E068B1B978C907BED1E18F0DABAF
:10A840000844821D03968DE80C02438882880188A3
:10A8500009E0B878C007BCD0BA680DAB03968DE8A4
:10A860000C02BB88FA881598FFF7F7F905005ED04F
:10A87000072D72D076E0019005AA02A92046FFF7C5
:10A880002DF90146E28FBDF80800824201D000296F
:10A89000F1D0E08FA16B084407800198E08746E083
:10A8A0009DF81C004FF0180A40B1208BC8B13888C1
:10A8B000208321461598FFF79AF938E004F1180033
:10A8C0000090237E012221461598FFF7A8F98DF804
:10A8D0001C000028EDD1192030700120ADF83400A3
:10A8E000E7E7052521461598FFF781F93AE020882A
:10A8F00000F40070ADF8200050452DD1A08FA0F5D8
:10A900007F41FE3901D006252CE0D8F808004FF031
:10A91000160A48B1A063B8F80C10A1874FF6FF7172
:10A92000E187A0F800B002E04FF6FF70A087BDF805
:10A93000200030F47F611AD078230022032015997B
:10A9400007F030FB98F8000020712088BDF8201037
:10A95000084320800EE000E007252088BDF8201085
:10A9600088432080208810F47F6F1CD03AE0218833
:10A97000814321809DF8380020B10EA91598FBF77E
:10A9800033F905469DF81C000028EBD086F801A09D
:10A9900001203070208B70809DF81C0030710520E4
:10A9A000ADF83400DEE7A18EE1B118980DAB008858
:10A9B000ADF834002398CDE90304CDE90139206BCB
:10A9C0000090E36A179A1598FFF700FA05460120F0
:10A9D0008DF838000EA91598FBF706F900B1054669
:10A9E000A4F834B094F8460040070AD52046FFF793
:10A9F000A4F910F03E0F04D114F8460F20F0040023
:10AA000020701898BDF83410018028469BE500B5E9
:10AA100085B0032806D102208DF8000088B269466F
:10AA2000FBF7E2F805B000BD10B5384C0B78226892
:10AA3000012B02D0022B2AD111E013780BB1052B88
:10AA400001D10423137023688A889A802268CB88F6
:10AA5000D38022680B891381498951810DE08B884D
:10AA600093802268CB88D38022680B8913814B891D
:10AA700053818B899381096911612168FBF7B4F8CF
:10AA8000226800210228117003D0002800D0812004
:10AA900010BD832010BD806B002800D001207047BE
:10AAA0008178012909D10088B0F5205F03D042F6F2
:10AAB0000101884201D10020704707207047F0B59E
:10AAC00087B0002415460E460746ADF8184011E041
:10AAD00005980088288005980194811DCDE90241E0
:10AAE000072104940091838842880188384600F049
:10AAF00002F930B905AA06A93046FEF7EFFF002893
:10AB0000E6D00A2800D1002007B0F0BD5400002094
:10AB100010B58B7883B102789A4205D10B885BB16E
:10AB200002E08B79091D4BB18B789A42F9D1B0F8CC
:10AB300001300C88A342F4D1002010BD812010BD4B
:10AB4000072826D012B1012A27D103E0497801F065
:10AB5000070102E04978C1F3C20105291DD2DFE8EF
:10AB600001F00318080C12000AB1032070470220FC
:10AB7000704704280DD250B10DE0052809D2801E7F
:10AB8000022808D303E0062803D0032803D00520B9
:10AB90007047002070470F20704781207047C0B277
:10ABA00082060BD4000607D5FA48807A4143C01DBF
:10ABB00001EBD00080B27047084670470020704714
:10ABC00070B513880B800B781C0625D5F14CA47A40
:10ABD000844204D843F010000870002070BD9568CE
:10ABE00000F0070605EBD0052D78F54065F304135A
:10ABF0000B701378D17803F0030341EA032140F28C
:10AC00000123B1FBF3F503FB15119268E41D00FB72
:10AC1000012000EBD40070BD906870BD37B51446BC
:10AC2000BDF804101180117841F0040111709DF8F5
:10AC300004100A061ED5D74AA368C1F30011927A00
:10AC4000824208D8FE2811D1D21DD20849421846A6
:10AC500000F01BFC0AE003EBD00200F00703012523
:10AC600010789D40A843994008431070207820F048
:10AC7000100020703EBD2DE9F0410746C81C0E466D
:10AC800020F00300B04202D08620BDE8F081C14D23
:10AC9000002034462E60AF802881AA72E8801AE036
:10ACA000E988491CE980810614D4E17800F00300AA
:10ACB00041EA002040F20121B0FBF1F201FB120158
:10ACC0002068FFF76CFF2989084480B22881381A70
:10ACD0003044A0600C3420784107E1D40020D4E750
:10ACE000AC4801220189C08800EB400002EB8000E3
:10ACF000084480B270472DE9FF4F89B01646DDE960
:10AD0000168A0F46994623F44045084600F054FB46
:10AD1000040002D02078400703D401200DB0BDE824
:10AD2000F08F099803F088FB02902078000606D582
:10AD30009848817A0298814201D88720EEE722461E
:10AD400001A90298FFF73CFF834600208DF80C0014
:10AD50004046B8F1070F1AD001222146FFF7F0FE56
:10AD60000028DBD12078400611D502208DF80C0098
:10AD7000ADF81070BDF80400ADF81200ADF8146025
:10AD80001898ADF81650CDF81CA0ADF818005FEA81
:10AD9000094004D500252E46A84601270CE021785D
:10ADA000E07801F0030140EA012040F20121B0FB0C
:10ADB000F1F2804601FB12875FEA494009D5B845A8
:10ADC00007D1A178207901F0030140EA0120B042C7
:10ADD00001D3BE4201D90720A0E7A8191FFA80F9C4
:10ADE000B94501D90D2099E79DF80C0028B103A9B8
:10ADF0000998FAF7F7FE002890D1B84507D1A07856
:10AE00004FEA192161F30100A07084F804901A98A8
:10AE100000B10580199850EA0A0027D0199830B17E
:10AE20000BEB06002A46199900F005FB0EE00BEB30
:10AE300006085746189E099803F067FC2B46F61D36
:10AE4000B5B239464246009503F06FF8224601A993
:10AE50000298FFF7B5FE9DF80400224620F010008E
:10AE60008DF80400DDE90110FFF7D8FE002055E75A
:10AE70002DE9FF4FDFF81C91824685B0B9F8061026
:10AE8000D9F8000001EB410100EB810440F2012000
:10AE9000B2FBF0F1174600FB1175DDE9138B4E464E
:10AEA00029460698FFF77BFE0346FFF719FF184473
:10AEB000B1880C30884202D9842009B02FE7069867
:10AEC000C6B2300603D5B00601D50620F5E7B9F8BD
:10AED0000620521C92B2A9F80620BBF1000F01D047
:10AEE000ABF80020B00602D5C4F808800AE0B9F833
:10AEF00008201A4492B2A9F80820D9F80000891A4B
:10AF00000844A0602246FE200699FFF787FEE770FE
:10AF100025712078390A61F301002A0AA17840F0EE
:10AF2000040062F30101A17020709AF802006071C0
:10AF3000BAF80000E08000252573300602D599F8A4
:10AF40000A7000E00127B00601D54FF000084E4618
:10AF500000244FF007090FE0CDE902580195CDF824
:10AF600000900495F1882046129B089AFFF7C3FED3
:10AF70000028A2D1641CE4B2BC42EDD300209CE7BF
:10AF800000B5FFF7ADFE03490C308A88904203D923
:10AF9000842000BDA8040020CA88086802EB420390
:10AFA00000EB8300521C037823F004030370CA8073
:10AFB000002101730846ECE72DE9F047804600F0D8
:10AFC000FBF9070005D000264446F74D40F2012961
:10AFD00016E00120BDE8F087204600F0EDF9027888
:10AFE000C17802F0030241EA0222B2FBF9F309FB45
:10AFF00013210068FFF7D3FD3044641C86B2A4B26D
:10B00000E988601E8142E7DCA8F10100E880288918
:10B01000801B288100203870DCE710B5144631B160
:10B02000491E218003F008FAA070002010BD012005
:10B0300010BD70B50446DC48C188036801E0401CBF
:10B0400020802088884207D200EB400213EB820266
:10B0500002D015786D07F2D580B2884216D2AAB117
:10B060005079A072D08820819178107901F0030185
:10B0700040EA0120A081A078E11CFFF7A1FD20613A
:10B080002088401C2080E080002070BD0A2070BD18
:10B090000121018270472DE9FF4F85B04FF6FF79FE
:10B0A0008246A3F8009048681E460D4680788DF8C9
:10B0B000060048680088ADF8040000208DF80A00FA
:10B0C000088A0C88A04200D304462C8251E03878CC
:10B0D000400708D4641C288AA4B2401C288208F1C6
:10B0E0000100C0B246E0288A401C2882781D6968A9
:10B0F000FFF70EFDD8BB3188494501D1601E308075
:10B100003188A1EB080030806888A04238D3B87835
:10B11000397900F0030041EA002801A9781DFFF702
:10B12000F7FC20BB298949452ED0002239460798D3
:10B13000FFF706FDD8B92989414518D1E96803917F
:10B14000B5F80AC0D7F808B05046CDF800C003F0F3
:10B15000DCFADDF800C05A460CF1070C1FFA8CFC33
:10B1600043460399CDF800C002F0A9FE60B1641C0B
:10B17000A4B200208046204600F01EF90700A6D1A8
:10B18000641E2C820A2098E674807879B071F88861
:10B19000B0803978F87801F0030140EA012070812D
:10B1A000A6F80C80504603F047F93A4606F108012C
:10B1B000FFF706FD306100207FE62DE9FF4F87B0E5
:10B1C00081461C469246DDF860B0DDF85480089850
:10B1D00000F0F2F8050002D02878400702D40120E0
:10B1E0000BB09CE5484603F027F92978090605D5F8
:10B1F0006D49897A814201D88720F1E7CAF30906AF
:10B200002A4601A9FFF7DCFC0746149807281CD042
:10B2100000222946FFF794FC0028E1D12878400657
:10B2200013D501208DF808000898ADF80C00BDF882
:10B230000400ADF80E00ADF81060ADF8124002A9A0
:10B240004846FAF7CFFC0028CAD12978E87801F0FF
:10B25000030140EA0121AA78287902F0030240EABA
:10B260000220564507D0B1F5007F04D9611E814206
:10B2700001DD0B20B4E7864201D90720B0E7801B2F
:10B2800085B2A54200D92546BBF1000F01D0ABF82D
:10B290000050179818B1B9192A4600F0CCF8B8F147
:10B2A000000F0DD03E4448464446169F03F03FFA37
:10B2B0002146FF1DBCB232462B46009402F069FEC7
:10B2C00000208DE72DE9F04107461D461646084649
:10B2D00000F072F8040002D02078400701D4012069
:10B2E000D3E4384603F0A8F82178090605D52E499D
:10B2F000897A814201D88720C7E422463146FFF788
:10B300005FFC65B12178E07801F0030140EA01209B
:10B31000B0F5007F01D8012000E000202870002057
:10B32000B3E42DE9F04107461D461646084600F0F5
:10B3300043F8040002D02078400701D40120A4E49F
:10B34000384603F079F82178090605D51649897A37
:10B35000814201D8872098E422463146FFF75EFCFF
:10B36000FF2D14D02178E07801F0030240EA02209A
:10B3700040F20122B0FBF2F302FB130015B900F218
:10B38000012080B2E070000A60F30101217000200A
:10B390007BE410B50C4600F00FF810B101784907B6
:10B3A00004D4012010BD0000A8040020C188218021
:10B3B0004079A0700020F5E70749CA88824209D386
:10B3C00040B1096800EB40006FF00B0202EB800017
:10B3D0000844704700207047A804002070B5044658
:10B3E0000D4621462B460AB9002070BD01E0491CDC
:10B3F0005B1C501E021E03D008781E78B042F6D0A7
:10B4000008781E78801BF0E730B50C4601462346CD
:10B41000051B954206D202E0521E9D5C8D54002A07
:10B42000FAD107E004E01D780D70491C5B1C521E28
:10B43000002AF8D130BDF0B50E460146334680EA09
:10B44000030404F00304B4B906E002B9F0BD13F834
:10B45000017B01F8017B521E01F00307002FF4D19C
:10B460000C461D4602E080CD80C4121F042AFAD289
:10B4700021462B4600BF04E013F8014B01F8014BB5
:10B48000521E002AF8D100BFE0E7F0B50C46014695
:10B49000E6B204E002B9F0BD01F8016B521E01F002
:10B4A0000307002FF6D10B46E5B245EA052545EA2C
:10B4B000054501E020C3121F042AFBD2194602E011
:10B4C00001F8016B521E002AFAD100BFE3E710B564
:10B4D00006F0B3FFF7F752FC06F05AFEBDE8104045
:10B4E00006F0ECBE202801D20120704700207047F2
:10B4F00001224FF0A043824011B1C3F80C257047E0
:10B50000C3F8082570474FF0A04101228240C1F8DE
:10B510001825704770B50346002002466FF02F05CE
:10B520000EE09C5CA4F130060A2E02D34FF0FF30EF
:10B5300070BD00EB800005EB4000521C2044D2B2ED
:10B540008A42EED370BD30B50A230BE0B0FBF3F4B2
:10B5500003FB1404B0FBF3F08D183034521E05F8D1
:10B56000014CD2B2002AF1D130BD30B500234FF6E4
:10B57000FF7510E0040A44EA002084B2C85C604011
:10B58000C0F30314604005EA00344440E0B25B1CA1
:10B5900084EA40109BB29342ECD330BD70B51446A0
:10B5A0000B880122A240134207D113430B800123D1
:10B5B0000922011D02F01BFE047070BD2DE9FF4F32
:10B5C00081B00878DDE90E7B9A4691460E46400729
:10B5D0002CD4019803F0ABF8040000D1FFDF07F191
:10B5E000040820461FFA88F102F006FA050000D18F
:10B5F000FFDF204629466A4602F051FC0098A0F879
:10B600000370A0F805A0284602F0F7FC017869F362
:10B6100006016BF3C711017020461FFA88F102F092
:10B620002EFA00B9FFDF019801F0ECFA06EB0900F1
:10B63000017E491C017605B0BDE8F08F2DE9F84F79
:10B640000E469A4691460746032102F02BFF044618
:10B65000808CDFF8AC85002518B198F80000B04266
:10B660001ED1384603F063F8070000D1FFDF09F16F
:10B670000401384689B202F0BFF9050010D03846FF
:10B6800029466A4602F00BFC009800210A46018018
:10B69000817001F026FB0098C01DCAF8000021E06F
:10B6A00098F80000B04216D104F1220734F8301F98
:10B6B000012000FA06F911EA090F00D0FFDF208807
:10B6C000012340EA090020800922391D384602F092
:10B6D000A9FD067006E0324604F1300104F12200B3
:10B6E000FFF75CFF092188F800102846BDE8F88FB5
:10B6F000FEB515460C46064602AB0C220621FFF7A6
:10B700009DFF002827D00299607812220A70801CC1
:10B71000487008224A80A0700298298805238180F9
:10B720006988C180A9880181E988418100250C20B0
:10B73000CDE90005062221463046FFF73FFF2946A6
:10B74000002266F31F41F023104606F02BFC6078C0
:10B75000801C60700120FEBD10B50446032102F07C
:10B76000A1FE014600F110022046BDE81040BFE7EF
:10B770002DE9FE43814650781646884640B1FFDFEA
:10B780003168C8F804107168C8F80810BDE8FE8375
:10B79000B778022417B1022F13D0FFDF251D2A46E8
:10B7A00002AB07214846FFF749FF0028E8D002987E
:10B7B0000121022F0170317841704480878002D0CE
:10B7C00005E00624EAE7B188C180F1880181002400
:10B7D000CDE900540523072241464846FFF7EEFE17
:10B7E00088F80440D2E710B50446032102F05AFE5F
:10B7F0000146021D2046BDE81040B9E72DE9F041A1
:10B800000E46054686B014465088032102F04AFED3
:10B8100000218DF80010042E17D36A78002A14D066
:10B820002B7802274FF6FF78012B2AD0122B01D05C
:10B83000132B0DD00391049169788DF80C10638857
:10B84000014603AA1846FFF793FF06B0BDE8F08152
:10B8500083789342F9D102781307F6D5062EF4D1F6
:10B8600022F008020270608860F31F41002006F099
:10B8700043FC8DF80070ADF80280A888ADF8040094
:10B8800017E0062EE1D383789342DED102781307C6
:10B89000DBD522F008020270608860F31F410020AF
:10B8A00006F02AFC8DF80070A888ADF80200ADF80B
:10B8B0000480608822466946F6F735FBC5E7D04A22
:10B8C000002009211170704770B50C4615463422CE
:10B8D00000212046FFF7D9FD0120607009220021D8
:10B8E00004F11800FFF7D1FD05B9FFDF29782078B2
:10B8F00061F30100207070BD7047002110B560F346
:10B900001F41002006F0F8FB002010BDFEB50646E2
:10B910000F0CFCF7F3FA050007D06F8003213846BF
:10B9200002F0C0FD040008D106E003B03846BDE8CF
:10B93000F0401321F6F7C2BEFFDF0EB1FFDFFEBD00
:10B9400020782A4620F00800207002208DF80000A0
:10B950004FF6FF70ADF80200ADF8040069463846B6
:10B96000F6F7E1FAFEBD00B5FFDF002000BD2DE9CE
:10B97000FC410C461E4617468046032102F092FD0C
:10B980000546092C0AD2DFE804F005050505050582
:10B9900009090700042303E0062301E0FFDF002379
:10B9A000CDE90076224629464046FFF707FEBDE86E
:10B9B000FC8138B50546A0F57F40FF381CD02846ED
:10B9C00002F0A3FE040000D1FFDF204602F045FA9A
:10B9D000002810D001466A46204602F060FA00981E
:10B9E0000321B0F80540284602F05CFD052C03D188
:10B9F000007908B1002038BD012038BDF8B50446F3
:10BA0000408802F082FE050000D1FFDF6A4628462A
:10BA1000616800F0E5F801460098091F8BB230F824
:10BA2000032F028042884280018899420CD1042A67
:10BA30000BD0052A19D0062A06D1636864880A4605
:10BA4000011D2046F7F734FEF8BD001D0E460546E1
:10BA5000014622463046F9F7BEFB0828F4D12246BB
:10BA600029463046FAF72BFCF8BD2246001DFFF7A9
:10BA7000C5FEF8BD70B50D460646032102F012FD65
:10BA8000040004D02078000704D5112070BD43F2D3
:10BA9000020070BD2A4621463046FFF729FE18B93C
:10BAA0002868206168686061207840F00800207094
:10BAB000002070BD2DE9F04F0E4691B08046032165
:10BAC00002F0F0FC0446404602F031FE074600203A
:10BAD000079008900990ADF830000A90029003900A
:10BAE000049004B9FFDF0DF10809FFB9FFDF1DE085
:10BAF00038460BA9002202F073F89DF82C0000F0E4
:10BB00007F05092D00D3FFDF6019017E491E0176F4
:10BB10009DF82C00000609D52A460CA907A8FFF7B6
:10BB20003DFD19F80510491C09F80510761EF6B2FE
:10BB3000DED204F13000324D04F1220BDFF8C4A054
:10BB400004F12607069010E05846069900F04AF8DE
:10BB500006462870092800D3FFDF5AF82610404611
:10BB60008847608CC05DB04202D0A08C0028EBD129
:10BB700009202870234D4E4624350EE00CA907A855
:10BB800000F030F80446375D55F8240000B9FFDFB7
:10BB900055F82420394640469047BDF81E0000283D
:10BBA000ECD111B048E510B5032102F07BFC040094
:10BBB00000D1FFDF0922002104F11800FFF765FC26
:10BBC000207840F00400207010BD10B50C46032111
:10BBD00002F068FC2044007E002800D0012010BD47
:10BBE00002F05DB910B50C4601230922011D02F0D7
:10BBF00034FB00782188012282409143218010BDCE
:10BC00005C000020488D0100F64A137882F88730E6
:10BC1000A2F8880082F88610012082F8840092F849
:10BC2000600008B192F85C0082F88A00704710B595
:10BC30000B46114658B11846FFF7E6FFEA48806800
:10BC4000008802F062FDBDE8104002F015BABDE8C0
:10BC500010404FF6FF70D7E770B5002604464670D7
:10BC6000E14D1120207029682022A01C6431FFF7CB
:10BC7000E2FB0121A171286800F8626F807800283A
:10BC800011D1D848B0F86620A0F88E20AA68537B5E
:10BC900080F8903080F88C10108802F036FDBDE8F6
:10BCA000704002F0F8B970BDCF4910B5096891F83D
:10BCB00092300022012B0DD091F88C30012B18D03E
:10BCC00091F86230012B1ED091F88430012B1DD0E9
:10BCD000002010BD42701623037051F8933FC0F846
:10BCE00002304B68C0F806300B7A837201F8012CE1
:10BCF0001BE0427005230370D1F88E30C0F802308B
:10BD000081F88C2011E0FFF7A7FF0EE091F8623078
:10BD1000012BF8D042701323037051F8863FC0F80E
:10BD200002308B88C38001F8022C012010BDAE4880
:10BD3000006890F8621011B1B0F8660070474FF6D5
:10BD4000FF70704770B5A84C206800B9FFDF20680D
:10BD5000417811B10C25284670BD00259C2229464A
:10BD6000FFF793FB2168FF2008707F2081F83600E1
:10BD700013204884282081F86100012081F85800B0
:10BD8000002081F85B0006F052FF06F029FAE2E796
:10BD900070B5954C0546206800B9FFDF216800208A
:10BDA00048706560FFF7CEFF002800D0FFDF70BD50
:10BDB0008D4909680978814201D10120704700202E
:10BDC0007047894800B5016891F82400498CC0F398
:10BDD0008002C0F340031A4400F00100104413290C
:10BDE00015D004DC102909D0122904D10FE015293F
:10BDF00008D01D2904D0FFDF002000BD7B4903E0EF
:10BE00007B4800BD7949083131F8100000BD774901
:10BE10000839F9E7744840F271210068806A4843A4
:10BE200070477148006890F83500002800D0012064
:10BE3000704710B56B4C207B00F04DFD40B1207D6C
:10BE400004F115010AF0E2FE082801D0012010BD1E
:10BE5000207B30B1022804D00120BDE8104007F05B
:10BE60004ABA0020F9E75F49087370475E490968DC
:10BE700081F83000704770B506465A4890F82D009A
:10BE80000AF052FE050018D010210BF002F900282C
:10BE900013D1554C012032462168C87628461C3102
:10BEA00007F036FAD4E900101C310BF045FB60684E
:10BEB000BDE8704001210BF04EBB70BD2DE9F04193
:10BEC000484C074694F82D000AF0ABFE064694F85D
:10BED0002F0004F10E0528B126B194F82D000AF0C8
:10BEE000C6FDA0B194F83000002824D094F82E00AC
:10BEF000002820D0607B294600F0FEFCA8B10AF0A3
:10BF000038FF3A462946BDE8F04107F001BA012062
:10BF100060733A462946304607F0FAF994F82D1036
:10BF20002846BDE8F0410AF013BF39462846BDE86F
:10BF3000F04107F022BABDE8F08170B52A4C2168C3
:10BF4000087BB0B1022814D0012048730E3107F0ED
:10BF5000BCF92068007B00F0BEFC216881F82F004E
:10BF6000082081F82D00487B0E3100F0BCFC40B960
:10BF700001E00020E9E72168487B0E3100F0BCFCBD
:10BF800000B10120216881F82E0091F82F0018B926
:10BF900091F82200400706D5087D15310AF036FEDB
:10BFA000216881F82D0020680025456004F0F1FB30
:10BFB000216888600020FFF781FF2068C57690F82F
:10BFC0002200400703D5BDE87040002053E770BD54
:10BFD000054A1268137B0370D2F80E000860508A7D
:10BFE00088807047B404002060000020A08D01000C
:10BFF0009089130078B5FF490446FF4D407B0873D4
:10C000002A68207810706088ADF8000080B200F0D7
:10C010000101C0F3400341EA4301C0F3800341EA58
:10C020008301C0F3C00341EAC301C0F3001341EA36
:10C030000311C0F3401341EA4311C0F3801041EAF9
:10C0400080105084E07D012825D0022825D0FFDF14
:10C05000286880F85A60217B80F82410418C1D29C3
:10C060001DD061688162617D80F83510A17BC1B10E
:10C07000022916D00121017554F80F1FC0F81510C0
:10C08000A188A0F81910217B012900D0002180F897
:10C090003410002078BD0126DAE70226D8E7002117
:10C0A000E0E70021E7E7D448006890F82200C0F3F9
:10C0B0008000704700B5FFF7F6FF08B1002000BD13
:10C0C0001F2000BD00B5FFF7F5FF002800D00120BC
:10C0D00000BDC94900220968CA654B8C1D2B02D0DE
:10C0E00081F86000704781F860207047C24A0023E1
:10C0F000126882F8593042F8481F9080012050742D
:10C100007047BD4A0023126882F85830A2F85400E4
:10C1100042F8501F012010727047B749096881F832
:10C120005B007047B448006890F95B007047B24804
:10C13000006890F8220000F001007047AE480068E7
:10C1400090F82200C0F34000704700207047AA48D2
:10C15000006890F82200C0F3C000704701207047CB
:10C16000012070470120704770B500F0D9FBA24C48
:10C170002068C16D491CC16590F83300002530B1BD
:10C1800006F055FD06F02CF8206880F83350206842
:10C19000457090F8371009B102201AE090F860104D
:10C1A000B1B1C06D814213D8022007F025FD20688F
:10C1B00090F82200C00704D0A06843220188012023
:10C1C00003E043224FF6FF710020BDE870402EE5EA
:10C1D0000020BDE8704007F00FBD10B501280DD05C
:10C1E00002280DD004280FD0FFDF8348006890F8A4
:10C1F0005A10BDE81040252006F09DB9252000E02A
:10C20000262006F079FAF0E72720FAE70246002018
:10C21000D30701D0CB0705D0930705D58B0703D4EF
:10C2200002207047012070475207FCD54907FAD415
:10C23000042070472DE9F0416F4C86B0206800B9AA
:10C24000FFDF20684178E9BB0178FF2942D0002553
:10C2500080F83150A0F85650857080F83750284645
:10C2600006F046FC182265496846FFF7E4F8684680
:10C2700006F032FC06F06BF9206890F95B0006F0DE
:10C280002BFA5E481D3806F02DFA5C48203806F07F
:10C2900014FC606806F02FFC2068002190F8240050
:10C2A000FFF7B4FFFFF799FF206880F82C5006F0E5
:10C2B00019FC206890F85A10002006F0D7FA0F21D8
:10C2C000052000E006E006F0DEF9206890F82E1068
:10C2D00051B902E00C2006B02DE690F82F1019B9E4
:10C2E00090F8220040072BD504F053FA80462068CE
:10C2F0004146806804F04EFF414F064690FBF7F040
:10C3000007FB10604142404603F017FF2168886038
:10C3100096FBF7F04A68104448600AF073FC216805
:10C320004A6890420CD8C1E901580120FFF7C6FDC8
:10C33000206890F82200400702D50120FFF79BFDFE
:10C340002068417B0E3006F090F9206890F8581074
:10C3500039B1B0F85410A0F84410016D016480F8B0
:10C36000585090F8591031B1B0F84C108187816C59
:10C37000816380F859500AF0B2FC032160680AF02A
:10C38000E5FC216881F833000020A4E71A498860A1
:10C3900070472DE9F041184C0746002620683146C9
:10C3A000C57E6068068000F0B2FA2068408C1328D1
:10C3B0003FD004DC102860D0122804D15BE015289F
:10C3C00040D01D283ED0FFDF00F0B5FA2068418C38
:10C3D0001D2907D0152905D0B0F84420016C6068EC
:10C3E0000BF0C0F8206890F82C1090F82400FFF7AC
:10C3F0000DFF07E0B404002060000020B08D0100B4
:10C4000040420F0005463FB1FFF7E7FE01224FF41F
:10C410009671002006F0C8FA206890F82C10294385
:10C4200080F82C1090F824208A434FF0010129D085
:10C430002DE0002160680BF053F80121606800F0E6
:10C4400066FAC1E7012160680BF04AF801216068D3
:10C4500000F05DFAD4E9001025B11C310BF06CF846
:10C46000012104E015310BF067F82068017D606858
:10C470000BF071F8A8E7062100E0022160680BF0DC
:10C480002FF8A1E7428C1D2A0BD080F831104170A3
:10C49000418C13290ED007DC10290AD0122907D1AC
:10C4A00008E080F82C60F2E7152903D01D2901D09F
:10C4B000FFDF40E590F85A20BDE8F0410121084631
:10C4C00006F007BCF74810B50068417841B900781C
:10C4D000FF2805D00021084600F03BFA002010BDDF
:10C4E00000F01EFA0C2010BD2DE9F041ED4D044680
:10C4F000174628680E4690F8620000B1FFDF2968F1
:10C50000002F81F864704ED12088A1F86600608801
:10C51000A1F87C00A088A1F87E00E088A1F8800046
:10C5200094F8540181F8820091F82F0020B1487BE3
:10C530000E3100F0E1F940B9296891F8300060B19E
:10C54000487B0E3100F0CFF938B12868D0F80E10D2
:10C550000167418AA0F8741003E028680767A0F813
:10C5600074706968FF2E0878C0F380106076D1F887
:10C570000300C4F81A00B1F80710E18314D0296849
:10C5800001F16A02C1F87600E08BA1F87A0030462A
:10C5900069310AF050FB00B9FFDF286810F8691F05
:10C5A00041F002010170C6E42868C0F87670A0F876
:10C5B0007A70617E80F86910D4F81A1040F86A1F0A
:10C5C000E18B8180B7E470B5FFF7C1FDB54C012563
:10C5D00038B13C22FF21A068FFF786FF206880F871
:10C5E0006250206890F82200C00704D0A0683C2266
:10C5F0000188012003E03C224FF6FF710020FFF785
:10C6000016FB206880F8375070BDA649096881F88C
:10C610003200704770B5002507F055FA50B1A14CB3
:10C6200020684178012908D0022901D0032936D099
:10C63000FFDF70BDBDE8704096E581780029F8D134
:10C64000418C102913D090F8330020B105F0BAFDC9
:10C65000402006F0D9FA206890F82210490710D43B
:10C6600090F83510012904D0032902D002E00021FE
:10C6700019E0102590F85A2045F00E01002006F030
:10C6800028FB206890F8340008B106F001FB002177
:10C69000962006F05CFA21680220487070BD81780F
:10C6A0000029FBD18178BDE87040012000F051B92C
:10C6B0005AE510B57B4C206890F8340008B100F0C2
:10C6C0005CF9206890F8330018B106F0B0FA05F074
:10C6D00087FD07F0F8F988B120684078022800D07B
:10C6E000FFDF0021012000F034F9206841780029A3
:10C6F00003D04078012800D0FFDF10BDBDE8104016
:10C7000032E510B50AF082FA04460AF034FB38B17B
:10C7100020460AF009FA18B110210AF0BAFC08B153
:10C72000002010BD012010BD2DE9F047DFF8749105
:10C730000E460746032809D0FFF7F9FC0446D9F84E
:10C74000000090F8320020B1012003E0FFF7F6FC72
:10C7500004460020804605F0C1FF0546032F2CD07B
:10C760005FF0010734EA080453D0D9F800004C46C2
:10C7700090F8330068B10AF098FA30700146FF284B
:10C7800007D06068C01C0AF06DFA30780AF097FA9A
:10C79000054360680178C1F3801221680B7D9A42DD
:10C7A00005D10622C01C1531FEF718FE38B1002055
:10C7B0003178FF290BD0D8B903E00227D2E7012056
:10C7C000F6E7206890F82D00884211D008E038B1D3
:10C7D000616811F8030BC0F38010FFF792FF38B1C6
:10C7E0000020216891F82210490703D5A0B910E074
:10C7F0000120F6E785B92C4890F8350008B1B84219
:10C8000007D1616811F8030BC0F38010FFF779FFBF
:10C8100010B10020BDE8F0870120FBE72DE9F041D1
:10C82000204C0746002520684078022800D0FFDF12
:10C83000206890F8340008B100F09FF860680AF0B2
:10C8400071FE06469FB105F01AFF80B160680AF0DC
:10C85000A9FE60B1062E0AD2DFE806F00909090335
:10C86000090600F0CDF801E000F096F800B90125C6
:10C87000206890F8330018B106F0D9F905F0B0FC43
:10C880001DB10021012000F064F8206841780029E2
:10C8900006D04178012903D04078032800D0FFDF7B
:10C8A00007E6000060000020B404002070B59D4E33
:10C8B00005460C463068807800280BD105F0EFFD66
:10C8C00003463068214690F85A202846BDE870405B
:10C8D00007F076BB70BD022803D0032801D00020EA
:10C8E000704701207047012802D14879800901D0A2
:10C8F0000020704701207047012806D148790121A6
:10C90000B1EB901F01D101207047002070470278E1
:10C91000202322F0200203EA41110A4302707047EB
:10C9200010B506F064F906F042F906F091F8BDE89A
:10C93000104006F0C8B810B57A4C7B4960680AF020
:10C94000F5FD79480E38417B6068BDE810400AF07B
:10C95000F9BD744A10B5126892F831303BB1508C71
:10C960001D2800D1FFDFBDE81040FFF7FDBB002907
:10C9700002D1BDE810400CE510BD10B5694C20682F
:10C98000363006F090F918B921687F2081F836001A
:10C99000BDE8104006F072B938B5FF208DF80000F0
:10C9A000012569460520FFF7BFFE30B35D4C2068C6
:10C9B000807808BB6268A0681278417BC2F340129D
:10C9C00011404173012100F049F800229DF8001048
:10C9D000A068FFF789FD2068012100F8621F8278B6
:10C9E00081880120FFF723F9216800204870FFF7B4
:10C9F00097FF012007F000F900E00025284638BD28
:10CA000038B5FF208DF80000012569460320FFF7A7
:10CA10008BFE444C002820681BD090F8341031B1B4
:10CA200090F8920018B99DF8000000F046F8606890
:10CA30000021018004210AF053FDFFF77CFF2068EC
:10CA4000828F816B60680AF09DFD21680320487029
:10CA500002E0807800B90025284638BD314B10B57A
:10CA60005A6852F80F4FC0F80E4094884482947967
:10CA70000475D47944751489C48254894480948996
:10CA80008480D489C48014698460147D0473547DC7
:10CA900004F01F040476527D520980F8542180F876
:10CAA000381080F83910196891F8612080F83A2020
:10CAB00091F85B1080F83B1010BD70B5194C012245
:10CAC000216881F892200A7881F89320FF280DD000
:10CAD00001F1950294310AF0AEF800B9FFDF206849
:10CAE00010F8941F41F0020101700CE060680278B8
:10CAF000C2F3801281F89420D0F8032041F8952FDA
:10CB0000B0F807008880256895F836009B357F28A7
:10CB100000D1FFDF206810F8361F29707F210170D7
:10CB200070BD000060000020C20400202DE9FC4719
:10CB30000C460646694600F00EFE002860D1FFF75D
:10CB4000F6F8B0425CD02146304608F052FC28BBD3
:10CB5000019D95F8F400403518B9287F08B10120EF
:10CB600000E00020814695F837004FF000084FF0B4
:10CB7000010AA0B195F83800800710D584F801802B
:10CB800084F800A084F80280A68095F83910A1717D
:10CB9000698F2181A98F618185F837802DE030462A
:10CBA00001F0C5FD070000D1FFDF384600F0F1FFBE
:10CBB00040B184F801800D212170A680E08084F8C6
:10CBC00002A01AE0304601F0A0FD070000D1FFDF0F
:10CBD000B9F1000F14D0384601F033F880B1304677
:10CBE00006F0EEFA84F801800A21217084F80280B0
:10CBF000A680697FA17185F81C800120BDE8FC87B3
:10CC00000020FBE71CB5694600F0A5FD00B1FFDF81
:10CC1000684600F0ADFDF84900208968A1F8BA0027
:10CC20001CBD2DE9FC4104460E46062001F0E6FB42
:10CC300000250746A846064417E02088401C80B21D
:10CC40002080B04202D34046A4F8008080B2B842AF
:10CC500004D3B04202D20020BDE8FC81694600F056
:10CC60007AFD0028F8D06D1CEDB2AE42E5D84FF643
:10CC7000FF7020801220EFE710B506F013FB09F0DB
:10CC800000FFDE484FF6FF71002241818181027072
:10CC900003218173C17381700423C3701B238380BC
:10CCA000C3800181827410BD70B5D34C0D466060A5
:10CCB000217006F083FA00F067FDFFF7DDFF2078B2
:10CCC00009F096F9284607F00DF8CC482838FFF708
:10CCD0005FF82178606808F042FCBDE8704009F018
:10CCE000D0BE10B501240AB1002010BD21B1012928
:10CCF00003D00024204610BD02210AF083FCF9E78E
:10CD0000887800B90320C97801B90321107019701F
:10CD10000020704730B587B004460088694600F0AF
:10CD20001AFD002806D1A08830B1012804D00228BD
:10CD300002D0122007B030BD05AB04AA21466846D8
:10CD4000FFF7DEFF0400F5D10199012081F883018E
:10CD5000019991F8B211002539B9019991F8821120
:10CD600019B9019991F8651009B13A2415E00199B2
:10CD7000039581F8820101989DF8102080F88421A4
:10CD8000019B9DF8140083F885018DF80C208DF827
:10CD90000D0003AA01200AF0ACFA019880F8835133
:10CDA0002046C7E710B504460020A17801B901204C
:10CDB000E2780AB940F0020000F0FAFC002803D142
:10CDC0002046BDE81040A5E710BD10B50446FEF7AB
:10CDD0006BFF002813D0207813280FD1A07868B1FA
:10CDE000A088062101F05EFB40B1008806F0E8F95A
:10CDF000A088062101F068FB00B1FFDF012010BD13
:10CE00002DE9F041060000D1FFDF7C4802210C3003
:10CE10008046FFF706FF00B1FFDF784C0620A789A8
:10CE200001F0ECFA0546A089A84203D13046FFF78D
:10CE3000CCFF20B9A0893146FFF778FE38B13046E3
:10CE400000F0C6FC0028EED10120BDE8F0810221EF
:10CE50004046FFF7E6FE10B9A089B842E3D10020B2
:10CE6000F3E710B500F058FC08B10C2010BD09F034
:10CE700043FE002010BD10B50446007818B101280B
:10CE800001D0122010BD00F052FC20B109F0AAFE22
:10CE900008B10C2010BD207800F028FCE21D04F140
:10CEA0001703611CBDE8104009F048BE10B50446E8
:10CEB00000F032FC08B10C2010BD207818B1012818
:10CEC00001D0122010BD00F011FC611C09F0EEFD34
:10CED00008B1002010BD072010BD10B509F086FE76
:10CEE00008B1002010BD302010BD10B5044600F080
:10CEF0001EFC08B10C2010BD204609F06FFE00207A
:10CF000010BD10B500F013FC20B109F06BFE08B1A4
:10CF10000C2010BD09F054FE002010BDFF218170CF
:10CF20004FF6FF718180344949680A7882718A8896
:10CF300002814988418101214170002070471CB560
:10CF40000024022A19D015DC12F10C0F15D009DCCF
:10CF500012F1280F11D012F1140F0ED012F1100F90
:10CF60000FD10AE012F1080F07D012F1040F04D01C
:10CF70003AB902E0D31E052B03D8012804D00328B8
:10CF800006D0122420461CBD1046FFF7C6F8F9E76C
:10CF900008461446694600F0DEFB08B10224F1E7BA
:10CFA000019880F83B400024ECE710B513460122BD
:10CFB0000AF08BF8002010BD10B5044600F0B7FB56
:10CFC00008B10C2010BD2146002006F06CF90020AD
:10CFD00010BD10B5044607F018F820B1207806F00F
:10CFE0008DFE002010BD0C2010BD10B5044600F0D1
:10CFF0009EFB28B10C2010BD6C000020780500209D
:10D000002146012006F04FF90020F4E738B5044628
:10D010004FF6FF70ADF80000A079E179884216D094
:10D020002079FEF75FFA90B16079FEF75BFA70B194
:10D030000022A07911460AF047FF40B90022E079AA
:10D0400011460AF041FF10B9207A072801D91220B1
:10D0500038BD06F0EDFF48B900216846FFF7E1FD55
:10D0600020B1204605F03EFA002038BD0C2038BD26
:10D070002DE9FC41817804461A2925D00EDC1629B9
:10D080002DD2DFE801F02C2C2C2C2C212C2C2C2C3C
:10D090002C2C2C2C2C2C2C2C2C2121212A291ED060
:10D0A0000BDCA1F11E010C2919D2DFE801F01818E0
:10D0B0001818181818181818180D3A3904290ED20B
:10D0C000DFE801F00D020D022088B0F5706F06D286
:10D0D0000127694600F03FFB18B10220BCE5122091
:10D0E000BAE5019D68462E4605F5AC7506F259165F
:10D0F00000F024FB08B1287808B10C20ACE52F70B3
:10D10000A0783070684600F033FB0020A4E51CB521
:10D110000C46694600F01FFB002118B12160217107
:10D1200002201CBD0198024610F1400080F840101A
:10D1300093682360137B237190F84030002BF5D166
:10D1400000201CBD10B5044600F0F1FA20B109F032
:10D1500049FD08B10C204EE7207800F0C7FAE279CB
:10D16000611C09F014FE08B1002044E7022042E7E8
:10D170001CB50C46694600F0EEFA002805D101986E
:10D18000B0F84000401C208000201CBDF0B5448851
:10D190008188C288038945898089A71F40F67B461C
:10D1A000B74215D28F1FB74212D28C4210D8B2F5B7
:10D1B000FA7F0DD2A3F10A04361FB44208D2521CE2
:10D1C0004A43B2EB830F03DA854201D80020F0BD59
:10D1D0003020F0BDF8B515460E46044606F028FF8F
:10D1E00008B10C20F8BD204600F01DFB0028F9D145
:10D1F000A078C1064FF01100F4D5E17D0329F1D0EC
:10D20000FEF790FF3070A07555B9FF208DF8000033
:10D2100069460020FEF775FF69460020FEF766FFAD
:10D220002046BDE8F840FEF7E5BE0022D2E70078D0
:10D23000C10801D012207047F64988740020704759
:10D2400010B504460078C00704D1608810B1FEF71D
:10D2500039FF80B12078618800F00102607800F029
:10D260002DFB002806D1FEF725FF01466088884285
:10D2700003D90720BFE61220BDE66168FEF741FF33
:10D280000020B8E610B504460078C00704D16088D5
:10D2900010B1FEF753FF70B12078618800F00102F1
:10D2A000607800F00BFB002804D160886168FEF70D
:10D2B0001DFF00209FE612209DE67CB504464078C5
:10D2C0004225012808D8A078FEF772FD20B1207809
:10D2D0001225012802D090B128467CBDFEF737FF09
:10D2E00020B1A0880028F7D08028F5D8FEF736FFB7
:10D2F00060B160780028EFD02078012808D006F0CF
:10D300004FF8044606F0C4FC002878D00C207CBD01
:10D31000FEF78FFD10B9FEF718FF60B306F088FE28
:10D320000028F3D1FEF703FDA0F57F41FF39EDD1D1
:10D33000FEF703FEA68842F210704643A079FEF77E
:10D34000C8FEFEF7F4FEC0B10022062101A801F0DC
:10D350007BF8040051D0B04800218460204609F0D9
:10D36000F9FD2046FFF712F8FEF7FAFEA94D58B175
:10D37000288901210CE012207CBD3146002006F0F6
:10D38000C0FC88B3FFDF44E0FEF7ECFE01462889CD
:10D3900006F051FD0146A0620022204606F003F887
:10D3A000FEF7DEFE38B9FEF7DDFE0246214601201B
:10D3B00009F09DFFD0B1974A21460E32012009F0B5
:10D3C00098FFE8780090AB78EA88A988208801F077
:10D3D00025F900B1FFDF208805F0F1FE3146204637
:10D3E00006F08FFC00B1FFDF13E008E00621BDF876
:10D3F000040001F069F800B1FFDF09207CBD44B1F1
:10D40000208805F0DDFE2088062101F05DF800B1DE
:10D41000FFDF00207CBD00214FE770B50D460621DF
:10D4200001F040F8040003D094F85B0110B10AE069
:10D43000022070BD94F84D00142801D0152802D1A7
:10D4400094F89C0108B10C2070BD1022294604F507
:10D45000AE70FDF7F0FF012084F85B01002070BD85
:10D4600010B5062101F01EF818B190F85B1111B14A
:10D4700007E00220BFE590F84D10142903D01529CC
:10D4800001D00C20B7E5022180F85B110020B2E545
:10D490002DE9FC410D464BF680321221954213D8FE
:10D4A00095B1694600F057F900280CD1019EB41CD3
:10D4B000403627882A463946304609F00CFD208838
:10D4C000B842F6D1002009E6084607E61CB5044636
:10D4D0000088694600F03FF9002808D10199A37837
:10D4E000084691F82C2040319A4201D10C201CBDF5
:10D4F0007F220A728A720022CA72E17880F82D10A7
:10D50000217980F82E10A17880F82C1010461CBDCF
:10D510001CB50C46694600F01EF9002806D101989A
:10D5200090F85C0000B10120207000201CBD7CB58B
:10D530000D461446694600F00EF9002805D1019801
:10D5400090F82C00012801D00C207CBD019890F8A7
:10D550004810297090F84900207000207CBD70B5FB
:10D560000D461646062100F09DFF18B38188012460
:10D57000C388428804EB4104AC4217D842F21074CD
:10D580006343A4106243B3FBF2F2521E94B24FF411
:10D59000FA72944200D91446A54200D22C46491C86
:10D5A000641CB4FBF1F24A43521E91B290F88821F8
:10D5B0001AB901E0022070BD01843180002070BDE5
:10D5C00010B50C46062100F06DFF48B180F8C74049
:10D5D00024B190F8C51009B106F044FC00200AE51A
:10D5E000022008E5017899B1417889B141881B2969
:10D5F0000ED381881B290BD3C188022908D3054982
:10D600000268283941F82A2F406848600020704796
:10D6100012207047780500206C00002010B506F03D
:10D62000DBFB0020E7E410B506F0D9FB0020E2E4C4
:10D6300070B514460A46064600250121104606F03C
:10D64000FAFB002800D8284605460121304600F0A4
:10D6500054F806460121002000F04FF8311801224D
:10D6600096318D4206D901F19600691AB1FBF0F0AE
:10D67000401C82B22280002070BD10B5044600F02C
:10D6800056F808B10C20B6E4601C09F06DFB207858
:10D6900000F00100FEF7EAFB0020ACE410B5044600
:10D6A000062000F09DFE08B10C20A4E42078C007FD
:10D6B00010D00022607811460AF006FC08B1122052
:10D6C00099E4A06808F0A6FA6078616808F0ABFAFF
:10D6D000002090E4002008F09DFA00210846F5E7BC
:10D6E00010B5006804F0D8FE002084E418B10228C8
:10D6F00001D0012070470020704710B5012904D0E7
:10D70000022905D0FFDF204675E4C000503001E05B
:10D7100080002C3084B2F6E710B506F089FC20B109
:10D72000FEF77FFB08B1012065E4002063E410B53B
:10D7300006F07EFC002800D001205CE4416891F8EE
:10D74000F40091F85C1021B918B1042801D001202F
:10D7500070470020704710B50C46062100F0A2FE6D
:10D76000606018B101202070002044E4022042E4EF
:10D77000416891F8C520002A05D0002281F8C52013
:10D78000406806F06FBB704708B54FF6FF70ADF804
:10D79000000006E00621BDF8000000F095FE00B193
:10D7A000FFDF00216846FFF73CFA0028F2D008BDF1
:10D7B00070B514460546012200F094F8002806D101
:10D7C00021462846BDE87040002200F08BB870BDAD
:10D7D0001FB55D49897CC90702D10178172902D09C
:10D7E000002004B007E44088ADF8000002A9FFF76C
:10D7F000B2FF00B1FFDF039810F8341F8DF802105C
:10D8000040788DF803000020ADF8040001B9FFDF77
:10D810009DF8030000B9FFDF6846FFF7C3FA00B1C7
:10D82000FFDF0120DDE738B504460078EF2841D856
:10D830006088ADF80000009800F061F888B3618856
:10D84000080708D4D4E90120824233D8202A31D3F2
:10D85000B0F5804F2ED8207B18B307282AD8607BDC
:10D8600028B1012803D0022801D0032822D14A0779
:10D8700003D4022801D0032805D1A07B08B10128D8
:10D8800018D1480707D4607D28B1012803D00228A9
:10D8900001D003280ED1C806E07D03D5012809D1A7
:10D8A00004E007E0012801D0032803D1E07E18B18D
:10D8B000012801D0122038BD002038BD70B50C46BB
:10D8C0000546FF2904D8FEF74BFC18B11F2C01D9DF
:10D8D000122070BD2846FEF76BFA08B1002070BD1B
:10D8E000422070BD0AB1012200E00222024202D1B0
:10D8F000880802D109B1002070471120704780B21A
:10D90000C1060BD401071CD481064FEAC07101D5B2
:10D91000B9B900E099B1800713D410E0410610D4E2
:10D9200081060ED4C1074FEA807104D0002902DBC2
:10D93000400704D405E0010703D4400701D40120C7
:10D9400070470020704700007805002030B505883A
:10D9500025F4004421448CB24FF4004194420AD291
:10D96000121B92B21B339A4201D2A94307E005F47D
:10D970000041214303E0A21A92B2A943114301805E
:10D9800030BD0844083050434A31084480B27047E3
:10D9900070B51D4616460B46044629463046049A85
:10D9A000FFF7EFFF0646B34200D2FFDF2822002137
:10D9B0002046FDF76AFD4FF6FF70A082283EB0B208
:10D9C00065776080B0F5004F00D9FFDF618805F111
:10D9D0003C00814200D2FFDF60880835401B3438AC
:10D9E00080B220801B2800D21B2020800020A0773E
:10D9F00070BD8161886170472DE9F05F0D46C18877
:10DA0000044600F12809008921F4004620F400486A
:10DA100000F063FB10B10020BDE8F09F4FF0000A5A
:10DA20004FF0010BB0450CD9617FA8EB0600401AFE
:10DA30000838854219DC09EB060000210580418089
:10DA40001AE06088617F801B471A083F0DD41B2FA6
:10DA500000DAFFDFBD4201DC294600E0B9B2681AF6
:10DA60000204120C04D0424502DD84F817A0D2E76C
:10DA700009EB06000180428084F817B0CCE770B54E
:10DA8000044600F12802C088E37D20F400402BB159
:10DA900010440288438813448B4201D2002070BD99
:10DAA00000258A4202D30180458008E0891A0904D2
:10DAB000090C418003D0A01D00F01FFB08E0637F2C
:10DAC00000880833184481B26288A01DFFF73EFF2A
:10DAD000E575012070BD70B5034600F12804C588C6
:10DAE000808820F400462644A84202D100201882F3
:10DAF00070BD98893588A84206D3401B75882D1AB9
:10DB00002044ADB2C01E05E02C1AA5B25C7F2044B3
:10DB10003044401D0C88AC4200D90D809C8924B152
:10DB2000002414700988198270BD0124F9E770B5CA
:10DB3000044600F12801808820F400404518208A1E
:10DB4000002825D0A189084480B2A08129886A884C
:10DB50001144814200D2FFDF2888698800260844EA
:10DB6000A189884212D1A069807F2871698819B182
:10DB7000201D00F0C2FA08E0637F288808331844AB
:10DB800081B26288201DFFF7E1FEA6812682012076
:10DB900070BD2DE9F041418987880026044600F1D7
:10DBA0002805B94219D004F10A0800BF21F4004049
:10DBB0002844418819B1404600F09FFA08E0637F8D
:10DBC00000880833184481B262884046FFF7BEFEE1
:10DBD000761C6189B6B2B942E8D13046BDE8F08121
:10DBE0002DE9F04104460B4627892830A68827F402
:10DBF0000041B4F80A8001440D46B74201D100202B
:10DC0000ECE70AB1481D106023B1627F691D184618
:10DC1000FDF711FC2E88698804F1080021B18A19EA
:10DC200096B200F06AFA06E0637F628808339919B9
:10DC300089B2FFF78BFE474501D1208960813046CC
:10DC4000CCE78188C088814201D101207047002043
:10DC5000704701898088814201D1012070470020EE
:10DC6000704770B58588C38800F1280425F4004208
:10DC700023F4004114449D421AD08389058A5E1919
:10DC800025886388EC18A64214D313B18B4211D3B4
:10DC90000EE0437F08325C192244408892B2801A19
:10DCA00080B22333984201D211B103E08A4201D1FC
:10DCB000002070BD012070BD2DE9F0478846C18865
:10DCC0000446008921F4004604F1280720F40045A9
:10DCD00007EB060900F001FA002178BBB54204D930
:10DCE000627FA81B801A002503E06088627F801B8A
:10DCF000801A083823D4E28962B1B9F80020B9F853
:10DD000002303BB1E81A2177404518DBE0893844FE
:10DD1000801A09E0801A217740450ADB607FE1899B
:10DD20000830304439440844C01EA4F81280BDE8CD
:10DD3000F087454503DB01202077E7E7FFE76182B5
:10DD40000020F4E72DE9F74F044600F12805C088CC
:10DD5000884620F4004A608A05EB0A0608B140456F
:10DD600002D20020BDE8FE8FE08978B13788B6F88E
:10DD7000029007EB0901884200D0FFDF207F4FF0BF
:10DD8000000B50EA090106D088B33BE00027A07FD2
:10DD9000B9463071F2E7E18959B1607F2944083012
:10DDA00050440844B4F81F1020F8031D94F82110C3
:10DDB0008170E28907EB080002EB0801E181308005
:10DDC000A6F802B002985F4650B1637F30880833EE
:10DDD000184481B26288A01DFFF7B8FDE78121E0F9
:10DDE000607FE18908305044294408442DE0FFE772
:10DDF000E089B4F81F102844C01B20F8031D94F8D4
:10DE00002110817009EB0800E28981B202EB080061
:10DE1000E081378071800298A0B1A01D00F06DF9FB
:10DE2000A4F80EB0A07F401CA077A07D08B1E088C8
:10DE3000A08284F816B000BFA4F812B084F817B01E
:10DE400001208FE7E0892844C01B30F8031DA4F8A7
:10DE50001F10807884F82100EEE710B5818800F16A
:10DE6000280321F400442344848AC288A14212D0AA
:10DE7000914210D0818971B9826972B11046FFF761
:10DE8000E8FE50B91089283220F400401044197976
:10DE90000079884201D1002010BD184610BD00F164
:10DEA0002803407F08300844C01E1060088808B965
:10DEB000DB1E136008884988084480B270472DE94A
:10DEC000F04100F12806407F1C4608309046431878
:10DED00008884D88069ADB1EA0B1C01C80B2904213
:10DEE00014D9801AA04200DB204687B298183A461F
:10DEF0004146FDF773FA002816D1E01B84B2B844FE
:10DF0000002005E0ED1CADB2F61EE8E7101A80B265
:10DF10000119A94206D8304422464146BDE8F041E5
:10DF2000FDF75CBA4FF0FF3058E62DE9F04100F103
:10DF30002804407F1E460830904643180025088874
:10DF40004F88069ADB1E90B1C01C80B2904212D955
:10DF5000801AB04200DB304685B299182A46404606
:10DF6000FDF769FA701B86B2A844002005E0FF1C8B
:10DF7000BFB2E41EEAE7101A80B28119B94206D88E
:10DF8000211832464046FDF756FAA81985B22846B0
:10DF900024E62DE9F04100F12804407F1E460830B8
:10DFA00090464318002508884F88069ADB1E90B1DA
:10DFB000C01C80B2904212D9801AB04200DB3046B9
:10DFC00085B298182A464146FDF735FA701B86B28D
:10DFD000A844002005E0FF1CBFB2E41EEAE7101AC7
:10DFE00080B28119B94206D8204432464146FDF735
:10DFF00022FAA81985B22846F0E5401D704710B5F1
:10E00000044600F12801C288808820F400431944A6
:10E01000904206D0A28922B9228A12B9A28A9042DD
:10E0200001D1002010BD0888498831B1201D00F0C1
:10E0300064F800202082012010BD637F62880833CD
:10E04000184481B2201DFFF781FCF2E70021C18155
:10E0500001774182C1758175704703881380C28939
:10E0600042B1C28822F4004300F128021A440A6037
:10E07000C08970470020704710B50446808AA0F51B
:10E080007F41FF3900D0FFDFE088A082E08900B146
:10E090000120A07510BD4FF6FF71818200218175AE
:10E0A000704710B50446808AA0F57F41FF3900D142
:10E0B000FFDFA07D28B9A088A18A884201D1002075
:10E0C00010BD012010BD8188828A914201D1807DDE
:10E0D00008B1002070470120704720F4004221F46D
:10E0E00000439A4207D100F4004001F40041884205
:10E0F00001D0012070470020704730B504460088E9
:10E100000D4620F40040A84200D2FFDF21884FF4E2
:10E11000004088432843208030BD70B50C00054680
:10E1200009D0082C00D2FFDF1DB1A1B2286800F091
:10E1300044F8201D70BD0DB100202860002070BD86
:10E140000021026803E093881268194489B2002A0A
:10E15000F9D100F032B870B500260D460446082902
:10E1600000D2FFDF206808B91EE0044620688188DD
:10E17000A94202D001680029F7D181880646A94248
:10E1800001D100680DE005F1080293B20022994226
:10E1900009D32844491B02608180216809682160F5
:10E1A0000160206000E00026304670BD00230B6057
:10E1B0008A8002680A600160704700234360021D84
:10E1C000018102607047F0B50F460188408815460E
:10E1D0000C181E46AC4200D3641B3044A84200D940
:10E1E000FFDFA019A84200D9FFDF3819F0BD2DE9E3
:10E1F000F041884606460188408815460C181F469F
:10E20000AC4200D3641B3844A84200D9FFDFE019B8
:10E21000A84200D9FFDF70883844708008EB040002
:10E22000BDE8F0812DE9F041054600881E461746FD
:10E23000841B8846BC4200D33C442C806888304410
:10E24000B84200D9FFDFA019B84200D9FFDF6888C3
:10E250003044688008EB0400E2E72DE9F0410688CD
:10E260001D460446701980B2174688462080B84281
:10E2700001D3C01B20806088A84200D2FFDF701944
:10E28000B84200D9FFDF6088401B608008EB0600C1
:10E29000C6E700002DE9F041BF4D04469046A8783E
:10E2A0000E46A04200D8FFDF05EB8607786A50F8DB
:10E2B000240000B1FFDFB868002816D0304600F017
:10E2C00032F90146B868FFF746FF05000CD0786ABE
:10E2D000072E40F8245000D3FFDFB04842462946BD
:10E2E00050F82630204698472846BDE8F0812DE9B1
:10E2F000F84305000C46009524D00026E81C20F0C9
:10E300000300A84200D0FFDFDFF88C8200273146EF
:10E3100088F8007088F8014088F8024088F80340C7
:10E3200088F8044088F8054088F80640684600F000
:10E3300003F9002042460099C91C21F00301009115
:10E3400016B10FE00126D9E702EB800359620021E4
:10E3500006E000BFD3F824C04CF82170491CC9B2B4
:10E36000A142F7D30099401C01EB8401C0B2009197
:10E370000728E0D3481BBDE8F88310B50446F2F740
:10E3800090FF08B1102010BD2078834A618802EB0D
:10E39000800092780EE0436A53F8213043B14A1C62
:10E3A0006280A180406A50F82100A060002010BD6A
:10E3B000491C89B28A42EED86180052010BD70B533
:10E3C00005460C460846F2F76CFF08B1102070BDF8
:10E3D000072D01D3072070BD25700020608070BD1F
:10E3E0000EB56946FFF7EBFF00B1FFDF6846FFF7A8
:10E3F000C4FF08B100200EBD01200EBD10B50446BB
:10E40000072800D3FFDF6448005D10BD3EB5054618
:10E4100000246946FFF7D3FF18B1FFDF01E0641C59
:10E42000E4B26846FFF7A9FF0028F8D02846FFF7B6
:10E43000E5FF001BC0B23EBD57498978814201D932
:10E44000C0B27047FF2070472DE9F04106291BD16B
:10E45000514C00273B464FF6FF7604EB810514F83C
:10E4600001C00AE0DC19D5F824E0A4B25EF824E08B
:10E47000BEF1000F04D05B1C9BB29C45F2D8344621
:10E4800004802046B44201D100202EE7BDE8F041CF
:10E4900000E7A0F57F43FF3B01D0072901D300200F
:10E4A0007047F7E6A0F57F42FF3A0BD0072909D263
:10E4B000394A9378834205D902EB8101496A51F8C0
:10E4C00020007047002070472DE9F04104460D46BA
:10E4D000A4F57F4143F20200FF3902D0072D01D39A
:10E4E000072002E72C494FF000088A78A242F8D9A9
:10E4F00001EB8506726A52F82470002FF1D027488C
:10E5000039461C3050F8252020469047716A28462D
:10E5100041F8248000F007F802463946B068FFF75A
:10E5200045FE0020E1E61D49383131F810004FF674
:10E53000FC71C01C084070472DE9F843164E884610
:10E54000054600242868C01C20F0030028602046EF
:10E55000FFF7E9FF315D4843B8F1000F01D0002219
:10E5600000E02A680146009232B100274FEA0D0010
:10E57000FFF7D3FD1FB106E001270020F8E706EB07
:10E580008401009A8A602968641C0844E4B2286007
:10E59000072CD7D3EFE600008C050020C88D0100C2
:10E5A00070B50E461D46114600F0D5F804462946C2
:10E5B000304600F0D9F82044001D70BD2DE9F0412F
:10E5C00090460D4604004FF0000610D00027E01CD6
:10E5D00020F00300A04200D0FFDFE5B1414600205B
:10E5E000FFF79BFD0C3000EB850617B113E0012708
:10E5F000EDE7624F04F10C00AA003C6025726060F8
:10E6000000EB8500206000216068FCF73EFF41467A
:10E610003868FFF782FD3046BDE8F0812DE9FF4FF5
:10E62000564C804681B020689A46934600B9FFDF79
:10E630002068027A424503D9416851F8280020B188
:10E6400043F2020005B0BDE8F08F5146029800F099
:10E6500082F886B258460E9900F086F885B2701995
:10E66000001D87B22068A14639460068FFF773FD98
:10E6700004001FD0678025802946201D0E9D074677
:10E680005A4601230095FFF783F920883146384424
:10E690000123029ACDF800A0FFF77AF92088C1196A
:10E6A0003846FFF7A6F9D9F800004168002041F884
:10E6B0002840C7E70420C5E770B5304C0546206800
:10E6C00000B9FFDF2068017AA9420ED9426852F8EA
:10E6D000251051B1002342F825304A880068FFF721
:10E6E00065FD216800200A7A08E043F2020070BD4F
:10E6F0004B6853F8203033B9401CC0B28242F7D87F
:10E700000868FFF71DFD002070BD70B51B4E054663
:10E710000024306800B9FFDF3068017AA94204D9CB
:10E72000406850F8250000B1041D204670BD70B54A
:10E73000124E05460024306800B9FFDF3068017AC8
:10E74000A94206D9406850F8251011B131F8040BE0
:10E750004418204670BD10B50A460121FFF711F993
:10E76000C01C20F0030010BD10B50A460121FFF7C0
:10E7700008F9C01C20F0030010BD00007800002044
:10E7800070B50446C2F110052819FCF754FE15F0C7
:10E79000FF0109D0491ECAB28020A0542046BDE81E
:10E7A00070400021FCF771BE70BD30B505E05B1E06
:10E7B000DBB2CC5CD55C6C40C454002BF7D130BDCF
:10E7C00010B5002409E00B78521E44EA430300F818
:10E7D000013B11F8013BD2B2DC09002AF3D110BD94
:10E7E0002DE9F04389B01E46DDE9107990460D0011
:10E7F000044622D002460846F949FEF7D6FB10220D
:10E8000021463846FFF7DCFFE07B000606D5F44AD8
:10E810003946102310320846FFF7C7FF1022394649
:10E820004846FFF7CDFFF87B000606D5EC4A49467F
:10E83000102310320846FFF7B8FF102200212046AF
:10E84000FCF723FE0DE0103EB6B208EB06011023E4
:10E8500022466846FFF7A9FF224628466946FEF78A
:10E86000A4FB102EEFD818D0F2B241466846FFF74D
:10E8700087FF10234A46694604A8FFF796FF102336
:10E88000224604A96846FFF790FF224628466946BB
:10E89000FEF78BFB09B0BDE8F08310233A464146F2
:10E8A000EAE770B59CB01E460546134620980C4614
:10E8B0008DF80800202219460DF10900FCF7BBFD78
:10E8C000202221460DF12900FCF7B5FD17A913A858
:10E8D000CDE90001412302AA31462846FFF780FF17
:10E8E0001CB070BD2DE9FF4F9FB014AEDDE92D5473
:10E8F00010AFBB49CDE90076202320311AA8FFF7DD
:10E900006FFF4FF000088DF808804FF001098DF877
:10E91000099054F8010FCDF80A00A088ADF80E0058
:10E9200014F8010C1022C0F340008DF8100055F8C7
:10E93000010FCDF81100A888ADF8150015F8010CED
:10E940002C99C0F340008DF8170006A88246FCF70A
:10E9500072FD0AA8834610222299FCF76CFDA0489C
:10E960003523083802AA40688DF83C80CDE900764E
:10E970000E901AA91F98FFF733FF8DF808808DF8C5
:10E9800009902068CDF80A00A088ADF80E0014F8B0
:10E99000010C1022C0F340008DF810002868CDF85B
:10E9A0001100A888ADF8150015F8010C2C99C0F3DA
:10E9B00040008DF817005046FCF73DFD58461022E8
:10E9C0002299FCF738FD86483523083802AA4068AA
:10E9D0008DF83C90CDE900760E901AA92098FFF7AB
:10E9E000FFFE23B0BDE8F08FF0B59BB00C460546A6
:10E9F000DDE922101E461746DDE92032D0F801C0BD
:10EA0000CDF808C0B0F805C0ADF80CC00078C0F370
:10EA100040008DF80E00D1F80100CDF80F00B1F8DC
:10EA20000500ADF8130008781946C0F340008DF8D2
:10EA300015001088ADF8160090788DF818000DF1CB
:10EA400019001022FCF7F7FC0DF1290010223146C5
:10EA5000FCF7F1FC0DF1390010223946FCF7EBFC14
:10EA600017A913A8CDE90001412302AA214628468F
:10EA7000FFF7B6FE1BB0F0BDF0B5A3B017460D46CC
:10EA800004461E46102202A82899FCF7D4FC06A8CA
:10EA900020223946FCF7CFFC0EA820222946FCF79D
:10EAA000CAFC1EA91AA8CDE90001502302AA3146CA
:10EAB00016A8FFF795FE1698206023B0F0BDF0B5BC
:10EAC00089B00446DDE90E070D463978109EC1F382
:10EAD00040018DF8001031789446C1F340018DF863
:10EAE00001101968CDF802109988ADF806109979CF
:10EAF0008DF808100168CDF809108188ADF80D1067
:10EB000080798DF80F0010236A46614604A8FFF74C
:10EB10004CFE2246284604A9FEF747FAD6F8010023
:10EB20000090B6F80500ADF80400D7F80100CDF864
:10EB30000600B7F80500ADF80A0000200390102386
:10EB40006A46214604A8FFF730FE2246284604A95B
:10EB5000FEF72BFA09B0F0BD1FB51C6800945B6886
:10EB6000019313680293526803920246084669466D
:10EB7000FEF71BFA1FBD10B588B00446106804905C
:10EB80005068059000200690079008466A4604A940
:10EB9000FEF70BFABDF80000208008B010BD1FB5CD
:10EBA0001288ADF800201A88ADF8022000220192E8
:10EBB00002920392024608466946FEF7F6F91FBD27
:10EBC0007FB5074B14460546083B9A1C6846FFF77D
:10EBD000E6FF224669462846FFF7CDFF7FBD0000CD
:10EBE000168E010070B5044600780E46012813D039
:10EBF000052802D0092813D10EE0A06861690578C4
:10EC0000042003F079FA052D0AD07823002204208D
:10EC1000616903F0C7F903E00420616903F06CFA4D
:10EC200031462046BDE8704001F08AB810B500F1C9
:10EC30002D03C2799C78411D144064F30102C27116
:10EC4000D2070DD04A795C7922404A710A791B7942
:10EC50001A400A718278C9788A4200D9817010BD41
:10EC600000224A71F5E74178012900D00C2101709A
:10EC700070472DE9F04F93B04FF0000B0C690D4633
:10EC80008DF820B0097801260C2017464FF00D08AA
:10EC90004FF0110A4FF008091B2975D2DFE811F077
:10ECA0001B00C40207031F035E037103A303B80321
:10ECB000F9031A0462049504A204EF042D05370534
:10ECC00055056005F3053606390668068406FE0616
:10ECD0002207EB06F00614B120781D282AD0D5F8BB
:10ECE00008805FEA08004FD001208DF82000686A94
:10ECF00002220D908DF824200A208DF82500A869A5
:10ED00000A90A8880028EED098F8001091B10F2939
:10ED100010D27DD2DFE801F07C1349DEFCFBFAF96A
:10ED2000F8F738089CF6F50002282DD124B1207898
:10ED30000C2801D00026F0E38DF82020CBE1042040
:10ED4000696A03F0D9F9A8880728EED1204600F0B7
:10ED5000F2FF022809D0204600F0EDFF032807D972
:10ED6000204600F0E8FF072802D20120207004E0CE
:10ED7000002CB8D020780128D7D198F80400C11F02
:10ED80000A2902D30A2061E0C4E1A070D8F800107B
:10ED9000E162B8F80410218698F8060084F8320081
:10EDA000012028700320207044E00728BDD1002CEA
:10EDB00099D020780D28B8D198F8031094F82F2016
:10EDC000C1F3C000C2F3C002104201D0062000E02F
:10EDD0000720890707D198F805100142D2D198F889
:10EDE00006100142CED194F8312098F8051020EA9F
:10EDF00002021142C6D194F8322098F806109043CE
:10EE00000142BFD198F80400C11F0A29BAD200E01C
:10EE100008E2617D81427CD8D8F800106160B8F8C2
:10EE20000410218198F80600A072012028700E209D
:10EE3000207003208DF82000686A0D9004F12D00E9
:10EE40000990601D0A900F300B9022E12875FCE3B9
:10EE5000412891D1204600F06EFF042802D1E078CD
:10EE6000C00704D1204600F066FF0F2884D1A88C8B
:10EE7000D5F80C8080B24FF0400BE669FFF745FCF7
:10EE8000324641465B464E46CDF80090FFF74DF8BE
:10EE90000B208DF82000686A0D90E0690990002130
:10EEA00008A8FFF79FFE2078042806D0A07D58B15F
:10EEB000012809D003280AD04AE305202070032046
:10EEC00028708DF82060CEE184F800A032E712208F
:10EED0002070EAE11128BCD1204600F02CFF042864
:10EEE00002D1E078C00719D0204600F024FF0628A0
:10EEF00005D1E078C00711D1A07D02280ED02046B0
:10EF000008E0CCE084E072E151E124E103E1E9E0D2
:10EF100019E0B0E100F00FFF11289AD1102208F19A
:10EF2000010104F13C00FCF786FA607801286ED0FC
:10EF300012202070E078C00760D0A07D0028C8D0E3
:10EF40000128C6D05AE0112890D1204600F0F3FEE7
:10EF5000082804D0204600F0EEFE132886D104F1E4
:10EF60006C00102208F101010646FCF764FA2078D3
:10EF700008280DD014202070E178C8070DD0A07D9E
:10EF800002280AD06278022A04D00328A1D035E0F2
:10EF90000920F0E708B1012837D1C80713D0A07DB8
:10EFA00002281DD000200090D4E9062133460EA887
:10EFB000FFF777FC10220EA904F13C00FCF70EFAD3
:10EFC000C8B1042042E7D4E90912201D8DE80700EA
:10EFD00004F12C0332460EA8616BFFF770FDE9E7E0
:10EFE000606BC1F34401491E0068C84000F0010095
:10EFF00040F08000D7E72078092806D185F80090F6
:10F000008DF8209036E32870EFE30920FBE79EE1BE
:10F01000112899D1204600F08EFE0A2802D1E0780E
:10F02000C00704D1204600F086FE15288CD104F1DB
:10F030003C00102208F101010646FCF7FCF920789B
:10F040000A2816D016202070D4E90932606B611DA1
:10F050008DE80F0004F15C0304F16C0247310EA847
:10F06000FFF7C2FC10220EA93046FCF7B7F918B121
:10F07000F9E20B20207073E22046FFF7D7FDA0785D
:10F08000216AC0F110020B1800211846FCF7FDF9A7
:10F0900026E3394608A8FFF7A5FD06463CE202280C
:10F0A000B7D1204600F047FE042804D3204600F0E4
:10F0B00042FE082809D3204600F03DFE0E2829D341
:10F0C000204600F038FE122824D2A07D0228A0D1CC
:10F0D0000E208DF82000686A0D9098F801008DF8D8
:10F0E0002400F5E3022894D1204600F024FE0028F5
:10F0F00010D0204600F01FFE0128F9D0204600F075
:10F100001AFE0C28F4D004208DF8240098F8010091
:10F110008DF8250060E21128FCD1002CFAD020786F
:10F120001728F7D16178606A022912D05FF00001D8
:10F1300001EB4101182606EBC1011022405808F1ED
:10F140000101FCF778F90420696A00F0E7FD2670F8
:10F15000F0E50121ECE70B28DCD1002CDAD0207897
:10F160001828D7D16078616A02281CD05FF00000AF
:10F1700000EB4002102000EBC2000958B8F8010073
:10F1800008806078616A02280FD0002000EB4002FE
:10F19000142000EBC2000958404650F8032F0A60C3
:10F1A0004068486039E00120E2E70120EEE71128DD
:10F1B000B0D1002CAED020781928ABD16178606A2C
:10F1C000022912D05FF0000101EB41011C2202EB89
:10F1D000C1011022405808F10101FCF72CF904206C
:10F1E000696A00F09BFD1A20B6E00121ECE70828CF
:10F1F00090D1002C8ED020781A288BD1606A98F894
:10F200000120017862F347010170616AD8F8022099
:10F2100041F8012FB8F8060088800420696A00F0E0
:10F220007DFD90E2072011E63878012894D118225C
:10F2300004F114007968FCF7FEF8E079C10894F84D
:10F240002F0001EAD001E07861F30000E070217D39
:10F25000002974D12178032909D0C00725D00320C3
:10F2600028708DF82090686A0D90412008E3607D39
:10F27000A178884201D90620E8E502262671E179C5
:10F28000204621F0E001E171617A21F0F001617224
:10F29000A17A21F0F001A172FFF7C8FC2E708DF861
:10F2A0002090686A0D900720EAE20420ABE63878E7
:10F2B00005289DD18DF82000686A0D90B8680A90E5
:10F2C0000720ADF824000A988DF830B0616801601D
:10F2D00021898180A17A817104202070F8E2397837
:10F2E000052985D18DF82010696A0D91391D09AE67
:10F2F0000EC986E80E004121ADF824108DF830B01B
:10F300001070A88CD7F80C8080B24026A769FFF750
:10F310000EFA41463A463346C846CDF80090FEF70D
:10F3200038FE002108A8FFF75DFCE07820F03E00E1
:10F33000801CE0702078052802D00F200CE04AE104
:10F34000A07D20B1012802D0032802D002E10720CD
:10F35000BEE584F80080EDE42070EBE4102104F1B8
:10F360005C0002F0EAFB606BB0BBA07D18B1012825
:10F3700001D00520FDE006202870F8486063A063F6
:10F38000C2E23878022894D1387908B12875B7E3F9
:10F39000A07D022802D0032805D022E0B86800280A
:10F3A000F5D060631CE06078012806D0A07994F85D
:10F3B0002E10012805D0E94806E0A17994F82E0026
:10F3C000F7E7B8680028E2D06063E078C00701D0B2
:10F3D000012902D0E14803E003E0F8680028D6D014
:10F3E000A06306200FE68DF82090696A0D91E17800
:10F3F0004846C90709D06178022903D1A17D29B106
:10F40000012903D0A17D032900D00720287033E112
:10F4100038780528BBD1207807281ED084F800A0B2
:10F4200005208DF82000686A0D90B8680A90ADF844
:10F4300024A08DF830B003210170E178CA070FD005
:10F44000A27D022A1AD000210091D4E9061204F10B
:10F450005C03401CFFF725FA6BE384F80090DFE7BC
:10F46000D4E90923211D8DE80E0004F12C0304F1D9
:10F470005C02401C616BFFF722FB5AE3626BC1F335
:10F480004401491E1268CA4002F0010141F08001A6
:10F49000DAE738780528BDD18DF82000686A0D902C
:10F4A000B8680A90ADF824A08DF830B0042100F8B7
:10F4B000011B102204F15C01FBF7BDFF002108A82D
:10F4C000FFF790FB2078092801D0132044E70A2099
:10F4D00020709AE5E078C10742D0A17D012902D0D1
:10F4E000022927D038E0617808A8012916D004F154
:10F4F0006C010091D4E9061204F15C03001DFFF7D2
:10F50000BBFA0A20287003268DF82080686A0D90C7
:10F51000002108A8FFF766FBE1E2C7E204F15C0105
:10F520000091D4E9062104F16C03001DFFF7A4FA51
:10F530000026E9E7C0F3440114290DD24FF0006121
:10F5400001EBB0104FEAB060E0706078012801D0A4
:10F550001020BDE40620FFE6607801283FF4B6AC39
:10F560000A2050E5E178C90708D0A17D012903D11F
:10F570000B202870042030E028702EE00E20287028
:10F580006078616B012818D004F15C0304F16C020F
:10F590000EA8FFF7E1FA2046FFF748FBA0780EAE71
:10F5A000C0F1100230440021FBF76FFF06208DF8F8
:10F5B0002000686A09960D909BE004F16C0304F149
:10F5C0005C020EA8FFF7C8FAE8E73978022903D1F0
:10F5D00039790029D0D0297592E28DF82000686A27
:10F5E0000D9056E538780728F6D1D4E909216078DE
:10F5F000012808D004F16C00CDE90002029105D188
:10F6000004F16C0304E004F15C00F5E704F15C0331
:10F6100004F14C007A680646216AFFF763F96078C6
:10F62000012822D1A078216AC0F110020B18002114
:10F630001846FBF72AFFD4E90923606B04F12D017A
:10F640008DE80F0004F15C0300E05BE204F16C0262
:10F6500031460EA8FFF7C8F910220EA904F13C00AC
:10F66000FBF7BCFE08B10B20ACE485F8008000BFBE
:10F670008DF82090686A0D908DF824A009E53878FF
:10F680000528A9D18DF82000686A0D90B8680A9005
:10F69000ADF824A08DF830B080F8008061780129A1
:10F6A0001AD0D4E9092104F12D03A66B0391009629
:10F6B000CDE9013204F16C0304F15C0204F14C0168
:10F6C000401CFFF791F9002108A8FFF78BFA60783A
:10F6D000012805D015203FE6D4E90912631DE4E7AF
:10F6E0000E20287006208DF82000686ACDF824B01E
:10F6F0000D90A0788DF82800CBE438780328C0D18D
:10F70000E079C00770D00F202870072065E73878AF
:10F7100004286BD11422391D04F11400FBF78BFE71
:10F72000616A208CA1F80900616AA078C871E1794A
:10F73000626A01F003011172616A627A0A73616A96
:10F74000A07A81F8240016205DE485F800A08DF8E9
:10F750002090696A50460D9192E00000168E0100DB
:10F760003878052842D1B868A8616178606A0229B2
:10F7700001D0012100E0002101EB4101142606EB3C
:10F78000C1014058082102F0D8F96178606A022965
:10F7900001D0012100E0002101EB410106EBC10194
:10F7A000425802A8E169FFF70BFA6078626A022802
:10F7B00001D0012000E0002000EB4001102000EB10
:10F7C000C1000223105802A90932FEF7EEFF626A57
:10F7D000FD4B0EA80932A169FFF7E1F96178606A73
:10F7E000022904D0012103E044E18DE0BFE00021C3
:10F7F00001EB4101182606EBC101A27840580EA981
:10F80000FBF719FE6178606A022901D0012100E04E
:10F81000002101EB410106EBC1014158A0780B1812
:10F82000C0F1100200211846FBF72FFE05208DF8CD
:10F830002000686A0D90A8690A90ADF824A08DF8A0
:10F8400030B0062101706278616A022A01D001227B
:10F8500000E0002202EB420206EBC202401C895883
:10F860001022FBF7E8FD002108A8FFF7BBF91220E2
:10F87000C5F818B028708DF82090686A0D900B209C
:10F880008DF8240005E43878052870D18DF8200023
:10F89000686A0D90B8680A900B20ADF824000A98A9
:10F8A000072101706178626A022901D0012100E01C
:10F8B000002101EB4103102101EBC30151580988DC
:10F8C000A0F801106178626A022902D0012101E0EA
:10F8D0002FE1002101EB4103142101EBC301515839
:10F8E0000A6840F8032F4968416059E019202870E0
:10F8F00001208DF8300074E6162028708DF830B0A5
:10F90000002108A8FFF76EF9032617E114202870DC
:10F91000AEE6387805282AD18DF82000686A0D9067
:10F92000B8680A90ADF824A08DF830B080F8009047
:10F930006278616A4E46022A01D0012200E000226C
:10F9400002EB42021C2303EBC202401C8958102226
:10F95000FBF771FD002108A8FFF744F91520287076
:10F960008DF82060686A0D908DF8246039E680E09B
:10F97000387805287DD18DF82000686A0D90B86828
:10F980000A90ADF82490092101706169097849084D
:10F990004170616951F8012FC0F802208988C18047
:10F9A00020781C28A8D1A1E7E078C00702D04FF04A
:10F9B000060C01E04FF0070C607802280AD000BF67
:10F9C0004FF0000000EB040101F1090105D04FF0F8
:10F9D000010004E04FF00100F4E74FF000000B7865
:10F9E000204413EA0C030B7010F8092F02EA0C02F2
:10F9F000027004D14FF01B0C84F800C0D2B394F80D
:10FA000001C0BCF1010F00D09BB990F800C0E046E6
:10FA10005FEACC7C04D028F001060670102606E0D0
:10FA20005FEA887C05D528F00206067013262E7042
:10FA3000032694F801C0BCF1020F00D092B991F8EE
:10FA400000C05FEACC7804D02CF001060E701721BC
:10FA500006E05FEA8C7805D52CF002060E701921BD
:10FA6000217000260078D0BBCAB3C3BB1C20207015
:10FA700035E012E002E03878062841D11A2015E47A
:10FA8000207801283CD00C283AD02046FFF7EBF82C
:10FA900009208DF82000686A0D9031E0387805283B
:10FAA00005D00620387003261820287046E005206F
:10FAB0008DF82000696A0D91B9680A910221ADF8AC
:10FAC000241001218DF830100A990870287D4870A3
:10FAD000394608A8FFF786F8064618202870012E38
:10FAE0000ED02BE001208DF82000686A0D900320D5
:10FAF0008DF82400287D8DF8250085F814B012E0DB
:10FB0000287D80B11D202070172028708DF820904E
:10FB1000686A0D9002208DF82400394608A8FFF786
:10FB200061F806460AE00CB1FE2020709DF8200026
:10FB300020B1002108A8FFF755F80CE413B03046B7
:10FB4000BDE8F08F2DE9F04387B00C464E690021E7
:10FB50008DF8041001202578034602274FF007098D
:10FB60004FF0050C85B1012D53D0022D39D1FE2067
:10FB700030708DF80030606A059003208DF8040025
:10FB8000207E8DF8050063E02179012925D0022926
:10FB90002DD0032928D0042923D1B17D022920D1D9
:10FBA00031780D1F042D04D30A3D032D01D31D29E7
:10FBB00017D12189022914D38DF80470237020896C
:10FBC0009DF80410884201E00E8E010018D2082032
:10FBD0008DF80000606A059057E070780128EBD03E
:10FBE000052007B0BDE8F0831D203070E4E7717890
:10FBF0000229F5D131780C29F3D18DF80490DDE795
:10FC0000083402F804CB94E80B0082E80B000320D0
:10FC1000E7E71578052DE4D18DF800C0656A0595F4
:10FC2000956802958DF8101094F80480B8F1010FD2
:10FC300013D0B8F1020F2DD0B8F1030F1CD0B8F1DA
:10FC4000040FCED1ADF804700E202870207E6870AD
:10FC500000216846FEF7C6FF0CE0ADF804700B20EB
:10FC60002870207E002100F01F0068706846FEF7B3
:10FC7000B9FF37700020B4E7ADF804708DF810308C
:10FC800085F800C0207E6870277011466846FEF730
:10FC9000A9FFA6E7ADF804902B70207F6870607F05
:10FCA00000F00100A870A07F00F01F00E870E27F64
:10FCB0002A71C0071CD094F8200000F0070068717A
:10FCC00094F8210000F00700A87100216846FEF7B3
:10FCD00089FF2868F062A8883086A87986F8320003
:10FCE000A069407870752879B0700D203070C1E738
:10FCF000A9716971E9E700B587B004280CD101202A
:10FD00008DF800008DF80400002005918DF80500A5
:10FD100001466846FEF766FF07B000BD70B50C46A9
:10FD2000054602F0E9F921462846BDE870407823EF
:10FD3000002202F037B908B1007870470C207047F4
:10FD400070B50C0005784FF000010CD021702146F1
:10FD5000F3F763FA69482178405D884201D10320B6
:10FD600070BD022070BDF3F758FA002070BD027913
:10FD7000012A05D000220A704B78012B02D003E043
:10FD8000042070470A758A6102799300521C02713F
:10FD9000C15003207047F0B587B00F4605460124D7
:10FDA000287905EB800050F8046C7078411E022918
:10FDB0000AD252493A46083901EB8000314650F8E0
:10FDC000043C2846984704460CB1012C11D12879EF
:10FDD000401E10F0FF00287101D00324E0E70A2044
:10FDE0008DF80000706A0590002101966846FFF7C3
:10FDF000A7FF032CD4D007B02046F0BD70B5154640
:10FE00000A46044629461046FFF7C5FF064674B168
:10FE10002078FE280BD1207C30B1002028702946A4
:10FE200004F10C00FFF7B7FF2046FEF71CFF304639
:10FE300070BD704770B50E4604467C220021FBF76A
:10FE400024FB0225012E03D0022E04D0052070BD14
:10FE50000120607000E065702046FEF704FFA57584
:10FE6000002070BD28B1027C1AB10A4600F10C01D5
:10FE7000C4E70120704710B5044686B0042002F0A4
:10FE80003BF92078FE2806D000208DF80000694656
:10FE90002046FFF7E7FF06B010BD7CB50E460021F7
:10FEA0008DF804104178012903D0022903D00024E1
:10FEB00005E0046900E044690CB1217C89B16D461C
:10FEC00001462846FFF753FF032809D13246294649
:10FED0002046FFF793FF9DF80410002900D004206E
:10FEE0007CBD04F10C05EBE730B40C460146034A37
:10FEF000204630BC024B0C3AFEF751BE548E010036
:10FF00000E8E010070B50D46040011D085B122019E
:10FF100000212846FBF7B9FA102250492846FBF782
:10FF20008AFA4F480121017044704560002070BD7D
:10FF3000012070BD70B505460024494E11E070687F
:10FF4000AA7B00EB0410817B914208D1C17BEA7B44
:10FF5000914204D10C222946FBF740FA30B1641CCF
:10FF6000E4B230788442EAD3002070BD641CE0B271
:10FF700070BD70B50546FFF7DDFF002805D1384C90
:10FF800020786178884201D3002070BD616810221A
:10FF900001EB00102946FBF74EFA2078401CC0B256
:10FFA000207070BD2E48007870472D4908780128D0
:10FFB00002D0401E08700020704770B50D46002129
:10FFC000917014461180022802D0102815D105E046
:10FFD000288890B10121A17010800CE0284613B14F
:10FFE000FFF7C7FF01E0FFF7A5FFA07010F0FF0FBC
:10FFF00003D0A8892080002070BD012070BD00239F
:020000040001F9
:10000000DBE770B5054614460E0009D000203070BD
:10001000A878012806D003D911490A7890420AD954
:10002000012070BD24B1287820702888000A507003
:10003000022008700FE064B14968102201EB001142
:1000400020461039FBF7F7F9287820732888000A32
:10005000607310203070002070BD0000638E0100BE
:100060007C0000202DE9F04190460C460746002513
:10007000C2EB4811FE48072F00EB410607D2DFE82C
:1000800007F00707070704040400012500E0FFDF6D
:1000900006F81470002D13D0F5487C3000EB880171
:1000A00091F827001F2803D006EB4000447001E0C0
:1000B00081F8264006EB44021F20507081F827404B
:1000C000BDE8F081F0B51F4614460E4605461F2ACE
:1000D00000D1FFDFE648C7EB471100EB410CE449D4
:1000E0000CEB44007C3101EB87021F2E07D00CEB98
:1000F000460140784B78487018461F210AE092F874
:100100002530407882F82500F6E701460CEB4100E7
:1001100005704078A142F8D192F827401F2C03D0F7
:100120000CEB4404637001E082F826300CEB4104D0
:100130001F23637082F82710F0BD30B50D46CD4BFC
:1001400044190022181A72EB020100D2FFDFCA48DC
:10015000854200DDFFDFC8484042854200DAFFDF0C
:10016000C448401C844207DA002C01DB204630BD25
:10017000C048401C201830BDBE48C043FAE710B547
:1001800004460168407ABD4A52F82020114450B11B
:100190000220084420F07F40F8F703FD94F908108E
:1001A000BDE81040C9E70420F3E72DE9F047B04E61
:1001B0007C3696F82D50DFF8B89206EB850090F863
:1001C000264036E0C5EB451109EB41074FF0070823
:1001D00017F81400012806D004282ED005282ED0A8
:1001E000062800D0FFDF01F045F9014607EB440087
:1001F000427806EB850080F8262090F82720A2425E
:1002000002D11F2280F82720084601F03EF92A4635
:1002100021460120FFF726FF9948414600EB0410D4
:1002200002682046904796F82D5006EB850090F81E
:1002300026401F2CC6D1BDE8F087022000E0032035
:100240008046D0E710B58A4C1F217C3484F82510F5
:1002500084F8261084F82710002084F8280084F8F9
:100260002D0084F82E10411EA16044F8100B20745C
:10027000607420736073A0738249E0772075087002
:10028000487000217A4A103C02F81100491CC9B29A
:100290001F29F9D30120F8F778FB0020F8F775FB48
:1002A000012084F82200F2F721FE7748F2F733FEAE
:1002B000744CA41E20707548F2F72DFE6070BDE8E6
:1002C0001040F8F7EFBA10B5F8F711FB6D4CA41E0B
:1002D0002078F2F739FE6078F2F736FEBDE810407C
:1002E00001F000B91F2070470020F8F727BB70B558
:1002F000054601240E46AC405AB1FFF7F5FF014612
:10030000634800EBC500C0F81015C0F814656148DB
:1003100001E06048001D046070BD2DE9F34F544DAD
:1003200000247C3505EB810A89B09AF825001F2846
:1003300023D0611E02915249009401EB0017391D30
:1003400003AB07C983E8070005F11400A046018943
:10035000ADF81C10807A8DF81E009DF81500C8B10C
:100360000226464951F820400399A219114421F070
:100370007F41019184B102210FE00120F8F705FBD4
:100380000020F8F702FBF8F7D0FA01F0ABF885F897
:100390002F40A9E00426E4E700218DF81810022878
:1003A00001D0012820D1039801190998081A801C4E
:1003B0009DF81C1020F07F4001B1022135318142AF
:1003C0000BD203208DF815000398C4F13201401AB6
:1003D00020F07F40322403900CE095F8240018B9F7
:1003E00001F063FA002863D0322C03D214B101F07B
:1003F0006DF801E001F076F8224A107818B39346C0
:100400005278039B121B00219DF818409946012841
:100410001AD0032818D000208DF81E00002A04DD11
:10042000981A039001208DF818009DF81C0000B167
:1004300002210398184A20F07F40039003AB0998EB
:1004400001F05CF810B110E00120E5E79DF81D0017
:1004500018B99BF80000032829D08DF81C80CDF82E
:100460000C908DF818408DF81E809DF8180015E04E
:10047000BC070020FF7F841E0020A107748E0100AE
:10048000CC05002086000020531E0100AB010100B6
:1004900000F0014004F50140FFFF3F0058B1039810
:1004A0000123811900221846F8F7C2FA06E000205D
:1004B0000BB0BDE8F08F0120F8F767FA97F90C2030
:1004C000012300200199F8F7B3FAF87BC00701D0A7
:1004D000F8F793FB012085F82F008AF82880202266
:1004E0006946FE48FAF7A7FF0120E1E72DE9F05F32
:1004F000DFF8E883064608EB860090F825501F2DAC
:1005000021D0A8F17C01C6EB46102C4601EB400738
:10051000A1F5F879DFF8C8B305E0A24607EB4A0079
:1005200044781F2C0AD0F8F7CEFA09EB04135A4688
:1005300001211B1D00F0E2FF0028EED0AC4202D0EA
:10054000334652461EE0E74808B1AFF30080F8F7A3
:10055000BAFA98F82F206AB1D8F80C20411C891AF1
:100560000902CA1701EB12610912002902DD0020FD
:10057000BDE8F09F3146FFF7D0FE08B10120F7E754
:1005800033462A461F210420FFF79CFDEFE72DE9A3
:10059000F041D24C2569F8F796FA401B0002C117CA
:1005A00000EB1160001200D4FFDF94F8220000B1CC
:1005B000FFDF012784F8227094F82E001F2800D155
:1005C000FFDF94F82E601F2084F82E00002584F8A9
:1005D0002F5084F8205084F82150C34825600078BB
:1005E000022835D0032833D000202077A068401C93
:1005F00005D04FF0FF30A0600120F8F7C6F90020C9
:10060000F8F7C3F9F8F7BAFAF8F7B2FAF8F78DF98C
:1006100007F0F6FCB548056005604FF0E0214FF4A7
:100620000040B846C1F88002F2F7E8FB94F82D705C
:100630003846FFF75BFF0028FAD0A849C7EB471000
:100640007C3901EB400010F81600022802D006E0C9
:100650000120CAE73A4631460620FFF703FD84F839
:10066000238004EB870090F826001F2804D09E48C2
:10067000801E4078F2F76EFC207F002803D0F8F748
:100680006DFA257765771BE5944910B591F82D2013
:10069000924B0024C2EB42117C3B03EB410100BFB3
:1006A00011F814302BB1641CE4B21F2CF8D31F20B6
:1006B00010BD8F4901EB041108600020C87321466A
:1006C0000120FFF7CFFC204610BD10B5012801D056
:1006D000032800D181B3814A92F82D307F4C00224B
:1006E000C3EB43137C3C04EB430300BF13F81240FD
:1006F0000CB1082010BD521CD2B21F2AF6D37A4A80
:1007000048B1022807D0072917D2DFE801F0160602
:10071000080A0C0E100000210AE01B2108E03A2113
:1007200006E0582104E0772102E0962100E0B5219F
:1007300051701070002010BDFFE70720FBE76A48EA
:1007400010B54078F8F72DFA80B2F4E710B51F28FD
:1007500015D2624991F82D20C2EB4213A1F17C021F
:1007600002EB430414F810304BB191F82D30C3EB79
:10077000431302EB430212F81020012A01D000209B
:10078000D9E791F82D2001460020FFF76BFC0120EE
:10079000D1E710B5F8F797F9BDE81040F8F701BABE
:1007A0002DE9F0410E464D4F01781F257C3FC3EBEC
:1007B00043130C4607EB430303E0254603EB4504D4
:1007C0006478944202D01F2CF7D108E01F2C06D089
:1007D000A14206D103EB41014978017007E00020F6
:1007E0006EE403EB440003EB450140784870414F51
:1007F0007EB127B1002140F22D40AFF30080307868
:10080000A04206D127B100214FF48660AFF30080EB
:10081000357027B1002140F23540AFF30080012050
:100820004EE410B542680B689A1A1202D41702EB14
:100830001462121216D4497A91B1427A82B92E4AC0
:10084000006852F82110126819441044001D891CD8
:10085000081A0002C11700EB11600012322801DBF8
:10086000012068E7002066E72DE9F0478146204E29
:10087000C1EB411006F5F8719846144601EB4007AC
:1008800013E000BF06EB0415291D4846FFF7C9FF1A
:1008900068B988F80040A97B99F80A00814201D81C
:1008A0000020C8E407EB440044781F2CEAD1012063
:1008B000C1E42DE9F047824608480E4600EB860069
:1008C000DFF82C8090F825401F201070C1EB4610F7
:1008D0009946154608F5F87110E000003808002028
:1008E000FFFF3F00000000008600002000F50040F0
:1008F000CC05002000000000748E010001EB4007D1
:100900000BE000BF08EB04105146001DFFF789FF04
:1009100028B107EB44002C7044781F2CF2D12978C1
:1009200089F800104B46224631465046BDE8F04754
:100930009AE72DE9FC410E4607460024FE4D08E0EB
:100940009DF8000005EB00108168384600F0EAFDD4
:1009500001246B4601AA31463846FFF7AAFF00285A
:10096000EED02046BDE8FC8170B50446C0EB4411D2
:100970000125F248A54300EB4101C5EB451200EB10
:1009800042003E22FAF757FDED4E26B100214FF40A
:100990009360AFF30080E9487C3000EB850100EB09
:1009A0008400D0F82500C1F8250026B1002140F2CE
:1009B0009C40AFF30080284670BD8A4203D00346B6
:1009C0000520FFF77FBB1F2908D0DC4AC0EB401091
:1009D00002EB400000EB410040787047D7497C3182
:1009E00001EB800090F825007047D34901EB00101F
:1009F000001DFFF7C4BB7CB51D46134604460E46DA
:100A000000F1080221461846F8F7D8F894F90800D2
:100A10000F2804DD1F3820722068401C206096B12A
:100A20000220C84951F82610461820686946801BE4
:100A300020F07F40206094F908002844C01C1F2843
:100A400003DA012009E00420EBE701AAF8F7B6F881
:100A50009DF8040010B10098401C00900099206897
:100A600031440844C01C20F07F4060607CBDFEB56E
:100A70000C46064609786079907220791F46154623
:100A8000507279B1217900222846A368FFF7B3FF9D
:100A9000AA4928467C3191F82E201F2A0AD00969DC
:100AA000491D0DE0D4E90223217903B02846BDE8B1
:100AB000F040A0E7A4494978052900D20521314436
:100AC00021F07F4100F02EFD39462846FFF731FF27
:100AD000D4E9023221796846FFF78DFF2B460021C9
:100AE0003046019A00F00AFD002806D103B03146D5
:100AF0002846BDE8F04000F015BDFEBD2DE9FE4FD3
:100B0000814600F0CBFC38B15FF0000799F8000097
:100B100020B10020BDE8FE8F0127F7E7874D884C04
:100B20004FF0000A7C3524B1002140F2FF40AFF3C2
:100B3000008095F82D8085F823A0002624B100219F
:100B400040F20450AFF300801FB94046FFF70CFF9E
:100B5000804624B1002140F20C50AFF30080F7F73B
:100B6000B2FF43466A464946FFF781FF24B10021A0
:100B700040F21250AFF3008095F82E001F280CD0E1
:100B800029690098401A0002C21700EB1260001297
:100B900003D5684600F0C6FC012624B1002140F2CE
:100BA0001C50AFF3008095F823000028BBD124B17E
:100BB000002140F22250AFF30080F7F784FF6B462C
:100BC000624A002100F09AFC0028A3D027B94146D0
:100BD0006846FFF7AEFE064326B16846FFF7CFFA38
:100BE000C9F8080024B1002140F23550AFF300806D
:100BF00001208FE72DE9F04F89B08B46824600F047
:100C00004DFC4E4C7C3428B39BF80000002710B1FB
:100C1000012800D0FFDF4A4D25B1002140F2F750F6
:100C2000AFF300804449012001EB0A18A946079060
:100C30005FEA090604D0002140F2FF50AFF30080C4
:100C4000079800F022FC94F82D50002084F823002F
:100C500067B119E094F82E0001271F2800D1FFDFAB
:100C60009BF800000028D6D0FFDFD4E72846FFF726
:100C70007BFE054626B1002140F20960AFF30080FB
:100C800094F823000028D3D126B1002140F213604C
:100C9000AFF30080F7F717FF2B4602AA59460790DB
:100CA000FFF7E5FE98F80F005FEA060900F0010083
:100CB0008DF8130004D0002140F21D60AFF30080D6
:100CC0003B462A4602A9CDF800A0079800F035FC63
:100CD000064604EB850090F828000090B9F1000F5B
:100CE00004D0002140F22460AFF3008000F0C2FB8A
:100CF0000790B9F1000F04D0002140F22A60AFF351
:100D0000008094F82300002892D1B9F1000F04D09C
:100D1000002140F23260AFF300800DF1080C9CE836
:100D20000E00C8E90112C8F80C30BEB35FEA09062C
:100D300012D000210CE00000CC050020BC070020F0
:100D400000000000748E010086000020FFFF3F00BD
:100D500040F23F60AFF300800098B84312D094F89F
:100D60002E001F280ED126B1002140F24460AFF3BF
:100D700000802846FFF7BAFB20B99BF80000D8B3E3
:100D8000012849D0B9F1000F04D0002140F2616080
:100D9000AFF30080284600F066FB01265FEA0905F4
:100DA00004D0002140F26A60AFF30080079800F0A1
:100DB0006CFB25B1002140F26E60AFF300808EB174
:100DC00094F82D0004EB800090F826001F2809D02D
:100DD00025B1002140F27560AFF30080F9484078FA
:100DE000F2F7B8F825B1002140F27A60AFF3008045
:100DF00009B03046BDE8F08FFFE7B9F1000F04D02D
:100E0000002140F24C60AFF3008094F82D20514651
:100E10000420FFF727F9C0E7002E3FF409AF0021B7
:100E200040F25760AFF3008002E72DE9F84FE64D3E
:100E3000814695F82D004FF00008E44C4FF0010B6F
:100E4000474624B100214FF4D160AFF300805846EB
:100E500000F01BFB85F8237024B1002140F28D6067
:100E6000AFF3008095F82D00FFF77EFD064695F85C
:100E7000230028B1002CE4D0002140F293604DE023
:100E800024B1002140F29760AFF30080CE49C6EB59
:100E900046107C3901EB400111F81900032856D1A6
:100EA000334605EB830A4A469AF82500904201D161
:100EB000012000E0002000900AF125000021FFF74A
:100EC0006FFC01460098014203D001228AF82820D5
:100ED000AF77E1B324B1002140F29C60AFF3008012
:100EE000324649460120FFF7BDF89AF828A024B100
:100EF000002140F2A760AFF3008000F0BBFA834608
:100F000024B1002140F2AC60AFF3008095F82300DB
:100F100038B1002C95D000214FF4D660AFF300809B
:100F20008FE7BAF1000F07D095F82E001F2803D1E4
:100F30003046FFF7DBFAE0B124B1002140F2C46093
:100F4000AFF30080304600F08EFA4FF0010824B174
:100F5000002140F2CD60AFF30080584600F095FAD2
:100F600024B1002140F2D160AFF300804046BDE8DB
:100F7000F88F002CF1D0002140F2BF60AFF3008069
:100F8000E6E70120F7F7DABC8E48007870472DE9D4
:100F9000F0418D4C94F82E001F2821D194F82D603B
:100FA00004EB860797F825501F2D00D1FFDF8649F7
:100FB000C6EB46107C3901EB400000EB4500407861
:100FC00007F8250F0120F87084F82300294684F8DB
:100FD0002E50324602202234FFF744F800202070C1
:100FE0001EE42DE9F0417A4E774C012538B10128F5
:100FF00021D0022879D003287DD0FFDF10E400F053
:1010000065FAFFF7C4FF207E00B1FFDF84F82150AE
:101010000020F7F7BAFCA168481C04D00123002285
:101020001846F7F705FD14F82E0F217806EB01118D
:101030000A68012154E0FFF7AAFF0120F7F7A5FC99
:1010400094F8210050B1A068401C07D014F82E0F6E
:10105000217806EB01110A68062141E0207EDFF8C5
:101060006481002708F10208012803D002281ED05D
:10107000FFDFB5E7A777F7F771FD98F800000328C1
:1010800001D165772577607D524951F8200094F8A9
:10109000201051B948B161680123091A002218468D
:1010A000F7F7C6FC022020769AE7277698E784F8BF
:1010B000205000F00BFAA07F50B198F80100616851
:1010C0000123091A00221846F7F7B2FC257600E042
:1010D000277614F82E0F217806EB01110A680021FB
:1010E000BDE8F041104700E005E036480078BDE873
:1010F000F041F1F72FBFFFF74AFF14F82E0F2178C8
:1011000006EB01110A680521EAE710B52E4C94F8A8
:101110002E001F2800D1FFDF14F82E0F21782C4A53
:1011200002EB01110A68BDE81040042110477CB5AC
:10113000254C054694F82E001F2800D1FFDFA0683B
:10114000401C00D0FFDF94F82E00214901AA01EBDA
:101150000010694690F90C002844F7F72FFD9DF91F
:1011600004000F2801DD012000E000200099084460
:101170006168084420F07F41A16094F821000028B4
:1011800007D002B00123BDE8704000221846F7F7EF
:101190004FBC7CBD30B5104A0B1A541CB3EB940FF6
:1011A0001ED3451AB5EB940F1AD3934203D9101AE4
:1011B00043185B1C14E0954210D9511A0844401C96
:1011C00043420DE0840000203808002000000000A9
:1011D000CC050020748E0100FF7F841EFFDF0023FA
:1011E000184630BD0123002201460220F7F720BC3B
:1011F0000220F7F7CABBF7F766BC2DE9FE4FF24CA9
:1012000005468A4694F82E001F2800D1FFDFEE4ED7
:1012100094F82E10A0462046A6F51B7202EB01148E
:101220001F218DF8001090F82D10376900EB810117
:10123000D8F8000091F82590284402AA01A90C369C
:10124000F7F7BCFC9DF90800002802DD0198401C5E
:101250000190A0680199642D084453D3DB4B002210
:101260005B1B72EB02014DD36168411A21F07F4193
:10127000B1F5800F46D220F07F40706086F80AA05A
:1012800098F82D1044466B464A463046FFF7ECFA74
:10129000B8B3A068401C10D0F7F715FCA168081A75
:1012A0000002C11700EB1160001202282CDD0120A2
:1012B000F7F76BFB4FF0FF30A06094F82D009DF81E
:1012C00000201F210F34FFF778FBA17FBE4AC1EB3E
:1012D00041117C3A02EB4101E27F01EB420148708F
:1012E00054F80F0C284444F80F0C012020759DF889
:1012F00000001F2803D0B6484078F1F72BFE0120EC
:1013000008E401E0002005E47760FBE72DE9F04701
:10131000AD4C074694F82D00A4F17C06C0EB4010BC
:1013200006EB400010F8170000B9FFDF94F82D50CD
:10133000A046A84C24B1002140F6E800AFF300809D
:10134000C5EB451040F6F40940F6FD0A06EB4006F1
:1013500016F81700012819D0042811D005280FD03D
:1013600006280DD01CB100214846AFF3008007F0DD
:101370001BFB002CECD000215046AFF30080E7E7C8
:101380002A4639460120FEF76DFEF2E74FF0010ACA
:101390004FF00009454624B1002140F60410AFF398
:1013A0000080504600F071F885F8239024B10021A8
:1013B00040F60910AFF3008095F82D00FFF7D4FA3E
:1013C000064695F8230028B1002CE4D0002140F611
:1013D0000F101FE024B1002140F61310AFF300807E
:1013E00005EB860000F1270133463A462630FFF729
:1013F000D7F924B1002140F61710AFF3008000F0B8
:1014000039F8824695F8230038B1002CC3D000216A
:1014100040F61D10AFF30080BDE785F82D60012078
:1014200085F82300504600F030F8002C04D000214D
:1014300040F62A10AFF30080BDE8F08730B50446CF
:1014400061480D4690F82D005F49C0EB40107C3993
:1014500001EB400010F8140000B9FFDF5E4800EB1C
:101460000410C57330BD584981F82D00012081F862
:101470002300704710B5594808B1AFF30080EFF36F
:10148000108000F0010072B610BD10B5002804D124
:10149000534808B1AFF3008062B610BD51480068F0
:1014A000C005C00D10D0103840B2002804DB00F198
:1014B000E02090F8000405E000F00F0000F1E020CB
:1014C00090F8140D400970470820704710B53E4C45
:1014D00094F82400002804D1F7F7E4FB012084F8F5
:1014E000240010BD10B5384C94F82400002804D016
:1014F000F7F701FC002084F8240010BD10B51C682B
:101500005B68241A181A24F07F4420F07F40A1421F
:1015100006D8B4F5800F03D2904201D8012010BD47
:10152000002010BDD0E90032D21A21F07F431144CF
:1015300021F07F41C0E9003170472DE9FC4184462C
:10154000214815460F46C2EB45117C38089C00EB3C
:10155000410616F81400012804D0022802D0002009
:10156000BDE8FC813B46204A01216046FFF7C6FFEB
:10157000F0B101AB6A4629463846FFF79AF9B8B18F
:101580009DF804209DF800102846FFF716FA06EB98
:10159000440148709DF800001F280DD006EB400064
:1015A00044702A4621460320FEF75CFD0120D7E760
:1015B0002A4621460420F7E70348012100EB850075
:1015C00000F8254FC170ECE738080020FF1FA10785
:1015D0008400002000000000CC0500200000000076
:1015E0000000000004ED00E0FFFF3F002DE9F041A6
:1015F000044680074FF000054FF001060CD56B48FC
:101600000560066000F0E8F920B16948016841F41E
:101610008061016024F00204E0044FF0FF3705D53B
:1016200064484660C0F8087324F48054600003D511
:101630006148056024F08044E0050FD55F48C0F89C
:101640000052C0F808735E490D60091D0D605C4AC8
:1016500004210C321160066124F48074A00409D5C1
:1016600058484660C0F80052C0F8087356480560F4
:1016700024F40054C4F38030C4F3C031884200D055
:10168000FFDF14F4404F14D050484660C0F8087390
:101690004F488660C0F80052C0F808734D490D608D
:1016A0000A1D16608660C0F808730D60166024F489
:1016B000404420050AD5484846608660C0F8087353
:1016C000C0F848734548056024F4006406F072FCD5
:1016D0004348044200D0FFDFBDE8F081F0B50022AE
:1016E000202501234FEA020420FA02F1C9072DD078
:1016F00051B2002910DB00BF4FEA51174FEA8707AC
:1017000001F01F0607F1E02703FA06F6C7F880612B
:10171000BFF34F8FBFF36F8F0CDB00BF4FEA511742
:101720004FEA870701F01F0607F1E02703FA06F6E4
:10173000C7F8806204DB01F1E02181F8004405E094
:1017400001F00F0101F1E02181F8144D02F10102D5
:10175000AA42C9D3F0BD10B5224C20600846F7F765
:10176000BAFB2068FFF742FF2068FFF7B7FF06F0DB
:1017700059F800F092F906F01DFC06F05CFBF1F759
:10178000B5FBBDE8104006F001B910B5154C206856
:10179000FFF72CFF2068FFF7A1FF06F00BFCF7F71F
:1017A0008BFC0020206010BD0A207047FC1F004009
:1017B0003C17004000C0004004E5014000800040AC
:1017C0000485004000D0004004D5004000E0004007
:1017D00000F0004000F5004000B0004008B50040B7
:1017E000FEFF0FFD8800002070B526490A680AB385
:1017F0000022154601244B685B1C4B600C2B00D368
:101800004D600E7904FA06F30E681E420FD0EFF316
:10181000108212F0010272B600D001220C689C43C3
:101820000C6002B962B649680160002070BD521CAC
:101830000C2AE0D3052070BD4FF0E0214FF480006A
:10184000C1F800027047EFF3108111F0010F72B67A
:101850004FF0010202FA00F20A48036842EA03026A
:10186000026000D162B6E7E70648002101604160EE
:1018700070470121814003480068084000D00120E2
:10188000704700008C00002001208107086070472D
:101890000121880741600021C0F80011184801703B
:1018A000704717490120087070474FF08040D0F80A
:1018B0000001012803D012480078002800D0012040
:1018C000704710480068C00700D0012070470D48DD
:1018D0000C300068C00700D0012070470948143060
:1018E00000687047074910310A68D20306D50968B5
:1018F00001F00301814201D10120704700207047AF
:1019000094000020080400404FF08050D0F83001CF
:101910000A2801D0002070470120704700B5FFF76A
:10192000F3FF20B14FF08050D0F8340108B100200F
:1019300000BD012000BD4FF08050D0F830010E28CE
:1019400001D000207047012070474FF08050D0F840
:101950003001062803D0401C01D000207047012030
:1019600070474FF08050D0F830010D2801D0002092
:101970007047012070474FF08050D0F830010828A0
:1019800001D000207047012070474FF08050D0F800
:101990003001102801D0002070470120704700B5A9
:1019A000FFF7F3FF30B9FFF7DCFF18B9FFF7E3FFEC
:1019B000002800D0012000BD00B5FFF7C6FF38B1F8
:1019C0004FF08050D0F83401062803D3401C01D0DA
:1019D000002000BD012000BD00B5FFF7B6FF48B1F3
:1019E0004FF08050D0F83401062803D3401C01D0BA
:1019F000012000BD002000BD002101700846704795
:101A00000146002008707047EFF3108101F00101DA
:101A100072B60278012A01D0012200E000220123DF
:101A2000037001B962B60AB1002070474FF400504C
:101A30007047E9E7EFF3108111F0010F72B64FF034
:101A40000002027000D162B600207047F2E7000089
:101A50002DE9F04115460E460446002700F0EBF84C
:101A6000A84215D3002341200FE000BF94F8422084
:101A7000A25CF25494F84210491CB1FBF0F200FB56
:101A800012115B1C84F84210DBB2AB42EED301278B
:101A900000F0DDF83846BDE8F081724910B58020CD
:101AA00081F800047049002081F8420081F841006B
:101AB000433181F8420081F84100433181F842000E
:101AC00081F841006948FFF797FF6848401CFFF71D
:101AD00093FFF1F79FF9BDE8104000F0B8B840203F
:101AE0007047614800F0A7B80A4601465E48AFE774
:101AF000402070475C48433000F09DB80A460146DC
:101B000059484330A4E7402101700020704710B5C8
:101B100004465548863000F08EF82070002010BD35
:101B20000A460146504810B58630FFF791FF08B1CC
:101B3000002010BD42F2070010BD70B50C460646ED
:101B4000412900D9FFDF4A480068103840B200F050
:101B500054F8C5B20D2000F050F8C0B2854201D350
:101B6000012504E0002502E00DB1F1F78EF92246CF
:101B700031463D48FFF76CFF0028F5D070BD2DE9D8
:101B8000F0413A4F0025064617F1040757F8254063
:101B9000204600F041F810B36D1CEDB2032DF5D3D3
:101BA0003148433000F038F8002825D02E4800F0A6
:101BB00033F8002820D02C48863000F02DF800287B
:101BC0001AD0F1F740F92948FFF71EFFB0F5005F82
:101BD00000D0FFDFBDE8F0412448FFF72BBF94F8A9
:101BE00041004121265414F8410F401CB0FBF1F292
:101BF00001FB12002070D3E74DE7002804DB00F161
:101C0000E02090F8000405E000F00F0000F1E02073
:101C100090F8140D4009704710F8411F4122491CEB
:101C2000B1FBF2F302FB13114078814201D1012094
:101C300070470020704710F8411F4078814201D35F
:101C4000081A02E0C0F141000844C0B2704710B564
:101C50000648FFF7D9FE002803D1BDE81040F1F790
:101C6000DDB810BD0DE000E06808002098000020FD
:101C700004ED00E0114908784A78401CC0B2904257
:101C800000D0087070472DE9F0414FF0E0260B4C72
:101C900006F08AFE40BF20BF677820786070D6F8D3
:101CA0000052EFF77AFB854305D1D6F8040210B94C
:101CB0002078B842ECD00020BDE8F081A8000020D8
:101CC0002DE9F04101264FF0E02231034FF00008EA
:101CD0004046C2F88011BFF34F8FBFF36F8F204C87
:101CE000C4F800010C2000F02EF81E4D2868C043F7
:101CF00040F30017286840F010002860C4F804631F
:101D000026607F1C02E000BF06F04EFED4F8000102
:101D10000028F9D01FB9286820F010002860124868
:101D200005686660C4F80863C4F800810C2000F000
:101D30000AF82846BDE8F08110B50446FFF7C0FF59
:101D40002060002010BD002809DB00F01F020121E7
:101D500091404009800000F1E020C0F880127047F7
:101D600000C0004010ED00E008C500402DE9F0473C
:101D7000FF4C0646FF21A06800EB06121170217887
:101D8000FF2910D04FF0080909EB011109EB0617E4
:101D90004158C05900F0F4F9002807DDA168207807
:101DA00001EB061108702670BDE8F08794F80080FA
:101DB00045460DE0A06809EB05114158C05900F0F7
:101DC000DFF9002806DCA068A84600EB08100578BB
:101DD000FF2DEFD1A06800EB061100EB08100D708D
:101DE0000670E1E7F0B5E24B0446002001259A6851
:101DF0000C269B780CE000BF05EB0017D75DA742CF
:101E000004D106EB0017D7598F4204D0401CC0B252
:101E10008342F1D8FF20F0BD70B5FFF7ECF9D44C48
:101E200008252278A16805EB0212895800F0A8F96C
:101E3000012808DD2178A06805EB01114058BDE8B4
:101E40007040FFF7CFB9FFF79FF8BDE87040F1F79A
:101E500081B82DE9F041C64C2578FFF7CCF9FF2D6C
:101E60006ED04FF00808A26808EB0516915900F0F3
:101E700087F90228A06801DD80595DE000EB0511BB
:101E800009782170022101EB0511425C5AB1521E02
:101E90004254815901F5800121F07F41815128464A
:101EA000FFF764FF34E00423012203EB051302EB88
:101EB000051250F803C0875CBCF1000F10D0BCF5D0
:101EC000007F10D9CCF3080250F806C00CEB423C5E
:101ED0002CF07F4C40F806C0C3589A1A520A09E009
:101EE000FF2181540AE0825902EB4C3222F07F42FA
:101EF0008251002242542846FFF738FF0C21A06887
:101F000001EB05114158E06850F82720384690470A
:101F10002078FF2814D0FFF76EF92278A16808EB2B
:101F200002124546895800F02BF9012893DD2178EB
:101F3000A06805EB01114058BDE8F041FFF752B928
:101F4000BDE8F081F0B51D4614460E460746FF2B4E
:101F500000D3FFDFA00700D0FFDF8548FF2100226C
:101F6000C0E90247C5700671017042708270104668
:101F7000012204E002EB0013401CE154C0B2A8426D
:101F8000F8D3F0BD70B57A4C064665782079854265
:101F900000D3FFDFE06840F825606078401C607087
:101FA000284670BD2DE9FF5F1D468B460746FF247E
:101FB000FFF721F9DFF8B891064699F80100B84219
:101FC00000D8FFDF00214FF001084FF00C0A99F80C
:101FD0000220D9F808000EE008EB0113C35CFF2BC8
:101FE0000ED0BB4205D10AEB011350F803C0DC450B
:101FF0000CD0491CC9B28A42EED8FF2C02D00DE0A9
:102000000C46F6E799F803108A4203D1FF2004B08A
:10201000BDE8F09F1446521C89F8022008EB041119
:102020000AEB0412475440F802B00421029B00223C
:10203000012B01EB04110CD040F801204FF4007883
:1020400008234FF0020C454513D9E905C90D02D00C
:1020500002E04550F2E7414606EB413203EB041340
:1020600022F07F42C250691A0CEB0412490A8154D3
:102070000BE005B9012506EB453103EB041321F014
:102080007F41C1500CEB0411425499F80050204696
:10209000FFF76CFE99F80000A84201D0FFF7BCFEE4
:1020A0003846B4E770B50C460546FFF7A4F8064677
:1020B00021462846FFF796FE0446FF281AD02C4DED
:1020C000082101EB0411A8684158304600F058F887
:1020D00000F58050C11700EBD14040130221AA68DF
:1020E00001EB0411515C09B100EB4120002800DC38
:1020F000012070BD002070BD2DE9F0478846814663
:10210000FFF770FE0746FF281BD0194D2E78A868F0
:102110003146344605E0BC4206D0264600EB0612A6
:102120001478FF2CF7D10CE0FF2C0AD0A6420CD17A
:1021300000EB011000782870FF2804D0FFF76CFE38
:1021400003E0002030E6FFF753F841464846FFF72A
:10215000A9FF0123A968024603EB0413FF20C8541A
:10216000A878401EB84200D1A87001EB041001E02D
:102170003409002001EB061100780870104613E6C0
:10218000081A0002C11700EB11600012704700002E
:10219000454800210170417010218170704770B571
:1021A000054616460C460220F0F7F4FD3E49012094
:1021B000F61E08703D4806603C4808380560001F60
:1021C000046070BD10B50220F0F7E4FD364901202F
:1021D000087000F051F836494FF40000086010BD57
:1021E00010B5314C207888B131494FF40000091DF9
:1021F000086000F04AF8002120B1012060702D48ED
:10220000006801E061701020A0702170BDE81040EE
:102210000020F0F7BFBD244810B5017859B1264819
:10222000D0F8000128B100F030F8002800D00120DB
:1022300010BD022010BD407810BD10B5C824641E2A
:10224000E4B2FFF7E8FF022803D0012800D0002005
:1022500010BD002CF3D1FFDFF9E7134810B501786A
:1022600041B100F012F818B112480068C0B210BDB8
:10227000102010BD807810BD0F480021C0F800115B
:10228000C0F80411C0F8081170470B48D0F80011CD
:1022900029B1D0F8041111B1D0F8080108B100201B
:1022A0007047012070470000AA00002010F5004090
:1022B00004F5014000F4004000F0004046480021D1
:1022C00001704170704770B5064614460D460120F6
:1022D000F0F760FD41480660001D0460001D0560C8
:1022E00070BD70B53C4901250D7040EA02413B4A82
:1022F000121F11603A4C0026C4F80461394A4FF0AD
:102300004071116058B1012800D0FFDFC4F80062AD
:10231000256034494FF00070091F086070BDC4F893
:102320000052256070BD2C48017871B12D4A4FF0E4
:10233000407111602A49D1F8042100211AB12A4ABA
:102340001268427000E0417001700020F0F722BD79
:102350002148017841B12248D0F80401002802D078
:1023600021480068C0B27047407870472DE9F047B7
:1023700000282AD01848007800B9FFDF184DD5F89A
:102380000401002821D10227C5F80473174C2068E6
:10239000C04340F30016206840F0100020604FF466
:1023A00000484FF0E029761C04E000BFC9F88082A5
:1023B00006F0FAFAD5F804010028F7D01EB9206813
:1023C00020F010002060C5F80873BDE8F0870449CC
:1023D0000120886070470000AD00002008F5004033
:1023E00000F0004008F5014000F4004010ED00E06E
:1023F00010B541F6A474012802D0022802D0FFDFF4
:10240000204610BD41F2883010BD38B5FE4D002485
:10241000C5F80041C5F80C41C5F81041C5F80441A4
:10242000C5F81441C5F81841FFF7C6FA08B1C5F858
:102430002841F6480068009038BD70B5F44D00247E
:102440006C702C7000F0E0FD85F82540EC620922EC
:10245000002105F11800AC63F9F717F8ED49601E8B
:102460000860091D0860091D0C60091D0860091D30
:102470000C60091D0860091D0860091D0860091D20
:102480000860091D0860091D0860091D0860091D14
:102490000860091D086070BDDF4948607047DF486B
:1024A00000B5016801F00F01032905D0006800F0B4
:1024B0000F00042802D0FFDF012000BD022000BD74
:1024C00000B5012802D0022800D0FFDF002000BDA7
:1024D00000B5012802D0022802D0FFDF282000BD6D
:1024E000182000BD10B5CA4902681839C84C0A63E3
:1024F00042684A63007A81F83800207E50B1207F1C
:10250000F9F701F8A07E08B1012100E00021207F49
:10251000F8F7EEFF607E00280CD0607FF8F7F3FF3D
:10252000E07E08B1012100E00021607FBDE810409D
:10253000F8F7DEBF10BD00F06EBD10B500F06BFD0A
:10254000B148D0F80001002800D0FFDF10BD70B501
:10255000012000F03BFDB248002505600126066021
:10256000FFF73AFAAF4C18B1206840F48060206061
:10257000FFF7EBF928B12068AB4920F0770008435A
:102580002060FFF719FA38B1A648001D016821F450
:102590007F4141F4B0510160A249A4483C31086038
:1025A000FFF70AFA9A4C60B19C490220503184F836
:1025B000210008609F499E48086094481030091F18
:1025C00008604FF01020806C411C05D093497C318D
:1025D0000A6860F317420A60904940F25B60283154
:1025E0000860091F40F203100860081F06608B494D
:1025F000032008608B48EC38066094F8211011B174
:102600004FF4C02100E08C498A4A41F46021943A99
:1026100011608749874A091F083211607B490839D0
:10262000121F1160016821F440710160016841F4DA
:1026300080710160012000F0DAFC73491020C1F8BC
:102640000403754884F83150E5624068002802D0E0
:10265000BDE87040004770BD72483830016821F015
:10266000010141F0807101607047694A0368183ABE
:10267000C2F81A308088D083654801727047644878
:1026800090F825007047624A517010707047F0B59D
:10269000054684005C488B882044C0F820360B78BF
:1026A000D1F8011043EA0121C0F8001605F1080035
:1026B00001275C4C07FA00F6FC3C52B1012A00D01D
:1026C000FFDF2068304320602068AF40384320603F
:1026D000F0BD2068B043F6E705F09EBD4C4890F889
:1026E000320070474D4AC1781432116000684B497E
:1026F00000020C3108607047252807D0262807D033
:10270000272807D00A2807D8042206E0022107E07C
:102710001A2105E0502103E0062202EB4001C9B274
:102720003E4A083A11603D494431086070473848D4
:10273000817A012917D0022914D1417E002911D0B4
:10274000827F0121C37F01FA02F299400A4339498D
:1027500094390A6090F82000384A002102EB80008A
:10276000C0F810157047017EE8E72DE9F047284CC6
:10277000A17A01290BD0022976D1627E002A73D07A
:10278000012906D0677FE17E59B101260AE0227E49
:10279000F4E7277FA17E09B1012600E00026112180
:1027A00001E000262421DFF888804FF0010AA8F11B
:1027B0004408C8F84CA0DFF888904518D9F8000004
:1027C000A84200D3FFDF0021C8F84C11C9F800501F
:1027D000380286F0010140EA015040F0031294F8FB
:1027E0002010164800EB8103C3F8102500EB81018F
:1027F000A27F144800EBC203C3F81415124DC3F8AE
:102800001055E37F22E02FE0001000401811004037
:102810005C090020000E0040B000002010150040B0
:10282000FC1F00403C170040880000802C000089FD
:10283000448000409CF5014000000404006000401A
:102840004C85004000F001404C81004000EBC3008B
:10285000C0F81415FE49C0F810150AFA02F10AFA78
:1028600003F00143FB480160BDE8F0872DE9F0412A
:102870000E46F94907460320C1F80002F74C94F8C8
:10288000210010B14FF4C02000E0F548F14D286060
:10289000304605F0FFFC17B1012F0FD017E0FFF70E
:1028A0008BF810B1304600F0CCFB0120A072A06B79
:1028B00040F48010A0634FF4801007E00220A07263
:1028C000A06B40F40010A0634FF400102860F6F7EE
:1028D00091F93146BDE8F04147E72DE9F05FDE4C64
:1028E000074603200E469346C4F80002DB4D95F8D8
:1028F000210010B14FF4C02100E0D949DFF8549312
:10290000C9F80010104605F0C5FCDFF848834FF009
:10291000010A08F1A808A7B3012F3ED0FFDFD14874
:102920000660CC49D048A4310860A86B40F4002070
:10293000A863D4F800721025C4F808530020C4F826
:102940000002C4494FF48028091DC1F8008004F535
:102950000074FFF75AFD2760C9F80080C4F80451DD
:10296000E903C9F80010C149C1F84CA0BD48001DD9
:102970000068B04200D3FFDF59463046BDE8F05F43
:10298000F3E6FFE7FFF718F810B1584600F059FBDF
:10299000C8F8004085F80AA0C1E7AF49091DC8F88A
:1029A00000100220A872BAE72DE9F041AB4C0646B0
:1029B000904694F831000F46002500B9FFDF16B1AC
:1029C000012E12D01DE094F83100012806D094F8B1
:1029D00030204146384605F06BFC10E094F830108A
:1029E0004246384605F0A5FC09E094F8310094F819
:1029F000301001284246384609D005F0C1FCE16A92
:102A00004518424629463046BDE8F04165E705F0E5
:102A100071FCF4E708B5FF208DF800008E48002116
:102A2000C0F810110121016105E000BF9DF8001000
:102A3000491E8DF800109DF8001019B1D0F8101142
:102A40000029F3D09DF80000002800D1FFDF08BD69
:102A50002DE9F041804CD4F8000220F00307D4F8AF
:102A600004034FF01008C0F30016C4F808830025D3
:102A7000C4F80052794890F8210010B14FF4C020FA
:102A800000E07748734940F46020091D0860FFF7B3
:102A90004EFEFFF7BFFFC4F81051FEF78DFF08B1DF
:102AA000C4F8285100F0B0FAC4F80072002E01D02A
:102AB000C4F80483BDE8F081ACE700686C4920F0FD
:102AC0007F400860704710B5012000F07FFABDE834
:102AD0001040012000F08BBA0146604818221838D7
:102AE000F8F7A9BC4FF0E0210220C1F800017047BF
:102AF0006049087070475E4938390860704770B5A2
:102B00000546F6F777F8554C2844E16A884200D824
:102B1000FFDF01202074F6F76DF82844606194F817
:102B2000211041B1084460614B48D0F8001241F0D7
:102B30004001C0F800124D490020C1F84401494944
:102B40006069091F0860BDE8704000F0A4BA70B564
:102B5000424C064602200D462074FFF7A0FC0246B8
:102B600094F8310094F8301001281BD0304605F05D
:102B700049FC606194F8210048B1616908446061D2
:102B80003548D0F8001241F04001C0F80012374932
:102B90000020C1F844016169E06A08443149091F15
:102BA000086070BD2B46304605F0FFFBE1E7294980
:102BB0004FF48000091D08602848816B21F48001D2
:102BC00081630021017470472B4A214B10B502EB41
:102BD000C0020C3BC2F81035C2F814150121814027
:102BE0001C4801601D48826B0A43826310BD1F4868
:102BF00001214160C1600021C0F844111948001F43
:102C000001601648C162704710B50446FEF7D4FE55
:102C100010B1124880F821401548243004600E4855
:102C2000D0F8001241F04001C0F8001210BD0A486F
:102C300010B5D0F8001221F04001C0F80012FEF7E4
:102C4000BBFE0B49243100B10220086010BD00001A
:102C50001011004004F50140001000405C09002004
:102C60000000040448850040488100400080004086
:102C70003C150040B000002000F00140F948D0F8B9
:102C8000001221F01001C0F800120121816170478B
:102C9000F4480021C0F81C11D0F8001241F01001D6
:102CA000C0F800127047EF4908B5D1F81C21012A7D
:102CB00001D0002008BDEC4A126802F07F025242A7
:102CC00002700020C1F81C01E84800680090012053
:102CD00008BDF0B517460C00064600D1FFDFE44DF5
:102CE000E0072F7302D0012C00D0FFDF46B1022095
:102CF0006872EC72012802D0022800D0FFDFF0BD1C
:102D00000120F5E770B5DA4C0021E27A930703D58C
:102D1000830701D5430713D4D30605D594F8333080
:102D200013B194F835305BB1130702D594F8243011
:102D300033B9520702D594F825200AB1C00700D054
:102D40000121607A012518B1A1B1BDE870407FE68C
:102D500094F8210010B14FF4C02000E0C548C649E6
:102D60000860C048D0F8001221F00301C0F800123A
:102D7000E57270BD012803D0022808D0FFDF70BDC6
:102D800000F042F9A5729621227B002006E000F0B7
:102D90003BF90220A072227B96210120BDE8704001
:102DA00002E62DE9F05FDFF8D4B29BF800000428BA
:102DB00000D3FFDFB248D0F84C0108B1FFF7B7FCF1
:102DC000AB4CAD49A06B08604FF00008C4F83880E8
:102DD00000F06BF9DFF8AC920546D9F80010A1625B
:102DE00094F8210008B1081AA062A648001F0068E4
:102DF000E062FFF754FB84F83000A07ADFF868A2A5
:102E0000012184F83100AAF1440A022808D160782F
:102E100030B1DAF80020127802402078904310D0C8
:102E200084F82480924EA807A6F1180605D5F5F778
:102E3000E1FEA16A081A31698847E80704D0002733
:102E400009E084F82410EDE7A80701D5012702E086
:102E5000280707D50227F5F7CDFEE16A7269081A3F
:102E6000394690479BF80000C0071CD1DAF80000F3
:102E70005746007800F00F00072812D23968062262
:102E8000A01C0931F8F7AAFA38B9207A396809780C
:102E9000B0EBD11F01D1012000E0002084F8250013
:102EA00001E084F825802846FFF72CFFE80701D0D1
:102EB00030682FE0A80726D568071ED4FEF77CFDF2
:102EC000D8B9FEF789FDC0B96748F4380168001F1A
:102ED0000068C0F3425CC0F3006700F00F03C0F36A
:102EE0000312C0F3032047B10BB102B128B921B1DD
:102EF000BCF1030F01D245F0040545F38000716871
:102F0000401C884709E0280701D5B06802E0E806C0
:102F100002D5F068804700E0FFDFA07A02281BD1CD
:102F2000207C002818D0564AC2F8448102280FD0CD
:102F3000012800D0FFDFE16A6069884200D8FFDF26
:102F4000D4F81410C9F80010BDE8F05F00F0A3B881
:102F50006169E06A0144F5E7BDE8F09F70B5054698
:102F600041F2643441F66A06022806D0012D12D0DF
:102F7000022D0CD0FFDF304670BDFEF7CFFC0028DD
:102F8000F6D1FEF7E2FC0028F2D141F6583441F2C6
:102F90009A00204470BD42F6CE3070BD32480830F1
:102FA0000168032904D00068022801D0002070477E
:102FB000012070472C48083001680B2904D00068B4
:102FC0000A2801D0002070470120704700280DDB3F
:102FD00000F01F02012191404009800000F1E02033
:102FE000C0F88011BFF34F8FBFF36F8F7047002879
:102FF00009DB00F01F02012191404009800000F12F
:10300000E020C0F880127047194800214172817297
:103010000121C172704730B500240546012902D054
:1030200002290BD0FFDF184804430F4834380460EE
:10303000164805430C483038056030BD4FF08074A9
:10304000F1E7094A4032116853060228D3F82003F9
:103050001ED0C0F3062000BF21F4FE4141EA00204B
:103060001060704700100040481500401C110040DF
:103070005C0900200000040408F50140B0000020B5
:103080000080004044850040080110000000030259
:10309000C0F30660E0E73548816B41F4800181634D
:1030A00033494FF480000860DBE7F8B52F4C314E10
:1030B0000020217C19B1D6F84411012907D0002342
:1030C000A27A2D49012A04D0022A0AD019E001234C
:1030D000F6E7D1F80C01012801D0002011E008200A
:1030E0000FE0D1F80C01012806D000222348006827
:1030F000012803D0042002E00222F7E70020104359
:103100001843D1F81021012A2ED0002505431C4870
:10311000026812F0FF0F03D0D1F81421012A00D069
:10312000002284F83220006810F0FF0F03D0D1F89D
:103130001801012800D0002084F833000F48103017
:10314000006884F83400FFF766F8012800D00020FA
:1031500084F83500FFF759F90020C6F84401094802
:10316000006800902846F8BD1025CFE75C090020D4
:1031700004F50140008000400010004000140040B1
:10318000401600404481004010B5444822220021EE
:10319000F8F77BF941480024017821F01001017013
:1031A000012104F02FFA3D494FF6FF70263981F8CE
:1031B000224088843A490880488010BDE4E770477F
:1031C00000F05FB8354901607047354908807047A5
:1031D000324926398A8CA2F57F43FF3B02D0002179
:1031E000016008E091F822202C492639012A02D0FA
:1031F000016001207047002070472848263810F8E9
:10320000221F012908D001210170254823492639B0
:10321000008888840120704700207047204948803A
:1032200070471E491E4B26398A8C5B889A4205D10D
:1032300091F8222012B101600120704700207047F0
:103240001648174A2638818C5288914209D14FF688
:10325000FF71818410F8221F19B100210170012033
:103260007047002070470D480D4A2638818C5288DF
:10327000914204D190F8220008B10020704701204B
:103280007047064926398A8C824205D1002081F890
:1032900022004FF6FF70888470470000BE090020AE
:1032A000B800002070473D4A012338B1012804D1FD
:1032B0001370086890608888908170475370086820
:1032C000C2F802008888D0807047344A10B10128C3
:1032D00007D00EE0507860B1D2F802000860D088C4
:1032E00004E0107828B190680860908988800120F7
:1032F000704700207047294910B1012802D005E02D
:10330000487800E0087808B1012070470020704735
:1033100030B50C4605468DB04FF0030104F10300B3
:1033200012B1FEF7EBFB01E0FEF707FC60790D221E
:1033300020F0C00040F040006071002104A8F8F7C0
:10334000A4F8E0788DF81F0020798DF81E006079D0
:103350008DF81D00102229466846F8F76CF868467B
:1033600004F0FEFA9DF82F0020709DF82E0060708A
:103370009DF82D00A0700DB030BD10B50029044699
:103380004FF0060102D0FEF7B9FB01E0FEF7D5FBD6
:10339000607920F0C000607110BD0000BC0000200A
:1033A000FE48406870472DE9F0410E460746014649
:1033B0001446012005F086F8054697F83900FFF716
:1033C00017F84AF2B12108444FF47A71B0FBF1F1D9
:1033D000788840F271225043C1EB4000041BA4F2F4
:1033E000673402F01AFC00B11E3CAE4201D22846FE
:1033F00000E03046A04204D2AE4201D22C4600E0AA
:1034000034467C62BDE8F08130B5024600200029D8
:1034100014D0A2FB01104C0A44EAC054400A641CB8
:1034200040F100000021D4F1FF3240F2A17581414A
:1034300000D2FFDF04F5F464B4FBF5F030BD2DE9F4
:10344000FF4F8BB0044690F839008A460990DDE9B9
:103450000D1008430890D2480026007800F0EEFDD9
:10346000054694F8540100F0E9FD284480B200902C
:1034700094F84D000D2804D0002007900D9810B14D
:1034800031E00120F9E794F8F40003282BD10798E4
:1034900048B3B4F87611514525D1D4F8FC00C4F8EE
:1034A000E800608840F2E2414843C4F8EC00B4F818
:1034B0004201B4F8CE100844C4F8F000204602F0EF
:1034C000B6FBB4F87A01E08294F878016075B4F83C
:1034D0007C016080B4F87E01A080B4F88001E080B7
:1034E000022084F8F400D4F84C010590D4F8480187
:1034F0000390B4F8CE80B4F84011D4F83C010690A3
:103500000D9820B194F8080100287CD108E004F15E
:10351000C80002907430049004F59475001D07E013
:1035200004F58E700290001D049004F58675001D50
:103530000A90B4F84020AAEB02000FFA80F9AAEB37
:10354000010007B2002F05DAD4F8380106900120F7
:103550004F46089092484FF0000B007970B3F5F792
:10356000DFFC58B3B4F8E000022827D394F8F40045
:10357000022823D094F80B0100BB94F8540100F00A
:103580005DFD00F5C86080B2009094F8F400012859
:1035900043D0608840F2E24148430099FFF734FF8E
:1035A00008EB0901CA1BD4F8FC1080B2431A02FBD5
:1035B00003BBC4F8FC00012084F80B0194F8F4006C
:1035C000F0B301287DD002287CD003287BD0FFDF18
:1035D000A6EB0B010698FCF7B0FD0499012640F21A
:1035E000712208600A990020A1F800A028702E71AD
:1035F00004980068A8606088D4F8FC105043C1EBC0
:103600004000674900E0C2E1A0F23730C861896933
:1036100081427DD90299086080E194F85000032826
:1036200036D00121002003F0B1FEE18A40F2712280
:10363000514300EB41000190D4F8EC00803400E0ED
:103640002FE00099FFF7E0FEA16E226F431AA066FB
:10365000DDE9001002FB03BBFFF7D6FEA16FA067F8
:10366000421A34F87E0C40F2E241484393440099F8
:10367000FFF7CAFE08EB0901226FC91B8A1A54F82A
:103680007C1F431A521E02FB03BB44F8FC0992E75D
:10369000E08A40F27122D4F8EC10504301EB400074
:1036A000C9E7039800B9FFDF0121002003F06EFE97
:1036B0000646E08A40F27121484306EB400000993B
:1036C00002E0C4E05AE0E1E0FFF79EFEC4F8F80033
:1036D000608840F2E24148430099FFF795FEC4F844
:1036E000FC0082B22046A16AFFF75DFE14F8390F94
:1036F000FEF7E6FE4FF47A7800F2E140B0FBF8F115
:10370000039801EB00092078FEF7DAFE074600E097
:1037100002E12078FEF76CFE38444AF2AB310144F6
:10372000B1FBF8F134F8230C40F27122504306EB60
:103730004000411AD4F8BF0040F2E2430A1A02EBFB
:103740000906227814F8241C11FB03F1203E00F036
:10375000A2FC1349801C886114F83909FEF7B0FEF9
:1037600000F2E140B0FBF8F103980844301A40F24F
:10377000F7218842BFF42CAFFFDF29E7E08A40F24F
:103780007122D4F8EC10504301EB40000099FFF790
:103790003BFEC4F8F800608804E00000E009002067
:1037A000CC00002040F2E24148430099FFF72CFE94
:1037B000C4F8FC0082B22046A16AFFF7F4FDB8F11C
:1037C000000F21D10E98F8B194F839603046FEF719
:1037D0000FFE4AF2B12101444FF47A70B1FBF0F0D0
:1037E000D4F8F81040F271230144E08AD4F8EC20B8
:1037F000584302EB4000471A3046FEF769FE059930
:10380000081A3E18203E0AE0E08A40F27122D4F8FD
:10381000EC10504301EB4000D4F8F810461AD4F8ED
:10382000F020D4F8E810D4F8F80040F2E24301FBAD
:10383000020094F83920617D11FB03F1D83400F0C7
:103840002AFCFC49886101202077D83CC0E66088CA
:1038500040F271225043D4F8FC10D4F8F020C1EBB0
:1038600040067E4308EB0900801AD4F8E870D4F8CB
:10387000F830401E07FB023200FB012094F839208B
:10388000617D40F2E24311FB03F140E0608840F2C9
:103890007122D4F8FC105043C1EB400694F84C0060
:1038A0007E43212803D094F84D0021280AD1B4F892
:1038B0007611AAEB010000B2002803DB94F879012D
:1038C00000B109900898D8B1B8F1000F18D1059847
:1038D00008B1039800B9FFDF94F83900FEF788FDBE
:1038E0004AF2B12101444FF47A70B1FBF0F0361A7C
:1038F00094F83900FEF7ECFD0599081A0644203EBD
:10390000D4F8FC1008EB090048430021099A00F0A4
:10391000C2FBC84988615BE6029801600298616A4F
:103920000068084400F2A710E86002F076F910B1D0
:10393000E8681E30E8606E71B4F8B810A1EB0A00B8
:1039400000B2002801DD03206871079800280E9856
:1039500021D0B8B1B4F8E010B1B3B4F8E20000BFC0
:10396000A4F8E20094F8E420401C42438A4209D2C1
:103970006879401E002805DD6E71B4F8E200401C35
:10398000A4F8E2000D9830B394F80801F8B10220D1
:103990000FB0BDE8F08F0028DCD194F8F4000028C7
:1039A000F0D0608840F27122D4F8FC105043C1EB93
:1039B0004001284603F02DFC0004000CE2D01899C9
:1039C00001B108800120E3E7FFE70020C8E794F891
:1039D0004401FDF72AFA94F84401294600F041FB1E
:1039E00020B10D9880F0010084F809010020CFE794
:1039F0007CB50446FCF7CDFE0146D4F83801FDF74E
:103A0000C9FB214600F05EFB94F84D100D290AD049
:103A1000B4F84020B4F806111318994206DB491C8B
:103A2000A4F8061106E0B4F806010CE0401C1044AE
:103A3000A4F8060194F80A0140B9B4F80601B4F8F4
:103A4000BC10884202D1401CA4F80601B4F842011F
:103A500001AE401CA4F84201B4F86800B4F8661046
:103A6000401AB4F84010401E084485B20AE0002312
:103A70001A4620460096FFF7E2FC002822D00128D3
:103A800018D0FFDFB4F80611681A00B20028EEDA89
:103A9000082084F85D00012084F85C00204601F0D5
:103AA00068FD204600F0DFFA62484079BDE87C40BE
:103AB000EFF750BAB4F80601BDF804100844A4F8B2
:103AC0000601DFE77CBD70B55B4C607A08B1002071
:103AD00070BD94F8300030B1616B606A884202D9E1
:103AE000F8F771FDF3E7A06AC8B1F8F793F9054656
:103AF000F8F767F9284442F210714618FCF749FEBE
:103B000005462946E06AFDF745FBE562A16A821990
:103B1000914202D20120A062E2E7081AA0620120CD
:103B200070BD70B5444C012500202575207494F8B3
:103B3000300004F1100650B14FF47A71A069FCF71F
:103B4000FCFAA0610021304603F063FB10E0002086
:103B500000F009FB0546F8F75DF905442946A06920
:103B6000FCF7EBFAA0612946304603F052FB451CF6
:103B7000208C411C0A2901D228442084606828B185
:103B8000208C401C0A2801D3022000E0032060752D
:103B9000FFF799FF38B1207B314600F062FA002828
:103BA00000D1FFDF70BD00F0D6FA22484079BDE8B1
:103BB0007040EFF7CFB938B50025044680F8F450CF
:103BC000A0F840512B462A4629460095FFF737FCBE
:103BD00000B1FFDF44F8F05F012044F8085C207179
:103BE000E582A582A57634F8B00C401E24F8B00C0E
:103BF000A4F85250002038BD10B530B10E4901284C
:103C000007D002280BD0FFDF10BDBDE8104000F048
:103C1000EEBA486ABDE81040002100F0B9BA0020B1
:103C200081F83000FCF7B3FC02484079BDE8104051
:103C3000EFF790B9CC000020E00900202DE9F04119
:103C40000646F8480F460178F74D032909D1017B54
:103C5000B14206D1406868613846BDE8F04100F0E5
:103C6000EEBA304600F0F3F90621FAF71BFC040027
:103C700000D1FFDF304600F0EAF92188884200D009
:103C8000FFDF214638466C61BDE8F04100F027BAFD
:103C900010B5E44C207848B101206072F8F7B5FC0B
:103CA0002078032804D0207A002800D00C2010BDF2
:103CB000207BFDF7BAF8207BFDF728FB207BFCF783
:103CC00045FD00B9FFDF0020207010BD10B5FFF7E3
:103CD000DFFF00F0F1FAD348002180F83010C17204
:103CE000084610BDD04948710020887001220A7032
:103CF00048700A71C870CB490870E7E7CA49087074
:103D000070472DE9F047C74C07460E46207800283B
:103D10004AD1C648FCF7B8FC20731F2844D04FF0A6
:103D20000309676084F800900025657225727FB1F1
:103D3000012107F1E400FDF700FF0620FAF75EFB22
:103D400017F8E41FB1FBF0F200FB1210401C3870B2
:103D5000FCF7F5FC40F2F651884200D2084600F22A
:103D60003F101FFA80F8F8F72CF8E061F8F752F8E6
:103D70000127E0B1A772FCF70CFD8246002000F09D
:103D8000F2F900EB08015046FCF7D7F9A061C4E94D
:103D90000A6A277584F81590A2492574207B103192
:103DA00000F05FF990B910E00C20BDE8F087FCF757
:103DB000F0FC4146FCF7C1F9A061A57284F83070AF
:103DC000A6F28B566663A562E3E7FFDF2584002039
:103DD000F8F71BFC0020E8E79349487070479249C8
:103DE000087170472DE9F0418F4C0746E088401C70
:103DF000E080D4E902516078D7F8486120B13246BA
:103E0000284603F02FFA0546A068854205D02169AF
:103E1000281A08442061FDF78AF9A560AE4205D84A
:103E200097F8F400012801D0E07810B10020BDE837
:103E3000F0810120FBE710B504460846FEF7D8FAEA
:103E40004AF2B12108444FF47A71B0FBF1F040F22C
:103E5000E2414C4300F23730844201D9201A10BDB0
:103E6000002010BD7CB50446002084F8080194F8B9
:103E7000C60000283FD194F8F40003283BD1FCF79A
:103E800088FC0146D4F83801FDF784F9002832DDBA
:103E9000214600F017F9411CB4F840000144A4F891
:103EA0000411B4F80411B4F8BC20511A09B2002965
:103EB00021DD012184F80A11B4F86810B4F86620F5
:103EC00001AE891A491E084485B20EE00096B4F886
:103ED0000411002301222046FFF7B1FA00280AD07E
:103EE000012809D0022806D0FFDFB4F80401281AFF
:103EF00000B20028EADA7CBDB4F80401BDF8041071
:103F00000844A4F80401F0E738B500250446012967
:103F100002D14548C07870B1042084F8F40000BF95
:103F2000FCF735FBA4F84251B4F84000A4F80601B0
:103F300084F80A5138BD0095B4F8BC100123002262
:103F40002046FFF77CFA0028EAD0FFDFE8E710B54B
:103F5000062916D2DFE801F00509030C0C0D00213B
:103F600000E00121BDE81040CEE7032180F8F41005
:103F700010BDB0F8FC108AB2816ABDE81040FFF7AE
:103F800012BAFFDF10BD70B5274CA178022916D1F7
:103F9000E188002913D16569C5F84C0195F839000D
:103FA000D035FEF795FAE96F081AA1680144A160BF
:103FB000E1680844E060BDE8704000F0A9B970BD58
:103FC00070B5054618488478022C0AD0154C243464
:103FD000C9B14FF47A76012907D0022909D0FFDF51
:103FE00070BD446904F5A474F2E71846FEF768FA58
:103FF00002E01046FEF7B2FF00F2E140B0FBF6F03F
:10400000281A206070BD256070BD064810B5007884
:1040100008B1002010BD0620FAF7E2F980F0010097
:1040200010BD0000E0090020CC0000203D3C010054
:10403000FE480078002800D00120704710B50446E3
:104040000C2800D3FFDFFA4830F81400E8E710B579
:1040500004461F2800D3FFDFF448383030F814003E
:10406000DEE7FCF7C7BD70B50446002084F8F40015
:1040700094F844514FF6FF761F2D00D3FFDFEB4835
:10408000383020F8156094F84401FCF75FFB1F20DE
:1040900084F8440170BD70B505460C4616461046BE
:1040A000FEF7A6F94AF2B12108444FF47A71B0FB49
:1040B000F1F000EB450004443046FEF709FA2044D5
:1040C000603070BD002809D0D1F8FC20498840F24A
:1040D00071235943C2EB4101B0FBF1F070472DE968
:1040E000F04101250226D34F0C46082831D2DFE8E3
:1040F00000F0040E161611301A23204600F0ACF919
:10410000204600F064F984F80851BE708FE601F093
:104110007FFD01E0FEF745FE84F8085187E6204662
:10412000BDE8F04164E4FEF7C7FCFEF73AFE4FF04D
:10413000E020C0F880627AE694F8F400042800D009
:10414000FFDF2046FFF78FFF7879BDE8F041EEF7FB
:1041500001BFFFDF6BE610B5B44C207BFCF7F6FA2D
:10416000002020705CE708B500284FF00101684688
:1041700002D0FDF7C3FC01E0FDF7B6FC9DF800009E
:1041800042F210710002B0FBF1F201FB120008BD17
:104190002DE9F041A54C0746002084F83000A669BF
:1041A000E0722070012020720121606802F0D2FECE
:1041B0006068C0F83861257B80F84451C0F84871C8
:1041C000C0F83C6106881F2D00D3FFDF97483830C8
:1041D00020F815606068FFF7EEFC00B1FFDFFCF728
:1041E000D6F994484079BDE8F041EEF7B3BE70B51A
:1041F0008E4C0025A07A18B10120FFF7B4FF0546C8
:10420000F7F708FE4119A069FBF797FFA0610025A9
:1042100025740320607501202075607A30B98349C8
:10422000207B1031FFF71DFF00B9FFDF2584FCF76D
:10423000AEF980484079BDE87040EEF78BBE70B5AE
:104240007A4D04462878032800D0FFDF082C31D2AD
:10425000DFE804F0040E2A2A2630302D00206862A0
:10426000F7F7E8FF00B1FFDF72490320887070BDE7
:10427000F7F7A7FDE9690446A14206D2601A0421B6
:10428000FCF7BBFFEC6108B906E0E861F8F71AF942
:104290000028ECD0FFDF70BDBDE870400020ABE42B
:1042A000BDE87040FEF77DBDBDE8704039E4BDE873
:1042B000704050E7FFDF70BDFEB55E4C0120E0703E
:1042C0004FF6FF750CE00621FAF7ECF8060000D176
:1042D000FFDF96F84401FDF719F83046FFF7C3FEFB
:1042E00069460620FAF76BF850B1FFDF08E0029844
:1042F00030B190F8F41019B10088A842E3D104E07D
:104300006846FAF73AF80028F1D00020E070FEBDC8
:104310002DE9F0474748446994F80B11002955D01E
:1043200094F8F410032951D194F839900078FFF7EC
:1043300085FE054694F85401FFF780FE284486B2B6
:1043400094F85401FFF77AFE00F5C8601FFA80F870
:104350004846FEF7BDF8D4F84C110D1A4846FEF752
:1043600047F84FF47A7A00F2E730B0FBFAF02D1AF2
:104370004846FEF7ADF8D4F8C8100F1A4846FEF7C5
:1043800037F84AF2B1210144B1FBFAF03A1AA2F12E
:1043900060007043B0FBF8F1292000EB520060315F
:1043A000A0EB510200EB5100AA4201D8854201D393
:1043B000F4F75EFE608840F2E24148433146FFF781
:1043C00023F8C4F8FC00002084F80B01EDE470B57C
:1043D0000446FCF7B4F9054694F83900FEF708F8EE
:1043E0004AF2B12108444FF47A71B0FBF1F0D4F8ED
:1043F000FC1040F27122014460885043C1EB40063A
:10440000303EB72D00D8B7252146012004F05AF8D8
:104410002844351A21460120A5F5477504F052F8C5
:10442000616A9C30814207D9081A06E0E009002041
:104430008C8E0100CC00002000202C49A842CD60C9
:1044400000D328468860D4F83401A0F2A710086190
:10445000BDE87040FCF76BBE10B504462349002050
:10446000C4F84801C880C4F84C0194F8090138B96F
:10447000FCF78FF9D4F81411FCF78CFE002813DC3C
:10448000B4F80611B4F84000814201D1B4F8BC1070
:10449000081AA4F8BE00A4F84010D4F83001C4F8FB
:1044A0001401C4F838011CE0B4F80401B4F8401059
:1044B000401AA4F8BE00B4F80401A4F84000D4F8EF
:1044C0001401C4F83001C4F83801D4F81C01C4F850
:1044D000C800D4F82001C4F83C01B4F82401A4F8C1
:1044E00040012046BDE8104001F07CBACC0000201D
:1044F0002DE9F0410E46044603F03FF905462046FB
:1045000003F03DF9044602F0F7FEFB4F010015D021
:10451000386990F838208A4210D090F882311BB167
:1045200090F8843123421FD02EB990F831302342C5
:1045300001D18A4218D890F88201A8B1284602F029
:10454000DBFE70B1396991F83920824209D091F8C7
:10455000820118B191F88501284205D091F88201B5
:1045600010B10120BDE8F0810020FBE730B5E24C3E
:1045700085B0E06900285ED0142200216846F6F775
:1045800084FF206990F83900FDF732FF4FF47A710B
:1045900000F5FA70B0FBF1F5206990F83900FDF7ED
:1045A00097FF2844ADF8060020690188ADF8001097
:1045B000B0F84010ADF804104188ADF8021090F842
:1045C0006E0130B1A069C11C039103F019F88DF898
:1045D0001000206990F86D018DF80800E1696846C7
:1045E00088472069002180F86E1180F86D110399C9
:1045F000002920D090F86C1100291CD190F84C10A3
:10460000242918D09DF81010039A002913D013788C
:104610000124FF2B11D0072B0DD102290BD151788A
:10462000FF2908D180F86C410399C0F870119DF8FA
:10463000101080F86F1105B030BD1B29F2D9FAE7D0
:1046400070B5AD4C206990F84D001B2800D0FFDFFD
:104650002069002580F8755090F8940100B1FFDFC3
:10466000206990F8761041B180F876500188A0F862
:10467000981180F896510C2108E00188A0F8981153
:1046800080F89651012180F89A110B2180F894113D
:104690000088FAF73AF8F9F7EFFC2079EEF75AFCC0
:1046A000206980F84D5070BD70B5934CA07980079B
:1046B00029D5A078002826D162692046D1780569DD
:1046C0000C2905F1400069D00CDCA1F102014FF08A
:1046D00001060A2916D2DFE801F01715414D5E24C4
:1046E00015291537132967D006DC0D2949D0112962
:1046F00047D0122906D155E0162966D0172973D064
:10470000FF2979D0FFDF70BD012395F84F201946AE
:1047100002F03BFD0028F6D12169082081F84F0006
:1047200070BD1079BDE8704001F013BB95F84E00E4
:10473000C00700D1FFDF01F0CBFA206910F84E1F4F
:1047400021F00101017070BD95F84D00102800D0D6
:10475000FFDF2069112180F8756008E095F84D00B1
:10476000142800D0FFDF2069152180F8756080F8DB
:104770004D1070BD95F84D00152800D0FFDF1720B3
:1047800005E095F84D00152800D0FFDF19202169BC
:1047900081F84D0070BDBDE8704051E7BDE8704044
:1047A00001F0ABBA95F84C200123002102F0EDFC9A
:1047B00000B9FFDF0E2011E015F84E0F20F00400C5
:1047C0002870BDE8704001F083BA95F84C200123B1
:1047D000002102F0DAFC00B9FFDF1C20216981F81A
:1047E0004C0070BD00E007E095F84D001E2801D098
:1047F00000B1FFDF1F20CAE7BDE8704001F074BAC6
:104800003D48016991F84E20130702D501218170BE
:10481000704742F0080281F84E208069C07881F824
:10482000B10001F04CBA10B5334C21690A88A1F8E7
:10483000BC2181F8BA0191F8380001F034FA2169FD
:1048400081F8BE0191F8390001F02DFA216981F853
:10485000BF01012081F8B801002081F88201207990
:10486000BDE81040EEF776BB10B5234C01230921BB
:10487000206990F84C20403002F087FC38B1216963
:10488000002001F8640F087301F8180C10BD012016
:10489000A07010BD70B5184C0123214620698969AC
:1048A00090F84C2009790E2A01D1122903D0002555
:1048B0001D2A03D004E0BDE87040D5E7162906D0D4
:1048C000232A01D1162902D0172909D00CE000F8BB
:1048D0004C5F80F8245040781E2882D01A2019E0BE
:1048E00090F84D201F2A09D0E269002A03D0FF2941
:1048F00001D180F86E3174E7EC00002080F84D5053
:1049000001F0E6F9206980F8655090F882010028EE
:10491000F1D00020BDE8704085E710B5F84C216962
:1049200091F84C101D2902D0232902D010BDFFF7A9
:104930007AFF2169002081F84C0081F8700010BDD9
:104940002DE9F843EE4C206990F84C101D2909D050
:104950005FF0000790F84D101F2905D07FB300F1DC
:104960004C0503E00127F5E700F14D0510F87E1F27
:1049700041F004010170A06902F005FF4FF0010849
:10498000002608B33946A069FFF7B2FDE0B16A46D8
:10499000A169206902F0BEFC90B3A06902F0F1FEAB
:1049A0002169A1F87601B1F8401001F062F940B335
:1049B0002069282180F85D1080F85C8048E0FFE7DE
:1049C0000220A070BDE8F883206990F8820110B140
:1049D0001E20FFF728FFAFB1A0692169C07881F8D8
:1049E000B20008FA00F1C1F3006000B9FFDF2069EE
:1049F0000A2180F84C1090F8700040B9FFDF06E003
:104A000009E01AE02E7001F063F9FFF7F9FE206962
:104A100080F86560D6E7206990F8820118B100201F
:104A2000FFF701FF2E70206900F14D0180F86560ED
:104A30008D420DD180F84D600AE020699DF800108C
:104A400080F878119DF8011080F8791121202870E4
:104A5000206900F14D018D4203D1BDE8F84301F01A
:104A600037B980F87060ADE770B5A54C01230B2114
:104A7000206990F84D20403002F087FB202650BB83
:104A800020690123002190F84D20403002F07DFB89
:104A90000125F0B1206990F84C0021281BD0A069B5
:104AA00002F061FEC8B1206990F87E1041F0040167
:104AB00080F87E10A1694A7902F0070280F831205F
:104AC000097901F0070180F8301090F883311BBBA1
:104AD00006E0A57085E6A67083E6BDE870408FE627
:104AE00090F88231C3B900F138035E788E4205D167
:104AF0001978914202D180F865500DE000F5D97126
:104B00000D7002884A8090F830200A7190F83100C8
:104B100048712079EEF71EFA21691E2081F84D00B8
:104B2000BDE8704001F0CBB870B5754C206990F8C5
:104B30004E10890707D590F84C20012308214030FA
:104B400002F023FBE8B1206990F87800800712D4C6
:104B5000A06902F0FCFD216981F87900A06930F8B4
:104B6000052FA1F87A204088A1F87C0011F8780F71
:104B700040F002000870206990F87810C90703D04F
:104B80000FE00120A0702CE690F84E00800700D5C1
:104B9000FFDF206910F84E1F41F00201017001F0A3
:104BA0008EF82069002590F84C10062906D180F86F
:104BB0004C5080F870502079EEF7CCF9206990F8CD
:104BC00074110429DFD180F874512079EEF7C2F90D
:104BD000206990F84C100029D5D180F8705000E67B
:104BE00070B5474C01230021206990F84D204030DA
:104BF00002F0CBFA012578B9206990F84D20122AED
:104C00000AD001230521403002F0BFFA10B108207C
:104C1000A070E6E5A570E4E5206990F8760008B993
:104C200001F04DF82169A069D03102F07EFD2169C3
:104C3000A069A83102F07FFD206990F89C0100B1C5
:104C4000FFDF21690888A1F89E0101F5D071A069F4
:104C500002F063FD2169A06901F5D47102F062FDE3
:104C6000206980F89C51142180F84D102079BDE80E
:104C70007040EEF76FB970B5214C01230021206917
:104C800090F84D20403002F080FA0125A8B1A069CB
:104C900002F019FD98B1A0692169B0F80D00A1F8E2
:104CA0007601B1F8401000F0E4FF58B120692821E6
:104CB00080F85D1080F85C5093E5A57091E5BDE843
:104CC00070409DE5A0692169027981F87821B0F8EA
:104CD0000520A1F87A2102F0EDFC2169A1F87C0100
:104CE000A06902F0EAFC2169A1F87E01A06902F046
:104CF000E7FC2169A1F880010D2081F84D0070E5E5
:104D0000EC0000207CB5FD4CA079C00738D0A0692C
:104D100001230521C578206990F84D20403002F02C
:104D200034FA68B1AD1E0A2D06D2DFE805F0090994
:104D30000505090905050909A07840F00800A070DB
:104D4000A07800281CD1A06902F08AFC00286ED04F
:104D5000A0690226C5781DB1012D01D0162D18D1EC
:104D6000206990F84C0002F0F8F990B1216991F8AF
:104D70004C001C280DD01D2803D0162D16D0A6706F
:104D80007CBD232081F84C00162D02D02A20FFF78D
:104D90004AFD0B2D3DD00CDC0B2D48D2DFE805F091
:104DA00033301D44B2B248A957B236002020A0705B
:104DB0007CBD0120132D6BD008DC0C2D44D00D2DB3
:104DC00070D0112D6FD0122D31D164E0162D76D018
:104DD000182D77D0FF2D2AD18EE0206901231946A6
:104DE00090F84F20403002F0D0F9F8B9A06902F0F5
:104DF00092FC216981F85A01072081F84F0083E075
:104E000000F0EAFF80E0FFF736FF7DE000F0C4FF2E
:104E10007AE0206990F84D10112901D0A67073E056
:104E2000122180F84D106FE0FFF7DAFE6CE069E0C8
:104E3000206990F84D001728F0D100F049FF216952
:104E40001B2081F84D005FE0FFF76EFE5CE02069FB
:104E500090F84E00C00703D0A07840F001001FE09A
:104E60006946A06902F075FC9DF8000000F005019C
:104E7000206900F87E1F9DF8011001F0410141708A
:104E800000F01DFF206910F84E1F41F0010114E0F1
:104E9000FFF7EAFC38E0216991F84E10490705D583
:104EA000A07031E011E013E009E00BE000F007FF33
:104EB000206910F84E1F41F00401017024E0FFF753
:104EC000D3FD21E0FFF73CFD1EE0A06900790DE075
:104ED000206910F87E1F41F004010170A06902F002
:104EE0006CFC162810D1A06902F06BFCFFF715FDD1
:104EF0000AE0FFF7CFFC07E0E16919B1216981F809
:104F00006E0101E0FFF77CFC2169F1E92402401CFD
:104F100042F10002C1E900027CBD70B5774CA07976
:104F200000074AD5A078002847D1206990F8B3003F
:104F3000FE2800D1FFDF2069FE21002580F8B31094
:104F400090F84D10192906D180F8755000F0C0FE78
:104F5000206980F84D50206990F84C101C2902D02F
:104F6000242921D119E090F84D0002F0F6F878B12B
:104F700020692321012380F84C1090F84D200B214B
:104F8000403002F002F978B92A20FFF74CFC0BE020
:104F900021691D2081F84C0006E0012180F86D1187
:104FA00080F84C5080F87050206990F84F10082914
:104FB00003D10221217080F8B31012E44F4909692E
:104FC00091F878210AB991F8382081F8382091F8C1
:104FD00079210AB991F8392081F83920002801D0C7
:104FE000002020E4704770B5444C06460D46206909
:104FF00090F8B300FE2800D0FFDF2269002082F87D
:10500000B36015B1A2F8720075E422F86C0F0120AC
:10501000107170E470B5394C01230021206990F8BB
:105020004C20403002F0B1F800283FD0206990F8C1
:10503000821139B390F8831121BB90F84D200123E0
:105040000B21403002F0A1F8E0B9206990F8380057
:1050500000F029FE0546206990F8390000F023FE93
:105060000646206990F88411284600F00EFE50B1E3
:10507000206990F88511304600F007FE18B1002035
:10508000FFF7D1FB11E020690123032190F84D20A7
:10509000403002F07AF840B920690123022190F8EB
:1050A0004D20403002F071F808B1002023E40021C7
:1050B0001620FFF798FF01201DE470B50F4C206902
:1050C00090F8B310FE297AD1A178002977D190F811
:1050D0004F2001231946403002F057F800286ED1C6
:1050E000206990F8581159B10021A0F86A1090F881
:1050F000591180F8B410002102205DE0EC0000207E
:1051000090F84D2001230421403002F03EF805467E
:1051100000F0C6FE002852D1284600F0EBFE002821
:105120004DD120690123002190F84C20403002F03D
:105130002CF878B120690123042190F84D204030EB
:1051400002F023F830B9206990F8640010B1002112
:10515000122031E0206990F84C200A2A0DD0002D51
:105160002DD101230021403002F00FF878B12069E1
:1051700090F8741104290AD105E010F8B21F81706B
:105180000021072018E090F87800800718D0FFF77A
:1051900041FF002813D120690123002190F84C2001
:1051A000403001F0F2FF002809D0206990F86C012E
:1051B000002804D00021FF20BDE8704013E709E07B
:1051C00000210C20FFF70FFF206910F8781F41F035
:1051D000010101707EE43EB505466846FDF7F8FF23
:1051E00000B9FFDF222200210098F6F74EF90321D3
:1051F000009802F01CFA0098017821F0100101706B
:10520000294602F03AFAFE4C0C2D27D00ADCA5F113
:1052100002050A2D16D2DFE805F01C154416161CEF
:10522000154F1516132D0ED006DC0D2D2CD0112D7B
:1052300021D0122D06D106E0162D29D0172D4CD0E5
:10524000FF2D55D0FFDFFDF7D8FF002800D1FFDF8D
:105250003EBD2169009891F8B41017E0E26800980B
:105260001178017191884171090A81715188C17168
:10527000090A0172E7E70321009802F09CFA06216F
:10528000009802F09CFADEE7009806210171DAE747
:105290000098216991F88421027191F8851141717A
:1052A000D1E721690098D83102F049FA21690098C4
:1052B000AC3102F049FAC6E7D249D1E90001CDE9A3
:1052C0000101206901A990F87E0000F005008DF829
:1052D0000400009802F042FAB5E7216991F88201D2
:1052E00000280098D6D111F8382F02714978D6E7F6
:1052F000206990F86F21D0F87011009802F0CBF976
:10530000A1E7BF4810B5006990F8521041B990F874
:105310004D2001230621403001F037FF002800D046
:10532000012010BD70B5B64D286990F8501039B104
:10533000012905D0022906D0032904D0FFDF22E489
:10534000B0F8BC1037E090F84F10082936D0B0F80C
:105350006610B0F8682000248B1C9A4206D3511ABC
:10536000891E0C04240C01D0641EA4B290F86410B1
:1053700039B190F84C2001230921403001F005FF9C
:1053800040B3FFF7BEFF78B129690020B1F8602073
:10539000B1F85E108B1C9A4203D3501A801E00D0C5
:1053A000401EA04200D284B20CB1641EA4B228698F
:1053B000B0F8BC102144A0F8B81010E4B0F86610A2
:1053C0000329BDD330F8401F028D1144491CA0F8B9
:1053D000781004E40024EAE770B50C4605464FF463
:1053E000E07200212046F6F750F8258011E4F9F725
:1053F00063B92DE9F0410D4607460621F9F752F849
:1054000004003DD094F888010026B8B16E700720E2
:1054100028700DE0268484F88861D4F88A01C5F8E4
:105420000200D4F88E01C5F80600B4F89201688134
:1054300094F888010028EDD1AE7088E094F89401CA
:1054400090B394F894010B2813D00C2801D0FFDFFF
:105450007DE02088F9F759F90746F8F722FE78B978
:105460006E700C20287094F89601A8702088A8808F
:1054700014E02088F9F749F90746F8F712FE10B151
:105480000020BDE8F0816E700B20287094F8960122
:10549000A8702088A88094F89A01A87184F8946173
:1054A0003846F8F7F8FD52E0FFE794F8B00130B164
:1054B0006E700E20287084F8B0616F8047E094F819
:1054C0009C0180B16E700820287020886880D4F814
:1054D000A0116960D4F8A411A960B4F8A801A8814A
:1054E00084F89C6133E094F8AA0170B16E701520C5
:1054F000287005E084F8AA61D4F8AC01C5F8020070
:1055000094F8AA010028F5D121E094F8B20140B145
:105510001720287084F8B261D4F8B401C5F80200ED
:1055200015E094F8B8010028ABD06E7012202870F6
:1055300009E000BF84F8B861D4F8BA01C5F80200E8
:10554000B4F8BE01E88094F8B8010028F2D1012037
:1055500097E72B480021C16101620846704730B5CA
:10556000274D0C46E860FFF7F4FF00B1FFDF2C7118
:1055700030BD002180F84C1080F84D1080F850109C
:1055800090F8C61009B1022100E00321FEF7DFBC4C
:105590002DE9F0411A4C0546206909B1002104E0CB
:1055A000B0F8CE10B0F8BE201144A0F8CE1090F89C
:1055B000581139B990F84F2001231946403001F0B5
:1055C000E4FD30B1206930F86A1FB0F8542011446E
:1055D0000180206990F8703033B1B0F86C10B0F8E9
:1055E000BE201144A0F86C1090F97470002F06DDF5
:1055F000B0F87210B0F8BE201144A0F8721003E0A9
:10560000EC000020A48E010001213D2615B180F898
:105610005D6013E02278022A0AD0012A11D0A27814
:105620002AB380F85C1012F0140F0DD01E2113E085
:1056300090F8B420062A3CD016223AE080F85C109C
:1056400044E090F85A2134E0110702D580F85D60FB
:105650003CE0910603D5232180F85D1036E09007E9
:1056600000D1FFDF21692A2081F85D002AE02BB1FB
:10567000B0F86C20B0F86E309A4210D2002F05DDE1
:10568000B0F87220B0F86E309A4208D2B0F86A30A2
:10569000B0F86820934204D390F858310BB122221D
:1056A00007E090F850303BB1B0F86630934209D330
:1056B000082280F85D20C1E7B0F86620062A01D3F1
:1056C0003E22F6E7206990F85C1019B12069BDE828
:1056D000F0414EE7BDE8F0410021FEF738BC2DE96E
:1056E000F047FF4C81460D4620690088F9F71FF806
:1056F000060000D1FFDFA0782843A070A0794FF00A
:1057000000058006206904D5A0F8665080F8CC50CA
:1057100003E030F8661F491C0180FFF7F2FD012706
:1057200040B3E088000506D5206990F8521011B109
:10573000A0F85E501EE02069B0F85E10491C89B2E6
:10574000A0F85E10B0F860208A4201D3531A00E03E
:105750000023B4F808C00CF1050C634501D880F8AB
:105760006470914206D3A0F85E5080F8B071207941
:10577000EDF7F0FBA0794FF0020810F0600F0ED0AB
:10578000206990F8501011B1032908D102E080F887
:10579000507001E080F850800121FEF7D8FB2069AD
:1057A00090F85010012904D1E188C90501D580F88D
:1057B0005080B9F1000F70D1E188890502D5A0F8B9
:1057C000E05003E030F8E01F491C018000F02FFB9F
:1057D000FEF7CCFEFFF771FC00F04EFD00282069BB
:1057E00002D0A0F8C05003E030F8C01F491C01806F
:1057F00000F045FD38B1216991F8CC00022807D8A6
:10580000401C81F8CC00206990F8CC00022804D913
:10581000206920F8C05F45800573206901230021BD
:1058200090F84D20403001F0B0FC20B9206990F88C
:105830004D000C2859D120690123002190F84C20FB
:10584000403001F0A2FC48B320690123002190F808
:105850004F20403001F099FC00B3206990F85010BF
:10586000022942D190F8CC00C0B93046F8F7E9F9E6
:10587000A0B1216991F8B300FE2836D1B1F8BA0081
:10588000012832D981F8C570B1F86800B1F86620F6
:10589000831E9A4203DB012004E032E025E0801AF7
:1058A000401E80B2B1F8C02023899A4201D3012260
:1058B00002E09A1A521C92B2904200D91046012876
:1058C00001D181F8C55091F8512192B1B1F8C220AF
:1058D000B1F852118A4201D3012102E0891A491C10
:1058E00089B2884205D9084603E02169012081F880
:1058F000C5502169B1F840201044A1F8BC00FFF761
:1059000011FDE088C0F340214846FFF741FE2069C1
:1059100080F8C650BDE8F047FDF792BC70490246DA
:105920008878CB7818430DD10846006942B189794F
:10593000090703D590F84F00082803D001207047CD
:10594000FEF750BA0020704770B5654C05460E460C
:10595000E0882843E080A80703D5E80700D0FFDFF0
:105960006661EA074FF000014FF001001AD0A6610E
:10597000F278062A02D00B2A14D10AE0226992F8A2
:105980004D30172B0ED10023E2E9223302F8370CF9
:1059900008E0226992F84D30112B03D182F85110A2
:1059A00082F87600AA0718D56269D278052A02D053
:1059B0000B2A12D10AE0216991F84D20152A0CD149
:1059C0000022E1E9242201F83E0C06E0206990F86B
:1059D0004D20102A01D180F85210280601D5082048
:1059E000E070ACE42DE9F84F3D4C00254FF0010884
:1059F000E580A570E5704146257061F307022061DE
:105A00009246814680F8C6800088F8F790FE07002D
:105A100000D1FFDF20690088FDF7D7FB20690088EF
:105A2000FDF7FCFB2069B0F8BA1071B190F8B31023
:105A3000FE290FD190F8581191B190F84F20012311
:105A40001946403001F0A1FB80B1206990F8B30005
:105A5000FE2805D0206990F8B30000BFFFF7BBFB1C
:105A6000206990F8C71089B1258118E02069A0F855
:105A70006A5090F8591180F8B41000210220FFF705
:105A8000B2FA206980F8C5500220E7E790F8881143
:105A900019B9018C8288914200D881882181B0F89F
:105AA000BE10491E8EB2B0F8C0103144A0F8C0102C
:105AB00090F8C41021B1A0F8C25080F8C45004E09E
:105AC000B0F8C2103144A0F8C21030F8661F31445B
:105AD0000180FFF716FC38B1206930F85E1F01E045
:105AE000EC000020314401802069B0F8BA1001298F
:105AF00002D8491CA0F8BA100EB180F8CC5090F82A
:105B0000C510A1B1B0F8C000218988420FD2384633
:105B1000F8F797F858B1206990F8511139B1B0F8F9
:105B2000C210B0F85201814201D300F0ABFB2069F2
:105B300080F8C55090F84D100B2901D00C2916D1D2
:105B4000B0F84020B0F87631D21A12B2002A0EDB3B
:105B5000D0F87811816090F87C110173032101F075
:105B6000F9F9206980F84D5080F8808026E02129DD
:105B700010D1B0F84010B0F87621891A09B2002986
:105B800008DB90F88201FFF719FA206900F84D5FF1
:105B9000057613E090F84C10212901D022290DD16F
:105BA000B0F84010B0F87601081A00B2002805DB02
:105BB0000120FFF703FA206980F84C502069014664
:105BC000B0F8BE20403001F051FA206990F8511130
:105BD00009B1A0F8C250F8480090F84BF84A49467D
:105BE000504600F0A8FA216A11B16078FCF7ECFF8A
:105BF00020690123052190F84D20403001F0C5FABD
:105C0000002803D0BDE8F84F00F0FBB9BDE8F88FDD
:105C100000F002BBEB49C8617047EA48C069002840
:105C200000D001207047E74A50701162704710B5EC
:105C300004460088A4F88C01B4F87C01A4F88E0115
:105C4000B4F87E01A4F89001B4F88001A4F89201A0
:105C5000012084F88801DB480079EDF77BF9022107
:105C6000204601F077F9002004F84D0F0320E07082
:105C700010BD401A00B247F6FE71884201DC0028D0
:105C800001DC0120704700207047012802D0022863
:105C900005D102E0012904D001E0022901D0002051
:105CA00070470120704710B5012804D0022804D0A5
:105CB000FFDF204610BD0124FBE70224F9E7C148BD
:105CC0000021006920F8721F8178491C817070479B
:105CD000BC4800B5016911F8740F401E40B208704D
:105CE000002800DAFFDF00BDB6482421006980F8F3
:105CF0004C10002180F86C11704710B5B14C206930
:105D000090F87411042916D190F84C200123002139
:105D1000403001F03AFA00B9FFDF206990F87810BE
:105D2000890703D4062180F84C1004E0002180F894
:105D3000701080F87411206990F84E00800707D524
:105D4000FFF7C6FF206910F84E1F21F00201017015
:105D500010BD9C4910B5096991F84C200A2A09D157
:105D600091F8B220824205D1002081F84C0081F8E0
:105D7000700010BD91F84E20130706D522F00800E0
:105D800081F84E00BDE81040A2E7FF2801D0FFDFF8
:105D900010BDBDE81040A7E710B58A4C01230021D3
:105DA000206990F84D20403001F0EFF930B1FFF755
:105DB00086FF2169102081F84D0010BD2069012364
:105DC000052190F84D20403001F0DFF908B108209E
:105DD00000E00120A07010BD70B57A4C01230021B5
:105DE000206990F84D20403001F0CFF9012588B1AD
:105DF000A06901F08DFC2169A1F87601B1F840108D
:105E0000FFF737FF40B12069282180F85D1080F846
:105E10005C50E6E5A570E4E52169A06901F5BC7177
:105E200001F071FC21690B2081F84D00D9E510B516
:105E3000FFF773F8FEF766FF624CA079400708D5BC
:105E4000A07830B9206990F84F00072801D10120CF
:105E50002070FEF729FCA079C00609D5A07838B9D2
:105E6000206990F84D100B2902D10C2180F84D10BB
:105E7000E07800070ED520690123052190F84D2018
:105E8000403001F082F930B10820A0702169002073
:105E900081F8940110BDBDE81040002000F026BB41
:105EA00010B528BB474C216991F84E00C20702D0BB
:105EB0000121092018E082070AD501210C20FFF7F3
:105EC00092F8206910F8781F41F0010101700DE08F
:105ED000420702D50121132006E0000708D511F87A
:105EE000B10FC87001210720FFF77DF8012010BD18
:105EF000002010BD10B5334C216991F84D2040B3FE
:105F0000102A06D0142A07D0152A19D01B2A2BD103
:105F100019E001210B2018E0FBF7ECFD0C2816D34B
:105F200020690821D830FBF7E9FD28B12069042158
:105F3000AC30FBF7E3FD00B9FFDF0121042004E0F2
:105F400000F017F803E001210620FFF74CF80120CC
:105F500010BD1E2A08D191F8650038B991F8820168
:105F600010B191F8830108B1002010BD0121172064
:105F7000EBE770B5134C0025206990F85B110129FF
:105F80000AD002292DD190F87610E9B1062180F8C7
:105F9000B410012102201FE090F89411002920D1B3
:105FA00000F1980300F1D001002200F5AE7001F07D
:105FB0008CF8012105200FE0DF5601001D5901007A
:105FC00049590100EC00002090F87E00400701D5FF
:105FD000112000E00D200121FFF705F8206980F86D
:105FE0005B51FEE4FE480078002800D00C2070478A
:105FF00010B50446FFF7F6FF00B1FFDFF848047262
:1060000010BDF7490120C871704770B50C460546B0
:10601000082B01D0194600E00421104601F035F9A3
:106020000DB9001D80B2844200D22046C0B270BDBE
:1060300070B5EB4934314C6804F1400590B14FF430
:10604000A4721B2194F83930A87CFFF7DEFFA97CED
:1060500001B10421084494F83910C0B2BDE8704081
:10606000FCF76BBA1F2094F83810F7E72DE9F047DA
:106070008146DB484FF4A47234301B21446804F19C
:10608000400694F83930B07CFFF7BFFFD44F054687
:10609000D44878620120FFF7CBFFB07C4FF00008B6
:1060A00040B306F15801CF4891E80E1000F1480ABC
:1060B0008AE80E10B16EC0F86110F16EC0F865107C
:1060C0002230FCF718FDC748012148300176D6E997
:1060D0001412C0E90412A0F12602796AFCF7F3F861
:1060E00094F8390000F08AFB024629460120FCF7AB
:1060F000F8F804E0786AFCF7FEFCFCF714F9B9F153
:10610000000F03D141469620FCF721FD94F838207A
:10611000012100202C34FCF7DCFD2078012801D17E
:10612000FCF7B6FD02203870FCF738FF002800D0DD
:10613000FFDFBDE8F0872DE9F043A94C87B080462A
:1061400020780E9F1D461646894610B90EB105B13E
:1061500007B9FFDFE761C4E905650020C4E90D89DF
:10616000E071A071E070A07020719D4E6071A081FF
:106170003436E08177683D4637F8400BF8F7D7FAB8
:10618000E0622888F8F7C1FA2063FCF7E0F995F996
:106190003B00FCF7A1FA05F11200FCF78EFC05F1BB
:1061A0000E00FCF79FFA0120FCF7A2FC18228E4992
:1061B0006846F5F740F98D4804906846FCF78CFC7A
:1061C000F87EFCF799FAFCF78DFC4FF4A4721B21C2
:1061D00095F83930B87CFFF718FFB97C01B104217C
:1061E000084495F83940C0B22146FCF7A6F970681A
:1061F00090F8500108B1FCF72FFA21460120FCF776
:1062000035FB7068D0F8C800FCF779FC0120FFF777
:106210002DFF07B0BDE8F083714800B50078022873
:1062200000D0FFDF00BD6E4810B534304468FCF785
:10623000DEFCFCF7BCFCFCF70BFCFCF744FCFCF7B9
:1062400072F894F82C00012801D1FCF717FD644C7A
:10625000E08900F0DDFAE269A179A078904700209A
:10626000207010BD5E4810B50078022800D0FFDF16
:10627000BDE81040D7E7D6E759480079704758483D
:10628000C078704756490120487170472DE9FC4796
:1062900053481B253430A0F114094468504E27465A
:1062A00094F845004FF0000A4FF00108403458B30D
:1062B000012865D0022867D0032872D0FFDF306A3A
:1062C0000825B146017821F008010170A37905EA9B
:1062D000C303194321F004010170E379042505EAA1
:1062E0008303194321F0100101706679D9F82C005D
:1062F000F7F7B7FC0546FCF7B6FF022E58D0012E83
:1063000056D0032E57D059E000F08CFA01464FF4D6
:10631000A47000F0BAFF1B2800D92846ADF804008D
:106320004846FCF77EFF48B14FF48060316A00F0C8
:1063300073FA0320607184F80380C0E76A4601A9FC
:10634000F06A00F059FA306210B194F8351029B1B2
:106350004846FCF737FF84F80580B0E79DF8001049
:1063600031B9A0F800A080F802A0012101F05FF986
:10637000BDF80410306A01F026FA022060719EE731
:106380004846FCF71FFF9AE7ADF804506A4601A99A
:10639000F06A00F031FA3062002890D1FFDF8EE71A
:1063A000FFE74846FCF73DFF002888D1FFDF86E77E
:1063B000A84301D002E00DB1012100E00021D9F88D
:1063C00020004D46027842EA01110170617C91B3D0
:1063D0006179012930D004F1580102484EC907E023
:1063E00010010020580A0020AC8E0100873F0100F8
:1063F00000F1480989E84E00A16EC0F86110E16E15
:10640000C0F865102230FCF776FBF94880F818A038
:10641000D4E91212C0E90412A0F126012A6AFBF79E
:1064200052FF97F8380000F0E9F90246FB210020FE
:10643000FBF757FF04E0FFE7FCF75DFBFBF773FF9B
:10644000012197F839200846FCF743FC85F80480C1
:10645000296A0A882A828978A97485F80080FCF75D
:10646000A9FD002800D0FFDFBDE8FC8770B5E14C36
:10647000054639B9012D05D1E078401CC0B2E07065
:10648000012821D8A16928468847E8B1D848617910
:10649000483831B1012D04D1417811B90178C906CC
:1064A00012D5A17981B98DB9D24910310978CA06BE
:1064B00002D40078C00607D5A08928B9A06A28B9F7
:1064C000608918B1C80601D4012070BD002070BDDC
:1064D00010B5C84CA06A00B9FFDF6289D4E9091081
:1064E000D21CF4F7A8FFA06A606210BD2DE9F04746
:1064F0000600C048BF4D00F134004468686A04F1EA
:106500004004477801D0012E03D1296B01F0A6FF8A
:10651000687068784FF000084FF0010938B1012821
:1065200017D0022830D0032845D0FFDF01E6012E26
:1065300031D0FFF7CDFF39460122286BF7F702FC77
:1065400027E000BF84F8078030E000BF84F80790A0
:106550002CE0012E08D0FFF7BBFF39460022286B44
:10656000F7F7F0FB022EE1D0D4E91401401C41F111
:106570000001C4E91401E079012802D084F80790F1
:10658000D7E584F80780D4E5012E04D0286BF7F70F
:106590005DFD022ECAD0D4E91401401C41F1000176
:1065A000C4E91401E0790128D0D1CBE7287ABDE80D
:1065B000F047ECF7CFBC012EB8D0286BF7F746FDBB
:1065C000F4E770B58B498B4A343100264C68516A28
:1065D000012540340B7803F00303012B14D0022B68
:1065E00012D0032B03D0907940F0040023E0A57073
:1065F000D08940F40060D081012000F00DF91CE04A
:10660000E67170BDE57170BD4978B1B1D38943F4CD
:106610000063D381936A002BF5D01B2908D8D17968
:1066200021B1BDE87040802000F0F2B8057070BD67
:10663000907940F01000907170BDE0790128E1D1AF
:10664000DEE770B56B486B4D3430446828784034D1
:10665000012800D0FFDFA07838B10020A0700146EB
:10666000042000F0D9F801202071296A0878C0437D
:10667000800705D1A889400502D5022000F0CCF89A
:1066800001210020FFF7F2FE10B1BDE87040CAE51D
:10669000BDE870400020E9E42DE9F84F554F554C16
:1066A000343700267D6882468DF8006020784035BA
:1066B000022800D0FFDFE08940F40070E081002074
:1066C000FFF7B6FCA87CBAF1000F5BD0FBF74EFEDB
:1066D000FBF73EFE4FF0010968B9A87C58B1606A2B
:1066E000417841B10078E979C0F3C000884202D115
:1066F00084F8029059E0606A4178618121B1206B91
:10670000F7F7DAFAA06200E0A662E089B84640F046
:106710002000E081E670786800F14007064690F8B6
:106720002C00012816D1FCF7A9FA3946304600F0B2
:10673000EAFC78B1D8F804003188A0F8AC11397AB5
:1067400080F8AE11797A80F8AF1180F8AA91207A9A
:10675000ECF700FC606AA9790078C0F380008842F9
:1067600005D000F091F8E08940F48070E081606A23
:10677000E9790078C0F3C00088420AD16846FFF783
:1067800020FF06E008B1FBF722FEE08940F0400060
:10679000E08151460120FFF769FE00289DF80000C6
:1067A00007D010B10020FFF7A1FEFFF73CFDBDE8C8
:1067B000F88F10B10120FFF799FEFFF767FD9DF8F4
:1067C00000000028F3D00220FFF790FEEFE770B53D
:1067D000064608480D4634304468FBF760FE034621
:1067E00094F8382029463046BDE87040FDF7E8BBF4
:1067F000A00A002010010020F7F76DB900B50128AC
:1068000002D0022802D0FFDF002000BD012000BD21
:10681000464A002152691047444A938903439381B1
:1068200052691047414810B53430446804F14001C2
:10683000087B21280ED0497B21290BD01C280CD0A5
:106840001D280AD01F2912D094F83800042800D13E
:10685000082010BD94F8781106E01F2907D094F89D
:10686000840100F04FF8014694F8380008E094F8ED
:10687000840114F8311F084000F044F80146E07923
:10688000BDE8104000F048B870B52848343044687E
:1068900094F845004034002831D002280FD1234D10
:1068A000E86AF7F744F900B9FFDFD4E91201401CA8
:1068B00041F10001C4E91201287AECF74BFB0025F5
:1068C0006571207920B1257100211020FFF7A4FF08
:1068D000E07878B1E570FCF7B3FC00B9FFDF002188
:1068E0000820FFF799FFD4E91201401C41F1000193
:1068F000C4E91201A079012802D00120A07170BD65
:10690000A57170BDC10701D001207047800701D576
:106910000220704700207047002904D0012803D0CE
:10692000012901D00220704701207047100100208A
:106930002DE9F0410F4606460024FE4D0FE000BF52
:1069400005EBC40090F85311B14206D10622394636
:1069500000F5AA70F4F742FD38B1641CE4B228785F
:10696000A042EDD81020BDE8F0812046FBE7F0B54D
:106970000746F04816460478621C027000EBC40516
:106980000868C5F854018888A5F85801102C00D370
:10699000FFDF85F8537185F85A612046F0BD70B568
:1069A000054600F017FA10281CD1E24C2078401E52
:1069B000C0B22070A84215D004EBC00204EBC501A0
:1069C00002F58070D2F85321C1F85321D0F8570056
:1069D000C1F85701207800F0FDF9102802D02044BA
:1069E00080F8035170BD2DE9F047D24C0646A71937
:1069F000A078401EC5B2A57097F80381AE422AD098
:106A000004EB051A04EB06190AF1030109F103006E
:106A10001022F4F710FD0AF1830109F1830010221E
:106A2000F4F709FD601905EB450290F8031187F8AA
:106A3000031106EB460104EB420204EB4101D2F8DC
:106A40000B31C1F80B31B2F80F21A1F80F2190F8EA
:106A50003B0187F83B0104EBC80090F85A01C007DE
:106A600003D14046BDE8F04799E7BDE8F087B1495A
:106A70008A78824203D9084490F843017047002085
:106A8000704710B540F2D3120021AA48F4F7FDFC7C
:106A90000822FF21A848F4F7F8FCA74800210C3889
:106AA000417081704FF46171818010BD70B50D46E9
:106AB0000646FFF73DFF9F4C102807D004EBC001AE
:106AC00091F85A11C90701D0012070BD61780829D9
:106AD00010D2102808D004EBC000012180F85A1110
:106AE0006078401C6070EFE7012229463046FFF7CE
:106AF0003EFFF5E7002070BD70B58E4D2878401E32
:106B000044B20AE005EBC40090F85A01C00702D075
:106B1000E0B200F070F9641E64B2002CF2DA86492B
:106B200000200C39887070BD82498A78824203D96E
:106B300001EB0010C01C7047002070472DE9F047A2
:106B4000984691460C460546FFF7F2FE0646102889
:106B500005D000F03FF9102801D0122085E7754FCD
:106B6000B87808282AD2102E05D1002221462846BE
:106B7000FFF7FDFE0646BC781022601CB87007EBDC
:106B80000415E81C494600F093FA05F18300102231
:106B9000414600F08DFA1021404600F07AFA3C445C
:106BA000102184F84301484604F5967400F071FA08
:106BB000E07704F8296C0020E07356E7072054E7DB
:106BC0005C4810B58078401E44B204E0E0B2FFF7A4
:106BD0000AFF641E64B2002CF8DA10BD56490C3965
:106BE0004870704754480C384078704740B14AF2BA
:106BF000B811884204D850490C3988800120704768
:106C0000002070474C480C388088704710B5FFF75B
:106C10008FFE102803D000F0DDF8102800D10820E6
:106C200010BD44498A78824203D901EB00108330B9
:106C30007047002070473F4B10B59C7884420FD9B5
:106C4000184490F8030103EBC00090F853310B7027
:106C5000D0F854111160B0F858019080012010BD97
:106C6000002010BD334A114491F8032132490C39F8
:106C70000A700268C1F8062080884881704770B5A4
:106C80002D4B0C3B5B7873B12A4B9C785CB145185B
:106C900021460AB1D81C01E0264883302A46FBF77A
:106CA0007EFA012070BD002070BD10B5FBF7C5FA5B
:106CB00018B1BDE81040FBF7D0BAFF2010BD1D4948
:106CC0008A78824209D9084490F8030101EBC00098
:106CD00090F85A0100F001007047002070472DE93C
:106CE000F04100242546134E2CE0284600F072F8AF
:106CF0008046FFF719FF06EBC50797F85A11C90739
:106D00001ED060B1B8F1100F05D006EB080191F864
:106D10003B11012903D0102100F0BBF980B10649D5
:106D2000204601F80480641C97F8532107F5AA71E6
:106D3000E4B203E0C80A002058010020FBF7A7FCDA
:106D40006D1CEDB23078A842CFD80CE6012296E750
:106D50002E4A01EB410102EB41010268C1F80B210F
:106D60008088A1F80F01704701461022284800F0E2
:106D70009FB92748704725498A78824203D9084439
:106D800090F83B0108B100207047012070472DE9C1
:106D9000F0410E46074615460621304600F079F9C7
:106DA0001A4C58B1002004E02118401C81F83B51D6
:106DB000C0B2A1788142F7D80120D4E531463846E7
:106DC000FFF724FF082803D0204480F83B51F3E765
:106DD0000020C8E50D4910B5034600208A7806E07A
:106DE0000C1894F803419C4204D0401CC0B282426B
:106DF000F6D8102010BD05494A78521E4A7001EBA2
:106E0000C001002281F85A21C9E50000C80A00200B
:106E10009B0C002000F00101400800F00102114429
:106E2000400800F001021144400800F00102114442
:106E3000400800F001021144400800F00102114432
:106E4000400800F00102114401EB5000704710B5FA
:106E50000024C484448DDB004C43B3FBF2F394FB69
:106E6000F2F45B1C44859BB203FB02F40385B4F58A
:106E7000C84F01DD5B1E03854FF4FA43B3FBF2F309
:106E80005B1CC385438C02EBC3035B1EB3FBF2F3B5
:106E90000384C38B4B43B3FBF2F1C18310BD70B5C8
:106EA0000546087B0E4600F01F0008730020687638
:106EB00004463019007AFFF7ADFF2919641C0875E4
:106EC000697EE4B208446876052CF2D3C0B2252866
:106ED00000D9FFDF70BD0023C383428401EBC202EF
:106EE000521EB2FBF1F101847047F0B56FF01F0242
:106EF000010C02EA90261F25A1F5AA4054380DD0B6
:106F0000A1F5AA40553809D0A1F52850AA3805D0D6
:106F1000A1F52A40AA3801D0012000E0002000227B
:106F20001346144682EA0107FF431F437F1C0FD01C
:106F300006F00107520842EAC73205F001075B0874
:106F400076086D08641C43EAC733162CEAD3F0BDFB
:106F50000020F0BD2DE9F04101270446002500F195
:106F6000400651B1012951D0022976D003294BD1D5
:106F700001463046BDE8F04191E7782200213046D5
:106F8000F4F783FAB571F57135737573F57335746C
:106F90007571B576F57686F83E70412086F83F002B
:106FA000FE2086F8730026883C2200212046F4F754
:106FB0006CFA24F8AE6B282004F8767C04F8757C13
:106FC00004F8740C04F8A17C4FF4486024F8AC0C6D
:106FD0006581A581E58125826582A582E575657655
:106FE0002584A5776586A58684F8D45084F8D55085
:106FF00084F8A35084F8AA5084F8AD5084F8C650A1
:10700000C4F8BE50C4F8C250BDE8F081A4F8CE5018
:1070100084F8C6506188FE480A460844B0FBF1F087
:10702000A4F860004BF68030A4F86200E388304694
:10703000FFF70DFF21463046FFF731FFFAF7BCFCA2
:1070400020B1D4F80E00FFF750FF18B184F850516A
:10705000DAE702E084F85071D6E74188B4F880316D
:10706000B4F87C213046BDE8F041F0E6437E0BB138
:10707000252B01D9122070472AB14B7B2BB1012B54
:1070800005D01F2070470020704700F0E8B900F0DD
:107090008CB910B500231A4603E0845C2343521CCC
:1070A000D2B28A42F9D30BB1002010BD012010BD2D
:1070B00030B5134606E0CC18D51A14F8014C5B1E07
:1070C0004455DBB2002BF6D130BD70B50E468CB006
:1070D000144601461D4610226846FFF7E9FF1022BC
:1070E000314604A8FFF7E4FF684600F039FC08A920
:1070F0004FF0100228461CB1FFF7DAFF0CB070BD4C
:10710000F4F799F9FAE738B505460C466846FBF7F7
:10711000CAFD002820D09DF900002072E17E617236
:1071200094F90A100022411A00D5494295F82D30F1
:107130008B4210DCFF2B0ED0E17A491CC9B2E17200
:1071400095F82E30994202D8A17A7F2903D1A072F6
:107150000020E0720122104638BD0C2813D00B2805
:1071600011D00D280FD01C280DD01D280BD01E28A3
:1071700009D01F2807D0202805D0212803D0232894
:1071800001D0002070470120704710B5A2F10F0315
:107190000C2939D2DFE801F006080D1215181C3849
:1071A0002436382792B32FE0072A30D0082A2ED071
:1071B0002AE00C2A2BD00B2A29D025E00D2A26D034
:1071C00022E00C2B23D91FE0103A0B2A1FD91BE019
:1071D000032B1CD990F83600B0B11B2A17D913E045
:1071E000062A14D010E01C2A11D01D2A0FD01E2A06
:1071F0000DD01F2A0BD0202A09D0212A07D0232AFC
:1072000005D001E00E2A02D0002010BDFFE70120CA
:10721000FBE72DE9F0410C46054640F235778668DC
:1072200006E000BFF9F7B5FA3946F8F786FFA8601F
:107230002846F9F763FC0028F4D08CB13046A968E1
:10724000F9F7A8FF00280BDD2044401EB0FBF4F73F
:1072500007FB04F13046F8F770FFA8603846D3E624
:107260000020D1E670B5044690420BD2101B642872
:1072700000D2642025188D4205D80421F9F7BDFFFE
:1072800008B1284670BD204670BD11F00C0F19D012
:107290004A074FF41671002A03DA00BF4FF01002BC
:1072A00001E04FF0400201DA4FF0960101F5BC71A8
:1072B000A0EB0103884202D993FBF2F000E000202A
:1072C00080B27047022904D06FF00D0101EBD000AD
:1072D000F6E76FF00E0101EB9000F1E70844184467
:1072E00098300AB1042100E00021084470470120D1
:1072F0007047106848637047C10701D0012070478C
:10730000810701D502207047400701D5082070474A
:10731000002070472DE9F0410546164688460124B5
:10732000084600F02AFA0746404600F028FA0346CD
:10733000FFF7E2FF02463846FFF7DEFF52EA0001A0
:1073400000D10024990700D10022B90700D1002004
:1073500095F83810914200D10022327095F839101A
:10736000814200D10020707072B968B9404600F0C7
:1073700008FAB5F84010401A00B247F6FE7188428C
:1073800001DC002800DC002420463DE610B540F674
:10739000C4125410012903D0022902D0FFDF02E0F9
:1073A00008B1104631E720462FE7F0B50C7C8B7B07
:1073B000CD7B5C404B7C02886B4044EA0324467ED4
:1073C00062400023D5B2120A95FAA5F592FAA2F20C
:1073D0002D0E120E45EA022202EB02125B1C224421
:1073E000DBB292B2032BEDD362402523B2FBF3F460
:1073F00003FB142301EBD304837603F00707247AFD
:10740000012505FA07F73C4204D0C3761DE00000D1
:10741000FFDB05005643320C521CD2B20024031984
:107420001B7D934213D300230E19367A05FA03F716
:107430003E4201D0521ED2B222B15B1CDBB2082BFD
:10744000F4D306E003EBC401C1760020F0BDD21AEC
:10745000D2B2641CE4B2052CE1D31F20F0BDF0B51C
:10746000837E0C7E012504FB02322523B2FBF3F45C
:1074700003FB142201EBD204827602F00703247A84
:1074800005FA03F31C4201D0C2761EE0437EB2FB34
:10749000F3F403FB1422521CD2B20023C418247D3F
:1074A000944214D30024CE1896F8086005FA04F725
:1074B0003E4201D0521ED2B222B1641CE4B2082C6A
:1074C000F4D306E004EBC301C1760020F0BD121B2B
:1074D000D2B25B1CDBB2052BE0D31F20F0BD000055
:1074E00030B50546007801F00F0220F00F00104380
:1074F0002870092912D2DFE801F005070507050900
:10750000050B0F0006240BE00C2409E0222407E001
:1075100001240020E87003E00E2401E00024FFDFD6
:107520006C7030BD007800F00F0070470A6840F8BA
:10753000032F8988818070470A6840F8092F89885D
:10754000818070470278402322F0400203EA8111D3
:107550000A4302707047027822F0800242EAC112A8
:107560000270704770B514460E4605461F2A00D9B2
:10757000FFDF2246314605F10900F3F75CFFA41D49
:107580006C7070BD70B514460E4605461F2A00D9B2
:10759000FFDF2246314605F10900F3F74CFFA41D39
:1075A0006C7070BD30B5017801F00F01032920D057
:1075B000052921D14578B0F81910B0F81B40B0F872
:1075C0001730827D222D17D1062915D34FF4486537
:1075D000A94211D8B4F5FA7F0ED26AB1082A0BD8A5
:1075E0008A4209D28B4207D8B0F81D00A84205D9BB
:1075F00002E040780C2801D0002030BD012030BDD1
:107600004078704700B5027801F0030322F00302CE
:107610001A430270012905D0022903D0032903D09F
:10762000FFDF00BD002100E00121417000BD00B579
:10763000027801F0030322F003021A4302700129C9
:1076400005D0022903D0032903D0FFDF00BD0021AC
:1076500000E00121417000BD007800F00300704798
:10766000417841B1C078192803D25B4A105C884246
:1076700001D1012070470020704730B50124054634
:10768000C170192902D25448445C02E0FF2900D09D
:10769000FFDF6C7030BD70B514460E4605461B2AE0
:1076A00000D9FFDF6C7022463146E81CBDE870400F
:1076B000F3F7C1BEB0F807007047B0F80900704793
:1076C000B0F80B00704770B5B0F80720B0F809406B
:1076D000B0F805300179951F40F67A46B54210D8CA
:1076E000B4F5FA7F0DD261B108290AD8914208D2C7
:1076F000934206D8B0F80B00B0F5486F01D80120CE
:1077000070BD002070BD42680A60007A0871704741
:10771000B0F8090070470079704742680A608068D5
:107720004860704780890880704750F80E2F0A60C3
:10773000406848607047D0F81600086070470A68D3
:1077400042604968816070470968C160704700798C
:10775000704742680A608068486070470A68426003
:107760004968816070470179490704D04079400732
:1077700001D00120704700207047007970474079A0
:107780007047C08870470CB514A2D2E90012CDE949
:1077900000120179407901F0070269461DF80220C4
:1077A000012A04D800F00700085C012801D9002054
:1077B0000CBD01200CBD017170470079704741710B
:1077C00070474079704730B50C4605461B2900D9F3
:1077D000FFDF6C7030BD0000C48E010000010102AB
:1077E0000102020370B50C46A0F12001312901D33A
:1077F00001200CE041280CD020CC094E94E80E006A
:1078000006EB8000241F50F8806C2846B0472060AB
:1078100070BD204601F0BEF8F9E706207047000071
:10782000E08E010010B55548FAF7E6F800B1FFDF29
:107830005248401CFAF7E0F8002800D0FFDF10BDE6
:107840002DE9F14F4E4E82B0D6F800B001274B48DB
:10785000FAF7DAF8DFF8248120B9002708F10100EF
:10786000FAF7E8F8474C00254FF003090120606063
:10787000C4F80051C4F80451029931602060DFF867
:1078800008A11BE0DAF80000C00617D50E2000F0B2
:1078900068F8EFF3108010F0010072B600D00120FC
:1078A0000090C4F80493D4F8000120B9D4F804017E
:1078B00008B901F079F8009800B962B6D4F800016F
:1078C00018B9D4F804010028DCD0D4F80401002849
:1078D000CCD137B1C6F800B008F10100FAF794F83E
:1078E00011E008F10100FAF78FF80028B6D1C4F8CA
:1078F0000893C4F80451C4F800510E2000F031F888
:107900001E48FAF797F80020BDE8FE8F2DE9F043F6
:107910008DB00D46064600240DF110090DF120082A
:1079200018E000BF04EB4407102255F82710684602
:10793000F3F781FD05EB8707102248467968F3F7D6
:107940007AFD6846FFF77CFF10224146B868F3F7DE
:1079500072FD641CB442E5DB0DB00020BDE8F0838D
:107960006EE7002809DB00F01F0201219140400969
:10797000800000F1E020C0F8801270476001002014
:1079800004E5004000E0004010ED00E0BA490020AE
:107990000870704770B5B94D01232B60B84B1C6857
:1079A000002CFCD0002407E00E6806601E68002E44
:1079B000FCD0001D091D641C9442F5D300202860F2
:1079C00018680028FCD070BD70B5AB4E0446AD4DB4
:1079D0003078022800D0FFDFAC4200D3FFDF7169AE
:1079E000A948012903D847F23052944201DD03220D
:1079F0004271491C7161291BC160A349707800F074
:107A000038F9002800D1FFDF70BD70B59A4C0D46E3
:107A10006178884200D0FFDF9A4E082D4BD2DFE814
:107A200005F04A041E2D4A4A4A382078022800D020
:107A3000FFDF03202070A078012801D020B108E0EA
:107A4000A06800F06FFD04E004F1080007C8FFF72C
:107A5000A1FF05202070BDE87040F8F798BDF8F749
:107A600098FE01466068F9F795FBB04202D2616961
:107A700002290BD30320F9F7E6FE12E0F8F789FE9E
:107A800001466068F9F786FBB042F3D2BDE870406A
:107A90009AE7207802280AD0052806D0FFDF0420C4
:107AA0002070BDE8704000F0DAB8022000E003204A
:107AB000F9F7C9FEF3E7FFDF70BD70B50546F8F7CB
:107AC00068FE6D4C60602078012800D0FFDF6E49B1
:107AD000012008700020087104208D6048716948F9
:107AE000C86002202070607800F0C3F8002800D140
:107AF000FFDF70BD10B5604C207838B90220F9F76F
:107B0000B8FE18B90320F9F7B4FE08B1112010BD72
:107B10005E48F8F7B9FD60701F2804D0012020707E
:107B20000020606110BD032010BD2DE9F047144610
:107B3000054600EB84000E46A0F1040800F005FDA8
:107B400007464FF0805001694F4306EB8401091F3F
:107B5000B14201D2012100E0002189461CB1006937
:107B6000B4EB900F02D90920BDE8F0872846E9F769
:107B70006BFB90B9A84510D3BD4205D2B84503D2DE
:107B800045EA0600800701D01020EDE73046E9F70E
:107B90005BFB10B9B9F1000F01D00F20E4E73C48BE
:107BA0003C490068884205D0224631462846FFF706
:107BB000F1FE1AE0FFF79EFF0028D5D12E480021E4
:107BC0008560C0E903648170F9F7BFFE08B13248EF
:107BD00001E04AF2F87060434FF47A7100F2E73046
:107BE000B0FBF1F01830FFF768FF0020BCE770B57C
:107BF00005464FF0805004696C432046E9F724FBAA
:107C000008B10F2070BD00F0A0FCA84201D81020E0
:107C100070BD1F481F490068884203D0204600F00D
:107C200081FC10E0FFF766FF0028F1D11248012126
:107C300084608170F9F789FE08B1184800E018489F
:107C40001830FFF73AFF002070BD30B452EA030449
:107C500002D030BC0620704730BC00F079BE10B5B1
:107C6000054C6078F8F772FD00B9FFDF0020207046
:107C700010BDF8F7BFBF00006401002004E501401B
:107C800000E40140105C0C00AC0C00200B7A0100F9
:107C900050000020BEBAFECA50280500645E0100F4
:107CA000A85B0100714909680160002070476F49B5
:107CB00008600020704701218A0720B1012804D004
:107CC00042F204007047916700E0D16700207047DE
:107CD00067490120086042F20600704708B5042396
:107CE000634A1907103230B1C1F80433106840F00C
:107CF000010010600BE0106820F001001060C1F876
:107D000008330020C1F808015A480068009000209C
:107D100008BD011F0B2909D8554910310A6822F006
:107D20001E0242EA400008600020704742F205004F
:107D30007047000100F18040C0F80419002070472E
:107D4000000100F18040C0F80819002070470001D0
:107D500000F18040D0F80009086000207047012839
:107D600001D907207047444A52F8200002680A43AC
:107D7000026000207047012801D9072070473E4A61
:107D800052F8200002688A430260002070470128F0
:107D900001D907207047384A52F82000006808606F
:107DA00000207047020035494FF0000003D0012A3F
:107DB00001D0072070470A60704708B54FF4007281
:107DC000510510B1C1F8042308E0C1F808230020D0
:107DD000C1F8240127481C3000680090002008BD2D
:107DE00008B58022D10510B1C1F8042308E0C1F81C
:107DF00008230020C1F81C011E48143000680090C0
:107E0000002008BD08B54FF48072910510B1C1F88B
:107E1000042308E0C1F808230020C1F82001154818
:107E2000183000680090002008BD104938310968FA
:107E300001600020704770B54FF080450024C5F800
:107E40000841F9F78EFD10B9F9F795FD28B1C5F88D
:107E50002441C5F81C41C5F820414FF0E0208021A5
:107E600080F800140121C0F8001170BD000400402A
:107E70000005004008010040A48F01007805004083
:107E80006249634B0A6863499A42096801D1C1F3A8
:107E900010010160002070475C495D4B0A685D4934
:107EA000091D9A4201D1C0F31000086000207047FC
:107EB0005649574B0A68574908319A4201D1C0F3D5
:107EC000100008600020704730B5504B504D1C68C2
:107ED00042F20803AC4202D0142802D203E0112877
:107EE00001D3184630BDC3004B481844C0F81015E4
:107EF000C0F81425002030BD4449454B0A6842F2C1
:107F000009019A4202D0062802D203E0042801D3D4
:107F100008467047404A012142F83010002070475F
:107F20003A493B4B0A6842F209019A4202D00628BC
:107F300002D203E0042801D308467047364A0121E3
:107F400002EBC00041600020704770B52F4A304EF0
:107F5000314C156842F2090304EB8002B54204D0AB
:107F6000062804D2C2F8001807E0042801D31846F6
:107F700070BDC1F31000C2F80008002070BD70B5DC
:107F8000224A234E244C156842F2090304EB800276
:107F9000B54204D0062804D2D2F8000807E004282D
:107FA00001D3184670BDD2F80008C0F31000086075
:107FB000002070BD174910B508311848086011201D
:107FC000154A002102EBC003C3F81015C3F81415BD
:107FD000401C1428F6D3002006E0042804D302EB4A
:107FE0008003C3F8001807E002EB8003D3F80048D1
:107FF000C4F31004C3F80048401C0628EDD310BD9C
:10800000044906480831086070470000500000200D
:10801000BEBAFECA00F5014000F001400000FEFFBC
:10802000764B1B6803B19847BFF34F8F74480168C4
:10803000744A01F4E06111430160BFF34F8F00BF48
:10804000FDE710B5EFF3108010F0010F72B601D00C
:10805000012400E0002400F0C8F840B1E9F799F9E4
:10806000F8F731F9F9F791FB67490020086004B986
:1080700062B6002010BD2DE9F0410C460546EFF335
:10808000108010F0010F72B601D0012600E000262A
:1080900000F0ABF820B106B962B60820BDE8F08167
:1080A00000F008FDE9F779F90246002001234709AD
:1080B000BF0007F1E02700F01F01D7F80071CF40A3
:1080C000F9071BD0202803D222FA00F1C90720D1DA
:1080D00041B2002904DB01F1E02191F8001405E030
:1080E00001F00F0101F1E02191F8141D490908295F
:1080F0000FD203FA01F717F0EC0F0AD0401C6428E6
:10810000D5D34149414808602046E9F7A4F860B951
:1081100004E006B962B641F20100BFE737480460E7
:108120002DB12846E9F7E4F818B1102428E0384DBD
:1081300019E02878022802D94FF4805420E007245F
:108140000028687801D0D8B908E0C8B1202817D82D
:10815000A878212814D8012812D001E0A87878B98D
:10816000E8780B280CD8E9F718F92946F9F7F3FA5B
:10817000F8F768F800F01CFA2846E9F7D7F8044643
:1081800006B962B61CB1FFF75CFF204686E7002007
:1081900084E710B5044600F028F800B101202070F3
:1081A000002010BD1B4908600020704710B50C4628
:1081B000102808D011280BD012280CD013280ED06C
:1081C0000120086010BDD4E90001FFF754FF0AE068
:1081D000FFF737FF07E02068FFF7DBFF03E00D49FB
:1081E000206808600020206010BD0748074900682B
:1081F000884201D101207047002070477C01002097
:108200000CED00E00400FA0550000020BEBAFECAE2
:10821000AC8F01000400002000B58F49022835D042
:1082200015DC10F10C0F2AD009DC10F1280F2CD02E
:1082300010F1140F27D010F1100F29D121E010F107
:10824000080F1AD010F1040F15D008BB1EE0C01E95
:1082500006281DD2DFE800F00D0B090705030820F2
:1082600014E0072012E0062010E005200EE00420B4
:108270000CE003200AE0FC2008E0F82006E0F420EF
:1082800004E0F02002E0EC2000E0D820086000BD0F
:10829000FFDF00BD704900B5091D012803D0022889
:1082A00003D0FFDF00BD032000E00420086000BD14
:1082B0002DE9F04105460C4617461046FAF798F8A6
:1082C0004FF47A76022C10D0012C10D040F63401F5
:1082D00044183846FAF7F4F8204449F6797108440E
:1082E000B0FBF6F0281ABDE8F0813146F0E74FF414
:1082F000C861EDE770B505460C460846FAF72EFE54
:10830000022C10D0012C11D04FF4AF5149F6CA62A3
:10831000511A08444FF47A7100F2E140B0FBF1F0D9
:10832000281A801E70BD40F24C41EFE740F6340140
:10833000ECE770B5064615460C460846FAF70EFE01
:108340004FF47A7140F63402022D11D0012D11D074
:108350001346022C11D0012C01D04FF4AF529A1ABF
:10836000104449F6FC621044B0FBF1F0301A70BDC5
:108370000B46EEE74FF4C863EBE740F24C42EEE702
:1083800070B504460E460846FAF732F80546304600
:10839000FAF796F828444AF2AB3108444FF47A7160
:1083A000B0FBF1F0201A801E70BD2DE9F0410646A9
:1083B0001D460C461746104600F045F806EB4601F0
:1083C000C1EBC61100EBC100022C15D0012C16D058
:1083D0004FF4AF5146182046FAF7C0FD301A4FF45B
:1083E0007A7100F6B730B0FBF1F43846FAF770F85E
:1083F00020442844401D76E740F24C41EAE740F62D
:108400003401E7E770B5044615460E460846F9F70D
:10841000EFFF04EB4401C1EBC411C0EBC1043046D3
:10842000FAF74EF8241A284600F00DF820444FF4CD
:108430007A7100F6B730B0FBF1F42846FAF748F845
:108440002044401D70BD082803D0042801D0F9F74E
:10845000CFBF4EF6283070470C150040F0B585B000
:108460000C460546FFF7F8F807466E78204603A944
:108470006A46F5F7F2FD81198EB258B1012F02D08C
:10848000032005B0F0BD204604AA0399F5F707FDC7
:10849000049D01E0022F0FD1ED1C042E0FD328887C
:1084A000BDF80010001D80B2884201D8864202D17A
:1084B0004FF00000E5E702D34FF00200E1E74FF094
:1084C0000100DEE72DE9F0410E461B27384691F802
:1084D000381000F016F84FF4A474A04200D92046DA
:1084E0000546384696F8391000F00BF8A04200D93E
:1084F000204601462846BDE8F04100221346FEF71B
:10850000EDBE11F00C0F04D04FF4747101EB80102C
:1085100006E0022902D0C000703001E080003C304B
:1085200080B270470B4A022111600B490B68002B87
:10853000FCD0084B1B1D186008680028FCD00020E8
:10854000106008680028FCD070474FF080504069E8
:108550007047000004E5014000E4014002000B46C2
:108560004FF00000014620D0012A04D0022A04D096
:10857000032A0DD103E0012002E0022015E00320D0
:10858000072B05D2DFE803F00406080A0C0E1000E2
:1085900007207047012108E0022106E0032104E0E2
:1085A000042102E0052100E00621F8F78EB8000062
:1085B000E248052181700021017041707047E04957
:1085C0000A78012A05D0CA681044C8604038F8F714
:1085D000AEBD8A6810448860F8E7002819D0037897
:1085E000D849D94A13B1012B0ED011E00379012BE0
:1085F00000D06BB943790BB1012B09D18368643B7F
:108600008B4205D2C0680EE00379012B02D00BB17A
:108610000020704743790BB1012BF9D1C368643B4B
:108620008B42F5D280689042F2D801207047C4494D
:1086300001220A70027972B100220A71427962B194
:1086400004224A71826852328A60C068C860BB499D
:108650000220887070470322EFE70322F1E770B52C
:10866000B74D044600202870207988B10020287179
:10867000607978B10420B14E6871A168F068F7F7AD
:108680005CFDA860E0685230E8600320B07070BD07
:108690000120ECE70320EEE72DE9F0410546022634
:1086A000F8F76FFC006800B1FFDFA44C01273DB173
:1086B0002878B8B1012805D0022811D0032814D099
:1086C00027710DE06868C82808D30421F8F795FDE4
:1086D00020B16868FFF773FF012603E0002601E080
:1086E00000F014F93046BDE8F08120780028F7D179
:1086F0006868FFF772FF0028E2D06868017879B1F6
:10870000A078042800D0FFDF01216868FFF7A7FFE9
:108710008B49E07800F003F90028E1D1FFDFDFE7C3
:10872000FFF785FF6770DBE72DE9F041834C0F46CB
:10873000E178884200D0FFDF00250126082F7DD296
:10874000DFE807F0040B28283D434F57A0780328A3
:10875000C9D00228C7D0FFDFC5E7A078032802D020
:10876000022800D0FFDF0420A07025712078B8BB5C
:108770000020FFF724FF72480178012906D08068A5
:10878000E06000F0ECF82061002023E0E078F8F7EA
:108790002CF9F5E7A078032802D0022800D0FFDFEB
:1087A000207880BB022F08D05FF00500F9F74BF866
:1087B000A078032840D0A57095E70420F6E7A078BC
:1087C000042800D0FFDF022004E0A078042800D0B5
:1087D000FFDF0120A1688847FFF75EFF054633E011
:1087E00003E0A078042800D0FFDFBDE8F04100F0EE
:1087F0008DB8A078042804D0617809B1022800D08F
:10880000FFDF207818B1BDE8F04100F08AB8207988
:1088100020B10620F9F717F825710DE0607840B116
:108820004749E07800F07BF800B9FFDF65705AE750
:1088300004E00720F9F707F8A67054E7FFDF52E7D6
:108840003DB1012D03D0FFDF022DF9D14BE704200C
:10885000C0E70320BEE770B5050004D0374CA07810
:10886000052806D101E0102070BD0820F9F701F8B5
:1088700008B1112070BD3548F7F706FFE0701F28DA
:1088800006D00121F8F7DAFD0020A560A07070BDC8
:10889000032070BD294810B5017809B1112010BD21
:1088A0008178052906D0012906D029B1012101705E
:1088B000002010BD0F2010BD00F033F8F8E770B5B0
:1088C0001E4C0546A07808B1012809D155B12846AB
:1088D000FFF783FE40B1287840B1A078012809D085
:1088E0000F2070BD102070BD072070BD2846FFF717
:1088F0009EFE03E000212846FFF7B1FE1049E07814
:1089000000F00DF800B9FFDF002070BD0B4810B576
:10891000006900F023F8BDE81040F7F738BEF8F71B
:1089200069B9064810B5C078F7F710FF00B9FFDF46
:108930000820F8F788FFBDE8104039E680010020E4
:10894000BC0C00203D860100FF1FA1072987010004
:10895000094A1060101D0160002070477047002018
:108960007047054B02465B4210201344FC2B01D894
:1089700011600020704700000006004001B41EB4E2
:1089800000B5F9F780F901B40198864601BC01B041
:108990001EBD00008269034981614FF0010010444F
:1089A000704700007D8901000FF20C0000F100000B
:1089B000694641F8080C20BF70470000FEDF1849E7
:1089C0000978F9B90420714608421BD10699154A65
:1089D000914217DC0699022914DB02394878DF2816
:1089E00010D10878FE2807D0FF280BD14FF00100E6
:1089F0004FF000020C4B184741F201000099019A18
:108A0000094B1847094B002B02D01B68DB6818473D
:108A10004FF0FF3071464FF00002034B1847000043
:108A200028ED00E0009001002180010004000020FA
:108A3000174818497047FFF7FBFFE8F7BFFB00BD79
:108A4000154816490968884203D1154A13605B68C6
:108A5000184700BD20BFFDE70F481049096888424C
:108A600010D1104B18684FF0FF318842F2D080F3DC
:108A700008884FF02021884204DD0B48026803215A
:108A80000A4302600948804709488047FFDF000029
:108A9000D00C0020D00C00200010000000000020AE
:108AA00004000020009001001409004049910000DA
:108AB000418A0100F0B44046494652465B460FB435
:108AC00002A0013001B50648004700BF01BC864640
:108AD0000FBC8046894692469B46F0BC704700001A
:108AE0000911000004207146084202D0EFF3098109
:108AF00001E0EFF30881886902380078102813DB61
:108B000020280FDB2C280BDB0A4A12680A4B9A42FA
:108B100003D1602804DB094A10470220086070472F
:108B2000074A1047074A1047074A12682C32126852
:108B30001047000050000020BEBAFECA9F1300007C
:108B4000E5770100AD810100040000200B4B0C49CA
:108B500008470C4B0A4908470B4B094908470B4B80
:108B6000074908470A4B064908470A4B0449084782
:108B7000094B03490847094B014908472D8F00005D
:108B800061910000F92D0000398B0000CD8A0000B2
:108B9000652E0000A5130000D12D0000C92F000094
:108BA000998000002D8200008D830000F783000073
:108BB0003184000065840000A1840000D18400009D
:108BC000498500007D810000B7830000331200005A
:108BD000DD200000272100008B2100001122000071
:108BE0002D230000EF23000021240000FF240000BB
:108BF000E72500003B260000BD260000DD26000022
:108C0000912B0000B52B0000D52A0000312B00006D
:108C1000E72B00007B2C00002F3D0000093E0000E8
:108C20003D4100003D420000B34200001D430000F2
:108C3000814300003712000075440000E144000049
:108C4000FF26000005270000371200003712000041
:108C500037120000371200000F27000047270000DE
:108C600037120000371200003712000049210000BF
:108C7000BD27000037120000371200003312000039
:108C800033120000331200003312000011530000B1
:108C900097530000B3530000CF5300005D55000010
:108CA000F9530000035400004554000067540000CD
:108CB00043550000855500003312000033120000B8
:108CC0008F6E0000AF6E0000B96E0000F36E000002
:108CD000216F0000117000009F700000B370000051
:108CE0000171000017720000BD730000E574000000
:108CF000115E0000FD74000033120000331200000A
:108D0000371200003712000037120000371200003F
:108D1000371200000004050607000000FFFFFFFFF8
:108D20000000FFFF67B90000651C0000A34E0000B3
:108D30005B5E00008B79000000000000DD7B00001E
:108D4000B97B0000CB7B00003B6C00001B6C00007B
:108D5000896C00007D5200003F5200005F5200000D
:108D600059B70000E7B7000041370000A96C0000C8
:108D700000000000D96C0000CB5200000000000091
:108D8000000000000000000000000000C1370000EB
:108D9000555555D6BE898E0000006506650C6512D6
:108DA00000000903AD055108000055044508350CC5
:108DB000B3C600001DC8000015C60000B1C6000003
:108DC000873F0100ADC8000051350000513500005B
:108DD000B7200000C9B80000DF600000B34D0000FC
:108DE000D95301008135000081350000DB200000EF
:108DF000F9B8000067610000274E0000EF53010042
:108E000070017001400034005C002400C0010000CB
:108E10000300656C746200000000000000000000A8
:108E200000000000000087000000000000000000BB
:108E3000000000000000BE83605ADB0B376038A5DD
:108E4000F5AA9183886C00000100000073EC00001B
:108E500045FB0000000000010206030405000000BD
:108E6000070000FB349B5F800000800010000000C2
:108E70000000000000000000060000000A000000E2
:108E80003200000073000000B4000000F401FA009A
:108E9000960064004B0032001E0014000A0005001A
:108EA00002000100004100000000000065620100B6
:108EB000996601004366010077620100000000002E
:108EC000CF6701000C0802170D0101020909010119
:108ED000060209181803010109090303050000002F
:108EE000817E0100997E0100B17E0100C97E0100F2
:108EF000F97E0100217F01004B7F01007F7F01008F
:108F0000EF7B01002B7B01004B7C0100638901009A
:108F1000F9190100091A0100351A0100071B0100A7
:108F20000F1B0100211B0100B77C0100D17C010057
:108F3000A57C0100AF7C0100DD7C0100137D0100F8
:108F40001B780100337D0100417D01004F7D010050
:108F50005F7D0100777D01008F7D0100A57D01000F
:108F60001B78010000000000CB8C0000218D000068
:108F7000378D00005D850100417801000D79010009
:108F80005788010095880100BF880100E91701009A
:108F9000391D0100BB7D0100E17D0100057E01005E
:108FA0002B7E01001C05004020050040001002003F
:108FB000D08F0100080000208C0100004411000047
:108FC000EC8F0100940100203C0B0000A011000078
:108FD000011813680D023C200B38B4044013AB0891
:0C8FE0001B2068041AEE0401A4024710D4
:1090000000600020B59301006D9301006F93010093
:10901000719301007393010075930100000000003B
:109020000000000000000000000000007793010035
:1090300079930100000000007B9301007D93010003
:109040006DCC01007F93010041CE01007F930100B0
:109050002DD8010000000000F5CC01007F93010035
:109060007F9301007F9301007F9301007F930100B4
:109070007F930100114E02007F9301007F93010056
:109080007F930100F5A901007F9301007F93010008
:109090007F9301007F930100713E02007F930100E6
:1090A0007F9301007F93010000000000000000009A
:1090B0007F9301007F93010000000000000000008A
:1090C00000000000000000000000000000000000A0
:1090D0000000000000000000000000000000000090
:1090E0000000000000000000000000000000000080
:1090F0000000000000000000000000000000000070
:10910000000000000000000000000000000000005F
:10911000000000000000000000000000000000004F
:10912000000000000000000000000000000000003F
:10913000000000000000000000000000000000002F
:10914000000000000000000000000000000000001F
:10915000000000000000000000000000000000000F
:1091600000000000000000000000000000000000FF
:1091700000000000000000000000000000000000EF
:1091800000000000000000000000000000000000DF
:1091900000000000000000000000000000000000CF
:1091A00000000000000000000000000000000000BF
:1091B00000000000000000000000000000000000AF
:1091C000000000000000000000000000000000009F
:1091D000000000000000000000000000000000008F
:1091E000000000000000000000000000000000007F
:1091F000000000000000000000000000000000006F
:1092000039493A480A1A02D0072291438D46384913
:1092100038480A1A06D00722914381F309880222AE
:1092200082F3148834483549354A00F03EF8354811
:109230003549364A00F039F835483649364A00F0A3
:1092400034F836483649374A00F02FF8364837495F
:10925000374A00F02AF837483749384A00F025F8ED
:1092600037483849384A00F020F838483849002251
:1092700000F033F837483849002200F02EF837481C
:109280003749091A0FF0E7FB364A90472448254929
:10929000884205D00268043003B4904703BCF7E766
:1092A00000200021304A9047FEE7884214D0521A2D
:1092B00012D003460B4313430324234206D1036811
:1092C00004300B600431043AF9D17047037801305F
:1092D0000B700131013AF9D17047884202D0027017
:1092E0000130FAE7704700000060002000580020BD
:1092F0000060002000600020FCC80200DC2200208A
:10930000AA230020FC930100FC930100B48C02000E
:10931000FCC80200DC220020DC220020D08E0200EB
:10932000D08E0200D08E0200D08E0200D08E0200BD
:10933000D08E0200D08E0200D08E0200F9C802004A
:10934000CCC90200B0230020C4230020C423002085
:109350006C4A0020AC230020B02300206C4A00207F
:109360006C520020CB930100A5DA0100FEE7FEE776
:10937000FEE7FEE7FEE7FEE7FEE7FEE7FEE7FEE7C5
:1093800009480068094909680A280AD1002908D152
:10939000074802686FF070031A404FF040031A4309
:1093A000026000F009B80000300100103401001024
:1093B000E40E0040FFF7E4BF0B484FF0070188437D
:1093C00085460A488047FFF71BBF094809490A4AF2
:1093D000884207D0521A05D0037801300B70013152
:1093E000013AF9D1704700000060002045C8010033
:1093F000BC8E0200C8220020DC22002000487047FA
:10940000A42300200369C26893429CBF81685B1853
:10941000013B981A70472DE9F041D0E902840546D6
:10942000A8EB04064068964220440F46144404D931
:109430000FF070FBEC60BDE8F0813246A4EB08044D
:109440000FF068FB68682246B919F1E72DE9F84387
:10945000C5680646894617464FF000083369B46868
:1094600070689D4228BF1B19641BBC4203F1FF3387
:1094700028BF3C465B1B9C4228BF1C4649462844EB
:1094800022460FF047FBB3682544AB4208BF0025D6
:109490003F1BA044A144F560E0D14046BDE8F883FD
:1094A0001149124A022310B5C1E90433104B8A61F5
:1094B000CB618A644FF480630E4A0B620C46002332
:1094C000CA6410228B624B62CB628B654B65CB65A5
:1094D0000A65E01D08490FF005FB084920460FF01A
:1094E00001FB2023A37110BDD4270020D08E0200E1
:1094F000D4230020C4230020D98E0200DD8E020078
:10950000F8B5144B182700FB07751D4407FB003303
:109510000E46DB6A012B14460AD0022B14D023B965
:109520002846FFF76FFF844208D900242046F8BD83
:109530002846FFF767FF844228BF0446224631468B
:109540002846FFF768FFF1E72846BDE8F840FFF737
:109550007DBF00BFD4270020FFF7A2BF70470000E7
:1095600007B5044B0093044A802300F03AF803B097
:109570005DF804FB7D9501004C2800202DE9F047A3
:1095800088461446DAB1134B134D0326002743F0E7
:109590000109224608EB07010020FFF7B1FF07444D
:1095A000241A88B92B7853B14FF0030A4FF47A404C
:1095B000C847BAF1010AF9D1013E02D12E70BDE8C7
:1095C000F08701232B70E4E701232B70002CE0D1FE
:1095D000F5E700BFA0B80200CC2800207047FFF7D5
:1095E000BBBFF0B595B01D46164608460C4601F0C7
:1095F0003CFE1A9B0D93CDE9086500252B460822F9
:1096000005A920460A958DF82C500C9501F049FECD
:10961000079B0293069B03939DF814308DF811501D
:1096200003F00302012A1DD1BDF81450059EC3F3B7
:10963000C203C5F383158DF81030AA0008230EA9C4
:10964000204601F02EFEC6F3952608AB00932A466D
:1096500002AB0EA9304600F09BFB204601F009FE4C
:1096600015B0F0BD022AF8D1BDF81650C3F3C203FD
:10967000C5F389158DF810300827082D2E4628BF10
:1096800008263B4632460EA9204601F00AFEAD1BD5
:1096900008AB02AA31460EA8374400F0DDFB002DCE
:1096A000EBD1DAE708B5FFF79AFF0448042100F090
:1096B000DFFA034B01225A7108BD00BFAC8E0200D5
:1096C000DC220020037813F0040215D003F003031A
:1096D000012B03D0022B09D0012070470B680288B0
:1096E0000233C2F3831213440B60F5E70B68428820
:1096F000023303EB9213F7E7104670472DE9F04170
:109700003F4C86B0002388460546861C0DF10700B5
:1097100017468DF8073001F007F86268C8F8002096
:10972000A36803F580739B1A9E4217D80022002F6E
:1097300062D005F00F05AD0145F0050565F30F0298
:1097400061689DF80700CBB203330E4444F8232030
:10975000666001F00DF806B0BDE8F08101212948EE
:1097600001F0A3FA284801F0BBFA284801F0B8FA42
:10977000A0680290C0B2033004EB800002A9FFF79A
:10978000A1FF029AD3B200BB04EB8303911CDB68F8
:1097900003930132D2B204EB820203F00303012BE4
:1097A000D268029120D0022B13D08046174801F0D6
:1097B0009AFA08B1029BA3601248414601F075FA7B
:1097C000A368626803F58073ADE7033304EB83009D
:1097D000D4E7BDF80E30C3F3891303334FEA1248C0
:1097E00001EB93030293E1E7BDF80C30C3F383135D
:1097F0004FEA12480B44F5E7AD0545F006029FE736
:10980000D0280020EC2C0020E82C0020E42C0020A4
:10981000064B074810B500221A7001F0E2FC04461E
:1098200010B9044801F06CFD204610BDD02800207E
:10983000608D0200B4B8020030B50A4C71B10A4B19
:109840000A491B1BDA0800239A4201D1002030BDCF
:1098500031F82350854202D00133F5E7034654F82E
:109860003300F4E77C8D0200AC8E0200DC22002085
:10987000094B013903EBC000032909D8DFE801F0E7
:10988000020A040602207047007970474079704749
:1098900000207047042070477C8D02007047000054
:1098A000034BD3E90130C31A58425841704700BFF7
:1098B000D02800202DE9F04387B0FFF7F1FF002802
:1098C00040F08180734CC4F81804BFF34F8FA06838
:1098D0000290C0B2033004EB800002A9FFF7F2FE51
:1098E000029B18B1D4F81824002A68D0DAB29F1C61
:1098F000013304EB8202DBB204EB8303D268DB6842
:10990000049302F00303022B0392029764D1BDF883
:109910000E306148C3F389184646502E28BF5026A2
:1099200066F38F1306F10801ADF80E3001F071FCFB
:109930000546002800F0998001F097FC002303A958
:109940000822284601F0A3FCFB43DBB20133F9B245
:109950000331B6EB830F4FEA830904EB810138D959
:1099600008234A46A6EB0906284601F090FCF6B209
:109970004A4909F10803324608F10308284607EB73
:10998000980701F084FC0297D4F81834002B58D1C2
:10999000D4F81064002E5DD1284601F06AFC0DF168
:1099A00007008DF8076000F0BFFED4F818340BB93B
:1099B000029BA3609DF8070000F0DAFE44E06268B5
:1099C0009A4204D8A260002007B0BDE8F083D8B264
:1099D00080E708233246CFE7012B46D1BDF80C3093
:1099E0002D48C3F38311062928BF062161F389138B
:1099F000023101F00F018900ADF80C3001F009FCD3
:109A0000054690B301F031FC0023082203A9284643
:109A100001F03DFC0026BDF80C20C2F38312B30018
:109A2000B24203F10803AFD902994A1CC9B203310B
:109A3000029204EB81010422284601F028FC013641
:109A4000E9E7284601F015FCFFF72AFF80F0010046
:109A5000C0B2B9E7F3685B7923B1336829461B6864
:109A600030469847F3681E6894E7D4F8104454B918
:109A70000B4B0C480C49C01AC008000440F002000F
:109A800000F05CF8E0E7236820469B689847E368AD
:109A90001C68ECE7D0280020608D0200DC28002044
:109AA0007C8D0200F48D0200F48E02002DE9F34754
:109AB00004460E461846914601A901229A46FFF730
:109AC0001DFE019D1B4FAB1C4FF00008D04508EB5D
:109AD000030125D11848002101F0A0F880F31000FF
:109AE0006B1C000440EA1440DBB2E40007EB830384
:109AF00004F03804EDB244F00104D860033544EAC0
:109B000088143B7844EA862447F825401BB1FFF7C8
:109B1000D1FE0028FBD1FFF7C1FE02B0BDE8F087FF
:109B2000C9B207EB810159F82820CA6008F1010881
:109B3000CCE700BFD0280020EC2C002000231A46E0
:109B4000FFF7B4BF07B50123019201AAFFF7AEFFEB
:109B500003B05DF804FB07B5CDE9002302236A4694
:109B6000FFF7A4FF03B05DF804FB1FB5CDE90123A7
:109B7000069B039301AA0323FFF798FF05B05DF846
:109B800004FB1FB5CDE90023069B0293079B0393BB
:109B90006A460423FFF78AFF05B05DF804FB7FB532
:109BA000CDE90123089B0393099B04930A9B05932A
:109BB00001AA0523FFF77AFF07B05DF804FB000058
:109BC0002DE9F7430446D01C15468008884600223C
:109BD00001A9FFF793FD019F234EB81C0190C0B26D
:109BE000C0F58073B5EB830F00F103004FEA8309E2
:109BF00006EB800028D82A4641460EF08BFF1B4812
:109C0000002101F00BF880F310007B1CDBB206EBA7
:109C10008303220CFFB242EA00420337DA60E3001A
:109C200056F8272003F0380343F0020343EA855334
:109C300002F47C12134346F8273033787BB9FFF7E0
:109C40002DFE03B0BDE8F0834A4641460EF062FFA8
:109C5000A5EB090208EB090106F10C00CDE7FFF7BF
:109C600029FE0028FBD1EAE7D0280020EC2C0020B8
:109C700030B50F4CD4F8102403460020114631B9FA
:109C8000D96808717AB9C4F810340A600AE0C96862
:109C90000D79A84201D00968F1E701300A28EDD119
:109CA0004FF0FF3030BDD26814680C601360F9E7E4
:109CB000D028002038B5084B0125D3F810441D707A
:109CC00004B938BDE3685D71236820465B68984736
:109CD000E3681C68F4E700BFD028002010B5037AC1
:109CE000052B0C460FD0437A23B1084A0849204679
:109CF00001F05CF80749204601F058F82046BDE81D
:109D0000104001F048B8002AF8D0F3E7098F0200AC
:109D100068A102002B8F0200C38873B504460D466C
:109D200033B1144A00921449144A284601F03EF80F
:109D3000217A05291CD0637A4BB1A088FFF798FDE2
:109D40000F4B104953F82020284601F02FF8227AB3
:109D50000D4BA08853F822600021FFF76DFD0B49E1
:109D600003463246284602B0BDE8704001F01EB8F6
:109D700002B070BD098F0200168F02000E8F020024
:109D8000C0B8020068A10200E4B802002E8F0200F1
:109D90002DE9F04385B01F460C9D002395F80C90EB
:109DA0002B7306460C46904629463846FFF7B4FF0B
:109DB000B8F1060F09D8DFE808F00412181F28339D
:109DC00040003146284600F0F1FF0022294638467F
:109DD000FFF784FF85F80C9005B0BDE8F08322689A
:109DE0003146284600F0E2FFEFE7D4E90023314690
:109DF000284600F0DBFFE8E7A3680093D4E90023DE
:109E00003146284600F0D2FFDFE7E3680193A368FC
:109E10000093D4E900233146284600F0C7FFD4E779
:109E200023690293E3680193A3680093D4E90023B4
:109E30003146284600F0BAFFC7E7636903932369F8
:109E40000293E3680193A3680093D4E900233146A9
:109E5000284600F0ABFFB8E708292DE9F047804617
:109E60000E4617461C4635D8002593F80C901D73F6
:109E700019461046FFF750FFAE422DD918F80520BD
:109E80001B49204600F092FF0135082DF4D11949F5
:109E9000204600F08BFF4FF0000A564523D918F8F2
:109EA0000A507E2D1DD828460EF0B6FE002814BF9D
:109EB0002A462E221049204600F078FF0AF1010AB6
:109EC000BAF1080FE9D1012221463846FFF706FF13
:109ED00084F80C90BDE8F0870849204600F066FF42
:109EE000D2E72E22E6E70649204600F05FFFE5E7CD
:109EF000388F0200428F0200448F02003E8F020022
:109F0000408F020082B001238DF807309DF80730A2
:109F1000114B1860596044F2010188429A6012D0D6
:109F200044F20201884206D1DA60DA6812689A6166
:109F3000DA685268DA6172B69DF80730002BFBD1FF
:109F400062B602B070471A611A6992685A611A695A
:109F500012689A611A69ECE7582E002000B583B0A8
:109F600002900091019244F2010071466A4600F0AD
:109F700003F803B000BD00002DE9FF4106460F467F
:109F8000154672B6FFF796FEFFF794FC0028FBD14A
:109F9000244B254CE41AE40844F2010324049E42B5
:109FA00044F001042BD00BD8012E14D041F2010350
:109FB0009E4222D01D493A462046FFF7C3FD0EE0DF
:109FC00044F202039E42F5D1D5E9003218492046F9
:109FD000FFF7C1FD03E017492046FFF7AFFD164B21
:109FE000D3F8F030DB0700D500BE2A4639463046AC
:109FF00004B0BDE8F041FFF785BF1049ECE7D5F8A4
:10A000000880404601F0DAF902972A6801926A68EE
:10A010000B490092034642462046FFF7C0FD09491E
:10A02000DAE700BF7C8D0200F48D0200369002005A
:10A03000E28F0200A38F020000ED00E0C08F02005B
:10A04000FC8F02002290020010B5034649B152B1C4
:10A05000541E14EA020006D1986019609C80D860F2
:10A0600010BD0E20FCE70920FAE710B58468C2682D
:10A070008388121B934208D3C26813400268D154EC
:10A08000C3680133C360002010BD0420FCE7826870
:10A09000C3689A420AD08268838813400268D35CFE
:10A0A0000B70836801338360002070470520704780
:10A0B000C36883600020704710B5D0E90242D1E93F
:10A0C0000203A04293412CBF0120002010BD0000DC
:10A0D00008B50A4800F077FC094AD2E90031C018F7
:10A0E000084BD3E9002341F10001904271EB0303D7
:10A0F00003D210F1807041F1000108BDE42200207C
:10A10000F02E0020E82E0020294B73B51E7804465F
:10A110001EB90026304602B070BD0028F9D0FFF706
:10A12000D7FFD4E902239042994139D300230DF19E
:10A1300007008DF8073000F0F7FA23692BB94FF0CC
:10A14000FF324FF0FF33C4E902239DF8070000F00F
:10A150000FFBD4E90530984700250DF107008DF875
:10A16000075000F0E1FA2369C3B1D4E90212B2F159
:10A17000FF3F08BFB1F1FF3F05D05B1842F100027D
:10A18000C4E9023235469DF8070000F0F1FA002DCF
:10A19000BFD00848214601F0D0F8BBE71D46F2E7E2
:10A1A000B3F1FF3F08BFB2F1FF3FB2D0F1E700BF0C
:10A1B000F82E0020F8B8020037B505460C460A48CC
:10A1C00001A900F068FC68B10570446001A9064867
:10A1D00000F08BFC10B9002003B030BD034800F044
:10A1E000F7FBF8E70420F7E77C2E0020E4220020AC
:10A1F00013B5114B114918680190082310485822D3
:10A2000000F014FC044698B90E4A0F4801A900F06A
:10A21000D1FA044660B90C48012100F0B7FB0123D4
:10A220000A4A0948194600F01FFB094B01221A701F
:10A23000204602B010BD00BF04B902008C2E0020E1
:10A240007C2E002031A30100E4220020FFFF7F00CC
:10A25000F82E002030B56AB103684FF0FF344FF09C
:10A26000FF355A614A1E5142C3E902455141196105
:10A27000002030BD0720FCE7F7B5044600250DF1AE
:10A28000070017460E468DF8075000F04DFAD4E946
:10A290000223B3F1FF3F08BFB2F1FF3F07D1FFF741
:10A2A00017FF301841F10001C4E9020101259DF8B2
:10A2B000070000F05DFA55B12369A76103B126617B
:10A2C0002146002003B0BDE8F040FFF775BF2846E7
:10A2D00003B0F0BD37B5054600240DF107008DF839
:10A2E000074000F021FAD5E90223B3F1FF3F08BF90
:10A2F000B2F1FF3F06D04FF0FF324FF0FF33C5E918
:10A30000022301249DF8070000F032FA34B12946F7
:10A31000012003B0BDE83040FFF74EBF204603B038
:10A3200030BD0000014800F04EBB00BFE422002019
:10A330002DE9F341064600F031FB40B1604AD2E915
:10A34000003113F1807341F10001C2E900310021B5
:10A35000304600F032FB38B15A4C236823B12068F4
:10A36000FFF7D2FE002323600121304600F025FBD9
:10A3700020B1FFF7ADFE544BC3E900015348514FE4
:10A3800001A900F0BDFB4FF0FF344FF0FF3590B94D
:10A390004C4D4F4800F0E8FF002800F08780D0E9DE
:10A3A0000223B3F1FF3F08BFB2F1FF3F34D1484869
:10A3B00000F0D4FFEDE70378012B17D0022B22D059
:10A3C0005BB94168D1E90223B3F1FF3F08BFB2F1A5
:10A3D000FF3F02D03E4800F0B0FF01A93B4800F02B
:10A3E000BAFB01A9394800F08BFBD0E741683B6814
:10A3F000994202D100233B60EFE7354800F0B7FFF8
:10A40000EBE7C0E90245324800F0A8FF0028F8D188
:10A41000304B01221A70E0E7296891B12968D1E92F
:10A42000020182428B412FD22B68D3E90223B3F180
:10A43000FF3F08BFB2F1FF3F03D02968244800F076
:10A440007CFF234800F08AFFD0E902480746FFF767
:10A450003FFE201A68EB0108012878F1000818DB9C
:10A46000B0F5350F13D3FFF75DFF1B4A02441B48BD
:10A470004FF49603002100F017FA90B92B6813B936
:10A48000304600F0E9F92F6002B0BDE8F0812246C5
:10A49000EDE71248002100F086FA3846FFF734FE57
:10A4A00001E00D28F9D000232B6072E7054B1B68F3
:10A4B000002BE9D1304602B0BDE8F04100F0D0B940
:10A4C000F02E0020FC2E0020E82E00207C2E002004
:10A4D000F8B80200F82E0020FFFFB400E4220020AC
:10A4E0000648074A03780749D35C012213B10430B8
:10A4F00003F0ECB80C3002F0B9BE00BFEC22002033
:10A500003C310020212F00200648074A03780749E4
:10A51000D35C012213B1043003F08EB80C3002F08A
:10A520005DBE00BFEC2200203C310020222F002025
:10A5300037B50578012D05D0022D27D0002D30D05C
:10A5400003B030BD037A13B9FFF7CAFFF8E74368D9
:10A550001B4C19782046FFF788FD80B18DF800501C
:10A560000190184B68461B689847A168E368A28869
:10A570005B1A9A42E8D2144B01221A70E0E7A268F3
:10A58000E3689A42F1D08DF80000EAE7C3688DF8DD
:10A5900000500193FFF7A4FF0A4B68461B689847D9
:10A5A000CEE70A490A48FFF772FD20B903B0BDE8BB
:10A5B0003040FFF7A9BF03238DF80030ECE700BF60
:10A5C000102F0020242F0020202F0020222F0020D9
:10A5D000002F0020F0B51F46234B89B004461A60B7
:10A5E0000D4600293DD08A8820480968FFF72CFDD8
:10A5F000002834D1AA89A9681D48FFF725FD002845
:10A600002DD11C4E0FCE6D460FC596E80F0085E884
:10A610000F0063690693237C174A18488DF81C7055
:10A62000003B18BF01238DF81430637C002B0CBF56
:10A6300000230E238DF81530E3680293A36803937B
:10A640002368019369466368009302F097FA30B972
:10A650000B4B18702368013301D0FFF741FF09B09D
:10A66000F0BD0720FBE700BF242F0020102F0020A3
:10A67000002F002008B9020031A50100EC220020C3
:10A68000202F002008B50548FFF712FD20B9BDE8CE
:10A6900008400348FFF70CBD08BD00BF102F002085
:10A6A000002F002070B5094D014609482E78FFF7AC
:10A6B000EEFC044646B100232B70FFF711FF18B1E2
:10A6C000044AD621FFF74AFC204670BD202F002007
:10A6D000102F00205890020010B501460E48FFF7D9
:10A6E000C4FC0446A8B90D480D4A0378D35C63B195
:10A6F000043002F095FF60B90A490748FFF7C7FC2C
:10A7000038B9BDE81040FFF7FFBE0C3002F05AFD2B
:10A71000F1E7204610BD00BF002F0020EC220020F2
:10A720003C310020222F002070B5EFF3108672B666
:10A730000C4A9468012384B993600B4B0B4DD3F8FA
:10A74000801029401160C3F88050D3F88410516004
:10A750004FF0FF32C3F884202346037006B962B677
:10A7600070BD00BF282F002000E100E0FC06FFBD07
:10A77000084B9A6810B55AB150B9EFF3108172B610
:10A78000054A1C6814605C685460986001B962B640
:10A7900010BD00BF282F002000E100E00346405814
:10A7A00082B028B100225A505B580193019B0120CE
:10A7B00002B0704770B5204B4579204E43F82520F4
:10A7C0001F4B204A06EBC5059B1ADB0804461804FC
:10A7D0002B7933B140F002001B49FFF7AFF9082095
:10A7E00070BD23680A88C3F8082594F904308A7874
:10A7F000002B4FEA4212D2B219DB1449CD1885F86A
:10A80000002301225D0903F01F0302FA03F341F85C
:10A810002530637906EBC3020121117140F003007A
:10A820000B4946F83340FFF789F90020D8E709497A
:10A8300003F00F03CA54ECE73C2F0020342F002014
:10A84000048E02007C8D0200DA90020000E100E03C
:10A85000FC90020014ED00E0036801221A607047CA
:10A86000036801225A60704773B501F15005AD00CD
:10A870000068ADB24FF480348C400026C0F8084325
:10A88000C0F84843465101F5A8714559019522F099
:10A890007F42019D40F82120C0F844430BB1C0F82D
:10A8A000044302B070BD00002DE9F74F04680E4666
:10A8B0004FF4803808FA01F822F07F4506F150077E
:10A8C00004EB8602C4F84883BF00C4F80883D4F8B8
:10A8D0000415BFB29946D2F84035C2F8401500229F
:10A8E000E2515B1A824623F07F43E0590090012B2E
:10A8F00000984FEA860B0CD1234B4FF4806043F055
:10A9000001039847DAF800400022E251E35901932D
:10A91000019BD4F80475C4F84483EB1B23F07F43F8
:10A92000012B14D1184B06F5A876013544F82650B2
:10A9300043F001034FF480609847DAF80040D4F800
:10A9400004359F421AD00D2003B0BDE8F08FA34418
:10A950006A1ECBF84055D4F80415C9F1FF13521AFA
:10A9600022F07F4203F57F439342ECD332B90135A5
:10A97000CBF84055D4F804359942E3E7C4F8448352
:10A980000020C4F80483DFE730B902000368022224
:10A99000C3F8442309B1C3F80423704700684FF497
:10A9A0008271FFF7FBBE4FF4803303FA01F10368B5
:10A9B000C3F84813C3F80813704750318900006882
:10A9C00089B2FFF7EBBE0368D3F8040570470000B7
:10A9D00090F90430002B09DB5A09012103F01F0311
:10A9E000994002F14003024A42F82310704700BF29
:10A9F00000E100E0024B034A1B681068184700BFE3
:10AA00003C2F0020342F002050E8012FC2EA0242E0
:10AA100040E80123002BF7D1704750E8022FC2EA2B
:10AA2000224240E80223002BF7D1704710B561B1F4
:10AA3000B2FBF3F403FB1424A4B244B9C0E900143C
:10AA400084608281C381204610BD0E20FCE709206E
:10AA5000FAE782B050E8022FC188B2EB324F4FF0D4
:10AA6000000317BF92B241EA014142EA014104E00A
:10AA70004268B2EB324F08BF012340E80212002ABD
:10AA8000E8D18DF807309DF80730002B0CBF11205E
:10AA9000002002B0704737B550E8013F9DB2C4892D
:10AAA00025448489A54228BF2D1B0489A54202BFE5
:10AAB000BFF32F8F002207E0C5EA030540E80154E9
:10AAC000002CE9D14FF001028DF803200193019A87
:10AAD0000A609DF8031001F0FF0321B1006810FA2D
:10AAE00082F003B030BD1846FBE708B50A884B88F2
:10AAF0009A4203D1FFF788FF012008BD0020FCE740
:10AB000037B550E8023F1FFAA3F5C488A54202BF3B
:10AB1000BFF32F8F00220DE0C48925448489A5420C
:10AB200028BF2D1BC3EA054540E80254002CE8D19C
:10AB30004FF001028DF803200193019A0A609DF8FD
:10AB4000031001F0FF0321B1006800EB124003B0D5
:10AB500030BD1846FBE708B50A884B889A4203D1F6
:10AB6000FFF75BFF012008BD0020FCE701F01F029A
:10AB70004B090121914000EB830000F066B84B09BE
:10AB800010B501F01F040121A14000EB830000F08B
:10AB900050F8E04000F0010010BD01F01F03012259
:10ABA0009A404B0900EB8300D14300F066B84B0993
:10ABB00001F01F0150F82300C84000F00100704769
:10ABC0002DE9F0474E1E76090746884601360025D6
:10ABD00057F8254007EB8509E44394FAA4F434B10F
:10ABE000B4FA84F44FEA451A5444A04506D8013516
:10ABF000B542EDD344462046BDE8F08721463846AD
:10AC0000FFF7BDFF0028F6D0D9F80040E44394FADE
:10AC1000A4F4002CEBD0B4FA84F4E5E710B50346B5
:10AC200053E8000F0A4643E8002494F0000FF7D1E0
:10AC300010BD10B5034653E8000F40EA010243E897
:10AC4000002494F0000FF6D110BD10B5034653E870
:10AC5000002F42EA010043E8000494F0000FF6D10F
:10AC600010BD10B5034653E8000F00EA010243E8A7
:10AC7000002494F0000FF6D110BD10B5034653E840
:10AC8000002F02EA010043E8000494F0000FF6D11F
:10AC900010BD10B5034653E8000F00EB010243E876
:10ACA000002494F0000FF6D110BD10B5034653E810
:10ACB000002F02EB010043E8000494F0000FF6D1EE
:10ACC00010BD10B5034653E8002FA2EB010043E886
:10ACD000000494F0000FF6D110BD0121FFF7A9BFC9
:10ACE0000121FFF7B2BF0021FFF7BBBF10B590B144
:10ACF000D0E9012301689B1ADBB20A60013BDBB299
:10AD0000FF2B026802D10020107110BD11684C1C8D
:10AD100014600B70F2E70E20F7E737B50546002404
:10AD20000DF107008DF80740FFF7FEFC2A686968FF
:10AD300013688B420ED9591E116013F8013C288A02
:10AD4000EC6800FB0344AB685B1A1179DBB29942F3
:10AD500038BF13719DF80700FFF70AFD204603B0C6
:10AD600030BD37B5054600230DF107000C468DF8C0
:10AD70000730FFF7D9FC2A681368591C1160EA688C
:10AD8000A41A2A8AB4FBF2F41C709DF80700FFF79E
:10AD9000EFFC03B030BD826810B504462AB14369A8
:10ADA0000168006998470023A36010BD0EB403B585
:10ADB000039921B104AB01AA019300F077F802B026
:10ADC0005DF804EB03B070470A2938B504460D4618
:10ADD00002D10D21FFF7F8FFA3682268591CA1607A
:10ADE000D554D4E901329A4204D32046BDE8384014
:10ADF000FFF7D1BF38BD00002DE9F84F9846DDE9D7
:10AE00000A43164682460F460A464FF00109B242EF
:10AE10000FD2C14538BFC14613F0010B01D16CB947
:10AE200000240125B8F1010F1CD908F1FF38754342
:10AE3000F8E709F10109B2FBF6F2E8E79B070ED546
:10AE4000B8F1000F0CBF30252025A145E9D2013C07
:10AE500029465046FFF7B8FF002CF6D1E0E7202541
:10AE6000F3E77543B7FBF5F39E42FAD9DFF8388074
:10AE7000B7FBF5F3504618F8031005FB1377FFF7FF
:10AE8000A3FF2B46B342B5FBF6F5F1D2BBF1000FA1
:10AE900000D034B9BDE8F88F20215046013CFFF7BF
:10AEA00093FF4C45F8D8F5E736B902002DE9F74F86
:10AEB000054690460F46002900F04C8117F8011B0B
:10AEC00049B92B7B002B00F04581284603B0BDE833
:10AED000F04FFFF760BF252940F0BE80002602E05A
:10AEE00046F001061F463B4613F8011B2D29F7D0FB
:10AEF000302920D02B2921D02A291A4621D1D8F84F
:10AF00000020111D1468C8F800101F4639782E293A
:10AF100026D101374FF0000A0A203A4612F8011BE9
:10AF2000A1F1300CBCF1090F1CD800FB0A11A1F1F2
:10AF3000300A1746F1E746F00206D3E746F004066A
:10AF4000D0E7002412F8013CA3F130010929DDD833
:10AF50000A2101FB04331746A3F130040132F1E763
:10AF60004FF0000A7A1C01F0FB006828174602D156
:10AF700012F8011BF7E7782909D86F290BD8632944
:10AF800064D021D8252967D0582900F08D803B78DE
:10AF9000002B93D195E770390829F8D801A252F80F
:10AFA00021F000BF2BB101008FAF01008FAF010076
:10AFB000BDB001008FAF010093B001008FAF010061
:10AFC0008FAF0100A9B00100642901D06929DED149
:10AFD000D8F80020D2F80090111D89EAE972C8F86B
:10AFE0000010A2EBE9724FF0010B0A21092A37DCAD
:10AFF000D34538BFD3462CB1B9F1000F01DB72073E
:10B0000000D5013CB30702D5BAF1000F03D0F00719
:10B0100001D454BB0024B9F1000F2EDAC9F10009A4
:10B020002D212846FFF7D0FE06F00302022A04D1A4
:10B03000BAF1000F01D124BB0024CDE900465346EC
:10B040000A2249462846FFF7D7FEA0E7D8F8003085
:10B050001A1D1978C8F800202846FFF7B5FE96E7B4
:10B060000BF1010BB2FBF1F2C0E7A345D3D22021D3
:10B070002846013CFFF7A8FECBE77107D4D52B216A
:10B08000CFE7A345D9D230212846013CFFF79CFEEB
:10B09000D1E7D8F800100A1DC8F80020CDE9004615
:10B0A00053460A220968CDE7D8F800100A1DC8F8EF
:10B0B00000205346CDE900461022F3E7D8F80030CF
:10B0C0001A1DC8F8002016F00106D3F8009024D10C
:10B0D000B9F1000F03D048460DF0EDFC0646B4422E
:10B0E0001DD809F1FF3919F8011F00293FF44FAFAE
:10B0F0002846FFF769FEF6E728460136FFF764FEAB
:10B1000019F806100029F7D1A642BFF440AF20215C
:10B110002846013CFFF758FEF6E70026F0E720211D
:10B120002846013CFFF750FED9E7D8F800301A1D39
:10B13000C8F80020302128461C68FFF745FE78211A
:10B140002846FFF741FE00220823CDE900322146C0
:10B15000102277E703B0BDE8F08F00BF2DE9F84F6C
:10B16000B0F806A04579D2F800B09DF828900AFB07
:10B1700005F5043D88460BEB0301A94203F10404E5
:10B1800088BFA5EB030BB4FBFAF607460AFB16448F
:10B19000C2F800B04EB9AAEB04055D4528BF5D4674
:10B1A000BBF1000F04D1BDE8F88F3F68013EF1E725
:10B1B000043408EB06003C442A46B9F1000F0DD0D8
:10B1C0002146ABEB050B0DF0A5FCDA452E443F689C
:10B1D00055464FF0000428BF5D46E1E70146204692
:10B1E000EFE7FFF783BDF8B546790146721E0546C5
:10B1F000002393422D6803D30024A64202D8F8BD51
:10B200000133F6E70F682846FFF7ABFD01343946F6
:10B21000F3E72DE9F041078ACD1C0646FFF77DFDD7
:10B22000043F3D440446B5FBF7F5D0B14FF48073BD
:10B23000EDB2C7808380013D066080460027AF42A3
:10B2400010D23046FFF769FD40B163790133637175
:10B250000137C8F8000006608046F0E72046FFF797
:10B26000C2FF00242046BDE8F08101210430FFF731
:10B270001CBD10B5012104460430FFF722FDC0B209
:10B2800020B92046BDE81040FFF7ADBF10BD1FB587
:10B2900003920022009203AAFFF760FF05B05DF859
:10B2A00004FB1FB503920122009203AAFFF756FF89
:10B2B00005B05DF804FB41DF70470000064B10B598
:10B2C00000241C70054B1C60BFF35F8F04490548C8
:10B2D00000F01FF8204610BD482F00204C2F002002
:10B2E00048B90200402F002008B508F0A7FD18B1AA
:10B2F000BDE80840FFF7DFBF20BF40BF20BF08BD4B
:10B30000836800225A60C3E904229A60DA601A60F6
:10B310007047D1E90032934208BF002301604360C7
:10B320007047436843B10268916852680B44934286
:10B33000436004BF00234360704770B5446806460D
:10B340000D46206820B1B36829469847236818B98C
:10B3500023682B60256070BD1C46F2E743681868BF
:10B3600008B102681A6070474368186870474368FC
:10B37000186800B970471A688A4203D10A681A60CF
:10B38000012070471346F3E710B50B4AA2F59473FA
:10B390009A4201D800200CE0D11A091103EBC10434
:10B3A00053F83110814205D802D204F10803EFE7C7
:10B3B000606810BD2246EBE77CBA020008B5FFF7D3
:10B3C000E3FF024B002808BF184608BD7CBA020004
:10B3D00070B5064E0546002456F8043B0BB12846CE
:10B3E00098470134042CF7D170BD00BF50300020C5
:10B3F0004388033300EB830399420BD382884FF6D3
:10B40000FF739A4208D0038833B18068431C5842C6
:10B4100058417047022070470120704768B10268A8
:10B42000084B9A4209D14068074B984207D0013334
:10B43000984214BF0320012070470320704700206A
:10B44000704700BFDEC0ADDEFE011EF1C21C92B22D
:10B4500040F2FE339A4230B51ED8124B187838B9F4
:10B460001C895D892C441444A4B2B4F5806F0AD9B8
:10B47000187DA0B9988BDC8B2044104480B2B0F5C5
:10B48000806F0CD801200880142101FB00330020BC
:10B4900059890A445A8130BD48F20860FBE748F2F6
:10B4A0000660F8E7882F00200B4A0C4953881420C7
:10B4B00000FB0311CB6833B90420496810700122E6
:10B4C000074800F09DBF07490523137002238B80B6
:10B4D000012209680023F3E7702F0020882F002045
:10B4E000C8220020802F002007B5002305490093C3
:10B4F000054A09680548082300F0D6FE03B05DF848
:10B5000004FB00BF802F00209CBA0200C82200204C
:10B5100007B5002301460093034A0448082300F0BE
:10B52000C3FE03B05DF804FB94BA0200C8220020F9
:10B5300013B500230C4600930146084A084804232B
:10B5400000F0B2FE38B90749142202FB04110123AE
:10B550000B7402B010BD48F20D60FAE790BA020019
:10B56000C8220020882F002037B50A480A4B4268BD
:10B570009C88196853880325033305709BB200200B
:10B5800000909B0001EB8401044800F08DFE03B0A5
:10B5900030BD00BF702F0020802F0020C822002067
:10B5A00010B501460448FFF776FA1C220446002134
:10B5B0000DF0E2FA204610BDB02F00202DE9F04139
:10B5C0000D460223154F2B80164600F5805100F1E1
:10B5D00008044FF001088C420ED2236801330BD0CF
:10B5E0002046FFF705FF48B10EB186F8008002281B
:10B5F00009D14FF480632B80BDE8F081A3683A68DD
:10B60000934200D93B602B886288033313442B801C
:10B610006388033304EB8304DDE700BF4C30002074
:10B6200038B5134B14220D4602FB00335C682B68BF
:10B6300004F580518BB15C88033403EB84048C42A5
:10B6400009D22368013306D02046FFF7D1FE012836
:10B6500008D0022803D1002003E00834EFE72C6073
:10B66000012038BD6388033304EB8304E7E700BFA0
:10B67000882F002043682DE9F34105460E46002B34
:10B6800046D0254AD1688B4242D3126993423FD8B3
:10B6900013F003043CD1214A01891289914238D127
:10B6A00001689A68914234D11D494A68934203D98E
:10B6B00002F5805293420ED38A6993420DD902F566
:10B6C0008052934209D201233380B4FA84F04009B6
:10B6D00002B0BDE8F0812346F6E748F20964F4E7DA
:10B6E000CDF8048001A93846FFF79AFF30B901343C
:10B6F000A7B2022C3780F3D10020E9E7019B2A682A
:10B7000099689142EED16B60044B1B892B81DFE776
:10B7100000244FF00008EBE7C8220020702F002023
:10B72000882F00202DE9F0471C461E4B1B7807464A
:10B730008846164683B392B38CB3DFF86C904FF013
:10B74000140AA588012D02D948F2096022E00AFBFB
:10B7500005F319F803302BB921462846FFF760FF9F
:10B7600018B920600135A580EBE723681FB19988DF
:10B770003A889142F0D1B8F1000F04D01988B8F896
:10B7800000209142E8D19A68C6E90023074B1B8943
:10B7900033810020BDE8F08748F20160FAE748F203
:10B7A0000460F7E768300020882F0020702F002009
:10B7B00008B5074B5888191DFFF732FF18B1BDE8CF
:10B7C0000840FFF7D1BEBDE80840FFF76DBE00BFDF
:10B7D000702F00202DE9F0439D4F89B006463D684B
:10B7E0002DB99C499C48FFF78BF9054638602A78AB
:10B7F000531E052B00F20A81DFE813F006007100EA
:10B800007100FE00FE005401E6B1944B00225A6024
:10B810004FF406441422002103A80DF0ADF941F6BF
:10B820001D539C4208BF00243B6804941A78023AD6
:10B83000042A00F2ED81DFE812F0CE01DA01FC010A
:10B8400004020B022B79032B1CD8DFE803F014024F
:10B850002A35834A1378022B1AD0137D022B4FF01E
:10B86000010317D114214B43D1180020D05448684C
:10B87000FFF74EFE03E001232B71FFF735FE002892
:10B8800000F0E380754B00225A6048F20D64C1E776
:10B890000023E7E7714A13700023536041F61D54FB
:10B8A000B8E770497048002302222B718A8009682A
:10B8B000012200F0A5FDE2E76C4B694C5B88694A08
:10B8C00014214B43E11800262E714D681068156055
:10B8D000958848600D810221E6549180C8E7B5F84B
:10B8E0001490DFF87C81A6B1AA7DEB88022A06D9E4
:10B8F000142101FB0981DA1C088902440A811422FF
:10B9000002FB0982C3F57F435189FD330B44538108
:10B910007EE7142303FB098319895C68AB7D04EB84
:10B920008104062B62D8DFE803F00F4C3442045840
:10B9300064004F4A4F49002353601046AB691360BF
:10B94000FFF798FE002870D00223AB750023009308
:10B950000423EA182146444800F0A6FC002874D0CD
:10B9600048F20D64AA7DEB88022A06D9142101FB56
:10B970000981DA1C088902440A81142202FB098821
:10B98000C3F57F43B8F80A20FD331344A8F80A3002
:10B9900040E72B69002B0CBF01230323AB75002369
:10B9A000009305F10C02042304F10801D3E70123FD
:10B9B000AB750022EB8800922A699B0004F10C0110
:10B9C000C9E7032A14BF06230523AB7500230093A0
:10B9D000042305F10802E118BDE70623AB75254BEA
:10B9E0001988234B5868FFF7A3FDB7E748F20E64A8
:10B9F000B8E741F61D54B5E7002E7FF409AF2B7967
:10BA0000012B39D0022B3FF449AF13B148F20E6439
:10BA100000E702232B710DF10A01EB68039303A8E1
:10BA2000CDE90466FFF726FE10B948F20964F1E695
:10BA30000498BDF80A108388EB8003882B81FFF7F8
:10BA400077FD044600287FF4E5AE09B0BDE8F08339
:10BA50006C2F0020682F0020B02F002068300020BD
:10BA6000882F0020802F0020C8220020702F002067
:10BA70005C2F0020582F0020DFF8DC8103AA43460A
:10BA80003146A81DFFF74EFE044618B9B8F8041059
:10BA90000498D4E748F209639842C8E900667FF445
:10BAA000B9AEFBE6002E7FF4B3AE6C4B1A7BAAB1A5
:10BAB0001E731A78013A062AA8D801A151F822F07B
:10BAC0006BBB010091BB0100AFBB0100B5BB010026
:10BAD0000DBA0100BBBB0100CDBB01001A78072ADB
:10BAE000E7D801A151F822F009BB0100B3BA010067
:10BAF000B3BA01002FBB010043BB010067BB0100CB
:10BB000067BB01002BBB01001A89554901321A811C
:10BB100000225A801A730A78B2FA82F252099A7293
:10BB20000A7DB2FA82F25209DA72012207E04D4927
:10BB300058688A884088033202448A8002221A7038
:10BB4000B7E75C88464A4749142505FB0422086884
:10BB5000546850608888108102200C608880002121
:10BB600011740622EBE70722E9E79A7A32B9DA7A0A
:10BB70008AB900221A705A805A608FE6384900222A
:10BB80009A72CA68002AF2D1097C0029EFD05A8043
:10BB9000FFF70EFE55E70022DA72314A116A0029DA
:10BBA000E7D192F82420002AE3D00122EFE7FFF743
:10BBB000DBFC46E7FFF778FC43E75A88284B142163
:10BBC00001FB02335868FFF7A3FC3AE700225A60F2
:10BBD000FFF78AFC35E701228DF80C201A89ADF8B1
:10BBE00018209A88DB68ADF81A20059310E002222D
:10BBF0008DF80C201A89ADF818209A88ADF81A2013
:10BC0000DA689B7D05929A1F534253418DF81C3090
:10BC100003A8FFF7DDFB0026134914483E60FEF73A
:10BC20009AFF13480121FFF74CF800287FF4D7ADA5
:10BC30000BE703228DF80C20DA88ADF818201A895A
:10BC4000D0E704228DF80C20DB88ADF81830DFE750
:10BC500005238DF80C30DBE7502F0020702F0020DB
:10BC6000882F0020802F0020682F0020B02F002078
:10BC7000643000204068FFF7ADBD000008B50548FE
:10BC80000121FFF706F818B9BDE80840FFF7A2BD8B
:10BC900008BD00BF643000202DE9F3411F46314B41
:10BCA0001B7806460D46002B4FD0002950D009883E
:10BCB0004FF6FF7399424ED06B88002B4BD06B68C8
:10BCC0009B074BD152B9B5F808800DF102014046EF
:10BCD000FFF7BCFB38B102B0BDE8F0811388B2F8C1
:10BCE0000280ADF8023001A8FFF75AFC002307706C
:10BCF0008375BDF8023083826B68036104460121BD
:10BD00001948FEF7D2FF2B882381032F6B88A3806D
:10BD100004BF0423A3754FF0000508BF3368E0603B
:10BD200008BFA3611148A4F80680658101A9FEF748
:10BD3000DCFE36B1E36833600D4B75601B89B5726C
:10BD40003381FFF79BFF0020C5E748F20160C2E79F
:10BD500048F20460BFE748F20360BCE748F20260C3
:10BD6000B9E700BF683000204C300020B02F002021
:10BD7000702F002008B5034607480268042A08D03F
:10BD80000168064A42F821300121FEF78EFF0020AB
:10BD900008BD48F20B60FBE7603000205030002007
:10BDA0002DE9F04F754F87B01422002101A80CF047
:10BDB000E3FE3B7803F0FF081BB101A8FFF708FB87
:10BDC00003E0381DFEF789FF20B10024204607B0AC
:10BDD000BDE8F08FD8F8F83F581C4FF080523CD0A7
:10BDE0001269DFF89C916749C9F810300022A3F569
:10BDF00040534846C9F80C3000F024FA04460028A5
:10BE0000E4D1614961481C238C22FEF70FFEA34652
:10BE10004FF0030A2546D9F80C605E443046FFF720
:10BE2000FDFA012865D0032851D133685A1C02D08D
:10BE3000574A93423DD1331D06F5805219680131AE
:10BE400037D104339342F9D1524B1A6872B90222A6
:10BE50001E609A804FF0010814E04FF010235B69D8
:10BE60001269591C04BF30235343BAE714236B43B0
:10BE700049480221C218C154484B56605D800135C3
:10BE80001181ADB244F001040BF5805BBBF5405F5E
:10BE9000C1D1BAF1010F06D9E4B2062C4BD04FD86C
:10BEA00014F0FD0F4CD100233B7048F20A647B6014
:10BEB0008CE7394A14236B43D1180AF1FF3A4E60DC
:10BEC0000321D1541FFA8AFA0135ADB2DCE73249B9
:10BED00014236B43CA180020C854566003F11002A3
:10BEE00008330A4430461944FFF768FB44F0020463
:10BEF000EAE7284BB8F1000F0FD0DFF89CC01422FE
:10BF00006A430CEB020102200CF802001A684A6036
:10BF1000224A088155800135ADB221491E600022B8
:10BF20003046FFF74BFB1B4B9B88022B14BF0823AB
:10BF300004231C43A8E701233B7000237B603CE7FC
:10BF40006846FFF72DFB013C012303700A2C09D83A
:10BF5000DFE804F006080608070807080F110F00BD
:10BF60000023037169460948FEF7BFFDFFF786FE0F
:10BF70002BE70323F5E70223F3E700BF6830002037
:10BF8000C8220020DCBA0200C02F0020B02F002001
:10BF9000DEC0ADDE802F0020882F0020702F002013
:10BFA000842F002073B50D460446C0B1B9B10DF120
:10BFB0000601FFF75FFBA8B10C4BBDF806206668D1
:10BFC000142000FB02300121FEF76FFE63682E6033
:10BFD0000C336B600123A372002002B070BD48F2E5
:10BFE0000460FAE748F20960F7E700BF942F0020E9
:10BFF00013B50446A8B10DF10601FFF73BFB98B15C
:10C00000BDF806200B4B142101FB0233DA6872B134
:10C01000A27A62B1DA680020013ADA60A07202B056
:10C0200010BD48F20460FAE748F20960F7E748F209
:10C030000560F4E7882F002002230022FFF72CBEC2
:10C0400018B103230022FFF727BE48F204607047AF
:10C050000F4B1B7813B50446A3B14FF6FF739842FC
:10C0600013D001A8FFF79CFA052303700123037185
:10C07000C48001A90748FEF738FDFFF7FFFD002047
:10C0800002B010BD48F20160FAE748F20360F7E73A
:10C0900068300020B02F00200D4B1B7807B59BB1F6
:10C0A00001A8FFF77DFA0623037001A90948FEF7EE
:10C0B0001CFD094B1A780AB101221A73FFF7DEFD45
:10C0C000002003B05DF804FB48F20160F9E700BF0F
:10C0D00068300020B02F0020702F002007B5ADF889
:10C0E0000600ADF804100DF1060001A9FFF71AFBD8
:10C0F00003B05DF804FB07B51346ADF806000A4629
:10C1000000200DF10601FFF70DFB03B05DF804FB05
:10C1100007B51346ADF806000A460DF106000021EA
:10C12000FFF700FB03B05DF804FB20B119B1036811
:10C130000B600020704748F2046070473F4B1B784B
:10C140002DE9F74F0446002B71D0002872D0102241
:10C150000021023000260CF00FFD394F032323800D
:10C16000B046B146B3464FF0010A79687A893D89F5
:10C17000019208461544FFF751F9032808BF2088AB
:10C180002F4B019A04BF00F1FF302080142000FBE8
:10C190000630ADB2C0684A441FFA82F9A844A289A9
:10C1A000A4F80890C5F58065ADB25844AA421FFABC
:10C1B00080FB1FFA88F838BFA581A4F802B001F10E
:10C1C0000805A4F80A8001F58051A94224D92A68FB
:10C1D000013221D02846FFF70BF9012805D00228AB
:10C1E00010D0A2880132A28007E0E2880132E2800A
:10C1F000E289688803320244E2816A88033205EBEF
:10C200008205E2E7E28884F810A00132E280E28948
:10C21000491B02EBA101E181721C022A07F11407FC
:10C220004FF00106A1D1002003B0BDE8F08F48F225
:10C230000160F9E748F20460F6E700BF68300020CB
:10C24000882F002013B50B46114680B9104B1148BA
:10C25000114AC01A0E23C0080093104B0004104965
:10C2600040F00100FDF781FC0E2002B010BD4BB97B
:10C27000074B08480B4AC01AC0080E23009300045D
:10C28000064BECE703601B6802B0BDE8104018479E
:10C290007C8D02002C8E0200DA940200CABA0200E1
:10C2A000DF9402000E9502002DE9F743DDF82880A7
:10C2B00088B9474B4748484AC01A0E23C008009324
:10C2C000464B000440F001004549FDF74EFC0E20AE
:10C2D00003B0BDE8F0834AB93D4B3E48414AC01A1D
:10C2E000C0080E23009300043C4BEBE7D0F800E0BD
:10C2F000BEF1000F0FD1364B36483B4A3849C01AC1
:10C30000C0080824000440F00100344B0094FDF7FD
:10C310002CFC2046DCE77BB92D4B2E48334AC01A53
:10C320000923C00800932D4B000440F001002C4964
:10C33000FDF71BFC0920CBE74768D7F80490B3FB57
:10C34000F9F709FB17374FB1214B2248284AC01A89
:10C35000C008092300930004204BE6E78F070FD0A5
:10C360001B4B1C48234AC01A1023C00800931B4BC8
:10C37000000440F001001A49FDF7F7FB1020A7E781
:10C3800012F0030F09D0124B12481B4AC01AC00802
:10C39000102300930004114BEBE7C768B9420DD39B
:10C3A00005694C1E1C44AC4208D8CDF82880DEF844
:10C3B0000C40A44603B0BDE8F0436047044B054879
:10C3C0000E4AC01AC008102300930004034BD0E7A4
:10C3D0007C8D02002C8E0200DA940200B7BA0200B3
:10C3E000DF9402005C950200089502001B95020094
:10C3F000629502008C950200A4950200C795020088
:10C40000F7B580B92D4B2E482E4AC01AC0080E240D
:10C410002D4B009400042D4940F00100FDF7A5FBD1
:10C42000204603B0F0BDD0F800C0BCF1000F09D128
:10C43000224B2348264AC01AC0080824224B0094E5
:10C440000004E8E74AB91D4B1D48224AC01AC0083B
:10C4500009241D4B00940004DDE74768D7F800E08D
:10C460000EF1FF370F420FD0144B15481A4AC01A6D
:10C470001023C0080093144B0004144940F001003D
:10C48000FDF773FB1024CBE7C768B9420CD30569ED
:10C490004C1E0EFB0244AC4206D8DCF81040A44609
:10C4A00003B0BDE8F0406047044B05480B4AC01A92
:10C4B000C008102300930004034BDEE77C8D0200CC
:10C4C0002C8E0200DA940200A4BA0200DF9402006B
:10C4D000089502001B950200EE95020014960200DA
:10C4E00029DF704728DF704770B503689E6886B003
:10C4F00004460D466EB11422002168460CF03CFB48
:10C50000A3680593237901952BB1012B0DD06846C3
:10C51000B04706B070BD01238DF800302369029347
:10C52000E368039363690493F1E702238DF8003015
:10C53000E3681B030293F5E7084670470020704745
:10C54000024B187A003818BF01207047783000205D
:10C55000034B187A0122B0FA80F05A7440097047F0
:10C560007830002008B510461A460CF0D3FA0020A7
:10C5700008BD000008B51422002104480CF0FCFAA4
:10C580000348FEF766FA002008BD00BF783000209F
:10C590008C30002010B5094C094B43602046FEF753
:10C5A0009CFB40B907F04AFC064920741C2306484E
:10C5B0008C22FEF73BFA002010BD00BF783000202F
:10C5C000FCBA02009C3000208C30002038B5234C8F
:10C5D000234D237A3BB923492348FEF791FA28607B
:10C5E00008B9606038BD022323722B681A7972B1D2
:10C5F000012A24D028680321FFF776FF0023237245
:10C60000636018491848BDE83840FEF7A4BAD3E97A
:10C610000520121AB2F5805FD3E9031328BF4FF447
:10C6200080529208012A014438BF01221844FFF7C2
:10C6300057FF50B11128DDD101232372D2E7D3E98E
:10C6400003031844FFF74EFFF3E7237C002BC9D107
:10C65000BDE83840022000F009B800BF7830002063
:10C6600074300020703000208C30002038B5234C0E
:10C67000237A002B41D0022B09D1032830D0204B44
:10C6800000221B68E2601A793AB1012A22D0637C49
:10C690007BBBBDE83840FFF799BFD3E905128D1A7F
:10C6A000B5F5805F94BF521902F580529A619142AC
:10C6B000EDD102284FF0000308BF19462372104B3A
:10C6C00018BF0D211868FFF70FFF0E490E48FEF73F
:10C6D00042FADCE71A6901321A615B699A42E7E7BC
:10C6E000E3680133082B01D8E360D0E70023E3605F
:10C6F000DFE7BDE8384007F091BB38BD7830002057
:10C7000074300020703000208C300020831E012BFC
:10C7100001D8FFF7ABBF704700F0FD03012B08D134
:10C72000044B00225A74421E504250411874FFF7C5
:10C730004DBF70477830002008B50648FEF7CDFAA7
:10C7400030B9054B5B7C1BB9BDE80840FFF73EBF25
:10C7500008BD00BF7C300020783000202DE9F34177
:10C7600080460D46104801A916461F46FEF793F96C
:10C770000446B0B11722002105300CF0FDF92D0B55
:10C780000123237101A90848C4F80080A760E5606F
:10C790006661FEF7AAF9FFF7CFFF002002B0BDE8FF
:10C7A000F0810420FAE700BF8C3000202DE9F3412E
:10C7B00080460F460F4801A916461D46FEF76BF945
:10C7C0000446A8B11822002104300CF0D5F9089BCA
:10C7D000A36001A9C4E903670648C4F80080656145
:10C7E000FEF783F9FFF7A8FF002002B0BDE8F08153
:10C7F0000420FAE78C30002003462AB110881A463C
:10C8000019448A4203D170474FF6FF70F7E743BAE5
:10C8100012F8010B9BB25840C0F3031343401BB204
:10C8200083EA03331BB2580100F4FF50434098B22F
:10C83000E7E70000024AD2F80034002BFBD0704733
:10C8400000E001404FF0805310B5D3F830210A2AA0
:10C850005BD1D3F844224FF08041C2F34232C1F899
:10C860003C250022C1F80C21C1F81021C1F838255F
:10C87000514AD3F80404C2F82005D3F80804C2F8DA
:10C880002405D3F80C04C2F82805D3F81004C2F824
:10C890002C05D3F81404C2F83005D3F81804C2F8F4
:10C8A0003405D3F81C04C2F84005D3F82004C2F8BC
:10C8B0004405D3F82404C2F84805D3F82804C2F884
:10C8C0004C05D3F82C04C2F85005D3F83004C2F854
:10C8D0005405D3F83404C2F86005D3F83804C2F81C
:10C8E0006405D3F83C04C2F86805D3F84004C2F8E4
:10C8F0006C05D3F84434C2F87035D1F80034DB0746
:10C9000009D56FF00103C1F800344FF08053D3F81C
:10C9100030310A2B1FD14FF08052D2F83431012B25
:10C920000BD14FF08041D1F8E43E43F00F03C1F842
:10C93000E43ED2F830310A2B0DD14FF08053D3F8BA
:10C940003431012B81BF4FF01023D3F808224FF070
:10C950008043C3F858254FF01023D3F80022002A53
:10C9600003DBD3F80432002B22DA144901234FF001
:10C970001020C1F804351524FFF75CFFC0F8004211
:10C98000FFF758FFC0F80442FFF754FF0023C1F837
:10C990000435FFF74FFFBFF34F8F0949094BCA68B2
:10C9A00002F4E0621343CB60BFF34F8F00BFFDE79B
:10C9B000054B064A1A6010BD00C0004000E001406F
:10C9C00000ED00E00400FA05002300200090D003F1
:10C9D00038B5084B051EA3F1080214BF1C461446C7
:10C9E00023682BB11A6822605B6828469847F7E7EE
:10C9F00038BD00BF3831002020B9054B01225A70E4
:10CA0000FFF7E6BF012802D1014A9070F8E77047AE
:10CA10002831002020B9034B01225A70FFF7D8BFFC
:10CA2000704700BF2831002038B50E4C2378B3B9C9
:10CA30000D486360A3602361E36000F0E7F80546FA
:10CA400007F0FCF908B900F0EDF801232370074B5B
:10CA5000D3F800340BB10123A370284638BD8525D7
:10CA6000F5E700BF28310020F9C9010000000140AE
:10CA700037B50D4C00230DF107008DF80730FDF799
:10CA800053FEE368013BE360E36833B9074BD3F837
:10CA9000005415B900F0D8F8A5709DF80700FDF70F
:10CAA00067FE03B030BD00BF283100200000014008
:10CAB000012813B50CD0032820D038B9134B01221C
:10CAC000C3F88020BFF34F8FBFF36F8F02B010BD4C
:10CAD0000F4C00230DF107008DF80730FDF724FE01
:10CAE00023780BB9FFF7A0FFE3689DF80700013337
:10CAF000E3600123A370FDF73BFEE7E700F092F847
:10CB000002B0BDE81040FFF7B3BF00BF00E100E096
:10CB1000283100201FB503788DF800304368019359
:10CB200083688DF80830C368054A0393054B68464F
:10CB300053F8213052F82110984705B05DF804FBF6
:10CB400040310020443100201FB503788DF80030BB
:10CB50004368019383688DF80830C368054A0393DE
:10CB6000054B684653F8213052F82110984705B01C
:10CB70005DF804FB4031002044310020F0B5194B32
:10CB800090F800C091F81DE089B043F82C20164BB6
:10CB900016460A6943F82C20144B0C4603F80CE0A7
:10CBA00007460FCC6D460FC594E80F0085E80F00CF
:10CBB000CDF810C0BEF1000F09D0002E0C4A694616
:10CBC00008BF3246381D00F06FFC09B0F0BD002EE2
:10CBD000084A694608BF324607F10C0000F040FAE7
:10CBE000F3E700BF44310020403100203C310020F9
:10CBF00015CB010049CB010000F18040002382B039
:10CC0000036003680193019B02B07047044B024626
:10CC1000187918B91A6001229A80704785207047E8
:10CC200048310020074B1A68D20704D4C02283F889
:10CC3000002301221A604FF080430122C3F8182517
:10CC4000704700BF00E100E04FF0804208B50223CA
:10CC5000C2F808334FF48270FFF7CEFF0123D36090
:10CC6000D2F81834DB03FBD408BD00004FF080413C
:10CC700010B5D1F8003163B14FF48070FFF7BCFFFD
:10CC80000D4B58790122C1F8082310B95A711B685D
:10CC900098474FF08042D2F8043163B14FF482706C
:10CCA000FFF7AAFF0223C2F80833034BBDE8104088
:10CCB0001B680120184710BD4831002000F180405A
:10CCC00000F5C040002382B0036003680193019B1C
:10CCD00002B07047800000F1A040D0F8003723F484
:10CCE0004033C0F80037D0F8003743EA0143C0F8BA
:10CCF000003770472DE9F34700244E4D01944FF45F
:10CD00008072012102F1804303F5C0431B68012BAF
:10CD100007D1D5F804330B4203D090B2FFF7CEFF12
:10CD20000C430432B2F5907F4FEA4101EAD1414B06
:10CD3000D3F87C31012B0CD14FF4BE70FFF7BEFF4E
:10CD40004FF0A04344F00044D3F820250192C3F8EB
:10CD50002025E3B2D3B1384F00250126344210D04C
:10CD6000AB0003F1804303F5C043D3F81005D3F8BB
:10CD7000101557F8253023B1C1F30141C0F3042049
:10CD800098470135082D4FEA4606E7D1002C48DACE
:10CD9000294C4FF0A047294D4FF00008012615F906
:10CDA000013F5A1C31D0C3F3C20108316944DAB2E1
:10CDB00011F8041C03F03F0903F0070306FA03F31C
:10CDC000194222D009F5E073484657F82330C3F3DF
:10CDD000014ABAF1020F14BF02210321FFF77AFFC3
:10CDE00006FA09F3C7F8203504EB090393F930304C
:10CDF00054F823304BB19109032904D0BAF1020F42
:10CE000012D1012901D14846984708F10108B8F12B
:10CE1000040FC4D1D7F820350193C7F82035002B73
:10CE2000B9D102B0BDE8F087BAF1030FEDD1022904
:10CE3000E8E700BF00600040503100209F31002033
:10CE4000014B1B68184700BFAC3100200D4B9842C6
:10CE500037B50C4611D100230DF107008DF80730CE
:10CE6000FDF762FC084B1D7915B901221C601A718F
:10CE70009DF80700FDF77CFC15B9002003B030BD1C
:10CE80001120FBE700200040AC310020002382B0DD
:10CE9000435043580193019B02B070470A4610B5B6
:10CEA0004FF48E71FFF7F2FF136A9168C95C136A41
:10CEB00001331362C0F81C1510BD8B690A4610B50A
:10CEC0004FF4847123B9FFF7E1FFD0F8183510BD96
:10CED000FFF7DCFF536AD168D0F81805C854536ACD
:10CEE00001335362F3E700001FB501238DF80030D2
:10CEF000044BCDE90110D3E900126846904705B014
:10CF00005DF804FBB431002008B54FF49271FFF7CF
:10CF1000BDFF4FF48471FFF7B9FF0123036008BD23
:10CF200030B54D4DD5F804339A0585B051D5D5F8B7
:10CF30002431002B4DD04FF492712846FFF7A6FF05
:10CF40004FF40173C5F80833444B93F829200AB90C
:10CF500001226A60404902228DF80020D1F8802425
:10CF6000C1F8802403929A690292DA680192002241
:10CF7000C3E906226846D3E9001290473648D0F844
:10CF80001C315BB1354A5169136A99424DD992F807
:10CF90002830002B49D11146FFF780FF2E48D0F8EA
:10CFA0004431002B56D04FF4A271FFF76FFF2B4B8B
:10CFB00093F829200AB1012202609A69002A49D017
:10CFC000586AD96800229A6105B0BDE83040FFF781
:10CFD0008BBFD5F804335B07D0D5D5F80831002BCB
:10CFE000CCD01E4C1C482146FFF767FF636AA2693C
:10CFF0009A42C3D1E369E1684BB1A3612369E3605D
:10D000000023606AE3616362FFF76EFFB6E794F89E
:10D0100029300BB901236B600F4B4FF40172C3F839
:10D0200008230023606AA361EEE70B484FF48E717A
:10D03000FFF72CFF5369002BB0D0516902910023F8
:10D0400091688DF80030019153616846D2E9001370
:10D050009847A3E705B030BD00200040B431002060
:10D060002DE9F843524D90F804802C2303FB08531C
:10D07000064693F82A300C469146002B40F09480E7
:10D080004C490068FFF7E2FE0746002840F08E801A
:10D0900021683368481C0BD04FF0A04001228A4021
:10D0A000C0F8082501F5E0724FF0030C40F822C0EB
:10D0B0006068421C1FBF00F5E0724FF0A04C4FF0BB
:10D0C000000E4CF822E0A269C3F8242594F814C09D
:10D0D000627DBCF1010F4CEA0202C3F86C25C3F873
:10D0E0001405C3F80C151DD1A1684A1C1FBF01F51A
:10D0F000E0724FF0A0404FF0000C40F822C0E26810
:10D10000501C0BD04FF0A04C01209040CCF80805EB
:10D1100002F5E0704FF0030E4CF820E0C3F808254C
:10D12000C3F810152C2303FB08F3EA18C2F8049087
:10D130002269EA50B9F1000F1ED03068227F4FF407
:10D140008E71FFF7A3FE4FF4A271FFF79FFE1A4BFB
:10D15000C0F8043340F307335201002BD2B21EDB78
:10D160001649C81880F800230122580903F01F034C
:10D1700002FA03F341F8203033680422C3F8002593
:10D180002C2303FB08530022C3E9062283F829203D
:10D190005A61012283F82A203846BDE8F8830849FD
:10D1A00003F00F03CA54E7E70827F5E71127F3E771
:10D1B000B431002021CF01008000020000E100E036
:10D1C00014ED00E00279044B2C2101FB0233586975
:10D1D000003818BF01207047B43100202DE9F04716
:10D1E000074690F8049088469246FFF7EBFF054605
:10D1F000002835D11C4E2C2404FB09644FF48E7199
:10D20000C4F814A0206284F828003868C4F80880A4
:10D21000FFF73CFE012383602146FFF73FFE636872
:10D2200003BB6569236A9D4210D8D0F81C31002BDE
:10D23000FBD00123C36000202C2303FB09660023DD
:10D240007361BDE8F08794F828303BB9D0F81C3101
:10D25000002BF8D02146FFF721FEE3E70F20EBE794
:10D260001120EEE72846ECE7B43100202DE9F0412B
:10D270003A4C06792C2303FB064305465F6827B129
:10D2800003684FF40170C3F808032C2303FB064323
:10D29000986950B1D869002833D027B12B684FF472
:10D2A0000172C3F80423112029E09A61D960586201
:10D2B000024601462C2303FB0643DA6193F829302A
:10D2C0001BB911B92868FFF71FFE2868002F3FD14E
:10D2D0002C274FF4A27107FB0647FFF7D7FD2868FC
:10D2E000D0F82421D0F80811D0F8443119430BD1DB
:10D2F000002AF4D02C2303FB064399610320BDE8E8
:10D30000F08119610121D5E753EA020813D13946AA
:10D31000FFF7D3FD7B6ABA699A42E0D8C7F8188054
:10D320002C2202FB06442B6894F82910012269B1D3
:10D330001A600020E3E72C2101FB064100208861F0
:10D34000002ADBD1002BEBD00F20D8E75A60F0E7A2
:10D350004FF40173C0F80433EBE700BFB431002091
:10D36000002382B0435043580193019B02B07047A1
:10D370001FB501238DF80030044BCDE90110D3E92E
:10D3800000126846904705B05DF804FBE0310020CC
:10D390007FB5434AD2F82461002E60D010464FF486
:10D3A0009271FFF7DDFF02238DF80030D2F8803450
:10D3B000C2F880340393D2F83C350293394BDA68D3
:10D3C00001920022C3E906226846D3E90012904781
:10D3D0003348D0F8443173B14FF4A271FFF7C0FF66
:10D3E000304B9A693AB10022D0F83C05D968C3E9BC
:10D3F0000622FFF7BDFF2A48D0F82031ABB14FF429
:10D400009071FFF7ADFF0123C360264B5A6962B1EB
:10D41000D0F84C150291002299688DF800200191F6
:10D420005A616846D3E9001290471D48D0F8583138
:10D430009BB14FF4AC71FFF793FF1A4B5A6962B17D
:10D44000D0F84C150291002299688DF800200191C6
:10D450005A616846D3E90012904704B070BDD2F813
:10D460001031002BB4D04FF488711046FFF778FFCD
:10D470000C4BD2F83C0599698842A9D1DC69D9687E
:10D4800064B1D2F8005225F02005C2F800521A69A2
:10D490009C61DA60DE61FFF76BFF99E79C61FAE758
:10D4A00000200040E03100202DE9F843574D90F86E
:10D4B0000480242303FB0853064693F820300C46CF
:10D4C0009146002B40F09E8051490068FFF7BEFC5A
:10D4D0000746002840F0988021683368481C0BD02C
:10D4E0004FF0A04001228A40C0F8082501F5E07203
:10D4F0004FF0030C40F822C06068421C1FBF00F5CB
:10D50000E0724FF0A04C4FF0000E4CF822E0A26900
:10D51000C3F8242594F814C0627DBCF1010F4CEAD5
:10D520000202C3F86C25C3F80C15C3F814051DD10D
:10D53000A1684A1C1FBF01F5E0724FF0A0404FF0F8
:10D54000000C40F822C0E268501C0BD04FF0A04CF9
:10D5500001209040CCF8080502F5E0704FF0030E72
:10D560004CF820E0C3F80825C3F81015242303FB6A
:10D5700008F3EA18C2F804902269EA50B9F1000FE2
:10D580002AD03068227F4FF48871FFF7E9FE4FF40C
:10D590009071FFF7E5FE4FF49271FFF7E1FE4FF453
:10D5A000A271FFF7DDFE4FF4AC71FFF7D9FE194B06
:10D5B000C0F8043340F307335201002BD2B21CDB16
:10D5C0001549C81880F800230122580903F01F03E9
:10D5D00002FA03F341F8203033680822C3F800252B
:10D5E000242303FB08550023C5E906336B6101239F
:10D5F00085F820303846BDE8F883084903F00F036A
:10D60000CA54E9E70827F5E71127F3E7E0310020DE
:10D6100091D301001003420000E100E014ED00E0AE
:10D620000279044B242101FB02335869003818BFEA
:10D6300001207047E031002001F06043B3F1005F4A
:10D640002DE9F04781460E46924636D190F8048087
:10D65000FFF7E6FF044690BB1B4FD9F800202425B6
:10D6600005FB08754FF490711046C5F814A0AE6024
:10D67000FFF776FE4FF4AC71FFF772FE6B69C2F8EC
:10D680004465C2F84835012393606B68CBB9D2F882
:10D690002031D2F858010343F9D060B90123D36097
:10D6A000D2F85831002BFBD0242303FB087700234A
:10D6B0007B61BDE8F0870F20F6E71020F9E7112025
:10D6C000F7E72046F5E700BFE03100202DE9F843F9
:10D6D00001F06043B3F1005F0E466CD10779374D1E
:10D6E000242303FB0753D3F80480B8F1000F04D0C0
:10D6F00003684FF40471C3F80813242303FB075392
:10D70000996969B1D969002937D0B8F1000F04D0FF
:10D7100003684FF40472C3F804231120BDE8F883B2
:10D720009A61DE6089462423046803FB0753204680
:10D73000D9614FF48871FFF713FE4FF4A271FFF720
:10D740000FFEC4F83465C4F83825B9F1000F19D1BB
:10D7500001232360B8F1000F27D1D4F81031D4F899
:10D760004421D4F82401134313D10028F5D02422F6
:10D7700002FB075203209361D0E71E6111464FF070
:10D780000109D0E7D4F8003243F02003C4F8003296
:10D79000E0E7242303FB07550023984218BF03202A
:10D7A0009A42AB6118BF0F20B8E74FF40473C4F876
:10D7B00004330020B2E71020B0E700BFE0310020C2
:10D7C000024B53F8213007C8184700BF043200202D
:10D7D00010B4044C037944F82320034A10BC00F031
:10D7E00063B800BF04320020C1D701001FB54A7DD5
:10D7F000022AD3B207D0032B0FD0012B00D14362F2
:10D8000005B05DF804FB00238DF804300293039308
:10D8100001A88B6889699847F2E701238DF80430E5
:10D82000D0F83C350293D0F84C35F0E713B54FF003
:10D830004020D0F82831E3B10023C0F82831D0F8D7
:10D84000283118490093009B4B7D012BDAB210D18F
:10D850000B68CC68C0F84445C0F848354B680C6983
:10D86000C0F83445C0F83835826202234B75FFF7A3
:10D87000BDFF4FF04020D0F804318BB10023C0F839
:10D880000431D0F8043107490193019B4B7D022BF1
:10D8900006D103234B7502B0BDE81040FFF7A6BFC9
:10D8A00002B010BD083200202DE9F04F85B090F88D
:10D8B00004905E4E01931C2303FB096307461B7D06
:10D8C0000D469046002B40F0AB800B7C032B00F202
:10D8D000A980046856492046FFF7B8FA002840F0AE
:10D8E000A3802968FF291FBFEA7C01F5E0734FF090
:10D8F000A04C120218BF4CF823206A6808BF4FF0F2
:10D90000FF31FF2A1FBF02F5E0734FF0A04C4FF02C
:10D91000000E4CF823E0D5F80CC0AB7C4FF0A04AC9
:10D920000CF5E07E4FEA83034AF82E30D5F808E084
:10D930000EF5E07B4FF000034AF82B3008BF4FF0A4
:10D94000FF32C4F808E5C4F81025C4F80C15C4F873
:10D9500014C5C4F83435C4F83835C4F84435C4F8AF
:10D9600048356B7C2A7C003B18BF0123022A4CD02F
:10D97000032A4DD0012A01D143F00203C4F85435E3
:10D980002B7DC4F85C356B7DC4F8C0350023C4F82A
:10D990000431D4F804210392039AC4F82831D4F84E
:10D9A00028210292029AD4F8002242F00402C4F81C
:10D9B00000221C2202FB09667375019BB36140F2D1
:10D9C0000243C4F80433C6F808803B68AA7D43F3D9
:10D9D00007335201002BD2B21DDB1649CD1885F852
:10D9E000002301225D0903F01F0302FA03F341F84B
:10D9F00025300E4B1C2202FB093301221A7502232B
:10DA0000C4F8003505B0BDE8F08F43F00403B5E776
:10DA100043F00603B2E7084903F00F03CA54E8E7EE
:10DA20000820EFE70720EDE71120EBE708320020A0
:10DA30002DD8010000E100E014ED00E0F8B5047914
:10DA4000069E2CBB46EA0204B4F5806F20D221B1B9
:10DA500001F06044B4F1005F1CD123B103F06044D5
:10DA6000B4F1005F16D10E4C677D012FFDB213D0CB
:10DA700002D9023D012D11D8C4E9031300680849F9
:10DA80002260012366606375FFF7B0FE0020F8BDD9
:10DA90000920FCE71020FAE70820F8E70320F6E762
:10DAA0000832002008B54FF01023D3F80832DBB25B
:10DAB0005A2B04BF4FF08042C2F85835FCF798FB50
:10DAC00018B1214A2121FCF749FAFDF7F7FB18B1FB
:10DAD0001D4A3821FCF742FA4FF480410020FBF741
:10DAE00097FE18B1184A2B21FCF738FAFBF7DAFD3C
:10DAF000164C174B1749E41AE408240444F00304B5
:10DB00002046FCF71BF8FBF7D5FE0028FBD100F000
:10DB1000E3FC01F011F810492046FCF70FF8FBF781
:10DB2000C9FE0028FBD106F0C1FB18B1064A43210B
:10DB3000FCF714FAFBF7BEFE08B9FDF7D5FB00F0C1
:10DB400097FD01F07BF8EEE78D960200F48D020060
:10DB50007C8D0200DC960200F196020074DF7047B3
:10DB600030B5B3B0072829D8DFE800F02E28280EFA
:10DB70002A042A3B29482A4B2A49C01AC008000413
:10DB800040F00300FBF7DAFF254B244C264D2749D4
:10DB9000E41AE408240444F003042046FBF7CEFF13
:10DBA0002B6AAA6922491A4420466423B2FBF3F285
:10DBB000FBF7C8FF1F4A01232B71137033B030BD30
:10DBC0001C4B01221A70F9E7154B14481A49C01A68
:10DBD000C008000440F00300FBF7B0FF154B002223
:10DBE000F0E70823CDE9023312AA03AB02A904A887
:10DBF00002F0AEFB18B1114A6021FCF7AFF9039BAC
:10DC00000093029A084812AB04A901F02CFD0028E9
:10DC1000D4D00A4A6121FCF7A1F9CFE7848D020034
:10DC20007C8D020007970200EC320020139702005F
:10DC30002297020024320020379702004797020003
:10DC400008B5AC22002119480AF096FF17490423B1
:10DC5000CB70174B4B62022381F83C300123A1F8B3
:10DC60004C30144B0B6540F201134020A1F8783082
:10DC70004FF47A72A1F87C304FF0A00C4EF278632A
:10DC8000C1E92202C1E924C30B480C4BC1F8A430FE
:10DC900001F04AFB18B10A4A9121FCF75FF9BDE88F
:10DCA00008400548012101F03CBB00BF4032002084
:10DCB0000423002012230020EC32002061DB01004D
:10DCC0004797020070B50C461146254A0546108854
:10DCD0004FF6FF72904242D164225443B4F57A7FEA
:10DCE000204E8EBFA4F57A720022104632621E4A80
:10DCF00088BF01207072506A31F8022B88BF4FF440
:10DD00007A74B46102809A1ED2B2828080680AF06E
:10DD100001FF164B1B781BB196F85400FFF71EFF4E
:10DD2000134A1048A2F13C0101F0CCFC18B1114A91
:10DD3000BA21FCF713F90B48032101F065FB18B178
:10DD40000C4ABB21FCF70AF94DB9064801F09CFCCE
:10DD500028B1BDE87040074ABD21FCF7FFB870BD8F
:10DD600010230020EC32002040320020243200201A
:10DD70007C320020479702000A4B1B7810B57BB11C
:10DD8000094C94F85400FFF7E9FE0021204601F009
:10DD90003BFB28B1BDE81040044ACB21FCF7DEB8BC
:10DDA00010BD00BF24320020EC3200204797020053
:10DDB0000388102B02D0112B05D07047044B8288AA
:10DDC0001A80FFF7D9BF024B4FF6FF721A807047D7
:10DDD00010230020014B1878704700BF2432002028
:10DDE00038B5134B057802891A800446A5B9036932
:10DDF000104A11481B781149801AC0080004A28AF1
:10DE000040F00300FBF7A7FE0D4B1B784BB1A28A35
:10DE10002169284600F09CFEFBF74CFD0028FBD151
:10DE200038BD084A3C210820FCF798F8F4E700BF09
:10DE3000162300207C8D02008C8D0200AD9702001D
:10DE4000E4330020BC9702000388112B02D01A2B68
:10DE500008D070470A4B00221A700A4B4FF6FF7227
:10DE60001A807047037A03F00F010129C3F30302FC
:10DE700004D11B09042B04BF014B1A70704700BF6B
:10DE8000E43300201623002018B1024A2621FCF7B3
:10DE900065B87047BC97020007B50C4B019301A908
:10DEA00002F0BCF818B10A4A5F21FCF757F8094B99
:10DEB00009480093694605F031FE18B1044A67210C
:10DEC000FCF74CF803B05DF804FB00BF89DE0100ED
:10DED000BC970200E1DD01001C2300200E4B1B78E3
:10DEE00070B505460E46A3B10C4B0D4C0A880D4982
:10DEF0001C1BE4082404037844F00300FBF72BFE0A
:10DF0000094B0A481B8832462946BDE8704005F097
:10DF10007FBE082070BD00BFE43300208C8D02005E
:10DF20007C8D020016980200162300201C2300207E
:10DF30000C4B07B519884FF6FF7399420FD00A4B67
:10DF40001B6801AA586901F0B1FE18B1074A8B217C
:10DF5000FCF704F8019B187803B05DF804FB00207F
:10DF6000FAE700BF1623002018230020BC97020008
:10DF700067DF70477FB5082301934FF6FF720023D8
:10DF800001A902A802F034FA18B1124A3021FBF7B5
:10DF9000E5FF019902A802F0F1F918B10D4A31210B
:10DFA000FBF7DCFF019902A802F0C8F918B1094A91
:10DFB0003221FBF7D3FF084B0848019A0849C01AE1
:10DFC000C008000440F00300FBF7BCFD07B05DF89B
:10DFD00004FB00BF319802007C8D0200948D02008A
:10DFE0008A98020037B5044602F0DEFF204603F0AF
:10DFF00005F8204602F084FD2E49204603F02AF859
:10E0000023780122033B8DF80420082B0AD8DFE88F
:10E0100003F00F090509090912094D00608801A9DB
:10E0200002F088F9FBF746FC0028FBD103B030BDB5
:10E03000214B1A70F6E7237A062B26D1237CDB07C7
:10E04000F0D502F0B9F9082830D900230DF1060205
:10E050001946184602F018FB18B1184A5721FBF769
:10E060007DFFBDF8060002F0B5FA18B1134A582139
:10E07000FBF774FF124B13481349C01AC008000481
:10E0800040F00300FBF75AFDCCE7072BCAD10F4D38
:10E090002B78002BC6D0A08802F02AFC18B1074AC2
:10E0A0006521FBF75BFF00232B70BBE7FFF762FFE7
:10E0B000B8E700BF3E3400203D3400203198020014
:10E0C0007C8D0200948D0200A69802003C34002052
:10E0D00010B5044602F0E6FF2388112B0FD0152B54
:10E0E00010D1094A094B0A499B1ADB081B0404F1A9
:10E0F000080243F00300BDE81040FBF723BD054BC9
:10E1000000221A7010BD00BF7C8D0200948D0200A9
:10E11000C09802003D34002007B5094B02681A6020
:10E1200082889A80694622200093FFF721FF18B168
:10E13000044AA821FBF712FF03B05DF804FB00BFFF
:10E14000402300203198020013B51A4C002300939D
:10E150008DF80430237002F035F818B1164A7F218B
:10E16000FBF7FCFE009B03F07C42144B134300932F
:10E170009DF8043023F0030343F003038DF80430CB
:10E1800068467F23237002F0BDF818B10A4A972130
:10E19000FBF7E4FE0A4802F09DF818B1064A982100
:10E1A000FBF7DCFE0748FFF7B7FFFFF7E3FE02B01F
:10E1B00010BD00BF3E340020319802000707100355
:10E1C000E5DF010040230020124B37B504460D4621
:10E1D0004F22002118460AF0CFFC01220346411EBF
:10E1E00000F8012C4FF0000065F3470048742068E8
:10E1F000C3F81100A388CB82074B0DF106001A70FB
:10E20000002202F089F918B1044ABB21FBF7A6FEEF
:10E2100003B030BDED3300203C34002031980200C3
:10E2200008B502F0E1F928B1BDE80840024AC4216E
:10E23000FBF794BE08BD00BF31980200014B18786F
:10E24000704700BF3D34002076DF70477ADF7047AB
:10E250007CDF704787DF70478FDF7047B1DF704723
:10E2600008B503784BB9074B3B211888FFF7ECFF43
:10E2700018B1054AFC21FBF771FEFBF71BFB0028D8
:10E28000FBD108BD4C230020D798020013B5002312
:10E29000ADF804301E4B1B6801A91888FFF7DAFFA0
:10E2A00020B11C4A40F22F11FBF758FE1A4B1B4CB1
:10E2B0001B49E41AE408240444F003042046FBF755
:10E2C0003DFC9DF8042082F0410319070BD10F2B70
:10E2D00009D814492046FBF731FCFBF7EBFA00287C
:10E2E000FBD102B010BD10491309204602F00F0205
:10E2F000FBF731FC0D492046FBF720FCFBF7DAFA6F
:10E300000028FBD10A4B13211888FFF79DFFE8E78F
:10E3100048230020D79802007C8D02007C8D0200EB
:10E320002D990200419902005D9902008C9902002A
:10E330004C23002003883B2B13B5044600F081805A
:10E340000BD8112B4BD0212B63D0102B12D0FBF705
:10E35000B1FA0028FBD102B010BD522B65D0562B6C
:10E36000F5D180881321FFF76FFF0028EFD03A4ADC
:10E370008F2131E0394B3A483A49C01AC0080004AD
:10E3800040F00300FBF7DAFB374BA1883748002247
:10E390005A70374B198001F053FE18B12E4A5A219A
:10E3A000FBF7DCFD334B1C68002CD0D04FF47A70A7
:10E3B0004FF4004C444300214FF4FA620023E4FB85
:10E3C0000C010AF0B1FA002201462B48FBF754FF7A
:10E3D0000028BCD0204A5F21FBF7C0FDB7E71F4BE8
:10E3E0001F482649C01AC008000440F00300FBF78C
:10E3F000A5FB1D4B227A20485A70FBF76BFF18B122
:10E40000154A6921FBF7AAFD194B4FF6FF721A80D6
:10E410009DE700238088ADF8043001A9FFF71CFFB9
:10E42000002894D00C4A7721D6E7114800230088B1
:10E430001A461946FFF712FF002888D0064A7F21A6
:10E44000CAE780881321FFF7FFFE00283FF47FAF63
:10E45000014A8721C0E700BFD79802007C8D0200E7
:10E460007C8D02009A99020046230020443400204B
:10E470004C2300204034002050230020A7990200A4
:10E4800020B1034A4FF48471FBF768BD704700BFA9
:10E49000D79802000C4B4A881B889A4212D10A88EE
:10E4A00040F677239A420DD1084A09488B880949DA
:10E4B000801A033BC0089BB200041A4640F00300D8
:10E4C000FBF749BB704700BF4C2300207C8D020046
:10E4D0007C8D0200B799020000B589B005F030FCD0
:10E4E00018B13E4AA221FBF739FD002301A9012002
:10E4F000019305F0FDFC18B1384AA821FBF72EFD69
:10E5000001A805F0B3FD18B1344AAC21FBF726FD94
:10E51000112333498DF8003005226846FFF798FE35
:10E5200018B12E4ABD21FBF719FD0023ADF80830C4
:10E530002C4B019301A84FF4C873ADF80A30FFF7D4
:10E5400085FE18B1254AC721FBF708FD2649274853
:10E5500001F093FC18B1214AE521FBF7FFFC2348A9
:10E56000F72101F099FC18B11C4AE821FBF7F6FCF1
:10E570001422002101A80AF0FFFA4FF4F0234FF40F
:10E58000A032CDE9022303238DF81030184B0693F7
:10E5900001A8184B079301F0EDF920B10F4A4FF491
:10E5A0009071FBF7DBFC01F0DDFAFFF7CDFD1248BF
:10E5B000FFF772FCFFF744FB104A11480021FBF7FC
:10E5C00049FE38B1054A40F2511109B05DF804EB3B
:10E5D000FBF7C4BC09B05DF804FB00BFD79802008C
:10E5E000D39902000600100095E401005034002089
:10E5F00061E2010081E40100443400208DE2010069
:10E6000008BB020008B5094B18884FF6FF73984203
:10E610000AD01321FFF718FE30B1BDE80840044AC4
:10E6200040F25B11FBF79ABC08BD00BF4C230020F1
:10E63000D798020070B50D4616461C46FFF76CFDD4
:10E640009DF81430049A31462846FFF73BFB014BF6
:10E650001C6070BD40340020FFF78EBBFFF7B4BDD7
:10E66000FFF7DEBDFFF73ABC0048704746230020A5
:10E6700070B5FFF7AFFB154B1D884FF6FF73ED1A12
:10E6800018BF01250446FFF7D9FD00EA0506FFF78C
:10E690004FFC28400E4B06EB400605EB460519786B
:10E6A00004EB4502D2B291420FD00A490A481A70CF
:10E6B000401AC00800045B78084940F00300FBF7EB
:10E6C0004AFAFBF7F7F80028FBD170BD4C23002075
:10E6D000462300207C8D02007C8D0200D999020027
:10E6E0002DE9F04186B006AB03E907009DF80C3038
:10E6F00043B1012B2AD0FBF7DDF80028FBD106B08F
:10E70000BDE8F0814FF0A0444FF40032C4F8082572
:10E71000544A01201070544A137000F07FFA534B92
:10E720001B78002BE7D04FF400435148C4F808355C
:10E73000504B5149C01AC008000440F00300FBF7D9
:10E74000FDF9FBF7B7F80028FBD1D4E74FF0A04262
:10E750004FF40031C2F80C154349059C0B70D2F8F8
:10E76000043519043DD4049E002E3AD0414B404D4F
:10E77000DFF808814249ED1AED082D0445F0030544
:10E780003246284698F80030B7B2FBF7E4F93A462B
:10E7900041462846FBF714FAFBF78CF8054600289B
:10E7A000FAD136493A46012000F0F0F932462946BE
:10E7B00032480AF0E1F93348224629460AF0DCF9EA
:10E7C0004FF4807300932F492C4B2F4840F20112D5
:10E7D000FFF734F900288ED02C4A6121FBF7BEFBED
:10E7E00089E7D2F804351B04EAD5012CE8D9214B7E
:10E7F0001F4D244E2649ED1AED082D0445F0030562
:10E80000671E3A4628467378FBF7A5F9BAB2711C21
:10E810002846FBF7D5F9FBF74DF80028FBD14FF060
:10E82000A0434FF400421B49C3F80C252846FBF7D0
:10E8300085F9FBF73FF80028FBD10C4A1378013328
:10E840001B1BDBB21370C4F101002246B2F5807FBE
:10E8500001DD3370B4E7B15C8418C9B231550132BF
:10E86000F4E700BF603400206134002062340020EF
:10E87000AC8D02007C8D0200009A020063340020FF
:10E88000AD970200633500200CBB02001E9A020007
:10E89000169802000F9A020030B52C4D0FCD89B0AA
:10E8A00002AC0FC495E803000823059384E8030035
:10E8B00005234FF0A0440421CDE902130323049360
:10E8C000C4F84437C4F83C374FF40033C4F80C356F
:10E8D0004FF40043C4F80C3540F2011200211C48EB
:10E8E0000AF04AF94FF480721A4800210AF044F9FC
:10E8F000194B00221A700C23C4F82037D4F81035B5
:10E90000DB051FD5154C164A1648002302A92370B3
:10E91000FEF75EFF18B1144A8921FBF71FFB4FF485
:10E92000807300930A490B4B0E4840F20112FFF727
:10E9300085F818B10C4A8A21FBF710FB23781BB12C
:10E9400009B030BD00BFD9E700BFF7E714BB020034
:10E9500063350020633400206234002060340020DE
:10E96000E1E601000CBB02001E9A020070B5154AD8
:10E97000154D164C0144884218D14FF0A043D3F8EE
:10E980000425920311D54FF400421148C3F808251D
:10E99000104B1149C01AC008000440F00300FBF7F7
:10E9A000CDF8FAF787FF0028FBD170BD2B78002B3C
:10E9B000FCD1137810F8016B0133E654DBB213700D
:10E9C0002370D8E7623400206134002063350020D2
:10E9D000AC8D02007C8D0200009A020010B5064C3E
:10E9E00006492288022000F0D1F80023238002206B
:10E9F000BDE8104000F012B96438002066380020ED
:10EA000038B50478012C29D0022C16D0002C36D130
:10EA10001B4D1C482B881844FBF744FE2B881A48D2
:10EA200001332246A4212B80FBF726FC38B3174A7A
:10EA30004521BDE83840FBF791BA154A154B1649F8
:10EA40009B1ADB081B04426843F00100FBF77AF8CD
:10EA5000FBF718FE98B10D4A4A21EAE70C4A0D4B24
:10EA60000E499B1ADB081B04426843F00100FBF7C8
:10EA700069F8FBF707FE10B1044A4F21D9E738BD0A
:10EA8000643800206638002070230020849A020039
:10EA90007C8D0200B48D0200DE9A02000B9B020006
:10EAA00030B5144D0FCD8BB004AC0FC495E8030006
:10EAB000114B124A00934FF4807384E80300CDE9B0
:10EAC000022301930E4A0723694604A8FBF782FD3F
:10EAD00018B10C4A7321FBF741FA0B4A0B4800218D
:10EAE000FBF7B8FB18B1074A7521FBF737FA0BB0F3
:10EAF00030BD00BF30BB0200643700206436002008
:10EB000001EA0100849A0200DDE901002CBB020049
:10EB100038B504464518AC4200D138BD2078FBF723
:10EB2000DBFD28B11128F9D0024A8721FBF716FA3C
:10EB30000134F0E7849A020008B5FFF7ADFEFFF755
:10EB4000AFFF024B01221A7008BD00BF70390020D0
:10EB500038B50D4B1B780C461546A3B148B9114684
:10EB60002046FFF703FF29462046BDE83840FFF75F
:10EB7000CFBF012805D120461146BDE83840FFF738
:10EB8000F5BE0228EFD038BD70390020F8B51C4C16
:10EB90000E46207111463046154600F077F8206089
:10EBA00060BB184B1B681A884FF6FF739A4225D03A
:10EBB000154F16483C78B5F5807F28BF4FF4807517
:10EBC0002A46314600EB042009F0A4FF104B1149FE
:10EBD00023F814500A220134B4FBF2F302FB13446D
:10EBE0000B783C70092B83BF0B490B780133013341
:10EBF00084BFB3FBF2F002FB10330B70F8BD00BF13
:10EC0000683900204823002073390020883900200B
:10EC100074390020713900207239002010B5064C7B
:10EC2000216841B12279824205D131F8022BFFF7E8
:10EC30008FFF0023236010BD6839002037B50F4CCB
:10EC40002378C3B10E4D0F4A2B780F4832F81320AA
:10EC5000ADF806200DF1060100EB0320FFF702FDE1
:10EC60002B780A220133B3FBF2F102FB11332B7034
:10EC70002378013B237003B030BD00BF7139002001
:10EC80007239002074390020883900202DE9F043C2
:10EC9000574B584EF61AF608360446F0030605465A
:10ECA00088460A4685B001463046FAF789FF05EBEB
:10ECB00008030022A8F10201284633F8029C2F78AD
:10ECC0006C78FDF799FD81457FD1231D984540F073
:10ECD0008C80A7F15003052B7BD8DFE803F00326D7
:10ECE000444E5772002C7CD1FFF7BEFC0223424DEC
:10ECF000591D2980AF70EB702C711BB110B10388C6
:10ED0000A5F805303D4C002202392046FDF774FD80
:10ED100034F8023CE8522146304634F8022CFAF727
:10ED20004FFFA01E05B0BDE8F083A4F11203172B1E
:10ED300057D8FFF799FC037899074ED4297A0F3CEE
:10ED400005F11103E4B2019400930039D5F80D30B8
:10ED5000D5F8092018BF0121A81CFFF76BFC002083
:10ED600003460446C3E7002C3BD1FFF77DFC037844
:10ED7000DA07F4D5FFF770FCF1E794BBFFF774FCFA
:10ED800003789B07EBD5FFF73DFCE8E7072C28D17C
:10ED9000AC78D5F80300B5F807300290012CADF837
:10EDA0000C300CD803D19DF80D30BF2B04D921466F
:10EDB00002A8FFF753FC00240020034697E7012434
:10EDC000FAE774B9FFF74CFCC9E700200346F024CA
:10EDD0008DE700200346F22489E700200346012442
:10EDE00085E700200346F12481E700209AE700BF71
:10EDF0007C8D02009C8D0200884300208A43002005
:10EE00006DDF704779DF70477DDF704764DF7047E3
:10EE10002DE9F04F85B000260E9CBDF83CB0B4F84B
:10EE200000A00191074690461D46B1463A884A45E2
:10EE300005DC002E37D1002005B0BDE8F08F7A68E0
:10EE400052F82900039000220DF10B0103A8FFF7EF
:10EE5000DDFF0028F0D19DF80B20424520D122880B
:10EE600086F0010002EB080101EB4001594524DC6A
:10EE700046B9013292B2019B2280AB542288013202
:10EE800092B222802A440DF10B0103A8FFF7BEFFC6
:10EE90000028D1D121889DF80B200A442280012628
:10EEA00009F10109C2E72388013BA3EB0A039BB2E6
:10EEB000FF2B02D805F80A30BDE70C20BCE72DE98E
:10EEC000F341089FBDF824801546CDE90078022261
:10EED00004461E46FFF79CFF50B9334610222946D0
:10EEE0002046CDE9087802B0BDE8F041FFF790BFB9
:10EEF00002B0BDE8F0812DE9F04F0023178885B0FE
:10EF0000138090F82D3006460D46144653B3082F53
:10EF100040F29E8102A8FFF773FF002840F0E180D5
:10EF20002388DDF809100822EA54238801339BB2B4
:10EF30001B222380EA54238801339BB2EA182380E2
:10EF4000E950BDF80D30938023889DF808200633E2
:10EF50009BB2012A94BF002201222380EA54238815
:10EF600001332380B37803B323880433BB4200F218
:10EF70006F8102A8FFF746FF002840F0B280238887
:10EF80000322EA54238801339BB219222380EA54D6
:10EF90002388BDF8082001339BB2E9182380EA5486
:10EFA000120A4A70238802332380F278A2B12388A0
:10EFB000D91CB94200F24C810221E9542388013363
:10EFC0009BB201212380E95423880B449BB2238008
:10EFD000EA5423880B4423807268B2B12388D91C79
:10EFE000B94200F23581022192F90020E9542388C8
:10EFF00001339BB20A212380E954238801339BB259
:10F000002380EA542388013323803389002B5DD188
:10F01000338A53B1CDE900472B460722032106F17D
:10F020001000FFF74CFF00285BD1338B53B1CDE9C3
:10F0300000472B461522142106F11800FFF73FFF69
:10F0400000284ED1326A002A4ED1D6F82480B8F179
:10F05000000F31D0B8F804302188981C8A1C024473
:10F06000BA4200F2F580FE2800F2F28003336B54BE
:10F07000238801339BB2FF222380EA542388013383
:10F080009BB22380B8F80020EA54E918120A4A70AB
:10F090002088023080B22080B8F8042062B1D8F80D
:10F0A0000810002900F0EB80284409F033FD238884
:10F0B000B8F804201344238096F82C30002B59D143
:10F0C0003378002B40F0988000200AE0CDE900471B
:10F0D0002B460622022106F10800FFF7F0FE002869
:10F0E00096D005B0BDE8F08FB4F800C00CF106036F
:10F0F000BB4200F2AD801188052940F2C0806FF458
:10F10000486E01EB0E039BB24FF27D3E734540F219
:10F11000B6805388052B40F2B2806FF4486018180F
:10F1200080B2704540F2AB804FF6FF70814202D052
:10F13000994200F2A480052305F80C30238801339E
:10F140009BB212212380E954238801339BB2238090
:10F150001188E954E818090A4170238802339BB2E8
:10F1600023805288EA54E918120A4A70238802332D
:10F1700023806AE7B36A002B00F081804FF000091A
:10F180004FF00C0A4FF0160B96F82C305FFA89F20C
:10F19000934295D9B16A0AFB02F201EB0208B8F872
:10F1A0000430981CFE2853D8208803332B5423881E
:10F1B00001339BB2238005F803B0238801339BB24F
:10F1C00023808A5AEA54E918120A4A7020880230C9
:10F1D00080B22080B8F804205AB1D8F8081000296D
:10F1E0004DD0284409F096FC2388B8F80420134435
:10F1F000238009F10109C7E73288012A3FD022881C
:10F20000901CB84224D8012B04D1737802331344E4
:10F210009F421DD3023FBF1ABFB202A92844ADF8D6
:10F220000870FFF7F1FD00287FF45BAF3178BDF87F
:10F23000083002291FD072789A4201D39F4209D226
:10F2400001291AD1974293B206D30821FE2B05D982
:10F250000C2046E70921F9E73B4608212288581C83
:10F26000A8542288013292B22280A9542288013205
:10F270001344238028E79F42ECD23B46E5E7072072
:10F280002FE770B5C8B1F2B10024651C8D4206DAD3
:10F290001688A64212D8061976789E420ED1A1424F
:10F2A00011D9005D48B1013880B230B10234A3B247
:10F2B00010FA84F4A14206DB138070BD045D14FAD9
:10F2C00085F5ACB2E1E70020F7E713B5134600225D
:10F2D000ADF806200DF106020446FFF7D2FF10B18B
:10F2E000BDF80600204402B010BD72DF704773DF26
:10F2F000704774DF704738B5012204460D46B0F8F8
:10F30000D810D0F8D400FFF7E0FF00B1057004F189
:10F310003C0204F1D40104F15400BDE83840FFF789
:10F32000E4BF80F830107047F8B504460F46002956
:10F3300066D0002864D091F87A301BB191F89830EB
:10F34000002B5FD1D7F8A030042B5BD0D7F89C30CE
:10F35000042B57D04FF0000C84F802C007F1780658
:10F360000FCE251D0FC50FCE0FC596E8070085E807
:10F37000070084F830C0D7F8A4306363D7F8A8300A
:10F38000A36304F1D4024FF6FF73C4F8EAC0A4F8F3
:10F39000E830C4F8E420C4F8EDC022780AB984F853
:10F3A0005430224604F155011F25C4F8D4103846C4
:10F3B00022F8D85FFFF79FFD08BB224604F19301B6
:10F3C000C4F8DC1007F13C0022F8E05FFFF793FD82
:10F3D000A8B9A369A4F848304FF480730125A4F8B4
:10F3E000503063692064014684F83C50636404F142
:10F3F0003C0204F15400FFF778FF00B92570F8BD16
:10F400000E20FCE70720FAE7F8B5077804460D461A
:10F41000002F00F0F1800023C0F8EA30C0F8ED3092
:10F42000C388817000F1EA060BB1012903D0E379AA
:10F4300043B1022D06D1636BA3B1012284F8F12000
:10F4400008209847334604F1F00113F8012F12B950
:10F450008B42FAD117466B1E032B4BD8DFE803F023
:10F46000050B0F1284F8F130ECE7A3791BB194F887
:10F47000243003B94FB9E3790BB1002F3CD1237A83
:10F48000002B3BD1657AAD00EDB2636BA570002B0C
:10F4900036D0033D012D33D862798AB394F8F22037
:10F4A00072BB84F8F420012284F8F32007209847E7
:10F4B0001722002104F13D0009F05EFBE36A591EAA
:10F4C0000122022928BF134684F8513094F82430D1
:10F4D00084F83C2033B1A36A591E022928BF134681
:10F4E00084F85230A378042B1BD8DFE803F06B0DAF
:10F4F000223250000025C8E70225C6E70325C4E7ED
:10F50000002384F8F330D3E7012384F8313000235B
:10F51000C4F8E430022384F83C3080232664A4F845
:10F520004830A378002B51D1636B002B60D10020B1
:10F530005DE0022384F83130032384F83C302369F2
:10F54000A4F848300023C4F8E430E3682664636418
:10F55000E7E762696264A269A4F8482062797AB137
:10F5600094F8F22062B994F8F4204AB1022384F8A6
:10F57000503004212046FFF7BEFE0028D1D10523DC
:10F5800084F8313004F1D403C4F8E430C9E7E26907
:10F590006264226AA4F848206279002AF0D094F8C4
:10F5A000F220002AECD194F8F420002AE8D00223BB
:10F5B00084F8503004212046FFF79DFE0028B0D18A
:10F5C0000623DDE7002384F83130AAE7D4F8E410FD
:10F5D00004F13C0204F15400FFF787FE38B994F8B7
:10F5E000301094F85400FFF782FE00289CD0F8BD3C
:10F5F00094F8310098479AE70820F8E70388112B20
:10F6000010B50C460AD0262B1FD0102B05D1C37B7A
:10F61000012B02D18388A1F8E83010BD0022838835
:10F6200081F8F220B1F8E8209A42F6D10B79002B4C
:10F63000F3D101212046FFF7E7FE0028EDD0A36BB0
:10F64000002BEAD0BDE810401847037A013B012B9C
:10F65000E3D8897805230131B1FBF3F303EB83038E
:10F66000C91AC9B2E6E790F8F310034651B1009900
:10F6700000200A43121A18BF012283F8F30083F80E
:10F68000F42070470820704738B5044690F85400BD
:10F69000FFF72FFE012384F8F230002384F8F430C2
:10F6A00084F8503006212046FFF725FE054638B97C
:10F6B000A1782046FFF7A8FE10B1A36B03B19847CD
:10F6C000284638BD7FB50E461546044600284ED064
:10F6D0000378002B49D009B9002A48D01022002114
:10F6E000684609F049FABEB95DBB04F1D4056E461F
:10F6F0002A46334603CB516004A98B4210601E4654
:10F7000002F10802F5D1C4F8E4500022294604F1C0
:10F710005400FFF7EAFD12E0D4F8E4301B6804F16E
:10F7200055018B4208BF04F174011F2301AA304622
:10F730000091ADF80430FFF7DEFB0028D4D004B010
:10F7400070BDD4F8E4309B6804F193018B4208BF8C
:10F7500004F1B2011F2303AA28460291ADF80C3030
:10F76000FFF7C9FB0028C0D0E9E70820E7E70E2033
:10F77000E5E775DF704776DF70477ADF70477BDF3C
:10F7800070470000034B1A8882420CBF18460020C5
:10F79000704700BFA4440020024B9B6903B1184787
:10F7A000704700BF8844002073B585B22846FFF734
:10F7B000E9FF044668B1174E027A337B9A4211D2B0
:10F7C00000F10A012846FFF7D4FF20B9237A01335C
:10F7D000237202B070BD1128FBD002B0BDE87040AA
:10F7E000FFF7DABF00230372337C43B13B21284685
:10F7F000FFF7C1FF30F0080301D0FFF7CDFF7369B9
:10F80000002BE6D000228DF80420ADF8065001A8A8
:10F810009847DEE78844002013B50B46497A024634
:10F820000E4871B9D0E90141187A002808BF214675
:10F830005868FAF721FD78B102B0BDE81040FFF733
:10F84000ABBF00211972436933B101218DF8041057
:10F85000ADF8062001A8984702B010BD88440020EA
:10F860004B8802889A4213D842889A4210D38388E0
:10F870008A8840F2F3118B4294BFD81A581A9042EA
:10F880000B448CBF00200120934238BF00207047FA
:10F89000002070470388122B70B5014659D004D858
:10F8A000102B1ED0112B44D070BD502BFCD12F4BF0
:10F8B000C288DB899A42F7D1038A022BF4D1868869
:10F8C0003046FFF75FFF05460028EDD001F112003A
:10F8D00000F02AFA38BB6868FAF7FCFC0028E3D08D
:10F8E00009E0C37B012BDFD14FF6FF70FFF74AFF22
:10F8F000054620B90420BDE87040FFF74DBF1C4A03
:10F900008E880680002303721368C0F80A3053689B
:10F91000C0F80E3010310A30FFF7A2FF134B6872A7
:10F92000DB89002BC0D129463046BDE87040FFF787
:10F9300073BF8088FFF726FF04460028B4D04068D4
:10F94000FAF7C8FC08B1FFF727FF4FF6FF732380D3
:10F95000AAE786883046FFF715FF05460028A3D0A2
:10F9600008310A30FFF77CFF6872DCE7884400202A
:10F970007E440020F8B5064650B305460FCD154F1E
:10F980003C460FC495E8070084E807003068124C35
:10F990003C60B8B1FFF7F1FE98B932681368236094
:10F9A000536863600D4A4FF6FF73104613800C4B8B
:10F9B00040F8043F0B4A0021FAF74CFC002818BF1E
:10F9C0000320F8BD2046FFF7DAFE0028EAD0F8E76A
:10F9D0000E20F6E7884400207E440020A444002046
:10F9E000B8440020A9F70100F7B5174601900E466C
:10F9F00091B1019C6CB100252C46294601A8FBF76A
:10FA0000D6F818B13946A8B2B04701340135142DE3
:10FA1000F3D1204603B0F0BD0C46FAE70AB1FBF77C
:10FA2000A5B8FBF7BAB8000002487C22002109F013
:10FA3000A3B800BFD844002073B50191019C0646CD
:10FA40006CB100252C46294601A8FBF7B0F818B187
:10FA500006EB440301349D800135142DF3D130466B
:10FA6000346002B070BD00002DE9F0430388848843
:10FA7000103B8DB00A2B20D8DFE803F006381F1F9B
:10FA80001F1F1F1F1F5D3F002F4FBB68DB430093ED
:10FA900079686846FBF7F1F8009901A8FFF7CCFFF9
:10FAA0000DF106080026019B9E4209D3132C14D9A0
:10FAB000264AF0210420FAF751FA0DB0BDE8F08390
:10FAC00038F8029F00250135494607EB8500FBF712
:10FAD00064F81E2DF7D10136E5E721461C48FBF7F7
:10FAE00045F81C482146FBF741F8E6E7184821464F
:10FAF0000DB0BDE8F043FBF750B8027A16483F2A34
:10FB00004FEA1215214694BF00220122FFF786FF1B
:10FB1000022D94BF0022012210482146FFF77EFFEC
:10FB2000012D0F4894BF0022012221460DB0BDE8EF
:10FB3000F043FFF773BF037A002BBED1427A064829
:10FB4000C2F3C0022146F1E7D84400204A9B0200DC
:10FB5000E0440020DC440020F0440020EC4400207D
:10FB6000E8440020FFF760BF1328014602D802488E
:10FB7000FBF71DB800207047DC440020FFF7F4BFFE
:10FB800010B50446FFF7F0FF28B103482146FBF704
:10FB90000EF80130C0B210BDE044002010B504469C
:10FBA000FFF7E2FF28B121460248BDE81040FAF70E
:10FBB000FEBF10BDE844002010B50446FFF7D4FF97
:10FBC00028B121460248BDE81040FAF7F0BF10BD49
:10FBD000EC44002010B50446FFF7C6FF28B12146CB
:10FBE0000248BDE81040FAF7E2BF10BDF044002023
:10FBF00010B50446FFF7B8FF002814BF20461420B4
:10FC000010BD000008B518210248FAF7D9FFC0B2AC
:10FC100008BD00BFD844002070B50A4E05463046E6
:10FC20000C46FAF7C4FF58B12846FFF79DFF38B1DC
:10FC30000734294606EB8400BDE87040FAF7B7BFE9
:10FC4000002070BDD8440020F8B50B4F054638465B
:10FC50000C461646FAF7ABFF60B12846FFF784FF63
:10FC600040B107343246294607EB8400BDE8F8402E
:10FC7000FFF7D4BEF8BD00BFD8440020F8B50A4D48
:10FC800004460E46014628461746FAF790FF48B14B
:10FC9000063405EB84053A4668683146BDE8F8400D
:10FCA000FFF7A2BEF8BD00BFD844002070B50546DE
:10FCB000164608460AB90E2070BD00231360002DB9
:10FCC000F9D02B68002BF6D0EB8813F003040ED18B
:10FCD000FFF78EFFC0B214280BD02B7983420AD9CC
:10FCE000EA882B6800FB023333602046E4E70720F4
:10FCF000E2E70520E0E70420DEE7AADF7047002303
:10FD000001380B70042806D8DFE800F00306080A63
:10FD10000C0011230B7070472123FBE73123F9E717
:10FD20001223F7E72223F5E7008800F0010070476F
:10FD30002DE9F0418B7890B00C46012B38BF0123A0
:10FD40008DF80E304FF000080B88ADF80C30694686
:10FD50000546607C8DF80280FFF7D1FFA07C0DF195
:10FD60000101FFF7CCFF1646227D237B013202F012
:10FD7000030243EA4203E27B43EAC203227C43EAF2
:10FD800002139DF8022003F01F0322F01F02134309
:10FD900041461C2209A88DF8023008F0EDFE637B75
:10FDA00013F0300F6F4614D00DF10901E07CADF86F
:10FDB00008808DF80A80FFF7A2FF11238DF8083024
:10FDC0009DF80A30012102AA61F342038DF80A303E
:10FDD0000E92637B8DF82430A37B8DF825300023B1
:10FDE000CDE90633089303ABCDE90437A388ADF81A
:10FDF0001C30A3681BB1E288ADF818200893A269F3
:10FE00005AB301A90023ADF804308B701388ADF804
:10FE10002C305388ADF82E3053680D91107B0A9327
:10FE2000FFF76DFF0DF10501507BFFF768FF937B36
:10FE3000117A013303F0030341EA4301937A41EA63
:10FE4000C301D37A41EA03119DF8063001F01F0186
:10FE500023F01F0319438DF80610E36903B10C93D7
:10FE6000334604AA09A92846FFF747FF10B0BDE8AA
:10FE7000F081A5DF7047B5DF704758B14FF0F71339
:10FE80000360FB230371F723C3801723C1608360E2
:10FE9000002070470E20704730B1A1F11703E02B0E
:10FEA00004D80180002070470E207047072070475B
:10FEB00013B5034680880C4690B91A883A2A65D053
:10FEC00010D8102A3AD0112A5BD0A37A43B1E18826
:10FED0000020FFF7CEFF002870D14FF480736381BC
:10FEE00002B010BD552AF0D1DB88C988A072172B4B
:10FEF00038BF17238B4228BF0B462381FFF7BBFF78
:10FF000060B1FBF75BFA3649364B5B1ADB081B0422
:10FF10000246354943F00100F9F714FEE37A002B5D
:10FF2000D3D1E368002BD0D040F67722009222890B
:10FF3000ADF80420694620469847C6E7DB7B012BD5
:10FF400004BF0B88CB80C98823898B42BDD2002097
:10FF5000FFF78FFF10B90123E372B6E7112802D132
:10FF60000123A372B1E7FBF729FA1D491D4B5B1A68
:10FF7000DB081B0402461D4943F00100F9F7E2FDCE
:10FF8000A3E7F723CB8017238B609EE75B89CA88A2
:10FF9000934228BF1346172BCA6838BF17230B811B
:10FFA0004AB1C97A39B140F677210091ADF80430F1
:10FFB0006946204690470023638186E711288FD049
:10FFC000FBF7FCF90649074B5B1ADB081B040749E2
:10FFD000024643F0010002B0BDE81040F9F7B2BD9F
:10FFE0007C8D02001C8E0200FA9B0200C99B02005D
:10FFF000B0DF704766DF704710B5002104464088C7
:020000040002F8
:10000000FFF7F8FF034608B9237210BD112801D18C
:100010000123F9E76368BDE81040184760B159B1A2
:100020000378DE2B0AD00B684360DE2303704FF6A3
:10003000FF734380002070470E20704708207047F0
:1000400028B10378DE2B04D14180002070470E20B8
:10005000704708207047F0B5054685B00C4600296A
:1000600042D0002840D00B78DE2B3DD182884B88CF
:100070009A4204D10B7A13B10846FFF7BDFF2B88D3
:10008000112B33D0512B0FD0012B2DD12B7A012BDB
:100090002AD1A9886288914226D12046237205B0D0
:1000A000BDE8F040FFF7A8BFAB8866889E421BD131
:1000B000AF79022F18D1AD7B2B1F022B14D8002152
:1000C0001022684608F058FD052D14BF4FF4C07388
:1000D0000023694630468DF80070ADF80430FFF714
:1000E00087FF08B16368984705B0F0BD6388AA88A8
:1000F0009A4204BF4FF6FF736380F5E7F8B5074EE9
:10010000074F054600243B78A34200DCF8BD56F8B3
:10011000043B284698470134F5E700BF58450020C6
:100120005445002070B5204B1B7886B00446002B48
:1001300037D0038885881D4E102B2DD10021142225
:1001400001A88DF8031008F017FD01238DF8043085
:100150004FF6FF73ADF8083004F10803039301A8CC
:100160000DF103030493ADF80650FFF7C7FF2846CF
:100170009DF803203178FFF767FD9DF8030080B9F3
:10018000204603F0E3F8204601F002FA204606B0CC
:10019000BDE8704002F0BEB831782846FFF73CFD5C
:1001A000EDE706B070BD00BF72450020902300202F
:1001B00008B1FFF7A3BF7047FFF7A0BFFFF79EBFCF
:1001C000FFF79CBF10B502F05DFA80B1FBF7F6F8BF
:1001D000324C334A3349141BE408334A034624049F
:1001E00044F00100F9F7B7FC0324204610BD02F0EB
:1001F000C9FC50B1FBF7E2F8284C294A2B49141BE3
:10020000E408294A03462404EAE701F091F950B1D1
:10021000FBF7D4F8214C224A2549141BE408224A52
:1002200003462404DCE701F0F7FA50B1FBF7C6F807
:100230001A4C1B4A1F49141BE4081B4A034624049A
:10024000CEE701F0CDFF50B1FBF7B8F8134C144ADC
:100250001949141BE408144A03462404C0E703F0B8
:1002600079FA044650B1FBF7A9F80C4C0C4A134933
:10027000141BE4080C4A03462404B1E7104B4FF664
:10028000FF721A800F4B18600F4B18700F4B012232
:100290001A70FFF7B7FC0E4B1870A6E77C8D0200B2
:1002A0004C8E0200369C020064BB0200609C02007F
:1002B0008A9C0200B39C0200DD9C0200079D0200A4
:1002C000644500206C4500207145002072450020E7
:1002D00090230020084B1B7853B1084A1378022B57
:1002E00008D8074941F823000133137000207047F4
:1002F00008207047042070477245002054450020B4
:1003000058450020034B1B780BB101F05FB9082062
:10031000704700BF7245002008B5054B1B782BB114
:1003200001F074F9082808BF112008BD0820FCE777
:100330007245002009B101F067B97047034B1B7883
:100340000BB102F077BF0820704700BF7245002054
:1003500010B4094C24785CB110B922B90E2008E021
:100360000029FBD00AB1002BF8D010BC02F046BF28
:10037000082010BC704700BF72450020034B1B785B
:100380000BB102F0B9BE0820704700BF72450020D3
:10039000034B1B780BB101F009B80820704700BF70
:1003A00072450020034B1B780BB101F04EB8184684
:1003B000704700BF72450020024B187808B102F068
:1003C0008ABA704772450020084B1B7810B5044666
:1003D0004BB1204602F07BFA044602F076FA002880
:1003E000F7D1204610BD4FF6FF74FAE772450020A2
:1003F0002DE9F04F1D46474B93F8008089B08146A8
:100400000F461446B8F1000F78D0002978D00028A4
:1004100076D00B680193002B74D0072D72D84FF65D
:10042000FF760023B2420B6009D11046FFF7CCFFE4
:10043000B042044603D1002009B0BDE8F08F05F0BA
:100440000103029305F0020A05F004030025CDE93B
:100450000455CDE906550393AB46029B13B9BAF197
:10046000000F51D0002306AA07212046CDF81CB06A
:1004700002F056F905283DD00028DDD10646029B42
:100480004BB1079B5B7C012B05D903F0FE03022BCC
:1004900018BF46F00106BAF1000F08D0079B03F120
:1004A000100213F8011F11B99342FAD14646039B7B
:1004B00073B1002304AA09212046CDF814B002F03C
:1004C0002FF9052818D00028B6D1059B1B683BB131
:1004D00036B9019A29F815406B1C9A421D4607D976
:1004E0002046FFF771FF4FF6FF7398420446B4D1E0
:1004F0003D60A0E74646C2E74646E6E708209BE7A0
:100500000E2099E7072097E7039B002BE1D0564682
:10051000CFE700BF7245002070B5284B1B7886B02E
:1005200005460C461646002B42D0002942D0002832
:1005300040D00023CDE9043302F028F904AA0DF1DC
:100540000E01072002F02AF928BB02F0ADF94FF6A0
:10055000FF72904228802FD0194B0594324604A98F
:10056000049302F045F90446F0B1288802F0B0FD8A
:10057000D8B1FAF723FF134C134A1449141BE408AB
:100580002A88009224040346114A44F00100F9F736
:10059000ECFA032409E00599204602F0A5FC0028A6
:1005A000CCD0BDF80E302B800024204606B070BDA4
:1005B0000824FAE70E24F8E70424F6E77245002041
:1005C000140007007C8D02004C8E0200329D020058
:1005D00058BB0200034B1B780BB102F079BD082019
:1005E000704700BF7245002070B5214B1B7888B062
:1005F000002B3AD01F4E01234FF6FF70337002F0EC
:1006000066F94FF6FF75A842044617D1002114225F
:1006100003A8317008F0B0FA0D2303A88DF80C3050
:10062000ADF81040ADF80E40FFF768FD00201AE06D
:10063000204602F04CF9A8420446F7D02046FFF7C6
:10064000C9FF0028F4D0FAF7B9FE0B4D0B4A0C494C
:100650000094551BED082D0403460A4A45F001009D
:10066000F9F783FA032008B070BD0820FBE700BF4C
:1006700072450020704500207C8D02004C8E0200E7
:100680008D9D020048BB02002DE9F04F87B08246E5
:100690000193344B1B7889469046002B60D04FF66F
:1006A000FF7002F014F900250423CDE9025302ABD8
:1006B000059304AA03AB06210446049502F030F822
:1006C00007284BD04FF6FF76B3464FF0FF3700B305
:1006D000052827D04FF6FF739C422FD1A3452BD07E
:1006E000A6420CBF05200020BAF1000F01D0AAF8E5
:1006F00000B0B9F1000F01D0C9F80050B8F1000FF7
:1007000001D0A8F80060019B03B11F6007B0BDE8ED
:10071000F08F029BAB4224BFA3461D46BB423CBFA9
:1007200026461F46204602F0D2F803AB04AA062153
:10073000044601F0F5FFCAE70520D5E7FAF73EFECB
:10074000094D0A4B0A495D1BED082D04024623465C
:1007500045F00100F9F7FFF90320D7E70520D5E7B9
:100760000820D3E7724500207C8D02004C8E0200E9
:10077000D59D020008B500230B490C481A46FFF727
:1007800083FF05280CD1094A4FF6FF731380064AF0
:1007900000231360431F58425841054B187008BD91
:1007A0000028F7D10120F8E76845002064450020C3
:1007B00071450020F0B5044687B0808802F018FC2F
:1007C00023786080093B032B20D8DFE803F0022563
:1007D0003569637A5BB9414A116851B1E068814279
:1007E00007D113603E4AA1881180E3600EE0012B1F
:1007F0000CD13C4B1B784BB1394BA2881B889A42D9
:1008000004D1237A062B01D1FFF7B4FF204607B0AD
:10081000BDE8F040FFF772BC637A002BF6D12F4A97
:1008200011680029F2D0E0688142EFD12E491360AF
:100830000A68013A0A60D8E72C4F3B786BB901256A
:10084000284B1B7833B1264BA2881B889A4201D1D2
:10085000FFF790FF002D3ED0D8E74FF6FF7002F073
:1008600036F84FF6FF7398420546E8D102F031F8AA
:10087000A8420646E3D100251422294601A83D706E
:1008800008F07AF90D2320468DF80430ADF80860A1
:10089000ADF80660FFF732FC01A8FFF72FFCCFE7A9
:1008A000124B1A78002AB1D00021142201A8197025
:1008B00008F062F90E238DF804304FF6FF73ADF89F
:1008C0000830ADF806302046A3680393FFF716FC06
:1008D00001A8FFF713FC07B0F0BD00BF6C45002076
:1008E00064450020714500206845002070450020C7
:1008F0002DE9F041384B1B7888B00546002B66D0B7
:10090000364B374C93E80300237801AF87E80300A8
:100910004BB1DFF8D080D8F8006056B111221046F4
:1009200008B0BDE8F081FFF725FF2378002BF5D054
:10093000EFE72D4A2D4C12882368AA421ED1FBB145
:100940001422314603A808F017F9092328468DF828
:100950000C3002F04DFB0623ADF814309DF81C302E
:10096000ADF80E0066F3000303A8ADF8105006962C
:100970008DF81C30FFF7C2FB0022D0E75A1C28D0AC
:10098000184A013339462846236001F031FF0246F8
:100990000028F1D00023C8F800302368112803F1A3
:1009A000FF332360BAD08628B9D00728B7D0FAF72A
:1009B00005FD0F4C0F490C1BE408240402460E49A8
:1009C0002B4644F00100F9F7C6F80322A7E70822F6
:1009D000A5E71322A3E700BF724500206CBB02000D
:1009E000714500206C4500206445002068450020CA
:1009F0007C8D02004C8E02001D9E020076DF704747
:100A000073B5054679B901A9FFF7C2FC43F20202AA
:100A1000904204D018B1324AB221F9F79FFA9DF8FA
:100A200004309B075AD400212846FFF775FC0D2897
:100A3000044629D01AD8002850D00B2840D0204690
:100A4000FAF7BCFC274E284B28499E1BF6083604B3
:100A500002462B4646F00100F9F77DF8204AE121D5
:100A6000204602B0BDE87040F9F778BA112835D0B9
:100A700043F202039842E2D11B481A4B1C49C01AA8
:100A8000C00800042A4622E0164B174C1949E41A04
:100A9000E408240444F0020420462A46F9F752F8F8
:100AA00013212846FFF7AAFFC0B1FAF787FC1249C5
:100AB00002462B46204602B0BDE87040F9F74BB81D
:100AC0000948084B0D49C01AC00800042A4640F0E6
:100AD000020002B0BDE87040F9F734B802B070BD52
:100AE0006A9E02007C8D0200648E020045A0020016
:100AF000FB9F0200F59E0200669F02009D9F020080
:100B00002DE9F0410378152B86B0044604D8062B56
:100B100005D84BB3032B52D006B0BDE8F081073B9C
:100B20000E2BF9D801A252F823F000BFDD0B020012
:100B3000190B0200B10C0200190B0200B10C0200EB
:100B4000190B0200190B0200190B0200190B02000D
:100B5000190B0200190B0200190B0200190B0200FD
:100B6000B90C0200050D02008088FFF7C1FE1128B4
:100B700011D00CD80028CFD0831F012BCCD9684AC4
:100B80004FF4AE7106B0BDE8F041F9F7E7B91328AC
:100B9000C2D08628F3D16349634A0B68A08822F843
:100BA000130001335A4202F0070203F0070358BF53
:100BB00053420B6006B0BDE8F04100F0C7B8037ABD
:100BC000012BA9D884881422002101A807F0D4FFA2
:100BD00001A8ADF80840FFF793FF9DE7534E337827
:100BE000002B99D1524B534D534F5449ED1AED08F8
:100BF0002D0445F003084046F8F7A0FF3B7843BBBF
:100C000001A8FBF79BFA044620B1454A40F2811146
:100C1000F9F7A4F9BDF80A30002B14BF0122002215
:100C20003A7038D101AA19461846FFF72DFD04463F
:100C3000E0B94046BDF804204149F8F783FFBDF80C
:100C40000400FFF7C7FC4FF00108044638B987F8E5
:100C50000080FBF721FA10BB012333705CE7304AB8
:100C60004FF4C671F9F77AF987F80080052C05D1A1
:100C7000344945F00100F8F761FF4DE7062C03D138
:100C8000314945F00200F6E7254A40F29911204625
:100C9000F9F764F940E7002C7FF43EAFD9E748F25A
:100CA000076290423FF438AF1D4A4FF4D37169E7B1
:100CB000214B01221A702FE71C4B1B4D00241C7086
:100CC0001D4B1C70174B1F684FF6FF76E3195A42F5
:100CD00002F0070203F0070358BF534235F81380B0
:100CE000B0450BD01422002101A825F8136007F0AD
:100CF00043FF01A8ADF80880FFF702FF0134082C7C
:100D0000E4D109E7094B00221A70836848F20D62AA
:100D100093423FF44FAFB3F5064F7FF4FDAE49E782
:100D20006A9E020074450020922300207345002033
:100D30007C8D0200648E02009123002080A00200BE
:100D40009BA00200C5A00200E3A002007FB5142210
:100D5000002101A807F010FF072301A88DF8043037
:100D6000FFF7CEFE07B05DF804FB0000F7B5027890
:100D70000446152A00F2E480DFE812F02C002C0073
:100D80002C0016002E002C002C004700540061009F
:100D90007C009500A300B600BF002C00CA002C0008
:100DA0002C002C002C00D50040886A4DFEF7E6FE92
:100DB000694B227A69495D1B694BED0853F8223073
:100DC000684A00932D0452F82020638845F0030000
:100DD000F8F7CBFE03B0F0BD40885E4DFEF7CEFEC7
:100DE0005D4B61495D1B63890193227A5C4B53F82B
:100DF000223000935B4A638852F82020ED082D04CE
:100E000045F00300F8F7BDFEE4E75348514B57495E
:100E1000C01AC008000440F0020003B0BDE8F04072
:100E2000F8F78CBE8068FAF7C9FA4A494A4B5B1A50
:100E3000DB084F4902461B0443F001003CE0454BF0
:100E40004548617A4B4D227AC01A4B4B53F821101A
:100E5000237C13F0010F494B18BF2B46CDE900133B
:100E6000C008474B474953F82230A288000440F09D
:100E70000300C7E7027A424B858853F82260427A22
:100E80003D4B006953F82270324CFAF797FA324919
:100E90000C1BE4082404CDE900703B4933462A4684
:100EA00044F00200AEE72C482A4BA2883749C01A0A
:100EB000C008000440F0010003B0BDE8F040F8F7BE
:100EC00041BE85888068234CFAF778FA22490C1BCA
:100ED000E40824042E4903462A4644F0010003B0E6
:100EE000BDE8F040F8F737BE1B481A4B2949C01A35
:100EF000C008000440F003008FE78068FAF75EFA4C
:100F00001449154B5B1ADB08234902461B0493E77F
:100F1000104B114862882149C01AC0080004A388F8
:100F200040F00200DBE78068FAF748FA09490A4B0B
:100F30005B1ADB081B040246194943F00200BBE7B9
:100F40000548044B1749C01AC008000440F00200CD
:100F5000B2E700BF7C8D0200648E02002EA1020069
:100F6000A4BB0200B0BB02006BA10200BDA1020045
:100F7000D3A102002D8F020074BB020022A1020047
:100F80007CBB0200FEA1020041A202008BA2020073
:100F9000B2A20200DFA20200F2A2020016A3020027
:100FA00052A3020081A3020010B50446FFF7DEFE43
:100FB000217821B96088BDE81040FFF721BD0829DC
:100FC00012D10A4A0A4B0B499B1ADB081B0443F057
:100FD0000100F8F7B3FDA06830B1BDE81040064A43
:100FE00040F22711F8F7BABF10BD00BF7C8D020098
:100FF000648E02009FA302006A9E020010B503786F
:10100000042B04461CD10F4A0F4B10499B1ADB08D6
:101010001B04428843F00200F8F794FD6088132116
:10102000FFF7ECFC30F008020AD043F202029042D3
:1010300006D0BDE81040064A40F27921F8F78EBF8D
:1010400010BD00BF7C8D0200648E0200489F02002C
:101050006A9E020010B50378032B044619D140881C
:10106000FFF7A0F9A8B90B4A0B4B0C499B1ADB08F8
:101070001B0443F00200F8F761FD60881321FFF7BD
:10108000BDFC30B1BDE81040054A40F28921F8F7B7
:1010900065BF10BD7C8D0200648E0200AAA3020011
:1010A0006A9E02000388102B03D180880021FFF77D
:1010B000A7BC7047034648B3027802F0820180293A
:1010C00024D0C2F30211042920D802F0F2013229FF
:1010D0001CD040789978884218D8062816D910294B
:1010E00014D8D97811F0040010D11B7913F0040F33
:1010F0000DD119430B0709D4C1F30101C2F300025A
:10110000002908BF82F00102D0B27047002070476A
:1011100070B515460E4614220021044607F02CFD3A
:10112000284601F037FF2670A0806580204670BDFC
:10113000FFF73EB870B50D2986B006460C46154639
:101140001DD004D831F0080303D106B070BD1129B9
:10115000FBD02046FAF732F91C4D1D494D1BED0816
:101160002D0402461B49334645F00100F8F7F3FC15
:101170003246082101A8FFF7CBFF039420E0144971
:10118000124C0C1BE40824040246134944F00200EC
:10119000F8F7D8FC042132460DEB0100FFF7B8FF49
:1011A00095B12B7803F00103C3F10203DBB28DF894
:1011B0000C3000238DF8103041F20113ADF80E30E1
:1011C00001A8FFF7B5FFC0E70223F0E77C8D02001E
:1011D000848E020097A50200E2A4020010B50378F5
:1011E000182B044602D1FEF70DFD207010BD000043
:1011F0002DE9F0411B4B88B00027CDE904771B682F
:10120000039303AD0446884695E807008DE8070080
:10121000224606212846FFF77BFF6E462846CDE989
:101220000586FFF785FF03F025F800990246204662
:1012300000F02CFBA0F111035A425A410A4B05461B
:1012400019782046FEF700FD084B3A4619782046EB
:10125000FEF7FAFC009A29462046FFF76BFF08B01C
:10126000BDE8F0817C450020A2230020A5230020BA
:101270000021FFF7BDBF00002DE9F047064688B00A
:1012800090469A460F4609BB344BCDE904111B68C2
:10129000039303AC94E807008DE80700324606216B
:1012A0002046FFF735FF6D462046CDE90575FFF76F
:1012B0003FFF2B4BDDF800901B784BB99DF80930B0
:1012C00033B90525284608B0BDE8F0874FF000097E
:1012D00042464946304600F07DFBA0F111035A42D8
:1012E0005A41204B044619783046FEF7ADFC112CCC
:1012F00018D80125A54042F601131D4016D1112C26
:1013000016D02046FAF75AF8174D184B18495D1BAE
:10131000ED082D040246334645F00100F8F71BFCAA
:10132000032511E043F202039C42EAD125460BE07B
:10133000104B3A4619783046FEF786FC0E4B424673
:1013400019783046FEF780FCBAF1000FBAD04A4651
:1013500021463046FFF7EEFEB4E700BF7C45002093
:1013600078450020A52300207C8D0200848E020099
:1013700002A60200A3230020A423002070B5094B7D
:1013800019780446FEF748FC074B054619782046B5
:10139000FEF742FC2A46014601232046BDE8704084
:1013A000FFF76ABFA4230020A3230020F7B5064659
:1013B0000C46002944D0FEF7E3FB0546002841D047
:1013C000304601F0E7FD4FF6FF73C31AA5F10202A4
:1013D00018BF01235542554145EAC305237823F040
:1013E00009031D43074625703046FEF7D7FB2378D7
:1013F00060F3410323703046FEF7DEFB237860F391
:10140000820323703046FEF7E5FBB8B93046FEF79D
:10141000C5FB38B90022237862F30413237000203F
:1014200003B0F0BD6A460721384601F0F3FB0028FF
:10143000F0D1019B93F84430DB07EBD50122EAE7BA
:101440000E20EDE743F20200EAE713B5E0230C4675
:1014500001A98DF80430FFF7A9FF48B99DF80430C1
:10146000207820EA0300B0FA80F0400902B010BDF5
:101470000020FBE713B50378062B044607D0132B97
:101480000CD0204602B0BDE81040FFF751BE816885
:10149000408802B0BDE81040FFF7AABE134B1A689F
:1014A000FAB14088FEF77AFB0146E0B1227A608803
:1014B000C2F34003C2F300019B00C2F3800243EA7F
:1014C000C10343EA021301A98DF80430FFF7BDFF01
:1014D00080F00102D2B2002160880123FFF7CCFE28
:1014E000CFE70121F8E70246F6E700BF7C45002080
:1014F00008B503780C2B0FD8082B0FD9084B0949D6
:1015000018780022FEF7BAFB074B0849187800222A
:10151000BDE80840FEF7B2BB142BEFD008BD00BFFA
:10152000A223002071120200A52300207D130200D7
:1015300038B502F073FE0446D0B90E480E4DFFF7E1
:101540004DFE0E48FFF74AFE0D48FFF747FE2846BE
:10155000FFF744FE2B78182B0AD10A4B0A480B4997
:10156000C01AC008000440F00100F8F7E7FA0324AD
:10157000204638BDA5230020A2230020A42300205C
:10158000A32300207C8D0200848E020057A6020057
:1015900010B5044600F034FA204602F0E9FE074B8D
:1015A000074918780022FEF769FB064B06491878B0
:1015B000BDE810400022FEF761BB00BFA22300205F
:1015C00071120200A52300207D13020010B504460D
:1015D00030B90A4B18600A4B01221A70002010BD66
:1015E000FFF768FD38B1074B22681A6022791A713B
:1015F000024A1360EFE70720F1E700BF7C450020B7
:10160000784500208045002000F0FEB800230A46FF
:101610001946FFF731BE7EDF70477FDF704786DFF8
:10162000704710B50446408801F0B4FCA080204605
:10163000BDE81040FFF71EBF10B586B00446142267
:10164000002101A807F098FA052301A88DF80430BD
:10165000ADF80640FFF7E5FF06B010BD30B587B026
:1016600005460C461422002101A807F085FA08233C
:1016700001A88DF80430ADF806500394FFF7D1FFB0
:1016800007B030BDF0B587B004460F4616460021BE
:10169000142201A81D4607F06FFA04238DF80430C8
:1016A000094BADF8064019788DF80C7000222046E1
:1016B000ADF80E608DF81050FEF7C6FA01A8FFF7DE
:1016C000B0FF07B0F0BD00BFA92300207FB5032302
:1016D0008DF804300388ADF8063043798DF80D108D
:1016E00013F0040F0CBF0223012301A88DF80C3066
:1016F000FFF797FF07B05DF804FB10B50378182BD0
:10170000044602D1FEF77EFA207010BD30B5144BAE
:1017100087B00C46012219780546FEF795FA114B61
:10172000221E1978284618BF0122FEF78DFA631E83
:101730005A425A410C4B28461978FEF785FA142272
:10174000002101A807F018FA022301A88DF804303F
:10175000ADF806508DF80C40FFF763FF07B030BDC1
:10176000A9230020A8230020A72300202DE9F0476B
:101770001F4B8846197804469146FEF74DFAA8B3E8
:101780001C4B20461978FEF747FA014658B31A4B0E
:1017900020461978FEF740FAC0F1020604F5807081
:1017A000072180B201F0AEFAF6B2074698B10528DB
:1017B00011D0F9F703FE114D114B1249ED1AED0846
:1017C0002D040246234645F00100F8F7C4F93946D6
:1017D0002046FFF743FF4B46424631462046BDE8D0
:1017E000F047FFF74FBF4B464246F7E7BDE8F087AB
:1017F000A9230020A8230020A72300208C8E02000C
:101800007C8D0200D6A60200024B0A781978FEF7FA
:101810001BBA00BFA6230020F8B5154F154E164D74
:10182000164C3846FFF769FF3046FFF766FF28463B
:10183000FFF763FF2046FFF760FF3B78182B08D0C7
:101840003378182B05D02B78182B02D02378182B3F
:101850000BD10B4B0B480C49C01AC008000440F0D8
:101860000100F8F76BF90320F8BD0020FCE700BF8A
:10187000A9230020A8230020A7230020A6230020BE
:101880007C8D02008C8E020057A602002DE9F041EB
:101890008AB00D4617460446FEF770F92022064628
:1018A000002102A807F068F9012E0FD1434B002256
:1018B00019782046FEF7C8F96DB98521002502ABDD
:1018C0002A462046FFF7A9FE01464AE0002EF3D142
:1018D00043F2020145E0204601F05CFB4FF6FF7346
:1018E00098420AD100212B78DB071DD4344B059791
:1018F0000993012E18BF0025E1E7012EF2D1DFF890
:10190000BC80204698F80010FEF786F90028E9D13F
:101910002046FFF791FE98F800102046FEF77CF96C
:101920000028DFD18521DEE78529E2D004F580702B
:1019300007216B46012280B201F070F9112801469F
:101940000FD090B1F9F73AFD1E4D1F4B1F495D1B9B
:10195000ED082D040246234645F00100F8F7FBF898
:10196000032108460AB0BDE8F0815022019807F033
:1019700003F901990B46204603F8346B029301F1F9
:10198000180306934B1C079311310D4B05970993D0
:1019900001F012FB01460028ABD0F9F70FFD094D0D
:1019A000094B0B495D1BED082D040246234645F00B
:1019B0000200F8F7D0F80821D3E700BFA6230020E3
:1019C000854500207C8D02008C8E02003FA702001E
:1019D000A1A7020038B505460C46FEF7CFF801284E
:1019E00008D154B121462846FFF715FE042808BF48
:1019F000112038BD43F20200FBE72046F9E7000062
:101A00002DE9F0470388113B8AB00446092B65D8BD
:101A1000DFE813F00A00640019003A006400640073
:101A200064006400A6006301037A80883D2B41F2C4
:101A30003D014FF0000218BF4FF488510AB0BDE8D5
:101A4000F047FFF793BE8088FEF798F8012808D189
:101A5000217AA08801F00101C1F10201C9B2FFF7AA
:101A600055FE34F8045F142200210DEB020007F04C
:101A700083F8043406238DF81430ADF8165007941B
:101A800005A8FFF7CEFD29E000F11007384601F068
:101A9000F2FA4FF6FF7305469D42A08821D101F06E
:101AA00079FA0546A0880021FFF730FE4FF6FF7354
:101AB0009D421AD100260023A0881A463146FFF71E
:101AC000AEFD0828074629D19648974B9749C01A7A
:101AD000C008000440F00200F8F730F80AB0BDE892
:101AE000F087294601F0EAFADCE705AA0721284633
:101AF00001F090F80028DDD1A37ED907DAD5069E43
:101B000096F84430DA0701D53436D4E7394606F181
:101B1000460001F09CFA0028F6D1CBE798B1F9F71E
:101B20004DFC814E7F4B00959E1BF6083604024605
:101B3000A3887F4946F00100F8F717F8A0883946D6
:101B4000FFF78CFDCAE7A37EDB07C7D5002EC5D102
:101B5000A088334641F206023146FFF793FDBDE708
:101B600090F808808588B8F1000F40F0B080714B84
:101B7000071D197842462846FEF766F8617A11F08B
:101B8000040105D138460AB0BDE8F047FFF79EBD15
:101B900005F580791FFA89F903AB01220721484630
:101BA00001F03CF80646B0B1F9F708FC5E4C5D4B1D
:101BB00061491C1BE408240402462B4644F0010042
:101BC000F7F7C9FF31462846FFF748FD414638463A
:101BD000FFF77CFD82E7284601F0DCF94FF6FF7342
:101BE0009842044682461CD10146049801F0B5F99A
:101BF0005045044680461DD0504E0146284601F00F
:101C00005DFA31782846FEF707F848B92846FFF70D
:101C100013FD31782846FDF7FFFF01460028D6D096
:101C2000002622460721484601F0B4F88046E0B974
:101C30000121CCE700F038FE404504460FD13A4A76
:101C4000384B3F499B1ADB081B0443F00100F7F7B0
:101C500075FF04212846FFF701FD3146B7E701462D
:101C6000284601F02BFA0126DBE786280ED1142244
:101C700000210DEB020006F07FFF072305A88DF879
:101C80001430ADF81650FFF7CCFCD1E7F9F796FB0E
:101C9000244B25490094A3EB010C4FEADC0C4FEADE
:101CA0000C4C024627494CF001002B46F7F75DFF2C
:101CB00041462846FFF7D2FC00213846FFF706FDD3
:101CC000002E3FF40BAF204601F002FA06E7427AFD
:101CD000414602F003022846B0E61B4B8088197883
:101CE000FDF79AFF054600287FF4F8AEA088FDF7BF
:101CF00055FF0146A08839B9012341F206020AB016
:101D0000BDE8F047FFF7BEBC0A4B2A461978FDF73D
:101D10009BFF03238DF81430A388ADF81630ADF87F
:101D20001C50ADE68C8E02007C8D0200EFA70200F5
:101D30005FA80200A9230020CFA80200A62300204C
:101D40002AA902005CA90200A8230020A0DF704796
:101D5000A1DF7047ADDF7047B3DF7047B4DF704776
:101D600010B50446408801F015F9A0802046BDE872
:101D70001040FEF721BA30B587B005460C46142254
:101D8000002101A806F0F8FE082301A88DF8043010
:101D9000ADF806500394FFF7E3FF07B030BD000035
:101DA00070B586B004461422002101A806F0E4FEB6
:101DB0004FF6FF739C42ADF8064027D0204601F055
:101DC0006FFD1128054639D016D808B30B2826D048
:101DD0002846F9F7F3FA1A4E1A4B1B499E1BF608D0
:101DE00036040246234646F00100F7F7B4FE2946C2
:101DF0002046FFF7C0FF03E043F202039842E7D119
:101E00000022124B20461978FDF71EFF06B070BD68
:101E10000F238DF8043001A8FFF7A2FFF0E710238D
:101E20008DF804300748064B0949C01AC008000461
:101E3000224640F00200F7F785FEECE70122E0E7DA
:101E40007C8D0200548E020043AA0200CA45002085
:101E5000C3A90200FFF7A4BF024B03491878002270
:101E6000FDF70CBFC94500206D1E02002DE9F047AB
:101E7000DFF8208188B098F800100446FDF7CCFE0A
:101E80000646002840F08380204601F06DFD0828BA
:101E900005463FD016D870B3062868D02846F9F713
:101EA0008DFA3D4F3D4B3E49DF1BFF083F04024684
:101EB000234647F00100F7F74EFE29462046FFF77C
:101EC0005AFF09E043F20203984205D043F201436E
:101ED000984258D01128E1D10122324B204619787E
:101EE000FDF7B2FE98F800103246204608B0BDE873
:101EF000F047FDF7A9BE3146142203A806F03CFEC8
:101F0000112303A88DF80C30ADF80E400126FFF721
:101F100027FFE1E70DF10600FFF71EFF3746012519
:101F20004FF0020A0DF10809BDF80630AB421ED988
:101F3000002249462846CDE903A9FFF70FFFB0B9B3
:101F4000BDF808303FB942F60527DB1B5F425F4111
:101F50000135ADB2E8E742F602129342F8D101AB87
:101F600003AA294620460493FFF7F4FE30B1204629
:101F700001F010F801F024FD0022AEE7BDF80430B6
:101F8000002BF4D0A8E72046FFF70AFFA4E708B02B
:101F9000BDE8F087C84500207C8D0200548E020009
:101FA00094AA0200C945002013B5044600F0F2FFD0
:101FB00000236A46092100F0B3FB052805D1044B34
:101FC000012219782046FDF73FFE02B010BD00BF88
:101FD000C745002008B5084B084918780022FDF7CE
:101FE0004DFE024630B9064B06491878BDE8084058
:101FF000FDF744BE08BD00BFCB45002041200200D4
:10200000C74500200920020013B50A4B00930A4B74
:1020100004461868019001AA69462046FFF796FE1B
:1020200028B9064B012219782046FDF70DFE02B0B3
:1020300010BD00BFA62A0100C4BB0200C645002097
:1020400070B5012186B006462B48F8F7E7FD054636
:10205000BFF35F8F002848D1304601F083FB112881
:10206000044644D017D8002843D00B2831D020464E
:10207000F9F7A4F9214D224B22495D1BED082D04EF
:102080000246334645F00100F7F765FD214630462C
:10209000FFF771FE1DE0862803D043F20203984249
:1020A000E4E71422294601A806F066FD07238DF80F
:1020B00004301348114B1449ADF80660C01AC0082B
:1020C000000440F002003246F7F73CFD01A8FFF79C
:1020D00047FE00252A460D4B30461978FDF7B4FD22
:1020E0001DB9BFF35F8F044B1D6006B070BD0122A8
:1020F000F1E701250246EEE7CC4500207C8D020089
:10210000548E020009AB0200D4AA0200CB45002085
:1021100038B503780446A3B94088FFF741FE6588C7
:10212000284601F00FFC28B1064B012219782846F9
:10213000FDF78AFD6088FFF737FFBDE83840FFF7FD
:1021400049BF38BDC945002037B50378092B04467F
:1021500008D1427A32B9057A072D08D0082D31D03E
:10216000012D15D003B0BDE83040FFF733BF8088A4
:1021700000F03EFF4FF6FF7398420446F2D0154B35
:1021800001221978FDF760FD2046FFF70DFFE9E712
:1021900080886A46294600F03DFD0028E2D1019B77
:1021A0001B78002BDED0A08800F022FF4FF6FF73D3
:1021B0009842D7D0084B2A461978FDF745FDFFF71E
:1021C0004BFECFE7054B19680129CBD1BFF35F8FD9
:1021D0001A60C7E7CB450020C9450020CC45002048
:1021E0002DE9F843FDF70EFDDFF88C90DFF88C80C9
:1021F00089F80000FDF706FD88F80000FDF702FDF4
:102200001F4F204E3870FDF7FDFC3070FDF7FAFCD3
:102210001D4D1E4C2870FDF7F5FC2070FDF7F2FCFB
:102220001B4B187099F80030182B11D098F800301B
:10223000182B0DD03B78182B0AD03378182B07D0E9
:102240002B78182B04D02378182B01D018280CD108
:10225000104B11481149C01AC008000440F0010099
:10226000F7F76CFC0320BDE8F8830D4B00201860E5
:10227000BFF35F8FF7E700BFCB450020CA450020C2
:10228000C9450020C8450020C7450020C64500209C
:10229000C54500207C8D0200548E020057A6020026
:1022A000CC45002073B5144B0024CDE90034134B0A
:1022B0000E46224619780546FDF7C6FC104A114B1A
:1022C0002846A64218BF1346019300F063FE22463B
:1022D000694600F08DFA60B1F9F770F80A490B4BC6
:1022E0005B1ADB081B040246094943F00200F7F7BA
:1022F00029FC02B070BD00BF01000900C7450020E5
:10230000C0BB0200BCBB02007C8D0200548E0200E8
:1023100046AB020070B503888488502B86B0054612
:1023200039D00FD8352B49D0362B00F08D80554B46
:10233000554918780022FDF7A1FC06B0BDE87040B1
:10234000FFF78ABD522B22D0542BF0D1142200214A
:1023500001A806F011FC122320468DF80430ADF8D8
:10236000064000F017FEADF8080001F029FB474BCE
:10237000204619780022FDF767FC454B2046197866
:102380000022FDF761FC01A8FFF7EAFCCFE7204639
:10239000FFF706FDCBE7037B012BC8D1827A012A28
:1023A000C5D1018942F602139942C0D1394B20466A
:1023B0001978FDF749FCFFF70DFEB8E7364E2046C9
:1023C0003178FDF729FC0028B1D000223178204671
:1023D000FDF73AFCEA88B2F5857F0AD072B12F4842
:1023E0002F4B3049C01AC008000440F00200F7F734
:1023F000A9FB00212046FFF755FF98E76A89012ACB
:1024000009D02648264B2849C01AC008000440F0CD
:102410000200F7F797FBAE89012E07D01F48204B2B
:10242000C01AC008000432462049DEE7E9890022CC
:102430002046FFF78DFC0028DBD11D4B3246197872
:102440002046FDF701FC72E7194E20463178FDF772
:10245000E3FB00283FF46BAF002231782046FDF704
:10246000F3FBEA88002ABAD1EA89012A05D00B4891
:102470000B4BC01AC0080004D6E7297C003918BFEE
:102480000121B7E7CA450020551E0200C8450020BB
:10249000C9450020CB450020C6450020548E0200CF
:1024A0007C8D0200A3AB0200DDAB020017AC020082
:1024B000C5450020031F012818BF052B94BF01202C
:1024C000002070472DE9F041274D8AB000234FF6D8
:1024D000FF70CDE900332B7001F0B8F84FF6FF77AD
:1024E000044648F20968BC4213D0A4F58046B6B24F
:1024F0006A4602A93046F9F70BFE40450CD030463B
:10250000F9F7A6FD48F20763984206460CD101236D
:102510002B700AB0BDE8F081204601F03DF820465E
:1025200001F094F80446DEE70028F2D00F4B104D7E
:1025300010495D1BED082D042346024645F00100BD
:10254000F7F709FB142200210DEB020006F014FB43
:10255000082305A88DF81430ADF818400796ADF89B
:10256000167000F087FAD4E7D84500207C8E020070
:102570007C8D020062AC020007B50023A1F580410A
:10258000A0F58040CDE9003389B26B4680B2F9F7FF
:10259000A5FD002818BF052003B05DF804FB00006E
:1025A00070B5044686B014263246002101A806F014
:1025B000E3FAA0892378324D00F5804080B2042BE5
:1025C000ADF8080040D008D85A1E022A11D92B783D
:1025D0000BB1FFF777FF06B070BD052BF7D163682D
:1025E000002B47D18DF804604FF6FF73ADF808302B
:1025F0001FE043F6FE76B042E18904D901F580423E
:1026000092B2B242E3D8DA1E534253418DF80D30F4
:10261000A368049363688DF80C1083B909238DF8BF
:1026200004309DF8143043F001038DF814304FF658
:10263000FF7301A8ADF8063000F01CFAC7E70A22C4
:102640008DF804200593F2E743F6FE739842BED856
:10265000E389002BBBD163683BB90B238DF80430B1
:1026600000F09AFF01232B70E1E70C228DF8042083
:102670000393F7E715228DF804200393B4E700BF16
:10268000D845002070B5214888B0F9F773FB0246A1
:1026900068B11F491F4B5B1ADB081B041E4943F03E
:1026A0000100F7F74FFA0324204608B070BDF9F790
:1026B00077FB044660B1164B16481849C01AC0088B
:1026C0000004224640F00100F7F73CFA8624EBE7CD
:1026D00003AE00F021FF03947460324605A94CF26A
:1026E0000700F9F708FD0028DED101A905A8F9F7D0
:1026F00059FC019B9D8805F58045ADB205A8F9F709
:1027000077FC284600F010FFE7E700BFA125020094
:102710007C8D02007C8E0200AEAC0200F0AC0200A8
:10272000F0B5FF2887B004460E4615461F462BD845
:102730000846FFF7BFFE38B303AA2046FFF71CFF89
:1027400018B10524204607B0F0BD01A903A8F9F788
:1027500029FC04460028F4D1019BAE705E880299E2
:102760002E8027B9696003A8F9F742FCEAE73F68C1
:102770006868B600B7423A4628BF324606F0CAF942
:10278000B742F0D20C24DDE70724DBE7024B00223E
:10279000C3E90022704700BFD045002070B586B065
:1027A00005460E461446FFF785FEE8B1A5F58040C4
:1027B0000E4A03A980B2F9F79EFC10B1002006B0C2
:1027C00070BD01A903A8F9F7EDFB0028F6D1019B24
:1027D000A5705A889B88228003F58043029A626024
:1027E00003A83380F9F704FC0120E8E7D045002076
:1027F00070B5FF2886B006460C4615464AD889783B
:102800000846FFF757FE002844D0A6F58043ADF8F0
:102810000030A1F58043ADF802306368019303AA4C
:10282000238802933046FFF7A7FE0528694603A8D0
:1028300012D1F9F701FC0446A8B1A0F50643023B0A
:102840000B2B19D80B2B17D8DFE803F0141616162C
:102850002609161616161609F9F7F2FBEBE71124EE
:10286000204606B070BD002DFAD0294603A8F9F71E
:102870005CFCF5E71024F3E7084A094D0949551BAC
:10288000ED082D042246334645F00100F7F763F9C1
:102890000324E5E70724E3E78624E1E77C8E0200D2
:1028A0007C8D02002EAD02004FF6FF7000F03CBEA2
:1028B000FF2808B505D800F055FEFFF703FE0020FD
:1028C00008BD0720FCE700F07BBE00F083BE00F0EF
:1028D000A5BE00F0BBBE00F0BFBE10B50446FDF7BC
:1028E00069FF2046FEF704FE204600F027FF204641
:1028F000BDE81040FFF728BC38B504460025237A10
:10290000AB420DD84FF6FF732380A37000236360A2
:102910004FF47F432381A37A23F00303A37238BDCE
:10292000617A03482944C9B200F0A7FD0135E6E702
:102930005447002070B5114C024600230C2606FBBC
:1029400003F52819655B954209D10C2685788D42DF
:1029500010D1857AAD070DD145685DB903E001332B
:10296000042BECD1002070BD06FB03F56019655BFC
:102970009542EBD00133042BF6D1F3E72447002036
:1029800037B50023CDE90033417A83788DF80230E2
:102990000446324800F058FD60B93148314B627A44
:1029A0003149C01AC008000440F00100F7F7CAF826
:1029B000032047E0237AA2788DF8022003EB8303FB
:1029C0009B00ADF80030531E0190072B08D8DFE8BC
:1029D00003F022070707072204241423ADF8003070
:1029E0002246694632F8040BFFF702FF11282BD06C
:1029F00017D810B3072825D0F8F7E0FC194D184B6D
:102A00001A495D1BED082D040246238845F001009C
:102A1000F7F7A1F8CCE70123E0E7838809339B08A7
:102A2000DCE78628E8D1A37A23F0030343F001030F
:102A3000A3720F4B01221A7004E0A37A23F0030360
:102A4000A372002003B030BDA37A23F0030343F048
:102A50000203A372064B01221A70F2E754470020CA
:102A6000748E02007C8D020095AD0200D5AD02008F
:102A7000204700202DE9F0473D4EC16886B004464E
:102A80003246002335465068814219D10C2202FBA0
:102A900003502378374F0A2B19D0142B45D0092B1C
:102AA00004D1637A13B908B1FFF726FF4FF000098C
:102AB0002046FFF712FF3B78A3B906B0BDE8F087C8
:102AC0000133042B02F10C02DDD10020E1E7637A2F
:102AD000002BEBD10028E9D0827A436042F0020259
:102AE0008272994600243C704FF00C0A4FF00108A6
:102AF0000AFB04539A7A91071AD587F8008030466A
:102B0000FFF73EFFD8B10C2666434FF6FF72ADF8D3
:102B100006208628AA5BADF8082016D107238DF879
:102B2000043001A8FFF7D9FEC7E74FF00109BFE75E
:102B3000D30704D587F80080B9F1000FDFD1013445
:102B4000042C06F10C06D3D1B7E708228DF8042037
:102B50000390094CF8F732FC084B09491C1BE408A8
:102B600024040246AB5B44F00100F6F7F4FFD8E71B
:102B700024470020204700207C8D0200748E020034
:102B800004AE02001C4BF7B500221E464FF6FF753F
:102B90004FF0FF0C0C27104607FB02641D809D7050
:102BA00083F809C0A17A013221F00301042AA1723D
:102BB00003F10C0303F8040C43F8080CECD1502388
:102BC000CDE900230D490E4B0E484FF4A07200F0E2
:102BD00027FC034668B1F8F7F1FB0B490B4B5B1A76
:102BE000DB081B0402460A4943F00100F6F7AAFF7E
:102BF0000323184603B0F0BD24470020E045002021
:102C0000DC450020544700207C8D0200748E0200B9
:102C100064AE02000023FFF783BD00002DE9F04100
:102C200080460E4614461F46002B5FD0CB1F012B5B
:102C30005ED8531E032B5BD8FFF77CFE054628BBEE
:102C4000FF214FF6FF70FFF775FE054610B9112002
:102C5000BDE8F081A0F800808670697AFF291AD15A
:102C60002146244800F021FCFF280146687226D145
:102C70004FF6FF732B8000236B604FF47F432B8153
:102C8000AB7AA87023F00303AB72E0E7037AA342A8
:102C9000E3D00F20DCE74FF0000816482C7200F05C
:102CA000D3FB78B9144B15486A7A1549C01AC00885
:102CB000000440F00100F6F745FF0320C8E74FF09D
:102CC0000108EAE704EB840424010334C4F38D040F
:102CD000BE7078603C80B8F1000F01D0082E01D0A2
:102CE0000020B5E7A400063C8480F9E70E20AFE79A
:102CF0000720ADE7544700207C8D0200748E02004F
:102D000082AE020008B5FFF715FE18B1FFF7F4FD1B
:102D1000002008BD0520FCE7F8B51A4E0546002442
:102D20000C2101FB04F29319B25AAA420ED10C27CE
:102D300099782846FFF7E6FF0134042C09D007FBF9
:102D400004F2B318B25AAA42F6D1F1E70134042CC6
:102D5000E7D12846FFF7ACFD034680B107280ED027
:102D6000F8F72CFB084C09490C1BE4082404034623
:102D700007492A4644F00100F6F7EDFE0323184602
:102D8000F8BD00BF244700207C8D0200748E020035
:102D9000F6AE0200CB1F012B70B506460C46154659
:102DA00001D9072070BD1046FFF78DFD0028F8D02F
:102DB00021463046FFF7BEFD28B184700580BDE88E
:102DC0007040FFF7DDBD0520ECE76EDF70476FDF79
:102DD000704746DF70472DE9F04F9BB01D465023EA
:102DE000259F01908A4603931646BAB1C5B10023C8
:102DF0002B604FF00108249BA3B1B7B100233B60C7
:102E00004FF0010900240DF1180B0494CDF814B013
:102E100054450CD100201BB0BDE8F08F9046EAE786
:102E2000A846E8E7DDF89090ECE7B946EAE75022DB
:102E30000021584605F0A0FE019803AB30F81400BD
:102E400004AA0721FFF76CFC20F002000528E2D05D
:102E50009DF82930032B26D8B8F1000F0ED0C4EB13
:102E6000C402B318DDF82910B150BDF82D209A80A6
:102E70009DF82F209A712B6801332B60B9F1000F58
:102E80000FD0249A0DF1190302EB04120DF1290160
:102E900053F8040B42F8040B8B42F9D13B68013321
:102EA0003B600134B4E743F20220B4E7421E00F174
:102EB0000F0312F8010F10B99A42FAD1704701209E
:102EC000704708B568B169B103780A785340012B9F
:102ED00008D806220131013005F0C8FDB0FA80F0B3
:102EE000400908BD0020FCE72DE9F04100F1010890
:102EF0004D1C06460F4610222946404605F0B6FDF9
:102F0000044610BB4046FFF7D1FF18B12846FFF733
:102F1000CDFF0446737C03F0FC03042B19D07B7CAB
:102F200003F0FE05042D14D007F1110106F1110084
:102F3000FFF7C7FF58B9AB1F18BF01230CB183F0CF
:102F4000010404F00100BDE8F0810024E2E7062D51
:102F500001D10023F2E70124F3E77FB505460E46D1
:102F6000FFF714FC02AA0DF106010720FFF716FC7B
:102F700010B94FF6FF7409E0BDF80640B442F1D035
:102F800003992846FFF7B0FF0028EBD0204604B095
:102F900070BD0000132810B5044602D94FF6FF702B
:102FA00010BDFCF7E1FD0028F8D00A235C43014B7B
:102FB000185BF5E776470020132838B505460C4620
:102FC00002D943F2020038BDFCF7CEFD0028F8D04C
:102FD00006480A2202FB0500D0F802302360C388AD
:102FE000A380037AA3710020EDE700BF764700209D
:102FF0004FF6FF7398422DE9F04105460CD0DFF8FB
:10300000308000240A2707FB04F338F80330AB4272
:1030100005D00134142CF6D14FF6FF7605E0A6B2A8
:103020003046FCF7A1FD0028F3D03046BDE8F08122
:1030300076470020038843B9421C00F1090312F8C7
:10304000010F10B99A42FAD170470120704710B5AC
:103050000446FFF7EFFF58B122880B889A4208D147
:1030600008220231A01C05F001FDB0FA80F04009F1
:1030700010BD0020FCE730B585B00446FFF786FBA5
:1030800002AA0DF106010720FFF788FB10B94FF6E1
:10309000FF7008E0039D204605F14601FFF7D7FFCA
:1030A00018B1BDF8060005B030BD05F12A01204673
:1030B000FFF7CDFF0028E3D0F3E7000013289FBF00
:1030C0000A235843014B1952704700BF764700202E
:1030D00038B50546FFF78CFF04462846FFF71CFE6F
:1030E00038B9132C05D80A235C43024B4FF6FF7204
:1030F0001A5338BD764700202DE9F0470829CEB095
:10310000044688466FD800B139B9002211461046EE
:103110004EB0BDE8F047FFF75ABE5023B822002159
:103120000DF1300920A820AE0193CDF80C9005F0E8
:1031300023FD04A9324600230133082B41F8042B58
:1031400002F11702F8D104EB480A27465022002169
:10315000484605F011FD388801AB02AA0721FFF7A8
:10316000DFFA20F00205052D04F102040ED11F48FC
:103170001F4B3A881F49C01AC008000440F00200E3
:10318000F6F7E0FC28464EB0BDE8F08799F811301C
:10319000032B0DD9164B15483A881749C01AC00899
:1031A000000440F00200F6F7CDFC43F20225E9E707
:1031B0000DF1310332460DF1450153F8040B42F88D
:1031C000040B8B42F9D1198811809B789370544578
:1031D00006F11706B9D15FFA88F2002104A8FFF7BB
:1031E000F6FD0546CEE70725CCE700BF6C8E020052
:1031F0007C8D020059AF0200C1AF020037B51C46FA
:103200000A4B1D780B4611B10968A9420CD314B1C1
:103210002168A94208D3CDE9002429460246044882
:10322000FFF7D9FD03B030BD0420FBE77447002051
:1032300064470020F0B510229BB005460C461A48A2
:10324000002105F099FC194B05B13CB90021084655
:1032500019701BB0BDE8F040FFF7B7BD0026620053
:1032600029461148E7B21F7005F054FC3822314658
:103270000CA8039605F080FCCDE9006603AB0CAA10
:1032800021462846FFF7A7FD60B90CAB04AA013020
:10329000082842F8043B03F10703F8D1394604A893
:1032A000FFF793FD1BB0F0BD64470020744700207A
:1032B00030B58DB014460D4600F110036A4613F880
:1032C000011D02F8011B9842F9D10D22002104A82A
:1032D00005F052FC2B788DF81F306B788DF81E307E
:1032E0006846AB788DF81D30FFF773FD9DF82F30E1
:1032F00023709DF82E3063709DF82D30A3700DB0B3
:1033000030BD1FB5034608461A7802F0FE02042AB3
:103310001AD1B3F80110DA78ADF804108DF8062050
:1033200003A99A88ADF80C209B798B7002AA01AC96
:10333000FFF7BEFF032202A9204605F097FBB0FA73
:1033400080F0400904B010BD0020FBE770B5038891
:10335000102B90B0064654D1051D0FCD06AC0FC4FE
:103360000FCD0FC49DF81C3095E8030003F0FE0359
:10337000062B84E8030007ADB4884CD0FFF706FAAB
:103380009DF81C30032B4FEA53023CD9022A42D14C
:1033900001AA0DF102010720FFF700FA00283AD038
:1033A0000299ADF8184001312846FFF7AAFF00281E
:1033B000EED007E00299ADF8184011312846FFF72A
:1033C00080FD00B3BDF8023014480A226243811820
:1033D0008352AA7907980A724FF6FF72C1F8020069
:1033E0009342A888C8800CD0ADF8083001A800230B
:1033F000ADF806408DF80430FCF7E2FE01A8FEF7B8
:1034000087FE10B070BD01AA0DF102010720FFF781
:10341000C5F90028CED14FF6FF73D5E776470020D7
:1034200070B5DDE9045468B161B15BB104FB05F628
:10343000964207D835B12CB1C0E90013C0E9025457
:10344000002070BD0720FCE738B50D46044608B9DA
:10345000002038BD0368002BFAD040680028F7D060
:10346000FF29F5D0BFF35F8FF7F7A1FB0028EFD05E
:10347000E368206803FB0500EBE738B50D4604461A
:1034800090B1036883B1406870B1FF290CD0BFF3DD
:103490005F8FF7F78CFB38B16068BFF35F8F294609
:1034A000BDE83840F7F779BB38BD2DE9F8438846C9
:1034B000064618B9FF242046BDE8F8830368002BB0
:1034C000F8D04368002BF5D04FF00009FF25B36812
:1034D0005FFA89F4A3422746ECD970682146F7F7D2
:1034E0004EFBBFF35F8F50B9FF2D18BF2C463F1B1B
:1034F00001374745DFD009F101092546E7E7FF2DF0
:1035000007D1FF24F7E729463046FFF7B6FF01351C
:10351000EDB2A542F7D3F4E702484022002105F0BE
:103520002BBB00BF404800204FF6FF73984210B5F8
:1035300004460CD10A484FF48071F7F741FB84B27E
:10354000B4F5807F01D14FF6FF74204610BDFF28EF
:10355000F9D801460248F7F712FB0028F5D0F2E748
:10356000404800204FF6FF73984210B5044607D13B
:10357000002004E04FF6FF73E31A5842584110BD93
:10358000FF28F7D801460348F7F7F9FA0028F1D1E8
:103590002346F1E760480020FF2810B5044609D80B
:1035A00001460548F7F7F9FA21460448BDE81040FE
:1035B000F7F7F3BA10BD00BF404800206048002074
:1035C000FF28014602D80248F7F7F1BA00207047F9
:1035D00040480020FF28014602D80248F7F7E7BA22
:1035E00000207047604800204FF6FF73984270B586
:1035F00018BF441C0E4614BFA4B20024A5B2FF2D70
:1036000002D94FF6FF7506E021463046F7F7CFFAAC
:1036100001340028F2D0284670BD000038B50A49B0
:10362000FFF7E2FF4FF6FF750446AC4201D120469A
:1036300038BD2046FFF7CEFF0028F8D020460249CB
:10364000FFF7D2FF0446F0E7404800200149FFF7AA
:10365000CBBF00BF6048002038B500242546214676
:103660000448F7F7A4FA0134B4F5807F0544F6D195
:10367000284638BD40480020AFDF7047B1DF7047B3
:10368000B2DF7047B3DF704710B504468088FFF79C
:10369000AFFC60802046BDE81040FCF78FBD000005
:1036A0002DE9F041204B214E93E8030088B001AD95
:1036B00085E803004FF6FF783088404517D0002298
:1036C0002946FFF795F83788044638B314220021BD
:1036D00003A805F051FA112CADF8107007D0862C14
:1036E00008D107238DF80C3003A8FFF7CDFF08B0F1
:1036F000BDE8F0812046F7F761FE0D4D0D4B0E49F8
:103700005D1BED082D043388024645F00100F6F7F5
:1037100022FA08238DF80C300594E5E73846FFF7C8
:10372000D6F83080C8E700BFD0BB02008248002036
:103730007C8D02005C8E020057B00200044B1A8898
:103740004FF6FF739A4201D0FFF7AABF704700BF40
:1037500082480020024B4FF6FF721A80002070470B
:10376000824800202DE9F04F87B00746FFF712FC92
:103770004FF6FF739842054600F08680444A454B59
:103780000126A2EB030A324602AB08212846FFF7C6
:1037900045FA0136B6B20446002870D1DDF80CB007
:1037A000D9464FF0030849F8068B43460BF1040253
:1037B00049463846FFF764FF034600283FD104AA74
:1037C00008212846FFF726FA90B105281BD0F7F705
:1037D000F5FD304C2E4B30491C1B24FA08F40246F0
:1037E00024043B4644F00100F6F7B5F9434610E0E7
:1037F0000599BBF804308A889A4204D106314846BC
:1038000005F034F948B12A4608212846FFF7C2FAE4
:103810000346184607B0BDE8F08F08212846FFF799
:1038200071FA50B1F7F7CAFD1A4C194A1B49141B1B
:10383000E408034624042A46D4E70B23E9E70C28CE
:1038400019D0052819D0082128460193FFF75AFA04
:10385000019B68B1F7F7B2FD4FEADA0C4FEA0C4C66
:1038600003460E492A464CF00100F6F774F903238B
:10387000002C88D1CDE70124E5E72346E3E70728BC
:1038800014BF03460C23C4E743F20203C1E700BFA1
:103890005C8E02007C8D0200ACB00200E4B002003D
:1038A0002DE9F3410546FFF775FB4FF6FF7398428C
:1038B00022D10024032627464FF001083346224632
:1038C00039462846FFF7DAFE04282BD0082830D0E6
:1038D0000B2828D116F0020319D1E7B9FCB9164A12
:1038E000164B17499B1ADB081B042A4643F00100BC
:1038F000F6F728F90B2019E06A460821FFF78AF944
:103900000028D6D1019B9C881E689F1DD4E7012604
:103910004FF00008D2E703261C461F46F8E70326AF
:103920003C46F5E71120B8F1000FE3D002B0BDE846
:10393000F0810020F7E700BF7C8D02005C8E020062
:1039400063B102001FB50DF107030393FFF722FBDC
:1039500002AA0121FFF75EF920B9039B187805B090
:103960005DF804FB0020FAE770B505461048FFF744
:1039700089FE70B90E4C43F2030621884FF6FF72A0
:103980002846FFF779FEB04211D123880133238006
:10399000F3E7F7F713FD0749074B5B1ADB081B0436
:1039A0000246064943F00100F6F7CCF8032070BD4B
:1039B000804800207C8D02005C8E0200DBB102009A
:1039C00013B5064A044692E803000022CDE900013F
:1039D00069462046FEF70CFF02B010BDD8BB0200BE
:1039E000A8DF7047ADDF7047AEDF704762DF70471A
:1039F000F0B505468BB00C46002961D000285FD099
:103A00000388502B35D0572B69D0102B58D1818883
:103A10006069002601AA0196FCF748F90223218972
:103A2000A888ADF80A6002AACDF80CD0ADF808302D
:103A3000FFF7D8FF002843D1A369002B40D003989B
:103A4000FCF772F900283BD0019E0EB101233370C0
:103A50001822002104A805F08FF802238DF81030F9
:103A6000AB88ADF81830A3690594079604A8984769
:103A700026E08188606902AAFCF718F91822002163
:103A800004A805F079F8AB882189ADF81830EB88E7
:103A9000029A05949942079214D1298A022911D1D8
:103AA00072B105F11200FCF73FF9029A002814BF29
:103AB0000223032310708DF81030A369002BD5D199
:103AC0000BB0F0BDA2899A42FAD1A369002BF7D0BE
:103AD00005F1120208922A8AADF82420C6E78188EF
:103AE000606902AAFCF7E2F801460028E8D1029FCB
:103AF0003B78002BE4D0A669002EE1D0182204A860
:103B000005F03AF801238DF81030AB880594ADF834
:103B10001830079704A8B047D2E70000F0B53A4B39
:103B20008FB004460A4602AD03F1100718685968C1
:103B30002E4603C60833BB423546F7D1002C61D070
:103B4000002A5FD01368A361214602A8FFF74EFF49
:103B5000002855D12246012512F8023B8DF8063087
:103B600001A92846ADF80450FFF73AFF002847D1D5
:103B700001461D220DF11B0004F0FEFF2246022328
:103B8000ADF8183012F80C3B8DF81A30BDF824301F
:103B90001E4E6088079623F44F6323F00F0343F40F
:103BA00040632B4306A9ADF824308DF829508DF8D9
:103BB0002A50FCF7BDF818BB01461D220DF11B0071
:103BC00004F0DAFF22460323ADF8183012F8043B64
:103BD0008DF81A30BDF824306088079623F4875397
:103BE00023F01F0343F480532B43ADF8243006A980
:103BF00040F201138DF82950ADF82A30FCF798F8FF
:103C00000FB0F0BD0E20FBE7E0BB0200F4000100A6
:103C1000F0B50F4687B016461C46054610B34069FE
:103C200001AA1946FCF742F8D0B94FF6FF739C423F
:103C30001AD0019BC3B11B78C3B13388F42B17D8BA
:103C4000AB88CDF80B008DF80F00ADF8083002A955
:103C500001232046CDE904678DF80A30FFF7C4FE42
:103C600007B0F0BD0E20FBE70520F9E70820F7E7D5
:103C70000720F5E710DF704711DF704713B50446E2
:103C800009496846F7F745FB019808B902B010BD2D
:103C9000D0E900312046984718B16846F7F741FB54
:103CA000F2E71120F2E700BF08BC020013B504469A
:103CB00007496846F7F72DFB019B0BB902B010BD11
:103CC0002046D3E9002190476846F7F72AFBF3E73F
:103CD000FCBB02000C4991F81623EC235209134156
:103CE000DB0706D5094B9A684AB94FF480030B608D
:103CF0007047074AA12142F20200F6F72FB91A686D
:103D000042F480021A60704700E100E0282F002092
:103D100041B20200084B9A6822B11A6822F480026C
:103D20001A607047054B4FF48002C3F88020BFF340
:103D30004F8FBFF36F8F7047282F002000E100E006
:103D4000F7B5194F3C7864BB184E012520463570F5
:103D5000FFF794FF112821D02046FFF7A7FF144B4F
:103D60008DF80340186801900DF10300F6F7DCFCB4
:103D7000104901A8FFF77EFFB0FA80F304465B0903
:103D80009DF803003B70F6F7F3FC3CB90A4B347026
:103D90001C70FFF79FFF2846FFF788FF204603B0FF
:103DA000F0BD0824FAE700BF8648002084480020C0
:103DB00014BC0200799F010085480020F7B5154F1B
:103DC0003B781BB3144E01203070FFF757FF1128CA
:103DD0004FF000051CD00220FFF768FF0DF107002F
:103DE0008DF80750F6F7A0FCFFF746FF04469DF854
:103DF00007003D70F6F7BCFC2CB903203470FFF7C8
:103E000089FFFFF753FF204603B0F0BD0824FAE70F
:103E10002C46F8E78648002084480020054B1B7894
:103E200033B1054B1B780BB1FFF7C8BFFFF788BF55
:103E3000082070478448002086480020014B1878ED
:103E4000704700BF8648002007B508496846F7F765
:103E500060FA019B13B903B05DF804FBD3E90020BD
:103E600090476846F7F75DFAF3E700BFF0BB020042
:103E7000FFF7EABF60DF704769DF704761DF7047B7
:103E800030B54FF4FA75ADF5017D0DF1020103A8CF
:103E9000ADF80250FFF7F2FF78B901AC0E492046A9
:103EA000F7F737FA6368002BEFD003A8D3E90021B6
:103EB00090472046F7F735FAF4E7052808D0074A77
:103EC00040F23B110DF5017DBDE83040F6F746B8F4
:103ED0000DF5017D30BD00BF18BC0200C8B2020064
:103EE000024B1B780BB1FFF7CBBF70478748002010
:103EF00030B5054685B00C46002900F0A3800023AC
:103F0000CDE90133504A039301230A608DF8040080
:103F10008DF8063001A906232020ADF80830FFF700
:103F2000ABFF60B1F7F74AFA4849494B5B1ADB0827
:103F30001B040246474943F00100F5F703FE002346
:103F4000CDE9013303932268012301A940208DF8B4
:103F50000530FFF791FF60B1F7F730FA3B493C4B72
:103F60005B1ADB081B0402463B4943F00100F5F7EE
:103F7000E9FD0023CDE90133039322688DF8045055
:103F8000F72301A92320ADF80630FFF775FF60B1D4
:103F9000F7F714FA2D492E4B5B1ADB081B04024677
:103FA0002E4943F00100F5F7CDFD002301202268E2
:103FB000039301A9CDE901338DF80400FFF75CFFFD
:103FC00060B1F7F7FBF92149214B5B1ADB081B04B1
:103FD0000246234943F00100F5F7B4FD0023CDE983
:103FE000023322684FF4B06301A9A1200193FFF7C7
:103FF00043FF60B1F7F7E2F91449154B5B1ADB0890
:104000001B040246174943F00100F5F79BFD00230E
:104010002268039301A9A020CDE90133FFF72CFF0B
:1040200010B9002005B030BDF7F7C8F90749084BB3
:104030005B1ADB081B0402460B4943F00100F5F74D
:1040400081FDEEE70E20EDE7C82200207C8D020006
:104050003C8E02004BB3020091B30200DDB30200BC
:1040600024B4020070B40200C1B40200F8B50646E0
:104070000768FFF7FFFE3368BB4205461DD9194BA1
:10408000194C1A49E41AE408240444F002042046B6
:10409000F5F754FD336816493A462046F5F75BFDBF
:1040A0004FF080533268D3F80C3112499B0203F170
:1040B00000539A1A2046F5F745FD25B90E4B01220B
:1040C0001A702846F8BD2846F7F778F90549064BD7
:1040D0005B1ADB081B040246084943F00100F5F7B0
:1040E00031FDEEE77C8D02003C8E020014B502002B
:1040F00043B5020074B50200874800209EB5020057
:104100004BDF70471FB501A8FFF7FAFF70B90D49E3
:1041100002A8F7F7FEF8039B002BF4D00198D3E92F
:104120000021904702A8F7F7FCF8F4E7052806D02D
:10413000054A6B2105B05DF804EBF5F70FBF05B03C
:104140005DF804FB24BC0200C7B5020076DF7047AF
:1041500080DF704781DF704784DF704773B5224B83
:1041600093F8493040260196002B3BD11F4A204D41
:1041700013702B701F4A204B2049214800F0F6F99C
:10418000044668B11F48204B2049C01AC0080004EB
:10419000224640F00100F5F7D5FC204602B070BD84
:1041A0001B49154801AA00F03FFA044638B11548EA
:1041B000154B1849C01AC00800042246E9E7144A02
:1041C0000E483346114600F051FA044638B10D4806
:1041D0000D4B1149C01AC00800042246D9E701233B
:1041E0002B70DAE71124D8E7B4480020B348002048
:1041F000944900204849002000490020A8BC020042
:1042000090490020248E02007C8D020056B60200E8
:10421000BC4900208EB60200C6B6020010B54C2282
:1042200000210E4804F0A8FC00F044FA044638B916
:104230000B4B18700B4BBDE810401870FFF78EBF8A
:10424000094B0A480A49C01AC0080004224640F037
:104250000100F5F777FC204610BD00BFB4480020F0
:1042600095490020944900207C8D0200248E020094
:10427000FEB60200084B10B51C785CB9074A084B23
:1042800008499B1ADB081B0443F00100F5F756FCB4
:10429000204610BD0448FCE7944900207C8D0200B4
:1042A000248E020025B70200BC49002030B5254B02
:1042B0001B7885B093B1032041E0234B2348244968
:1042C000C01AC008000440F00200F5F737FC2021B6
:1042D000204800F059FC20E003202EE01E4C94F80A
:1042E000480000282BD01D4B1B7820250395002B60
:1042F000F2D094F84930002BDFD003AB009318497B
:10430000144B1848224600F0FFF90028D5D1114A75
:1043100015482B46114600F0A9F970B90A4B0B4815
:104320001249C01AC008000440F003000022F5F74B
:1043300009FC08490020FFF70DFF0023A36405B026
:1043400030BD00BF954900207C8D0200248E020004
:104350009EB702009C490020B448002094490020E8
:104360004849002098490020A8BC020067B7020015
:1043700070B503888488113B90B00546082B0CD893
:10438000DFE803F0050B0B0B170B0D1FAE00564BB0
:104390004C2202FB043300229A6410B070BD027AF2
:1043A000012AFAD1504B4C2101FB043383F84A20F7
:1043B000F3E74D4B4C2202FB0433012283F84B20E0
:1043C000EBE7037BDB071ED5484B494E1B78002BE0
:1043D000484B1A6808BF002612B120469047024693
:1043E00031462046FFF7B8FE024660B14249434BD2
:1043F0005B1ADB081B0443F001004149F5F7A2FBFF
:10440000404B01221A70AE683F482022314604F02A
:104410002DFB054660BB384A384B3C499B1ADB08EC
:104420001B0443F00200F5F789FB2F4B4C2202FBE3
:10443000043393F84A2083F8495042B12A4629466A
:10444000204683F84A50FFF783FE68B9A5E793F842
:104450004B10002938D01321204683F84B20FFF75A
:1044600075FE30F0080398D0264B01221A7094E7AD
:10447000274840236A46314600F0F8F8054658B10F
:104480001D4A1E4B23499B1ADB081B04024643F0BE
:104490000100F5F757FBE7E7134E1D484C2303FBDC
:1044A00004666A464023314600F09AF8024698B105
:1044B0001149124B5B1ADB081B04174943F001003A
:1044C000F5F740FB86F84950074B4C2202FB0433BA
:1044D000012283F8482060E7012386F84930F3E79A
:1044E000FFF73CFEB1E700BFB4480020B34800200E
:1044F0008C480020884800207C8D0200248E020019
:10450000D0B7020095490020BC49002004B8020041
:10451000A8BC0200C6B602002FB80200034620B1B4
:1045200031B10020C1E90003704748F210507047D4
:1045300048F21350704730B1036848F240508B4244
:1045400008BF0020704748F21050704738B109B9D1
:10455000002070470B68934204D30A60F8E748F2E2
:104560001350704748F21450704700002DE9F04195
:104570000C4600AF80461146204616461D46FFF702
:10458000CDFF00BB29462046FFF7C8FFD8B92279E6
:10459000104B53F82230CBB1B8F1000F0AD10E49BD
:1045A00031F8124034B107346A46E408A2EBC40281
:1045B0009546E8462A4631464046984718B9074B83
:1045C0003360063B2B60BD46BDE8F08148F20350E6
:1045D000F9E700BF50BC020048BC02007652464DCD
:1045E00070B505460C461E46FFF798FF70B9AB79CB
:1045F0006AB1B3420ED12979094B53F8213063B126
:1046000011462046984708B9064B236070BD48F212
:104610001050FBE748F21150F8E748F20350F5E775
:104620003CBC02007052464D2DE9F0410D460D494B
:1046300004461646FFF77FFF90B967683146BA799E
:104640002846FFF783FF58B93A79074B53F82230D1
:1046500023B129462046BDE8F041184748F20350EF
:10466000BDE8F0817052464D30BC0200F0B528B173
:1046700040792BB948F211531846F0BD1846F8E7B7
:10468000A9B17AB948F21353F6E7441E00254E5DEE
:104690000F5D575516550135013CA542F7D91B1A38
:1046A000014402448342F0D2002BE5D0E2E748F215
:1046B0001053E1E7F8B50A4E0A4F012333700A4B55
:1046C000DB1BDC080025AC4203D102233370002041
:1046D000F8BD57F8353098470028F9D10135F2E791
:1046E000FC490020748D02007C8D0200054B1A7875
:1046F000022A04D01878431E5842584170470120BE
:10470000704700BFFC4900202DE9F8430D4600AF7B
:1047100004461D49284616469846FFF70CFF48BB3D
:104720001A493046FFF707FF20BBD5F8049073689D
:10473000994522D199F80520396A4046FFF706FFCE
:10474000C0B999F80430124A52F82390B9F1000F19
:1047500016D054B90F4A32F8133033B107336A46D2
:10476000DB08A2EBC3039D466C464346324629460E
:104770002046C847BD46BDE8F88348F24150F9E7F6
:1047800048F20350F6E700BF7652464D7052464D50
:1047900060BC02005CBC020000F066B90021084663
:1047A00000F016B9002000F043BA08B500F06CFA2A
:1047B000002008BD08B50846114600F0B5FA0020F3
:1047C00008BD48F20350704710B5436808309C6834
:1047D0009A79A047002010BD10B5034608465A68D4
:1047E00003F1080194689279A047002010BD0000F1
:1047F000024A0349202300F0E3B800BF68BC02006E
:1048000088BC020070B501F1080528461646FFF77E
:10481000EFFF044648B9294606F1080000F0B6FC4F
:1048200048F21653002818BF1C46204670BDF8B544
:1048300001F108070C4638462021164600F0A4F97D
:10484000054680B9237A23F00703237294F82730B2
:1048500003F07F0343F0400384F82730394606F124
:10486000080000F08DFC2846F8BD2DE9F04101F16B
:1048700008080C4640462021164600F085F90746F8
:1048800078B904F128052846414600F0AFFC4834C9
:10489000284606F1080250F8043B42F8043BA042C7
:1048A000F9D13846BDE8F08108B50832083118461C
:1048B00000F080FC002848F2165008BF002008BD18
:1048C00008B518460832083100F086FB002008BD04
:1048D00030B50023934201D1012006E0C55CCC5CD9
:1048E000A54203D08CBF0120002030BD0133F1E789
:1048F0002DE9F74F1E469DF8303000930546884657
:1049000017460024A64247D1FF23E40004F1080221
:104910005B00FF2B02D801349442F9D1002D40D026
:10492000002E41D0B8F1000F41D0002F3FD03246C9
:1049300041463846FFF7CCFF00283BD004F0070A79
:104940004FF0FF0949FA0AF91C48009B00683246FB
:104950002946FFF72FFF8346D0B9E20801462846D3
:10496000019204F009F9BAF1000F04D0019AA95C90
:1049700001EA0901A954324641462846FFF7A8FF3B
:104980000028E1D029463846FFF7A2FF0028DBD0F7
:10499000584603B0BDE8F08F3B5D002BB5D1013424
:1049A000B0E748F2135BF3E748F2145BF0E748F234
:1049B000105BEDE748F2175BEAE700BF0C4A002006
:1049C00013B501240094FFF793FF02B010BD00005F
:1049D00070B506460D466A46194B9A4205D3FFF755
:1049E00085FE78B94FF4054070BD164B164817493F
:1049F000C01AC008000440F00100F5F79FF848F223
:104A00001950F1E7124C236823B1124B1A68124B6C
:104A10009A420FD086B97DB9104811492060FFF73E
:104A2000C1FE0028E0D10B4B0B4A1A6023680D4AE7
:104A30001A60D9E70020D7E748F21750D4E700BF43
:104A4000005800207C8D0200F48D020076B8020030
:104A50000C4A0020084A00206572E54B044A0020F9
:104A6000004A00206169614D094B0A4A1968914268
:104A70000AD1094A1068094A0168914204D100220A
:104A800002601A60FFF791BE48F20250704700BF03
:104A9000084A00206572E54B0C4A00206169614DAF
:104AA00010B513466C46154A94420ED3D3B9144A36
:104AB0001468144A94421AD1E0B913480A46BDE872
:104AC000104012490068FFF77CBE114B1148124993
:104AD000C01AC008000440F00100F5F72FF848F2B2
:104AE000195010BD0029E2D148F21050F9E748F200
:104AF0000250F6E748F21750F3E700BF00580020D5
:104B0000084A00206572E54B0C4A0020004A00204C
:104B10007C8D0200F48D020076B802002DE9F04190
:104B20000D4616460446F0B109B3144B1A68144BEF
:104B30009A421FD1134F33460A4601463868FFF7A1
:104B400039FE48F2715398420FD1002211461046A7
:104B5000FFF7A6FF48B9386833462A462146BDE824
:104B6000F041FFF727BE48F21350BDE8F08148F24C
:104B70001450FAE748F20250F7E700BF084A002055
:104B80006572E54B0C4A00200122FFF7C7BF31DFF9
:104B9000704700001FB500238DF807000DF10F00CE
:104BA0008DF80F30F5F7C0FDFFF748F950B9094807
:104BB0000DF1070100F087F9064800F078F908B117
:104BC00000F006F99DF80F00F5F7D2FD05B05DF88D
:104BD00004FB00BF4C8D020007B520B103280DD0A7
:104BE00003B05DF804FB104B1B78012BF8D100F0EB
:104BF000EFF803B05DF804EB00F0F2B800230DF11C
:104C000007008DF80730F5F78FFD07480378012B73
:104C100005D10649013000F09BF800F0C7F89DF877
:104C20000700F5F7A5FDDBE75D4A0020954B020084
:104C300013B5124C2378FBB9114A8DF807300028C0
:104C400008BF10460288A4F801200DF10700F5F70F
:104C50006BFDFFF7F3F830B90A49601C00F078F8F3
:104C600040B900F0A3F89DF8070001232370F5F781
:104C70007FFD002002B010BD8520FBE75D4A0020CB
:104C8000B4BC0200954B020007B500230DF10700EC
:104C90008DF80730F5F748FDFFF7D0F818B900F0A8
:104CA00097F800F09DF89DF80700F5F761FD0448BE
:104CB00000F07FF9034B00221A7003B05DF804FB8B
:104CC0004C8D02005D4A00202DE9F3410024054689
:104CD0000E46A0460DF107008DF80780F5F724FD7C
:104CE000FFF7ACF8074638B90E483246294600F0BF
:104CF00040F9044600F05AF89DF80700F5F738FD32
:104D000047B131462846FFF742FF42F20703984277
:104D1000044605D0022CDDD0204602B0BDE8F0816B
:104D20000524F9E74C8D0200F8B505460C4604B998
:104D3000F8BD402C264628BF4026F7B23946284603
:104D4000FFF7C2FF0028F9D1A41B3544EFE70000AC
:104D500010B5124C2378FBB9114B1960037813F08E
:104D6000010F104B1EBFD3F8042542F00102C3F817
:104D70000425D3F8002222F00102C3F80022437870
:104D8000094A5B01DBB282F80D334FF40053136024
:104D900001232370002010BD8520FCE7644A002019
:104DA000604A002000D0004000E100E0074B0022F4
:104DB00082B0C3F80021D3F800210192019A0122A8
:104DC000C3F804231A6002B0704700BF00D000404F
:104DD000024B0122C3F808235A60704700D00040FC
:104DE000084B0122C3F808235A60074B4FF40052C6
:104DF000C3F88020BFF34F8FBFF36F8F034B0022A8
:104E00001A70704700D0004000E100E0644A0020C2
:104E1000074B002282B0C3F80021D3F80021019291
:104E2000019AD3F80805034B1B68C0B202B01847BB
:104E300000D00040604A00200268136851688B422D
:104E400083BF826801325218C81A88BFD01A7047CF
:104E5000F8B515460268176816685268964284BF0E
:104E600082680132961B0B46C2684168B54204460F
:104E700007FB02110BD86A43184603F04BFEA268E9
:104E80003D44954288BF002522681560F8BD06FBA9
:104E900002F718463A4603F03DFEE2686168AD1B32
:104EA0006A43384403F036FE23681D60EEE703686A
:104EB00081681A685B688B4234BF01330023D31AC0
:104EC00058425841704773B5002304460DF107005E
:104ED0000D468DF80730F5F727FC2046FFF7E7FF72
:104EE00010B1237C002B42D12368A1685E685A6808
:104EF0008A4234BF013200225A6028B11A688A42BD
:104F000034BF013200221A60E2686368511E07292B
:104F100025D8DFE801F0041524192424241D2A785B
:104F20009A552046FFF788FF23689A6882421CD36F
:104F300000249DF80700F5F71BFC204602B070BD69
:104F40002A8823F81620ECE72A6843F82620E8E7A9
:104F5000D5E9000103EBC603C3E90001E1E72946F7
:104F600002FB063003F0D6FDDBE79860E0E704249F
:104F7000DFE7F7B505460E461446AAB10DF1070066
:104F800000278DF80770F5F7CFFB2846FFF754FF91
:104F9000A0420CD3224631462846FFF759FF3C4633
:104FA0009DF80700F5F7E4FB204603B0F0BD0524AB
:104FB000F6E737B5054600240DF107008DF80740E8
:104FC000F5F7B2FB2B689DF807001C605C609C60E5
:104FD000F5F7CEFB03B030BD2DE9F047CC7F91F85B
:104FE0000090C0B00B4604F03F04D1F80110D3F894
:104FF00009E0D3F80DC0D3F81170D3F81560D3F8D9
:105000000580D3F81950CDF8411044F04004114602
:10501000824629F00702684693F81D909B7FCDF8E1
:1050200049E0CDF84DC08DF85E308DF85F408DF8C9
:105030004020CDF85170CDF855608DF85D90CDF8D9
:105040004580CDF8595000F031FC2022694618A85F
:1050500001F086FC6846012100F016FC08A800213A
:1050600000F012FC18A920A8202201F079FC28A841
:10507000012100F009FC18AF0DF1400906240026BB
:1050800017F8018D48FA04F3354603F00106754020
:105090002A4620A9684601F023FB2A4628A908A829
:1050A00001F01EFB08AA694630A801F087FE08AA95
:1050B0001046694601F0BAFE28AA20A938A801F0D6
:1050C0007DFE28AA104620A901F0B0FE38A90846A6
:1050D00008AA01F0E7FE28A9084630AA01F0E2FE7E
:1050E00038AA28A920A801F069FE28A938AA0846EC
:1050F00001F09CFE20A9084601F0D2FE28A908462E
:1051000001F0CEFE28A918AA084601F0CBFE30A96E
:10511000084601F0C5FE08A938A801F0C1FE38AA6A
:1051200030A9684601F0BEFE30A938AA084601F051
:105130007DFE30A908A801F0B3FF08A9084638AAE7
:1051400001F03CFE08A9013C30AA084601F0AAFE85
:10515000631C97D14F454FF0070491D108A9084629
:10516000012200F0CFFB08AA6946684601F09AFECA
:105170006946504600F0AEFB40B0BDE8F08700BF86
:10518000014AFFF729BF00BFB8BC020030B599B093
:105190000546684600F0C8FC6946044608A803F0C6
:1051A000BDFB08A90443284603F0F8FA204619B0CD
:1051B00030BD00BF70B5A8B005466846164600F081
:1051C000B3FC3146044618A803F0B6FA6A46034613
:1051D00018A908A81C4303F0EFFA08A904432846BD
:1051E00003F0DAFA204628B070BD00BF10B52022C7
:1051F000B0B004460DEB020000F0F2FF9DF83F3026
:105200009DF8202003F07F0343F0400322F00702C3
:1052100008A968468DF83F308DF8202000F0DEFCAC
:10522000694618A800F0B8F918A9204600F092F9CC
:1052300030B010BD2DE9F0430D46A1B001F12009B9
:105240001646044649462A4668461F4606F1200887
:1052500001F0ECFD49462A4608A801F0AFFD4146A1
:10526000324610A801F0E2FD4146324618A801F08E
:10527000A5FD3A4618A910A801F032FA10AA69460D
:10528000684601F00FFE08A918AA084601F00AFEB8
:105290004246314610A801F005FE10A905F1600252
:1052A000084601F0FFFD10A90846144A01F0FAFD76
:1052B00005F14002114618A801F080FD6A4608A9D0
:1052C000204601F0B3FD04F120056A4608A904F167
:1052D000600001F073FD4034284610AA18A901F0BF
:1052E000A5FD10AA18A9204601F068FD3A462946F6
:1052F000204601F0F5F921B0BDE8F08318C30200A3
:1053000070B598B0044601F1200668460D4601F0DC
:10531000C7FD314608A801F0C3FD05F1400110A802
:1053200001F0BEFD10AA1146104601F047FD3246BD
:105330002946204601F042FD04F160052146204641
:1053400001F0AEFD284608AA694601F037FD04F1D8
:1053500040062A462146204601F068FD08A930464D
:105360006A4601F063FD10AA314604F1200001F005
:105370005DFD6846202101F0FBFA2A466946284671
:1053800001F054FD18B070BD2DE9F84302EBE27650
:1053900086EAE2760C460021074600F1200800F07C
:1053A00073FA711E104DC90F404600F06DFA05EBFF
:1053B000442540354FF0010986EA0904013CE40F19
:1053C00029462246384601F01FF909F1010905F185
:1053D00020012246404601F017F9B9F1090F05F105
:1053E0004005E9D1BDE8F883D8BC02002DE9F843B7
:1053F00001EBE177804687EAE177002100F044FA8B
:1054000008F12009791EC90F484600F03DFA0C4EFC
:10541000012587EA0504013CE40F31462246404657
:1054200001F0F2F8013506F120012246484601F06C
:10543000EBF8092D06F14006EBD1BDE8F88300BF7B
:1054400018C102002DE9F0410446B0B00D460A46ED
:10545000684604F160080021FFF796FF04F120067A
:105460004246214628A801F01DFD04F140073246BE
:10547000214610A801F016FD4246394618A801F051
:1054800011FD3A46314620A801F00CFDEB0F2046F5
:105490006A4610A9FFF7CEFE30B0BDE8F08100BF2C
:1054A0002DE9F0410446B0B00D460A46684604F1C5
:1054B00060080121FFF768FF04F1200642462146FB
:1054C00028A801F0EFFC04F140073246214610A85D
:1054D00001F0E8FC4246394618A801F0E3FC3A46E0
:1054E000314620A801F0DEFCEB0F20466A4610A9E9
:1054F000FFF7A0FE30B0BDE8F08100BF2DE9F0411C
:10550000B0B0044600F1600868460D4604F120067C
:10551000FFF76CFF4246214628A801F0C3FC04F1C6
:1055200040073246214610A801F0BCFC42463946ED
:1055300018A801F0B7FC3A46314620A801F0B2FCA9
:10554000EB0F20466A4610A9FFF774FE30B0BDE8A5
:10555000F08100BF30B599B004460D4610A8403127
:10556000012200F0CFF9294610AA684601F09AFC02
:1055700010AA05F1200108A801F094FC08A9204612
:1055800000F0A8F9684600F089F9E37F83EAC013C8
:10559000E37719B030BD00BF2DE9F041B0B0E84667
:1055A0000446404600F04AFB04F140069DF93F10D6
:1055B0002046FFF71BFF3046012100F065F904F19A
:1055C00020070DF11505214610A8FFF799FE18AA2E
:1055D00010A9204601F066FC28AA20A9384601F04F
:1055E00061FC20AA18A9304601F05CFC214610A8F5
:1055F000FFF786FE18AA10A9204601F053FC28AA3E
:1056000020A9384601F04EFC20AA18A9304601F026
:1056100049FC214610A8FFF773FE18AA10A92046DE
:1056200001F040FC28AA20A9384601F03BFC20AA42
:1056300018A9304601F036FC214610A8FFF760FE9D
:1056400015F9011D10A8FFF7FDFE95F9151010A81A
:10565000FFF726FF95F92A1010A8FFF74FFF18AAA9
:1056600010A9204601F01EFC28AA20A9384601F006
:1056700019FC20AA18A9304601F014FCA845A2D1B3
:1056800030B0BDE8F08100BF70B588B004460D466B
:1056900068462021164601F06BF900232946204672
:1056A0002022009301F05CF92A466946684601F021
:1056B000A3F932466946204601F012F808B070BDE1
:1056C0000B681BBAC3614B681BBA83618B681BBA3A
:1056D0004361CB681BBA03610B691BBAC3604B699A
:1056E0001BBA83608B691BBA4360CB691BBA03602A
:1056F000704700BFCB691BBA03608B691BBA43605C
:105700004B691BBA83600B691BBAC360CB681BBAB9
:1057100003618B681BBA43614B681BBA83610B68DA
:105720001BBAC361704700BF70B598B00C46054600
:1057300010A801F08DF9224610A9684601F08AF9F7
:10574000694610A801F084F910A9084601F080F913
:105750006A4610A908A801F07DF908A910A801F06F
:1057600077F910A9084601F073F910A9084601F06D
:105770006FF910A9084601F06BF910A908AA0846AC
:1057800001F068F910A9084601F062F910A908466D
:1057900001F05EF910A96A4608A801F05BF9052638
:1057A00008A910A801F054F910A9084601F050F911
:1057B000013E10A9F5D108AA084601F04BF90526CB
:1057C00010A9084601F044F910A9084601F040F973
:1057D000013EF5D110A908AA084601F03BF910A92D
:1057E00008A801F035F908A9084601F031F908A91F
:1057F0006A46684601F02EF91026694610A801F0A5
:1058000027F910A9084601F023F9013E10A9F5D1A6
:105810002246084601F01EF9402610A9084601F06C
:1058200017F910A9084601F013F9013EF5D110A9A6
:105830006A46084601F00EF9102610A9084601F044
:1058400007F910A9084601F003F9013EF5D110A9A6
:105850006A46084601F0FEF8102610A9084601F035
:10586000F7F810A9084601F0F3F8013EF5D110A9A8
:1058700008AA084601F0EEF8224610A9284601F0D1
:10588000E9F818B070BD00BF0023C0E90013C0E9FB
:105890000233C0E90433C0E90633704710B504464B
:1058A00001F042FC206800F0010010BD0B680360AD
:1058B0004B6843608B688360CB68C3600B6903618E
:1058C0004B6943618B698361CB6923F00043C361FA
:1058D000704700BF38B50C460546084601F024FC69
:1058E00023682B6063686B60A368AB60E368EB6060
:1058F00023692B6163696B61A369AB61E369EB6148
:1059000038BD00BFF0B5A1B00446684616460D4646
:1059100001F0C6FA694618A801F0C2FA18A90846AB
:1059200001F0BEFA2A4618A908A801F0BBFA6A4697
:1059300008A9684601F0B6FA694618A801F0B0FA5D
:1059400008AA104618A901F0ADFA08A918A801F094
:10595000A7FA18A9084601F0A3FA18A9084601F009
:105960009FFA18A9084601F09BFA18A9084601F009
:1059700097FA08AA18A9104601F094FA022708A974
:1059800000E0012718A801F08BFA18A9084601F0D9
:1059900087FA18A9084601F083FA18A9084601F009
:1059A0007FFA18A9084601F07BFA012F18A9E8D15F
:1059B00010A808AA01F076FA042710A918A801F087
:1059C0006FFA18A9084601F06BFA18A9084601F009
:1059D00067FA18A9084601F063FA18A9084601F009
:1059E0005FFA013F18A9E9D110AA084601F05AFA56
:1059F000022700E0012718A9084601F051FA18A96A
:105A0000084601F04DFA18A9084601F049FA18A90C
:105A1000084601F045FA18A9084601F041FA012F9D
:105A2000E8D118A908AA10A801F03CFA0A2710A981
:105A300018A801F035FA18A9084601F031FA18A99A
:105A4000084601F02DFA18A9084601F029FA18A90C
:105A5000084601F025FA013F18A9E9D110AA08A8C3
:105A600001F020FA142708A918A801F019FA18A9BA
:105A7000084601F015FA18A9084601F011FA18A90C
:105A8000084601F00DFA18A9084601F009FA013F8D
:105A900018A9E9D108AA084601F004FA0A2718A9AA
:105AA000084601F0FDF918A9084601F0F9F918A90E
:105AB000084601F0F5F918A9084601F0F1F918A90E
:105AC000084601F0EDF9013FE9D118A9084610AAEE
:105AD00001F0E8F918A9084666B901F0E1F918A93A
:105AE000084601F0DDF92A4618A9204601F0DAF946
:105AF00021B0F0BD01F0D4F918A9084601F0D0F9A1
:105B000018A9084601F0CCF918A9084601F0C8F90F
:105B100018A9084601F0C4F96A4618A9204601F000
:105B2000C1F921B0F0BD00BF70B50B68124E1BBAB1
:105B3000C3614B681BBA83618B681BBA4361CB6836
:105B40001BBA03610B691BBAC3604B691BBA836044
:105B50008B691BBA4360CB691BBA036032460146AE
:105B6000044600F031FD0546314620462A4600F045
:105B70004BFD681E70BD00BF38C30200F0B5D1E90F
:105B800008358E6ACA69144F8DB00C46290F41EA58
:105B900006114FEA137C1B014CEA051C43EA127301
:105BA00005463A4604A80291360F6946CDF804C06E
:105BB0000093039600F0A0FD009B21461B0704AA5A
:105BC00028460B9300F000FDEA693946D20F2846BB
:105BD00000F01AFD0DB0F0BD58C30200F0B54B0740
:105BE0008DB01AD1D1E90023D1E90245CDE90023D6
:105BF000D1E90467D1E90623CDE90245CDE904677F
:105C0000CDE906230022002300246946CDE90823BC
:105C10000A94FFF7B3FF0DB0F0BD4C688A68CB68FB
:105C20000E694D69019402928C69CA6903930B68ED
:105C30000093CDE90465CDE90642E3E7F0B4002521
:105C4000471E2C462E46E30814F0070F08BF51F8F4
:105C5000235005F00F03334403F1080202F47F667A
:105C600001349B1B3F2C4FEA121607F8013F4FEA05
:105C70001515C2F30712E6D12A4480F83F20F0BC84
:105C8000704700BF2DE9F04FBDB07F2A0B9240F264
:105C900079818246A2F18004DAF818300193DAF8AB
:105CA0001C300293DAF820300393DAF8243004939E
:105CB000DAE90AB3D0E90020DAE9046524F07F04C8
:105CC00089468034DAE902174C440593DAE90D8EEF
:105CD000DAF8303006930A94DAF83C30CDF81CB08C
:105CE00014462A463D461746D9F80C200C94D9F89C
:105CF000084008940D901197D9F81400099017BA2C
:105D0000089A109616BA099A0F9515BA019A129226
:105D1000029A1392039A1492049A1592079A169271
:105D2000059A1792069AD9F804B0D9F800C0D9F8A4
:105D30001040D9F81C000E91D9F81810CDE9182898
:105D4000CDE91AE3D9F848300193D9F854300293D9
:105D5000D9F850300393D9F85C300493D9F858300F
:105D60000593019BD9F82080D9F82CE0D9F84C2074
:105D70009BFA8BFB9CFA8CFC24BA00BA09BA1BBABA
:105D8000CDE91CBCCDE91E76D9F824B0D9F828C0DD
:105D9000D9F83470D9F83060CDE92054CDE922012A
:105DA000D9F83C50D9F83840D9F84400D9F8401017
:105DB0002F93029B1BBA3093039B1BBA3193049B16
:105DC0001BBA3293059B98FA88F89EFA8EFE9CFACD
:105DD0008CFC3FBA36BA2DBA24BA1BBA9BFA8BFB9D
:105DE000CDE926ECCDE92876D9F860E0D9F86CC089
:105DF000D9F86870D9F874603393CDE92A54D9F88A
:105E00007830D9F87050D9F87C40CDE924B8D9F869
:105E1000648000BA09BA12BA9EFA8EFE9CFA8CFC13
:105E20001BBACDE92C012E921CA90CAA574898FA4E
:105E300088F83FBA36BA2DBA24BACDE9348ECDE906
:105E400036C7CDE93865CDE93A4301F0A3F91CA87E
:105E500001F0A4FF0CAA1CA94D4801F09BF91CA855
:105E600001F09CFF0CAA1CA94A4801F093F91CA858
:105E700001F094FF0CAA1CA9474801F08BF91CA85B
:105E800001F08CFF45480CAA1CA901F083F9DDE95B
:105E90000C40DAF80020DAF808300E99119F141936
:105EA000DAF80420CAF80040DAE9035642EB0000B1
:105EB00059180F9BDAF8242043EB0505109BF618C0
:105EC000DAF8143043EB0707DAF81830CAF8147020
:105ED0009C46129B1CEB03030193DAF81C309C4692
:105EE000139B4CEB030CDAF82030CDF808C09C462D
:105EF000149B1CEB030C159BCDF80CC043EB02026A
:105F0000019B0492CAE90101CAE90356CAF8183094
:105F1000029BCAF81C30CAE908C2169BDAF828208E
:105F2000D3180793179ACAF82830DAF82C3053415F
:105F30000593189ACAF82C30DAF830309B1806937B
:105F4000199ACAF83030DAF8343043EB0208DAF83C
:105F500038201B9BCAF8348094461A9A1CEB020E18
:105F6000DAF83C2042EB03030A9A09F180099145D3
:105F7000CAE90EE37FF4B8AE0B9B03F07F003DB09F
:105F8000BDE8F08F10463DB0BDE8F08F78C3020049
:105F9000F8C3020078C40200F8C4020078C5020009
:105FA0002DE9F041D1F804C00D68CC688A684B69CE
:105FB0000F69CE69B0B080469CFA8CFC2DBA24BA29
:105FC00012BA1BBACDE910C5CDE913231294D8E952
:105FD0000223D8E900453FBA36BACDE91576CDE9B6
:105FE0000045D8E90467D8E90645CDE90223D8E998
:105FF0000823CDE90467CDE90645D8E90A67D8E961
:106000000C45CDE908238869D8E90E2300BACDE90B
:106010000A67CDE90C451790CDE90E23CF6A8E6A49
:106020004D6B0C6BC86B8A6B4B6CD1F824E0D1F8CC
:1060300020C03FBA36BA2DBA24BA00BA12BA1BBA77
:106040001A971B960F6CCE6C1C951D948D6C4C6D25
:106050001E901F92086DCA6D20938B6D9EFA8EFE66
:106060009CFA8CFC3FBA36BA2DBA24BA00BA12BADE
:106070001BBACDE92176CDE92354CDE92502CDE93E
:1060800018EC2793D1F864E0486FCA6F534CD1F8ED
:1060900060C0CF6E8E6E0D6F8B6F00BA11BA9EFA14
:1060A0008EFE9CFA8CFC1BBA6A462C902E912046E0
:1060B00010A93FBA36BA2DBA2F93CDE928ECCDE915
:1060C0002A762D9501F066F810A801F067FE6A4661
:1060D00010A904F1800001F05DF810A801F05EFE47
:1060E0006A4610A904F5807001F054F810A801F078
:1060F00055FE6A4610A904F5C07001F04BF810A8CF
:1061000001F04CFE6A4610A904F5007001F042F857
:10611000D8F80000009DD8F80410019ED8F8083087
:10612000029CD8F80C20D8F81070401946EB0101F9
:10613000039DC8F800000498C8F804101B190599BD
:10614000D8F81440D8F81860C8F8083045EB0202B7
:10615000069B079DC8F80C203F1844EB0101D8F8B6
:106160001C00089AC8F81070D8F82070C8F81410ED
:10617000F6180999D8F82430C8F8186045EB0000E3
:10618000BA1841EB0303C8E90702C8F82430D8E97C
:106190000A01DDE90A56D8F830300C9CD8F83420D2
:1061A000D8F83870401946EB01010D9DC8F8280059
:1061B0000E98C8F82C101B190F99D8F83C40C8F855
:1061C000303045EB02023818C8E90D2044EB0101DC
:1061D0000020C8F83C1030B0BDE8F08178C3020060
:1061E0002DE9F04DC4A7D7E900670FF2143BDBE9B6
:1061F00000ABB2B0CDE90267C3A7D7E90067CDE92C
:1062000000AB0FF20C3BDBE900ABCDE90667C2A7A0
:10621000D7E90067CDE904AB0FF2043BDBE900AB43
:10622000CDE90A67C0A7D7E90067CDE908AB0FF24F
:10623000003BDBE900ABCDE90E670026CDE90CABF6
:106240001446804631923096002A40F081808023A7
:106250008DF840307A2101206D4610AF00F14003E7
:106260002B4421F003021A44002643F8046B9342A6
:10627000FBD121F003038B42184413D0431C32AAF4
:10628000024400217B2B02F8881C0BD032AA134455
:10629000792800F1020203F8881C03D032AB1A44BB
:1062A00002F8881C620F630D39468DF8BB208DF80B
:1062B000BC30620B63092846E4008DF8BD208DF8E0
:1062C000BE308DF8BF40FFF76BFEDDE90441DDE92C
:1062D0000623DDE90007DDE9026509BA12BA00BA52
:1062E0003FBA36BA2DBA24BA1BBAC8F81010C8F88B
:1062F0001C20DDE90D12C8F80400C8F800700B98E6
:106300000C9FC8F80C60C8F80850089E099DC8F892
:106310001440C8F818300A9C0F9B36BA2DBA24BA1C
:1063200000BA3FBA09BA12BA1BBAC8F82460C8F852
:106330002050C8F82C40C8F82800C8F83470C8F8B5
:106340003010C8F83C20C8F8383032B0BDE8F08DC5
:106350006D4628460F46FFF795FC241A03463C4439
:10636000002800F0C080421E022A40F2BA8020F0CD
:10637000030610AF26443946224652F8040B41F872
:10638000040BB242F9D123F003069E42344414D0E8
:1063900032AA3244217802F8881C721C93420CD92C
:1063A00032A90A440236617802F8881CB34204D943
:1063B00032AA1644A27806F8882C32AA581C1A442D
:1063C00080217028309302F8881C7BD97F2873D8ED
:1063D00032AA10447E2B4FF0000200F8882C03F103
:1063E000020169D032A801447D2B03F1030001F8BA
:1063F000882C61D032A908447C2B03F1040100F8F9
:10640000882C59D032A801447B2B03F1050001F8F8
:10641000882C51D032A908447A2B03F1060100F8E8
:10642000882C49D032A80144792B03F1070001F8E8
:10643000882C41D032A90844782B03F1080100F8D8
:10644000882C39D032A80144772B03F1090001F8D8
:10645000882C31D032AA1044762B4FF0000200F87D
:10646000882C03F10A0127D032A80144752B03F1CF
:106470000B0001F8882C1FD032A90844742B03F1BB
:106480000C0100F8882C17D032A80144732B03F1BB
:106490000D0001F8882C0FD032A90844722B03F1AB
:1064A0000E0100F8882C07D032A80144702B01F8A7
:1064B000882C01D18DF8BF2039462846FFF770FDA2
:1064C0007A280CD8431C7B2BC0F17A02C0F17B01E7
:1064D00088BF0121022A319C3FF6C0AECFE6319C35
:1064E000E0E610AF54E780223090319C8DF84020D8
:1064F00001207A2110AFB1E63BA7CA8485AE67BB05
:1065000008C9BCF367E6096AF1361D5F3AF54FA585
:106510002BF894FE72F36E3C1F6C3E2B8C68059B2F
:10652000D182E6AD7F520E5179217E1319CDE05B09
:106530006BBD41FBABD9831F70B491E87800B2E822
:1065400002105B1854EB0C04B2E802104D4156EBFC
:106550000C0680E878008041013070BC704700BFB5
:1065600070B491E87800B2E802105B1A74EB0C0486
:10657000B2E802108D4176EB0C0680E8780080418D
:10658000404270BC704700BF2DE9F00791E8F80762
:10659000B2E802105B1854EB0C04B2E802104D4153
:1065A00056EB0C06B2E802104F4158EB0C08B2E86B
:1065B000021059EB01095AEB0C0A80E8F8078041F8
:1065C0000130BDE8F00770472DE9F00791E8F807C2
:1065D000B2E802105B1A74EB0C04B2E802108D41B1
:1065E00076EB0C06B2E802108F4178EB0C08B2E8AB
:1065F000021079EB01097AEB0C0A80E8F807804178
:106600004042BDE8F00770472DE9F007524290E89C
:106610007800B1E880071740DB1918EA020854EB4C
:10662000080419EA020955EB09051AEA020A56EBB1
:106630000A0678C090E87800B1E8800717407B41EF
:1066400018EA020854EB080419EA020955EB090597
:106650001AEA020A56EB0A0678C080410130BDE80A
:10666000F00770472DE9F007524290E87800B1E852
:1066700080071740DB1B18EA020874EB080419EACC
:10668000020975EB09051AEA020A76EB0A0678C0D8
:1066900090E87800B1E880071740BB4118EA02088B
:1066A00074EB080419EA020975EB09051AEA020AF3
:1066B00076EB0A0678C080414042BDE8F00770479B
:1066C00090E8300091E8C000A31B1340E41AF618CC
:1066D000EB1B1340ED1AFF1830C0C0C1704700BF5C
:1066E000F0B55242FFF7ECFFFFF7EAFFFFF7E8FFD4
:1066F000FFF7E6FFF0BD00BF2DE9F0073AC91668C5
:10670000A1FB069A4FF0000CE3FB06AC4FF000072C
:10671000E4FB06C74FF00008E5FB067840F8049B51
:1067200056684FF00009E1FB06A9E3FB66C9E4FBEC
:106730006679E5FB668940F804AB96684FF0000A7D
:10674000E1FB06CAE3FB667AE4FB668AE5FB669A30
:1067500040F804CBD6684FF0000CE1FB067CE3FB6D
:10676000668CE4FB669CE5FB66AC80E88017BDE8C0
:10677000F00770470A4600BF2DE9F04F92E8F00F8E
:106780002DE9F30F87B01EC90998A1FB00784FF0DF
:106790000009E2FB00894FF0000AE3FB009A4FF08A
:1067A000000BE4FB00AB0D984FF0000CE1FB00BCCC
:1067B0004FF0000EE2FB00CE4FF00005E3FB00E5DA
:1067C0004FF00006E4FB005600970A984FF00007D0
:1067D000E1FB0087E2FB6097E3FB60A7E4FB60B7A7
:1067E0000E98E1FB60C7E2FB60E7E3FB6057E4FB68
:1067F0006067CDF804800B984FF00008E1FB00982B
:10680000E2FB60A8E3FB60B8E4FB60C80F98E1FB23
:1068100060E8E2FB6058E3FB6068E4FB6078CDF879
:1068200008900C984FF00009E1FB00A9E2FB60B969
:10683000E3FB60C9E4FB60E91098E1FB6059E2FB0F
:106840006069E3FB6079E4FB6089CDF80CA00899EE
:1068500001F110011EC909984FF0000AE1FB00BACE
:10686000E2FB60CAE3FB60EAE4FB605A0D98E1FBDF
:10687000606AE2FB607AE3FB608AE4FB609ACDF831
:1068800010B00A984FF0000BE1FB00CBE2FB60EB8D
:10689000E3FB605BE4FB606B0E98E1FB607BE2FB7B
:1068A000608BE3FB609BE4FB60ABCDF814C00B98FE
:1068B0004FF0000CE1FB00ECE2FB605CE3FB606C82
:1068C000E4FB607C0F98E1FB608CE2FB609CE3FBE7
:1068D00060ACE4FB60BCCDF818E00C984FF0000E03
:1068E000E1FB005EE2FB606EE3FB607EE4FB608E3A
:1068F0001098E1FB609EE2FB60AEE3FB60BEE4FB50
:1069000060CE079800F11C0181E8E05FBDE8F80364
:1069100080E8F8030AB0BDE8F08F00BF30B44FF054
:10692000000310F8014B11F8015B013A84EA0504F9
:1069300043EA0403F5D1A3F101034FEAD37030BC5D
:10694000704700BF4FF0000310F8012B013943EAF4
:106950000203F9D1A3F101034FEAD370704700BFDE
:1069600011F8013B00F8013B013AF9D1704700BF33
:10697000002200F8012B0139FBD170472DE9F00707
:1069800091E8F807B2E802105B1854EB0C04B2E887
:1069900002104D4156EB0C06B2E802104F4158EB85
:1069A0000C08B2E8021059EB01095AEB0C0A8941B4
:1069B000B3F1FF3374F1FF3475F1FF3576F1000662
:1069C00077F1000778F1000879F101097AF1FF3ACF
:1069D00051F100015B184C414D4156F1000657F151
:1069E000000758F1000859EBD1795AEB010A80E809
:1069F000F807BDE8F00770472DE9F00791E8F807C0
:106A0000B2E802105B1A74EB0C04B2E802108D417C
:106A100076EB0C06B2E802108F4178EB0C08B2E876
:106A2000021079EB01097AEB0C0A89415B184C41A1
:106A30004D4156F1000657F1000758F1000859EB97
:106A4000D1795AEB010A80E8F807BDE8F0077047F2
:106A50000A4600BF2DE9F04F92E8F00F2DE9F30F41
:106A600087B01EC90998A1FB00784FF00009E2FB2E
:106A700000894FF0000AE3FB009A4FF0000BE4FBA3
:106A800000AB0D984FF0000CE1FB00BC4FF0000E86
:106A9000E2FB00CE4FF00005E3FB00E54FF00006FF
:106AA000E4FB005600970A984FF00007E1FB0087CF
:106AB000E2FB6097E3FB60A7E4FB60B70E98E1FBA5
:106AC00060C7E2FB60E7E3FB6057E4FB6067CDF87B
:106AD00004800B984FF00008E1FB0098E2FB60A8EF
:106AE000E3FB60B8E4FB60C80F98E1FB60E8E2FB01
:106AF0006058E3FB6068E4FB6078CDF808900C9880
:106B00004FF00009E1FB00A9E2FB60B9E3FB60C9BB
:106B1000E4FB60E91098E1FB6059E2FB6069E3FB8C
:106B20006079E4FB6089CDF80CA0089901F11001AF
:106B30001EC909984FF0000AE1FB00BAE2FB60CAE7
:106B4000E3FB60EAE4FB605A0D98E1FB606AE2FB5C
:106B5000607AE3FB608AE4FB609ACDF810B00A9893
:106B60004FF0000BE1FB00CBE2FB60EBE3FB605B73
:106B7000E4FB606B0E98E1FB607BE2FB608BE3FB68
:106B8000609BE4FB60ABCDF814C00B984FF0000C99
:106B9000E1FB00ECE2FB605CE3FB606CE4FB607C2F
:106BA0000F98E1FB608CE2FB609CE3FB60ACE4FBD4
:106BB00060BCCDF818E00C984FF0000EE1FB005ED1
:106BC000E2FB606EE3FB607EE4FB608E1098E1FB0D
:106BD000609EE2FB60AEE3FB60BEE4FB60CEDDE9FD
:106BE0000423069C12EB0A0253EB0B0354EB0C0438
:106BF00055EB0E05002040F1000012EB0B0253EBA9
:106C00000C0354EB0E0455EB0E05464100204741A2
:106C100058EB000859EB0A0940F10000B2EB0E02F4
:106C200073F1000374F1000475EB0A0576EB0B06B3
:106C300077EB0C0778EB0A0879EB0C0960F10000A0
:106C4000B5EB0B0576EB0C0677EB0E0778EB0B0834
:106C500079EB0E0960F100006FEAE07AB2EB0A020C
:106C600073EB0A0374EB0A0475F1000576F1000674
:106C700077F1000778EBDA7879EB0A0960F1000028
:106C80004FEAE07A12EB0A0253EB0A0354EB0A04D0
:106C900055F1000556F1000657F1000758EBDA7878
:106CA00059EB0A0940F100004FEAE07A12EB0A02C0
:106CB00053EB0A0354EB0A0455F1000556F10006A4
:106CC00057F1000758EBDA7859EB0A09DDE900AB18
:106CD000DDE902011AEB060A5BEB070B50EB08003B
:106CE00051EB09015FF0000C4CF1000C1AEB070AA4
:106CF0005BEB080B50EB090051EB090152EB0C0266
:106D00005FF0000C53EB0C0354EB0C0475414CF199
:106D1000000CBAEB090A7BF1000B70F10000B141E5
:106D2000BA4173EB0803B44175EB08056CF1000C34
:106D3000C91B72EB080273EB0903BC4175EB090533
:106D40006CF1000C6FEAEC76BAEB060A7BEB060BF3
:106D5000B04171F1000172F1000273F1000374EBB4
:106D6000D674B5416CF1000C4FEAEC761AEB060ACA
:106D70005BEB060B704151F1000152F1000253F13F
:106D8000000354EBD67475414CF1000C4FEAEC76DD
:106D90001AEB060A5BEB060B704151F1000152F150
:106DA000000253F1000354EBD6747541079FA7E826
:106DB000000C87E83F0011B0BDE8F08F2DE9F00727
:106DC00091E8F807B2E802105B1854EB0C04B2E843
:106DD00002104D4156EB0C06B2E802104F4158EB41
:106DE0000C08B2E8021059EB01095AEB0C0A4FF0FB
:106DF000260261EB010122EA01015B1854F1000453
:106E000055F1000556F1000657F1000758F100084A
:106E100059F100095AF1000A61EB010122EA01016E
:106E20000B4480E8F807BDE8F00770472DE9F0074C
:106E300091E8F807B2E802105B1A74EB0C04B2E8B0
:106E400002108D4176EB0C06B2E802108F4178EB10
:106E50000C08B2E8021079EB01097AEB0C0A4FF04A
:106E6000260261EB010102EA01015B1A74F10004E0
:106E700075F1000576F1000677F1000778F100085A
:106E800079F100097AF1000A61EB010102EA0101DE
:106E9000A3EB010380E8F807BDE8F007704700BFE7
:106EA0000A4600BF2DE9F04F92E8F00F2DE9F30FED
:106EB00087B01EC90998A1FB00784FF00009E2FBDA
:106EC00000894FF0000AE3FB009A4FF0000BE4FB4F
:106ED00000AB0D984FF0000CE1FB00BC4FF0000E32
:106EE000E2FB00CE4FF00005E3FB00E54FF00006AB
:106EF000E4FB005600970A984FF00007E1FB00877B
:106F0000E2FB6097E3FB60A7E4FB60B70E98E1FB50
:106F100060C7E2FB60E7E3FB6057E4FB6067CDF826
:106F200004800B984FF00008E1FB0098E2FB60A89A
:106F3000E3FB60B8E4FB60C80F98E1FB60E8E2FBAC
:106F40006058E3FB6068E4FB6078CDF808900C982B
:106F50004FF00009E1FB00A9E2FB60B9E3FB60C967
:106F6000E4FB60E91098E1FB6059E2FB6069E3FB38
:106F70006079E4FB6089CDF80CA0089901F110015B
:106F80001EC909984FF0000AE1FB00BAE2FB60CA93
:106F9000E3FB60EAE4FB605A0D98E1FB606AE2FB08
:106FA000607AE3FB608AE4FB609ACDF810B00A983F
:106FB0004FF0000BE1FB00CBE2FB60EBE3FB605B1F
:106FC000E4FB606B0E98E1FB607BE2FB608BE3FB14
:106FD000609BE4FB60ABCDF814C00B984FF0000C45
:106FE000E1FB00ECE2FB605CE3FB606CE4FB607CDB
:106FF0000F98E1FB608CE2FB609CE3FB60ACE4FB80
:1070000060BCCDF818E00C984FF0000EE1FB005E7C
:10701000E2FB606EE3FB607EE4FB608E1098E1FBB8
:10702000609EE2FB60AEE3FB60BEE4FB60CE4FF02F
:107030002601DDE900234FF00000E6FB0120E7FB1D
:107040006130DDE90267E8FB6160E9FB6170DDE961
:107050000489EAFB6180EBFB6190DDF818A0ECFB92
:1070600061A0EEFB615001FB00F0121853F1000328
:1070700056F1000657F1000758F1000859F10009D0
:107080005AF1000A55F1000B60EB000021EA000004
:107090000244079880E8CC0F11B0BDE8F08F00BF24
:1070A0002DE9F00791E8F0174FF4EE31BE39A4FB5B
:1070B00001234FF00004E5FB01344FF00005E6FB2F
:1070C00001454FF00006E7FB01564FF00007E8FBD3
:1070D00001674FF00008E9FB01784FF00009EAFB77
:1070E00001894FF0000AECFB019A4FF0260101FBE9
:1070F0000AFA12EB0A0253F1000354F1000455F1AD
:10710000000556F1000657F1000758F1000859F143
:1071100000096AEB0A0A21EA0A010A4480E8FC0332
:10712000BDE8F007704700BF2DE9F00390E8F813C1
:107130004FEAEC7202F013022CF0004C02F1130142
:10714000591854F1000155F1000156F1000157F1B1
:10715000000158F1000159F100015CF100014FEA12
:10716000E17101F0130111445B1854F1000455F171
:10717000000556F1000657F1000758F1000859F1D3
:1071800000094CF1000C2CF0004C80E8F813BDE82D
:10719000F00370472DE9F74F88B0C3CACDE900016D
:1071A000B2E80303CDE90201B2E8300CCDE90445B1
:1071B000B2E80350CDE9060184EAD46080EA4510C4
:1071C00085EAD56181EA441180EA141080EA0570ED
:1071D00081EA151181EA04711CEB903C4EEB913E63
:1071E0001CEB814C4EEB804EDDE9062382EA0A005F
:1071F00083EA0B0120402940504059401CEB000C11
:107200005EEB010EDDE90801D0E900451CEB040C42
:107210005EEB050ED1E900451CEB040C5EEB050EA0
:1072200018EB0C0859EB0E09D0E9024512196B4115
:10723000D1E9024512196B41DDE904458AEA0400EF
:107240008BEA050110EA080011EA090190EA0A0038
:1072500091EA0B0112184B4188EAD86080EA491084
:1072600089EAD96181EA481180EA181080EA097038
:1072700081EA191181EA087112EB903243EB9133E4
:1072800012EB814243EB8043CDE90623DDE9002385
:10729000DDE9024582EAD22080EA435083EAD32125
:1072A00081EA425180EA921080EA836081EA931178
:1072B00081EA82611CEB107C4EEB117E1CEB011C01
:1072C0004EEB001E82EA0601324001EA0400504003
:1072D0001CEB000C01EA0C00504083EA07023B4023
:1072E00012EA050159405EEB010E02EA0E01594017
:1072F000DDE90623A4185D41CDE9024512184B4192
:107300008CEADC2080EA4E508EEADE2181EA4C5184
:1073100080EA9C1080EA8E6081EA9E1181EA8C618D
:1073200012EB107243EB117312EB011243EB0013DB
:10733000CDE9062384EAD46080EA451085EAD56168
:1073400081EA441180EA141080EA057081EA15117F
:1073500081EA04711AEB903A4BEB913B1AEB814AAC
:107360004BEB804BDDE9042382EA080083EA090144
:1073700020402940504059401AEB000A5BEB010BBA
:10738000DDE90801D0E904451AEB040A5BEB050BC3
:10739000D1E904451AEB040A5BEB050B16EB0A0670
:1073A00057EB0B07D0E9064512196B41D1E90645A9
:1073B00012196B41DDE9024588EA040089EA0501FA
:1073C0003040394090EA080091EA090112184B4117
:1073D00086EAD66080EA471087EAD76181EA4611DB
:1073E00080EA161080EA077081EA171181EA0671B7
:1073F00012EB903243EB913312EB814243EB80432B
:10740000CDE90423DDE90623DDE9004582EAD22047
:1074100080EA435083EAD32181EA425180EA921004
:1074200080EA836081EA931181EA82611AEB107A23
:107430004BEB117B1AEB011A4BEB001B82EA0C01A0
:1074400012EA0C0201EA040050401AEB000A01EAB9
:107450000A00504083EA0E0213EA0E0312EA050105
:1074600059405BEB010B02EA0B015940DDE90423B3
:10747000A4185D41CDE9004512184B418AEADA2093
:1074800080EA4B508BEADB2181EA4A5180EA9A106C
:1074900080EA8B6081EA9B1181EA8A6112EB1072AB
:1074A00043EB117312EB011243EB0013CDE90423FC
:1074B00084EAD46080EA451085EAD56181EA441106
:1074C00080EA141080EA057081EA151181EA0471DE
:1074D00018EB903849EB913918EB814849EB80491A
:1074E000DDE9022382EA060083EA07012040294001
:1074F0005040594018EB000859EB0109DDE908013B
:10750000D0E9084518EB040859EB0509D1E908450D
:1075100018EB040859EB05091CEB080C5EEB090E8F
:10752000D0E90A4512196B41D1E90A4512196B419C
:10753000DDE9004586EA040087EA050110EA0C004F
:1075400011EA0E017040794012184B418CEADC6060
:1075500080EA4E108EEADE6181EA4C1180EA1C104E
:1075600080EA0E7081EA1E1181EA0C7112EB9032F2
:1075700043EB913312EB814243EB8043CDE902238D
:10758000DDE90423DDE9064582EAD22080EA4350A2
:1075900083EAD32181EA425180EA921080EA836033
:1075A00081EA931181EA826118EB107849EB117935
:1075B00018EB011849EB001982EA0A0112EA0A02E3
:1075C00001EA0400504018EB000801EA08005040AE
:1075D00083EA0B0213EA0B0312EA0501594059EB47
:1075E000010902EA09015940DDE90223A4185D41BD
:1075F000CDE9064512184B4188EAD82080EA495067
:1076000089EAD92181EA485180EA981080EA8960A4
:1076100081EA991181EA886112EB107243EB1173D0
:1076200012EB011243EB0013CDE9022384EAD4608C
:1076300080EA451085EAD56181EA441180EA141098
:1076400080EA057081EA151181EA047116EB903623
:1076500047EB913716EB814647EB8047DDE9002386
:1076600082EA0C0083EA0E01204029405040594034
:1076700036184F41DDE90801D0E90C4536196F4154
:10768000D1E90C4536196F411AEB060A5BEB070B83
:10769000D0E90E4512196B41D1E90E4512196B4123
:1076A000DDE906458CEA04008EEA050110EA0A00CD
:1076B00011EA0B0190EA0C0091EA0E0112184B41FD
:1076C0008AEADA6080EA4B108BEADB6181EA4A11D0
:1076D00080EA1A1080EA0B7081EA1B1181EA0A71B4
:1076E00012EB903243EB913312EB814243EB804338
:1076F000CDE90023DDE90223DDE9044582EAD22059
:1077000080EA435083EAD32181EA425180EA921011
:1077100080EA836081EA931181EA826116EB107638
:1077200047EB117716EB011647EB001782EA0801C9
:1077300012EA080201EA04005040361801EA060085
:10774000504083EA090213EA090312EA050159408D
:107750004F4102EA07015940DDE90023A4185D41C9
:10776000CDE9044512184B4186EAD62080EA4750FD
:1077700087EAD72181EA465180EA961080EA87603D
:1077800081EA971181EA866112EB107243EB117363
:1077900012EB011243EB0013CDE9002384EAD4601D
:1077A00080EA451085EAD56181EA441180EA141027
:1077B00080EA057081EA151181EA04711CEB903CA6
:1077C0004EEB913E1CEB814C4EEB804EDDE90623E7
:1077D00082EA0A0083EA0B012040294050405940C8
:1077E0001CEB000C5EEB010EDDE90801D0E9104551
:1077F0001CEB040C5EEB050ED1E910451CEB040CF0
:107800005EEB050E18EB0C0859EB0E09D0E912459A
:1078100012196B41D1E9124512196B41DDE904459A
:107820008AEA04008BEA050110EA080011EA09015E
:1078300090EA0A0091EA0B0112184B4188EAD860DD
:1078400080EA491089EAD96181EA481180EA181072
:1078500080EA097081EA191181EA087112EB90320D
:1078600043EB913312EB814243EB8043CDE9062396
:10787000DDE90023DDE9024582EAD22080EA4350B7
:1078800083EAD32181EA425180EA921080EA836040
:1078900081EA931181EA82611CEB107C4EEB117E30
:1078A0001CEB011C4EEB001E82EA0601324001EA8D
:1078B000040050401CEB000C01EA0C00504083EA2D
:1078C00007023B4012EA050159405EEB010E02EA55
:1078D0000E015940DDE90623A4185D41CDE90245BA
:1078E00012184B418CEADC2080EA4E508EEADE21F1
:1078F00081EA4C5180EA9C1080EA8E6081EA9E11F8
:1079000081EA8C6112EB107243EB117312EB0112DE
:1079100043EB0013CDE9062384EAD46080EA4510E6
:1079200085EAD56181EA441180EA141080EA057085
:1079300081EA151181EA04711AEB903A4BEB913B05
:107940001AEB814A4BEB804BDDE9042382EA080005
:1079500083EA090120402940504059401AEB000AAF
:107960005BEB010BDDE90801D0E914451AEB040AD1
:107970005BEB050BD1E914451AEB040A5BEB050B35
:1079800016EB0A0657EB0B07D0E9164512196B41A7
:10799000D1E9164512196B41DDE9024588EA040078
:1079A00089EA05013040394090EA080091EA09016E
:1079B00012184B4186EAD66080EA471087EAD76101
:1079C00081EA461180EA161080EA077081EA1711F1
:1079D00081EA067112EB903243EB913312EB814254
:1079E00043EB8043CDE90423DDE90623DDE90045CF
:1079F00082EAD22080EA435083EAD32181EA4251CD
:107A000080EA921080EA836081EA931181EA8261C0
:107A10001AEB107A4BEB117B1AEB011A4BEB001BA4
:107A200082EA0C0112EA0C0201EA040050401AEB4F
:107A3000000A01EA0A00504083EA0E0213EA0E032C
:107A400012EA050159405BEB010B02EA0B015940B8
:107A5000DDE90423A4185D41CDE9004512184B412E
:107A60008AEADA2080EA4B508BEADB2181EA4A512C
:107A700080EA9A1080EA8B6081EA9B1181EA8A6130
:107A800012EB107243EB117312EB011243EB001374
:107A9000CDE9042384EAD46080EA451085EAD56103
:107AA00081EA441180EA141080EA057081EA151118
:107AB00081EA047118EB903849EB913918EB814851
:107AC00049EB8049DDE9022382EA060083EA0701E7
:107AD000204029405040594018EB000859EB01095B
:107AE000DDE90801D0E9184518EB040859EB050950
:107AF000D1E9184518EB040859EB05091CEB080CF3
:107B00005EEB090ED0E91A4512196B41D1E91A450D
:107B100012196B41DDE9004586EA040087EA050198
:107B200010EA0C0011EA0E017040794012184B4126
:107B30008CEADC6080EA4E108EEADE6181EA4C114C
:107B400080EA1C1080EA0E7081EA1E1181EA0C7135
:107B500012EB903243EB913312EB814243EB8043C3
:107B6000CDE90223DDE90423DDE9064582EAD220DE
:107B700080EA435083EAD32181EA425180EA92109D
:107B800080EA836081EA931181EA826118EB1078C0
:107B900049EB117918EB011849EB001982EA0A0147
:107BA00012EA0A0201EA0400504018EB000801EA58
:107BB0000800504083EA0B0213EA0B0312EA0501A6
:107BC000594059EB010902EA09015940DDE9022354
:107BD000A4185D41CDE9064512184B4188EAD8202A
:107BE00080EA495089EAD92181EA485180EA98100F
:107BF00080EA896081EA991181EA886112EB10724A
:107C000043EB117312EB011243EB0013CDE9022396
:107C100084EAD46080EA451085EAD56181EA44119E
:107C200080EA141080EA057081EA151181EA047176
:107C300016EB903647EB913716EB814647EB8047C2
:107C4000DDE9002382EA0C0083EA0E01204029408E
:107C50005040594036184F41DDE90801D0E91C4534
:107C600036196F41D1E91C4536196F411AEB060AE6
:107C70005BEB070BD0E91E4512196B41D1E91E459C
:107C800012196B41DDE906458CEA04008EEA050114
:107C900010EA0A0011EA0B0190EA0C0091EA0E01C9
:107CA00012184B418AEADA6080EA4B108BEADB61FA
:107CB00081EA4A1180EA1A1080EA0B7081EA1B11EE
:107CC00081EA0A7112EB903243EB913312EB81425D
:107CD00043EB8043CDE90023DDE90223DDE90445E0
:107CE00082EAD22080EA435083EAD32181EA4251DA
:107CF00080EA921080EA836081EA931181EA8261CE
:107D000016EB107647EB117716EB011647EB0017D1
:107D100082EA080112EA080201EA0400504036181B
:107D200001EA0600504083EA090213EA090312EA55
:107D3000050159404F4102EA07015940DDE900239E
:107D4000A4185D41CDE9044512184B4186EAD620BE
:107D500080EA475087EAD72181EA465180EA9610A7
:107D600080EA876081EA971181EA866112EB1072DE
:107D700043EB117312EB011243EB0013CDE9002327
:107D80000A9A1BBCC3C2A2E818031BBCA2E8030CDE
:107D9000A2E8185003B0BDE8F08F00BF2DE9F04F06
:107DA00084469CE8F00FDCE91201DCE91C2324186E
:107DB00045EB01054FEA560E8EEAC77E8EEA162E77
:107DC0008EEA076E8EEAD61E8EEA476E14EB0E041C
:107DD0004FEA570E8EEAC67E8EEA172E8EEA066EA0
:107DE0008EEAD71E45EB0E054FEAD24E8EEA433E91
:107DF0008EEAC20E8EEA537E8EEA921E8EEA836E61
:107E000014EB0E044FEAD34E8EEA423E8EEAC30EC6
:107E10008EEA527E8EEA931E45EB0E05DCE91401D4
:107E2000DCE91E23361847EB01074FEA580E8EEAAD
:107E3000C97E8EEA182E8EEA096E8EEAD81E8EEA68
:107E4000496E16EB0E064FEA590E8EEAC87E8EEA90
:107E5000192E8EEA086E8EEAD91E47EB0E074FEAFE
:107E6000D24E8EEA433E8EEAC20E8EEA537E8EEAF0
:107E7000921E8EEA836E16EB0E064FEAD34E8EEA02
:107E8000423E8EEAC30E8EEA527E8EEA931E47EB86
:107E90000E07DCE9160118EB000849EB01094FEA6F
:107EA0005A0E8EEACB7E8EEA1A2E8EEA0B6E8EEA80
:107EB000DA1E8EEA4B6E18EB0E084FEA5B0E8EEA66
:107EC000CA7E8EEA1B2E8EEA0A6E8EEADB1E49EB14
:107ED0000E094FEAD44E8EEA453E8EEAC40E8EEA73
:107EE000557E8EEA941E8EEA856E18EB0E084FEAD8
:107EF000D54E8EEA443E8EEAC50E8EEA547E8EEA58
:107F0000951E49EB0E09DCE91801DCE908231AEBA0
:107F1000000A4BEB010B4FEA520E8EEAC37E8EEA4B
:107F2000122E8EEA036E8EEAD21E8EEA436E1AEB92
:107F30000E0A4FEA530E8EEAC27E8EEA132E8EEAA6
:107F4000026E8EEAD31E4BEB0E0B4FEAD64E8EEA34
:107F5000473E8EEAC60E8EEA577E8EEA961E8EEA5F
:107F6000876E1AEB0E0A4FEAD74E8EEA463E8EEA2D
:107F7000C70E8EEA567E8EEA971E4BEB0E0BACE8D0
:107F8000F00FDCE91201DCE90267121843EB010390
:107F90004FEA560E8EEAC77E8EEA162E8EEA076EDE
:107FA0008EEAD61E8EEA476E12EB0E024FEA570E8D
:107FB0008EEAC67E8EEA172E8EEA066E8EEAD71EEF
:107FC00043EB0E034FEAD84E8EEA493E8EEAC80EC6
:107FD0008EEA597E8EEA981E8EEA896E12EB0E02A8
:107FE0004FEAD94E8EEA483E8EEAC90E8EEA587E96
:107FF0008EEA991E43EB0E03DCE91401DCE90489E7
:10800000361847EB01074FEA580E8EEAC97E8EEA12
:10801000182E8EEA096E8EEAD81E8EEA496E16EB8D
:108020000E064FEA590E8EEAC87E8EEA192E8EEAA7
:10803000086E8EEAD91E47EB0E074FEADA4E8EEA3B
:108040004B3E8EEACA0E8EEA5B7E8EEA9A1E8EEA5E
:108050008B6E16EB0E064FEADB4E8EEA4A3E8EEA38
:10806000CB0E8EEA5A7E8EEA9B1E47EB0E07DCE9AA
:108070001601DCE906AB18EB000849EB01094FEAF1
:108080005A0E8EEACB7E8EEA1A2E8EEA0B6E8EEA9E
:10809000DA1E8EEA4B6E18EB0E084FEA5B0E8EEA84
:1080A000CA7E8EEA1B2E8EEA0A6E8EEADB1E49EB32
:1080B0000E094FEAD24E8EEA433E8EEAC20E8EEA97
:1080C000537E8EEA921E8EEA836E18EB0E084FEAFC
:1080D000D34E8EEA423E8EEAC30E8EEA527E8EEA7E
:1080E000931E49EB0E09DCE908011AEB040A4BEB7D
:1080F000050B4FEA500E8EEAC17E8EEA102E8EEAF4
:10810000016E8EEAD01E8EEA416E1AEB0E0A4FEA1D
:10811000510E8EEAC07E8EEA112E8EEA006E8EEA35
:10812000D11E4BEB0E0B4FEAD64E8EEA473E8EEA3F
:10813000C60E8EEA577E8EEA961E8EEA876E1AEB80
:108140000E0A4FEAD74E8EEA463E8EEAC70E8EEAF8
:10815000567E8EEA971E4BEB0E0BACE8CC0F5CE91B
:108160000E45DCE90267001941EB05014FEA560EA6
:108170008EEAC77E8EEA162E8EEA076E8EEAD61E2D
:108180008EEA476E10EB0E004FEA570E8EEAC67E5F
:108190008EEA172E8EEA066E8EEAD71E41EB0E018E
:1081A0004FEAD84E8EEA493E8EEAC80E8EEA597ED4
:1081B0008EEA981E8EEA896E10EB0E004FEAD94EB9
:1081C0008EEA483E8EEAC90E8EEA587E8EEA991EE5
:1081D00041EB0E015CE90C45DCE90489361947EBFB
:1081E00005074FEA580E8EEAC97E8EEA182E8EEAEF
:1081F000096E8EEAD81E8EEA496E16EB0E064FEA1D
:10820000590E8EEAC87E8EEA192E8EEA086E8EEA24
:10821000D91E47EB0E074FEADA4E8EEA4B3E8EEA46
:10822000CA0E8EEA5B7E8EEA9A1E8EEA8B6E16EB83
:108230000E064FEADB4E8EEA4A3E8EEACB0E8EEAFF
:108240005A7E8EEA9B1E47EB0E075CE90A45DCE985
:1082500006AB18EB040849EB05094FEA5A0E8EEA03
:10826000CB7E8EEA1A2E8EEA0B6E8EEADA1E8EEA2C
:108270004B6E18EB0E084FEA5B0E8EEACA7E8EEA52
:108280001B2E8EEA0A6E8EEADB1E49EB0E094FEAC0
:10829000D04E8EEA413E8EEAC00E8EEA517E8EEAC4
:1082A000901E8EEA816E18EB0E084FEAD14E8EEAD0
:1082B000403E8EEAC10E8EEA507E8EEA911E49EB58
:1082C0000E09DCE908451AEB020A4BEB030B4FEAF7
:1082D000540E8EEAC57E8EEA142E8EEA056E8EEA64
:1082E000D41E8EEA456E1AEB0E0A4FEA550E8EEA40
:1082F000C47E8EEA152E8EEA046E8EEAD51E4BEBF6
:108300000E0B4FEAD64E8EEA473E8EEAC60E8EEA36
:10831000577E8EEA961E8EEA876E1AEB0E0A4FEA99
:10832000D74E8EEA463E8EEAC70E8EEA567E8EEA1B
:10833000971E4BEB0E0BACE8C30F5CE90E23DCE998
:108340000267A41845EB03054FEA560E8EEAC77E76
:108350008EEA162E8EEA076E8EEAD61E8EEA476EDB
:1083600014EB0E044FEA570E8EEAC67E8EEA172EE5
:108370008EEA066E8EEAD71E45EB0E054FEAD84E02
:108380008EEA493E8EEAC80E8EEA597E8EEA981E23
:108390008EEA896E14EB0E044FEAD94E8EEA483EFF
:1083A0008EEAC90E8EEA587E8EEA991E45EB0E05BE
:1083B0005CE90C23DCE90489B61847EB03074FEAB4
:1083C000580E8EEAC97E8EEA182E8EEA096E8EEA63
:1083D000D81E8EEA496E16EB0E064FEA590E8EEA4B
:1083E000C87E8EEA192E8EEA086E8EEAD91E47EBF9
:1083F0000E074FEADA4E8EEA4B3E8EEACA0E8EEA3E
:108400005B7E8EEA9A1E8EEA8B6E16EB0E064FEAA4
:10841000DB4E8EEA4A3E8EEACB0E8EEA5A7E8EEA1A
:108420009B1E47EB0E075CE90A23DCE906AB18EB61
:10843000020849EB03094FEA5A0E8EEACB7E8EEA18
:108440001A2E8EEA0B6E8EEADA1E8EEA4B6E18EB4F
:108450000E084FEA5B0E8EEACA7E8EEA1B2E8EEA6B
:108460000A6E8EEADB1E49EB0E094FEAD44E8EEA05
:10847000453E8EEAC40E8EEA557E8EEA941E8EEA42
:10848000856E18EB0E084FEAD54E8EEA443E8EEA12
:10849000C50E8EEA547E8EEA951E49EB0E095CE904
:1084A00018231AEB000A4BEB010B4FEA520E8EEA2F
:1084B000C37E8EEA122E8EEA036E8EEAD21E8EEAFA
:1084C000436E1AEB0E0A4FEA530E8EEAC27E8EEA14
:1084D000132E8EEA026E8EEAD31E4BEB0E0B4FEA82
:1084E000D64E8EEA473E8EEAC60E8EEA577E8EEA5A
:1084F000961E8EEA876E1AEB0E0A4FEAD74E8EEA68
:10850000463E8EEAC70E8EEA567E8EEA971E4BEBEB
:108510000E0B8CE8F00FBDE8F08F00BF2DE9F041A5
:1085200088B00C46064602F12001684606F1200795
:108530009046FEF78DFA6A4669466846FEF71EFACF
:1085400038466946FEF784FA3A463946384604F119
:108550002005FEF713FA6A4669466846FEF70EFAEA
:1085600028464146FEF774FA6A4641463046FEF711
:1085700071FA2A4629466846FEF700FA2A466946F5
:108580006846FEF7FBF9124A69466846FEF7F6F9B7
:1085900069462046FEF75CFA324621462046FEF741
:1085A0002BFA324621462046FEF726FA224631466D
:1085B0002846FEF721FA6A4629462846FEF74AFA77
:1085C0003A4629462846FEF717FA08B0BDE8F0817A
:1085D00078C60200F0B599B004460D460A46014639
:1085E0006846FEF709FA69466846FEF731FA214601
:1085F0006A4608A805F1200604F12007FEF72AFACA
:108600006A4629466846FEF725FA3946324610A8DA
:10861000FEF7B4F9324639463046FEF7EDF93146F9
:108620002846FEF715FA6A4608A92046FEF7A6F97D
:10863000224629462846FEF7DFF96A4608A9684619
:10864000FEF7DAF96A4639463846FEF703FA2A4653
:1086500008A96846FEF7D0F96A4631463046FEF76B
:10866000F9F93A4631463046FEF7C6F910A9684690
:10867000FEF7EEF9224669462046FEF7BDF908A945
:1086800022460846FEF7B8F910A908AA0846FEF7E0
:10869000E1F93A4610A93846FEF7AEF919B0F0BD37
:1086A0002DE9F0410C4688B0054690460146224629
:1086B0006846FEF7A1F969466846FEF7C9F96A46B9
:1086C0002946284604F12006FEF7C4F905F12007E3
:1086D0006A4621466846FEF7BDF9324630463946BD
:1086E000FEF78AF931462046FEF7B2F92A462146BE
:1086F0002046FEF781F96A4621462046FEF77CF9BE
:108700006A4629464046FEF777F9424639463846DA
:10871000FEF7A0F9224629466846FEF76DF96A463B
:1087200031463046FEF796F93A4631463046FEF776
:1087300063F908B0BDE8F08170B500F1200690B093
:108740000D460446FCF7BCFF05F120013046FCF75E
:10875000B7FF214608A8FEF77BF908A908460C4A8E
:10876000FEF70CF908A922460846FEF773F908A996
:10877000084A0846FEF702F931466846FEF768F9EE
:10878000694608A82022FEF7C9F8013810B070BD6C
:1087900078C6020098C60200FCF7ACBF38B50446A4
:1087A0000D46FCF7A7FF05F1200104F12000BDE80C
:1087B0003840FCF79FBF00BF2DE9F047B8B08A46AC
:1087C0008146114610A8514AFDF7FEFE5049024667
:1087D00010A8FDF719FF179F4C4900EAD77780468C
:1087E000C7F1010210A8FDF70FFF179E524628A9F6
:1087F00018A8F643FFF792FEF60F20A9C6F1010272
:108800000846FCF741FFC8F10108FE246A4618A992
:1088100028A8FFF745FF621138AB03EB820204F092
:108820001F0152F8A03CCB40354603F001067540CD
:108830002A4628A918A8FDF753FF2A4630A920A8E0
:10884000FDF74EFF013C28A918A8FFF7C3FE631CE3
:10885000DCD1C6F1010208A820A9FCF715FF7E4073
:108860006A4618A928A8FFF71BFF28A9324618A8AE
:10887000FDF736FF324630A920A8FDF731FF08A9E1
:108880006A460846FEF7E6F808A90846FCF74CFFDA
:1088900008A909F120040AF120020846FEF7DAF8D7
:1088A00020A908AA2046FEF7D5F808AA18A9684604
:1088B000FEF7D0F869466846FEF7CAF818AA694676
:1088C00008A8FEF7C7F821466846FEF7C1F808AACF
:1088D00069461046FEF790F80E4A08A96846FEF76A
:1088E0008BF820462021FEF72DF808A943420246C6
:1088F000684643EA0808FDF7F3FE4846064A69461B
:10890000FEF7A8F8404638B0BDE8F087B8C60200C8
:1089100038C6020098C6020058C602000A4601493D
:10892000FFF74ABFF8C50200002B35D129B9B0FBCB
:10893000F2FC0CFB120260467047914215D22DE901
:10894000F041B2FA82F39A409940D3F1200C30FA08
:108950000CFC51EA0C01984000F04EF8280036FA61
:1089600003F200210023BDE8F081F0B5B1FBF2FC79
:108970000CFB1211B2FA82F39A409940D3F120060F
:1089800030FA06F63143984000F036F86146280088
:108990003200DA400023F0BDF3B5B3FA83FC490896
:1089A0005FEA300013FA0CF3DCF1200432FA04F42D
:1089B00023430CB41A0000F01FF80CBC33FA0CF37C
:1089C000DCF11F0C35FA0CF518BF6D1E03BCA5FBBE
:1089D000026705FB0377801BB941904271EB030CE2
:1089E00005D3821A71EB0303681C0021F0BD02005D
:1089F0000B0028000021F0BD940D4FF6C2752D022A
:108A0000B5FBF4F4D60A761C04FB04F5A5FB065668
:108A1000F64306EB0416550832BF002777086D1C95
:108A200005FB1677A6FB07477F0807EBC637140040
:108A30001500E7FB02457F1B4D1C0400E7FB0145C9
:108A400005FB1206A64284BF6D1EB618964224BFCF
:108A50006D1CB61A7047082907D344F66822C2F283
:108A6000000210600022C0E90021704700B5042A0E
:108A70008E4609D350F8043B5EF804CB634505D11C
:108A8000043A032A7146F5D89AB10368086880EA67
:108A9000030191FAA1F1B1FA81F1B2EBD10F08D93A
:108AA00001F0380123FA01F2D2B2C840C0B2101A64
:108AB00000BD002000BD017889B14FF0013C0346A4
:108AC000194653F8042BCCFA52F2002AF8D092FA45
:108AD000A2F2B2FA82F201EBD201081A704700202A
:108AE000704700000246F0B44FF00137FB0151F827
:108AF000044BE51BA5431D4002D142F8044BF6E7A9
:108B0000091FF0BC11F8013B02F8013B002BF9D121
:108B1000704700005AB3844690EA01039B071FD1B7
:108B2000830707D011F8013B00F8013B521EF7D133
:108B30001CE08446203A09D32DE9F007B1E8F80794
:108B4000A0E8F807203AF9D2BDE8F0071C3205D4B6
:108B500051F8043B40F8043B121FF9D2043205D00F
:108B600011F8013B00F8013B521EF9D160467047F5
:108B700000220B0011001A0084465AB3830704D068
:108B800000F8011B521EF9D124E0C9B241EA0121CB
:108B900041EA0141202A11D3203A2DE9F0030B4686
:108BA0000C460D460E460F4688468946A0E8FA0355
:108BB000203AFBD2BDE8F00320320BD0042A05D3C3
:108BC00040F8041B121F05D0042AF9D200F8011B3B
:108BD000521EFBD16046704784460020002918BF12
:108BE000002A0ED0097848B200280BD4BCF1000F3F
:108BF00018BFCCF800100021C3E90011002818BFED
:108C0000012070476FF0010070477F298EBF6FF021
:108C1000010001700120704700B50146074AF0F7D6
:108C2000EDFB8258064B002A08BFC21850688068C6
:108C300002685DF804EB08460921104708000000AF
:108C40000C0000007F280BD84CF66C02C0F2020228
:108C50004CF6EC03C0F20203105C595C084070470C
:108C600000207047A0F161011A2938BF20387047F1
:108C7000A0F141011A2938BF203070477F280BD856
:108C80004CF66C02C0F202024CF6EC03C0F2020396
:108C9000105C595C0840704700207047A0F16101EA
:108CA0001A2938BF20387047A0F141011A2938BF6E
:108CB000203070470DC701000000000015CA0100F8
:108CC0000000000069FA010000000000B1DD0100B1
:108CD00000000000FDF50100EC320020D1E00100B1
:108CE00000000000B1FE01005034002095F80100A2
:108CF00000000000250102000000000049DE010024
:108D000000000000F13902001C230020570002007F
:108D10004434002035E301000000000051C501008B
:108D20000000000019C7010000000000B1CA0100E6
:108D300000000000D94B020000000000E13E0200EC
:108D4000000000000541020000000000104A002061
:108D50001C4A00204000000001000000000000004C
:108D6000882D0020502E0020582E0020902D00200D
:108D7000180000009D47020099470200F899020080
:108D800000000303A19702000000030325980200DE
:108D900000000303CC98020000000303429B020082
:108DA000000003033B9B020000000303789A0200CB
:108DB000000003032F9B02000000030376960200CD
:108DC000000000007C960200000000008396020074
:108DD0000000000093B80200000000007F9A02002B
:108DE00000000000369B0200000000008796020091
:108DF00000000000058F020000000303988F0200AE
:108E0000000000004E9002000000000039B2020095
:108E1000000000007096020000000000299C020083
:108E20000000030369B80200000003036396020018
:108E300000000303C0B2020000000303BBB5020040
:108E4000000003034AB60200000003035D9E020017
:108E50000000030351AC02000000030327B202002C
:108E600000000303CDA402000000030347B002008A
:108E70000000030348AF02000000030384AD0200BA
:108E800000000303C6A6020000000303B2A902000B
:108E9000000003030E910200000000008FB80200E2
:108EA000000000001791020000000000A8B80200B6
:108EB00000000000E48E0200DC2200200000000020
:108EC0000000000075BC0100000000000000000070
:108ED0005465726D696E616C00525454005345477D
:108EE000474552007274745F6C6F675F6261636BB9
:108EF000656E64004261636B656E647320666C75B9
:108F00007368656400617070001B5B306D001B5BF3
:108F1000313B33316D0025734C6F67732064726F82
:108F200070706564202825642925730D0A003C258E
:108F3000733E2025733A200020253032780020200F
:108F400020007C002563001B5B313B33306D001B30
:108F50005B313B33326D001B5B313B33336D001BA8
:108F60005B313B33346D001B5B313B33356D001B94
:108F70005B313B33366D001B5B313B33376D006536
:108F800072726F72007761726E696E6700696E66E9
:108F90006F006465627567006170705F62757474FC
:108FA0006F6E00534F46544445564943453A20415D
:108FB0005353455254494F4E204641494C45440075
:108FC000534F46544445564943453A20494E56412D
:108FD0004C4944204D454D4F525920414343455340
:108FE0005300415353455254494F4E204641494C3A
:108FF00045442061742025733A2575004552524F2F
:1090000052202575205B25735D2061742025733AFD
:1090100025750D0A50432061743A20307825303888
:109020007800456E64206F66206572726F722072E0
:1090300065706F727400554E4B4E4F574E2046412F
:10904000554C5420617420307825303858006170B8
:10905000705F74696D6572002F55736572732F614F
:109060006C657862616C6477696E2F4465736B74AC
:109070006F702F4F70656E4E657276652D496D70FD
:109080006C616E7461626C652D50756C73652D47F3
:10909000656E657261746F722F46572D424C452F75
:1090A0006E5246355F53444B5F31372E312E302F91
:1090B000636F6D706F6E656E74732F6C6962726131
:1090C000726965732F756172742F6170705F75615D
:1090D00072745F6669666F2E630052544320696E36
:1090E0007374616E636520616C7265616479206977
:1090F0006E697469616C697A65642E005254433AF2
:1091000020696E697469616C697A65642E00707794
:10911000725F6D676D7400736F72746C6973740045
:109120004E52465F53554343455353004E52465F9C
:109130004552524F525F5356435F48414E444C454F
:10914000525F4D495353494E47004E52465F455278
:10915000524F525F534F46544445564943455F4E24
:109160004F545F454E41424C4544004E52465F4588
:1091700052524F525F494E5445524E414C004E524E
:10918000465F4552524F525F4E4F5F4D454D004E28
:1091900052465F4552524F525F4E4F545F464F55B5
:1091A0004E44004E52465F4552524F525F4E4F540E
:1091B0005F535550504F52544544004E52465F4500
:1091C00052524F525F494E56414C49445F504152B2
:1091D000414D004E52465F4552524F525F494E56E6
:1091E000414C49445F5354415445004E52465F45FB
:1091F00052524F525F494E56414C49445F4C454E86
:10920000475448004E52465F4552524F525F494EB6
:1092100056414C49445F464C414753004E52465FCD
:109220004552524F525F494E56414C49445F44416A
:109230005441004E52465F4552524F525F44415492
:10924000415F53495A45004E52465F4552524F5274
:109250005F54494D454F5554004E52465F4552525A
:109260004F525F4E554C4C004E52465F4552524F46
:10927000525F464F5242494444454E004E52465F6B
:109280004552524F525F494E56414C49445F41440A
:109290004452004E52465F4552524F525F42555320
:1092A00059004E52465F4552524F525F434F4E4E09
:1092B0005F434F554E54004E52465F4552524F52F7
:1092C0005F5245534F5552434553004E52465F45FA
:1092D00052524F525F4D4F44554C455F4E4F545F75
:1092E000494E495449414C495A4544004E52465F03
:1092F0004552524F525F4D555445585F494E49545F
:109300005F4641494C4544004E52465F4552524FDC
:10931000525F4D555445585F4C4F434B5F46414952
:109320004C4544004E52465F4552524F525F4D5598
:109330005445585F554E4C4F434B5F4641494C4551
:1093400044004E52465F4552524F525F4D55544570
:10935000585F434F4E445F494E49545F4641494C24
:109360004544004E52465F4552524F525F4D4F4466
:10937000554C455F414C52454144595F494E495413
:1093800049414C495A4544004E52465F4552524F5E
:10939000525F53544F524147455F46554C4C004E27
:1093A00052465F4552524F525F4150495F4E4F54B3
:1093B0005F494D504C454D454E544544004E524634
:1093C0005F4552524F525F464541545552455F4E9C
:1093D0004F545F454E41424C4544004E52465F4516
:1093E00052524F525F494F5F50454E44494E4700DD
:1093F0004E52465F4552524F525F4452565F545749
:10940000495F4552525F4F56455252554E004E529B
:10941000465F4552524F525F4452565F5457495F20
:109420004552525F414E41434B004E52465F4552BA
:10943000524F525F4452565F5457495F4552525FF4
:10944000444E41434B004E52465F4552524F525F8D
:10945000424C455F495053505F52585F504B545FE8
:109460005452554E4341544544004E52465F455276
:10947000524F525F424C455F495053505F43484101
:109480004E4E454C5F414C52454144595F45584909
:10949000535453004E52465F4552524F525F424C16
:1094A000455F495053505F4C494E4B5F44495343CD
:1094B0004F4E4E4543544544004E52465F4552522E
:1094C0004F525F424C455F495053505F50454552A3
:1094D0005F52454A454354454400705F667300251A
:1094E0007320636865636B206661696C65642069DD
:1094F0006E202573282920776974682076616C7541
:109500006520307825782E00705F66732D3E705F81
:1095100061706900705F64657374006C656E0061F2
:109520006464725F69735F616C69676E656433322E
:10953000287372632900616464725F69735F77697D
:109540007468696E5F626F756E647328705F6673AE
:109550002C207372632C206C656E2900705F73720F
:10956000630021286C656E202520705F66732D3E98
:10957000705F666C6173685F696E666F2D3E7072B6
:109580006F6772616D5F756E6974290061646472E2
:109590005F69735F616C69676E6564333228646507
:1095A00073742900616464725F69735F616C6967D9
:1095B0006E65643332282875696E7433325F74299E
:1095C000705F7372632900616464725F69735F77AF
:1095D000697468696E5F626F756E647328705F6628
:1095E000732C20646573742C206C656E2900616493
:1095F00064725F69735F706167655F616C69676EF4
:10960000656428705F66732C20706167655F6164B4
:1096100064722900616464725F69735F776974685A
:10962000696E5F626F756E647328705F66732C205D
:10963000706167655F616464722C20286C656E20C0
:109640002A20705F66732D3E705F666C6173685F81
:10965000696E666F2D3E65726173655F756E6974C4
:109660002929006E72665F6673746F7261676500A8
:10967000636C6F636B00434C4F434B004750494F43
:10968000544500505253005541525445002F5573D4
:109690006572732F616C657862616C6477696E2F97
:1096A0004465736B746F702F4F70656E4E65727684
:1096B000652D496D706C616E7461626C652D5075BD
:1096C0006C73652D47656E657261746F722F4657B6
:1096D0002D424C452F6D61696E2E6300424C452032
:1096E000496E697469616C697A652053746172743A
:1096F00000424C4520496E697469616C697A652045
:1097000046696E697368005B57686974656C697354
:10971000745D0041445620656E61626C65642E2E56
:109720002E004144562074696D656F7574203D208C
:109730002564207365630041445620646973616247
:109740006C65642E2E2E002F55736572732F616C1D
:10975000657862616C6477696E2F4465736B746FB2
:10976000702F4F70656E4E657276652D496D706C09
:10977000616E7461626C652D50756C73652D476503
:109780006E657261746F722F46572D424C452F6182
:1097900070702F6170705F626C655F6164762E63BC
:1097A000004150505F424C455F414456005278287A
:1097B0002564295B3078253032785D002F5573653C
:1097C00072732F616C657862616C6477696E2F4487
:1097D00065736B746F702F4F70656E4E6572766532
:1097E0002D496D706C616E7461626C652D50756C85
:1097F00073652D47656E657261746F722F46572DC4
:10980000424C452F6170702F6170705F626C655FB4
:109810006E75732E63005478282564295B30782593
:109820003032785D004150505F424C455F4E555399
:10983000002F55736572732F616C657862616C647B
:1098400077696E2F4465736B746F702F4F70656E00
:109850004E657276652D496D706C616E7461626CD7
:10986000652D50756C73652D47656E657261746FFB
:10987000722F46572D424C452F6170702F617070CA
:109880005F626C655F706D2E63004C6F6164207069
:10989000656572732825642920746F207768697460
:1098A000656C6973740044656C657465206C6F77D2
:1098B0006573742072616E6B6564207065657200FB
:1098C000506173736B65793A202573004150505F86
:1098D000424C455F504D002F55736572732F616C7C
:1098E000657862616C6477696E2F4465736B746F21
:1098F000702F4F70656E4E657276652D496D706C78
:10990000616E7461626C652D50756C73652D476571
:109910006E657261746F722F46572D424C452F61F0
:1099200070702F6170705F626C652E6300536563A9
:10993000757269747920436865636B2E2E2E2E2E06
:10994000005365637572697479206D6F64652026B4
:10995000206C6576656C3A205061737300536563C3
:109960007572697479206D6F64652026206C657648
:10997000656C3A204661696C2C206D6F646520250A
:10998000642C206C6576656C2025640044697363E3
:109990006F6E6E6563742E2E2E00436F6E6E656360
:1099A0007465642E2E2E00446973636F6E6E65635A
:1099B0007465642E2E2E0044617461206C656E20E7
:1099C00069732073657420746F20307825582825BA
:1099D00064290043415253530053746174757320DA
:1099E0004368616E676564283078253032782C20B2
:1099F00030782530327829004150505F424C450084
:109A0000424C455F5245515F50494E5B485D0042B4
:109A10004C455F5245515F50494E5B4C5D002F55A0
:109A2000736572732F616C657862616C6477696EBF
:109A30002F4465736B746F702F4F70656E4E657237
:109A400076652D496D706C616E7461626C652D5028
:109A5000756C73652D47656E657261746F722F4604
:109A6000572D424C452F6170702F6170705F73707D
:109A70005F737069732E63004150505F53505F53A2
:109A8000504953002F55736572732F616C6578626E
:109A9000616C6477696E2F4465736B746F702F4FC0
:109AA00070656E4E657276652D496D706C616E7471
:109AB00061626C652D50756C73652D47656E6572BE
:109AC00061746F722F46572D424C452F6170702F75
:109AD0006170705F73705F756172742E63004150C6
:109AE000505F554152545F434F4D4D554E49434190
:109AF00054494F4E5F4552524F52282564292C201D
:109B00007561727420666C617368004150505F55D6
:109B10004152545F4649464F5F4552524F522825A5
:109B200064292C207561727420666C617368004131
:109B300050505F53505F55415254004150505F5355
:109B400050004150505F434D44002F557365727370
:109B50002F616C657862616C6477696E2F44657300
:109B60006B746F702F4F70656E4E657276652D4900
:109B70006D706C616E7461626C652D50756C73658F
:109B80002D47656E657261746F722F46572D424C7A
:109B9000452F6E5246355F53444B5F31372E312E81
:109BA000302F636F6D706F6E656E74732F626C65AE
:109BB0002F636F6D6D6F6E2F626C655F636F6E6E7E
:109BC0005F73746174652E630073645F626C655FBC
:109BD00067617474635F65786368616E67655F6D04
:109BE00074755F7265717565737428292072657468
:109BF00075726E65642025732E0073645F626C65F8
:109C00005F67617474735F65786368616E67655FD1
:109C10006D74755F7265706C792829207265747532
:109C2000726E65642025732E006E72665F626C65CD
:109C30005F67617474002573206661696C656420D8
:109C400062656361757365207064735F696E6974C2
:109C500028292072657475726E65642025732E0044
:109C60002573206661696C65642062656361757344
:109C700065207064625F696E69742829207265745A
:109C800075726E65642025732E00257320666169E8
:109C90006C6564206265636175736520736D5F69CF
:109CA0006E697428292072657475726E656420254A
:109CB000732E002573206661696C6564206265639C
:109CC0006175736520736D645F696E6974282920FE
:109CD00072657475726E65642025732E002573207D
:109CE0006661696C65642062656361757365206790
:109CF000636D5F696E697428292072657475726E70
:109D000065642025732E002573206661696C656487
:109D10002062656361757365206773636D5F696E4B
:109D2000697428292072657475726E6564202573C4
:109D30002E00466174616C206572726F72206475CA
:109D400072696E6720636C65616E7570206F662046
:109D500061206661696C65642063616C6C20746F5E
:109D60002025732E20696D5F706565725F66726570
:109D70006528292072657475726E65642025732EBE
:109D800020706565725F69643A2025640025732838
:109D900029206661696C656420626563617573651D
:109DA00020612063616C6C20746F20706D5F706542
:109DB00065725F64656C65746528292072657475C9
:109DC000726E65642025732E20706565725F69640C
:109DD0003A20256400436F756C64206E6F742072A6
:109DE000657472656976652072616E6B732E207082
:109DF00064625F706565725F646174615F6C6F61FE
:109E00006428292072657475726E65642025732E2E
:109E100020706565725F69643A20256400436F7540
:109E20006C64206E6F74207570646174652072615B
:109E30006E6B2E207064625F7261775F73746F72F5
:109E40006528292072657475726E65642025732EED
:109E500020706565725F69643A20256400706565ED
:109E6000725F6D616E61676572002F557365727305
:109E70002F616C657862616C6477696E2F446573DD
:109E80006B746F702F4F70656E4E657276652D49DD
:109E90006D706C616E7461626C652D50756C73656C
:109EA0002D47656E657261746F722F46572D424C57
:109EB000452F6E5246355F53444B5F31372E312E5E
:109EC000302F636F6D706F6E656E74732F626C658B
:109ED0002F706565725F6D616E616765722F706569
:109EE00065725F6D616E616765725F68616E646CFB
:109EF00065722E6300706D5F636F6E6E5F73656376
:109F00007572652829206661696C656420626563E5
:109F10006175736520616E20534D502074696D65C5
:109F20006F75742069732070726576656E74696EE2
:109F300067207365637572697479206F6E20746829
:109F400065206C696E6B2E20446973636F6E6E655D
:109F50006374696E6720636F6E6E5F68616E646CB8
:109F6000652025642E0073645F626C655F676170B5
:109F70005F646973636F6E6E656374282920726510
:109F80007475726E6564202573206F6E20636F6E2A
:109F90006E5F68616E646C652025642E00706D5F75
:109FA000636F6E6E5F7365637572652829206661E5
:109FB000696C6564206265636175736520746865AA
:109FC0002073746F726564206461746120666F72BF
:109FD00020636F6E6E5F68616E646C65202564201F
:109FE000646F6573206E6F742068617665206120F0
:109FF00076616C6964206B65792E00706D5F636FAC
:10A000006E6E5F7365637572652829206661696C81
:10A010006564206265636175736520636F6E6E5F52
:10A0200068616E646C65202564206973206E6F74AE
:10A0300020612076616C696420636F6E6E65637465
:10A04000696F6E2E00417373657274696E672E209E
:10A05000706D5F636F6E6E5F7365637572652829DF
:10A060002072657475726E6564202573206F6E2092
:10A07000636F6E6E5F68616E646C652025642E0090
:10A08000417474656D7074696E6720746F20636CC1
:10A0900065616E20666C6173682E0044656C657442
:10A0A000696E67206C6F776573742072616E6B6583
:10A0B0006420706565722028706565725F69643A16
:10A0C0002025642900546865726520617265206EE0
:10A0D0006F20706565727320746F2064656C6574A1
:10A0E000652E00506565722072616E6B7320667517
:10A0F0006E6374696F6E616C697479206973206432
:10A10000697361626C65642C20736F206E6F2070C0
:10A1100065657273206172652064656C6574656441
:10A120002E002C206E6F206368616E676500436FA0
:10A130006E6E656374696F6E2073656375726564B6
:10A140003A20726F6C653A2025732C20636F6E6E17
:10A150005F68616E646C653A2025642C2070726FB4
:10A160006365647572653A20257300436F6E6E6592
:10A170006374696F6E2073656375726974792066A4
:10A1800061696C65643A20726F6C653A2025732CA6
:10A1900020636F6E6E5F68616E646C653A20307824
:10A1A00025782C2070726F6365647572653A20257E
:10A1B000732C206572726F723A20256400466C61C0
:10A1C00073682073746F72616765206973206675A8
:10A1D0006C6C00556E6578706563746564206661AB
:10A1E00074616C206572726F72206F636375727236
:10A1F00065643A206572726F723A2025730050656B
:10A200006572206461746120757064617465642096
:10A21000696E20666C6173683A20706565725F696B
:10A22000643A2025642C20646174615F69643A207B
:10A2300025732C20616374696F6E3A202573257332
:10A24000005065657220646174612075706461748A
:10A250006564206661696C65643A20706565725F4B
:10A2600069643A2025642C20646174615F69643AF2
:10A270002025732C20616374696F6E3A2025732C3E
:10A28000206572726F723A202573005065657220E6
:10A2900064656C6574656420737563636573736668
:10A2A000756C6C793A20706565725F69643A202537
:10A2B0006400506565722064656C6574696F6E201A
:10A2C0006661696C65643A20706565725F69643ABD
:10A2D0002025642C206572726F723A20257300412C
:10A2E0006C6C2070656572732064656C6574656460
:10A2F0002E00416C6C20706565722064656C65741D
:10A30000696F6E206661696C65643A206572726F70
:10A31000723A202573004C6F63616C2044422063C5
:10A320006F756C64206E6F74206265206170706C54
:10A330006965643A20636F6E6E5F68616E646C6518
:10A340003A2025642C20706565725F69643A202587
:10A350006400466C617368206761726261676520A2
:10A36000636F6C6C656374696F6E206661696C65A0
:10A37000642077697468206572726F722025732E6D
:10A3800000556E657870656374656420504D206576
:10A3900076656E742049443A20307825782E004145
:10A3A0007373657274696E672E00436F6E6E6563BA
:10A3B00074696F6E2073656375726974792069734F
:10A3C00020696E73756666696369656E742C2064B6
:10A3D0006973636F6E6E656374696E672E00557086
:10A3E000646174650044656C657465004F757464E0
:10A3F000617465642028302900536572766963654D
:10A40000206368616E6765642070656E64696E675D
:10A4100020666C6167004F75746461746564202800
:10A420003229004F757464617465642028332900F3
:10A430004170706C69636174696F6E2064617461EE
:10A440000052656D6F74652064617461626173654B
:10A4500000506565722072616E6B00426F6E6469B8
:10A460006E672064617461004C6F63616C2064618D
:10A470007461626173650043656E7472616C206122
:10A48000646472657373207265736F6C7574696F41
:10A490006E00456E6372797074696F6E00426F6E04
:10A4A00064696E670050616972696E6700496E7613
:10A4B000616C696420526F6C6500506572697068E8
:10A4C0006572616C0043656E7472616C00706565E5
:10A4D000725F6D616E616765725F68616E646C6505
:10A4E000720043616E6E6F742073656375726520D0
:10A4F0006C696E6B206265636175736520612070A5
:10A50000726576696F7573207365637572697479A6
:10A510002070726F63656475726520656E64656432
:10A5200020696E2074696D656F75742E204469739F
:10A53000636F6E6E65637420616E64207265747201
:10A54000792E20736D645F706172616D735F7265E7
:10A55000706C792829206F7220736D645F6C696E4E
:10A560006B5F7365637572652829207265747572F7
:10A570006E6564204E52465F4552524F525F5449B9
:10A580004D454F55542E20636F6E6E5F68616E644B
:10A590006C653A20256400436F756C64206E6F749F
:10A5A00020706572666F726D207365637572697471
:10A5B000792070726F6365647572652E20736D64A7
:10A5C0005F706172616D735F7265706C79282920AC
:10A5D0006F7220736D645F6C696E6B5F736563751A
:10A5E000726528292072657475726E656420257302
:10A5F0002E20636F6E6E5F68616E646C653A202515
:10A600006400436F756C64206E6F742070657266B1
:10A610006F726D2073656375726974792070726FE3
:10A620006365647572652E20736D645F6C696E6B13
:10A630005F73656375726528292072657475726E23
:10A6400065642025732E20636F6E6E5F68616E6493
:10A650006C653A20256400436F756C64206E6F74DE
:10A66000206163717569726520636F6E6E5F7374CC
:10A67000617465207573657220666C6167732E2046
:10A68000496E63726561736520424C455F434F4E6E
:10A690004E5F53544154455F555345525F464C41BC
:10A6A000475F434F554E5420696E207468652062A1
:10A6B0006C655F636F6E6E5F7374617465206D6F40
:10A6C00064756C652E00706565725F6D616E6167A3
:10A6D00065725F736D00436F756C64206E6F7420DC
:10A6E000636C65616E2075702061667465722066AA
:10A6F00061696C656420626F6E64696E6720707258
:10A700006F6365647572652E207064625F7772692D
:10A7100074655F6275665F72656C65617365282933
:10A720002072657475726E65642025732E20636FC8
:10A730006E6E5F68616E646C653A2025642E00431E
:10A740006F756C64206E6F742072657472696576C3
:10A75000652052414D2062756666657220666F7293
:10A7600020696E636F6D696E6720626F6E642E2064
:10A770007064625F77726974655F6275665F676552
:10A780007428292072657475726E65642025732E95
:10A7900020636F6E6E5F68616E646C653A2025643D
:10A7A00000696D5F626C655F616464725F676574A8
:10A7B00028292072657475726E65642025732E20B9
:10A7C000636F6E6E5F68616E646C653A2025642EFF
:10A7D000204C696E6B20776173206C696B656C79B6
:10A7E00020646973636F6E6E65637465642E0073B5
:10A7F000645F626C655F6761705F7365635F696EFC
:10A80000666F5F7265706C79282920726574757245
:10A810006E6564204E52465F45524F525F494E5618
:10A82000414C49445F53544154452C207768696337
:10A830006820697320616E6572726F7220756E6C2C
:10A8400065737320746865206C696E6B2069732072
:10A85000646973636F6E6E656374696E672E00431F
:10A860006F756C64206E6F7420636F6D706C6574AF
:10A870006520656E6372797074696F6E2070726F97
:10A880006365647572652E2073645F626C655F67D3
:10A8900061705F7365635F696E666F5F7265706C30
:10A8A0007928292072657475726E65642025732E6F
:10A8B00020636F6E6E5F68616E646C653A2025641C
:10A8C0002C20706565725F69643A2025642E005201
:10A8D000414D2062756666657220666F72206E65F6
:10A8E0007720626F6E642077617320756E61766188
:10A8F000696C61626C652E207064625F7772697446
:10A90000655F6275665F6765742829207265747576
:10A91000726E65642025732E20636F6E6E5F6861B2
:10A920006E646C653A2025642E00436F756C64205C
:10A930006E6F7420616C6C6F63617465206E6577F7
:10A9400020706565725F696420666F7220696E634E
:10A950006F6D696E6720626F6E642E00436F756C59
:10A9600064206E6F742073746F726520626F6E6402
:10A970002E207064625F77726974655F6275665FCE
:10A9800073746F726528292072657475726E6564C0
:10A990002025732E20636F6E6E5F68616E646C6538
:10A9A0003A2025642C20706565725F69643A202521
:10A9B0006400706565725F6D616E616765725F737B
:10A9C0006D6400546865206C6F63616C2064617411
:10A9D000616261736520686173206368616E676599
:10A9E000642C20736F20736F6D65207375627363C1
:10A9F00072697074696F6E7320746F206E6F746902
:10AA00006669636174696F6E7320616E6420696E3C
:10AA10006469636174696F6E7320636F756C642021
:10AA20006E6F7420626520726573746F7265642046
:10AA3000666F7220636F6E6E5F68616E646C652016
:10AA40002564006773636D5F6C6F63616C5F646244
:10AA50005F63616368655F6170706C79282920723B
:10AA6000657475726E656420257320776869636804
:10AA70002073686F756C64206E6F742068617070ED
:10AA8000656E2E20636F6E6E5F68616E646C653AF2
:10AA9000202564006773636D5F7365727669636513
:10AAA0005F6368616E6765645F696E645F73656E3E
:10AAB0006428292072657475726E65642025732080
:10AAC000666F7220636F6E6E5F68616E646C653A6C
:10AAD00020256400466C6173682066756C6C2E20BE
:10AAE000436F756C64206E6F742073746F72652091
:10AAF0006461746120666F7220636F6E6E5F68615F
:10AB00006E646C653A202564006773636D5F6C6FDB
:10AB100063616C5F64625F63616368655F757064E5
:10AB200061746528292072657475726E65642025CC
:10AB30007320666F7220636F6E6E5F68616E646C07
:10AB4000653A202564004341522063686172207693
:10AB5000616C756520636F756C646E277420626527
:10AB60002073746F72656420286572726F723A2068
:10AB70002573292E205265617474656D7074207779
:10AB8000696C6C2068617070656E206F6E207468EF
:10AB900065206E65787420636F6E6E656374696F8F
:10ABA0006E2E00556E65787065637465642047414C
:10ABB000545420737461747573207768696C6520D0
:10ABC00067657474696E67204341522063686172DF
:10ABD0002076616C75653A2030782578004D756C6B
:10ABE0007469706C652028256429204341522063D4
:10ABF00068617261637465726973746963732066F6
:10AC00006F756E642C207573696E6720746865209B
:10AC100066697273742E00556E657870656374652D
:10AC20006420434152206368617261637465726994
:10AC3000737469632076616C7565206C656E6774EA
:10AC40006820282564292C2073746F726520302EAB
:10AC500000706565725F6D616E616765725F6763E5
:10AC60006D00436F756C64206E6F742064656C6555
:10AC70007465207065657220646174612E2066645D
:10AC8000735F66696C655F64656C6574652829200F
:10AC900072657475726E6564203078257820666FF1
:10ACA0007220706565725F69643A20256400436FA5
:10ACB000756C64206E6F7420696E697469616C696B
:10ACC0007A6520666C6173682073746F7261676562
:10ACD0002E206664735F72656769737465722829D4
:10ACE0002072657475726E656420307825782E0048
:10ACF000436F756C64206E6F7420696E697469614E
:10AD00006C697A6520666C6173682073746F726118
:10AD100067652E206664735F696E697428292072E6
:10AD2000657475726E656420307825782E00436FE7
:10AD3000756C64206E6F742077726974652064612D
:10AD4000746120746F20666C6173682E2066647372
:10AD50005F7265636F72645F7B77726974657C751F
:10AD600070646174657D28292072657475726E65E2
:10AD70006420307825782E20706565725F69643AAA
:10AD800020256400706565725F6D616E6167657234
:10AD90005F70647300706D5F6275666665725F7088
:10ADA00074725F676574282920636F756C64206E08
:10ADB0006F742072657472696576652052414D200A
:10ADC0006275666665722E20626C6F636B5F696484
:10ADD0003A202564007064735F706565725F64611A
:10ADE00074615F73746F726528292072657475725F
:10ADF0006E65642025732E20706565725F69643A04
:10AE000020256400536F6D65207065657220646154
:10AE1000746120776173206E6F742070726F70653B
:10AE2000726C79207772697474656E20746F206615
:10AE30006C6173682E2077726974655F6275665FF6
:10AE400073746F726528292072657475726E6564FB
:10AE500020257320666F7220706565725F69643AA1
:10AE600020256400504D5F4255464645525F494E8D
:10AE7000495428292072657475726E6564202573A3
:10AE80002E0043616E6E6F742073746F7265206460
:10AE900061746120746F20666C6173682062656301
:10AEA0006175736520706D5F6275666665725F704F
:10AEB00074725F676574282920636F756C64206EF7
:10AEC0006F742072657472696576652052414D20F9
:10AED0006275666665722E20497320626C6F636BC3
:10AEE0005F6964202564206E6F7420616C6C6F63F1
:10AEF000617465643F005065657220494420256493
:10AF000020776173206E6F742070726F7065726C41
:10AF1000792072656C65617365642E207064735F5F
:10AF2000706565725F69645F667265652829207265
:10AF3000657475726E65642025732E207065657268
:10AF40005F69643A20256400706565725F6D616EAB
:10AF5000616765725F706462007065657220696424
:10AF60002025643A20506565722064617461206315
:10AF70006F756C64206E6F7420626520666F756EED
:10AF80006420696E20666C6173682E2052656D6F57
:10AF90007665207468652070656572204944206676
:10AFA000726F6D207468652070656572206C6973BE
:10AFB0007420616E642074727920616761696E2EFD
:10AFC00000706565722069642025643A20546865C4
:10AFD00020616464726573732073686172656420B4
:10AFE0006279207468652070656572206475726985
:10AFF0006E6720626F6E64696E672063616E6E6F4C
:10B00000742062652077686974656C69737465641F
:10B010002E2052656D6F76652074686520706565B9
:10B02000722049442066726F6D20746865207065D7
:10B030006572206C69737420616E6420747279206B
:10B04000616761696E2E00706565725F6D616E612A
:10B050006765725F696D007064735F706565725FCC
:10B06000646174615F73746F7265282920726574FE
:10B0700075726E6564202573207768696C6520732E
:10B08000746F72696E672073657276696365206399
:10B0900068616E676564737461746520666F7220A1
:10B0A000706565722069642025642E007064625F9B
:10B0B000706565725F646174615F7074725F67650B
:10B0C0007428292072657475726E6564202573205A
:10B0D000666F7220636F6E6E5F68616E646C653A56
:10B0E0002025640044696420616E6F746865722075
:10B0F000746872656164206D616E6970756C6174ED
:10B100006520504D5F504545525F444154415F4971
:10B11000445F474154545F4C4F43414C20666F722B
:10B1200020706565725F69642025642061742074F5
:10B1300068652073616D652074696D653F2070647A
:10B14000625F77726974655F6275665F72656C6570
:10B1500061736528292072657475726E6564202597
:10B16000732E0073645F626C655F67617474735FF4
:10B170007379735F617474725F73657428292072C8
:10B18000657475726E6564204E52465F4552524F2B
:10B19000525F494E56414C49445F444154412066F8
:10B1A0006F72204E554C4C20706F696E7465722022
:10B1B00077686963682073686F756C64206E657664
:10B1C00065722068617070656E2E20636F6E6E5FB1
:10B1D00068616E646C653A2025640073645F626C1C
:10B1E000655F67617474735F696E697469616C5FD0
:10B1F000757365725F68616E646C655F67657428FE
:10B20000292072657475726E6564202573207768D5
:10B210006963682073686F756C64206E6F74206852
:10B22000617070656E2E00706565725F6D616E6134
:10B230006765725F6773636D00626C655F6E7573DF
:10B24000002F55736572732F616C657862616C6451
:10B2500077696E2F4465736B746F702F4F70656ED6
:10B260004E657276652D496D706C616E7461626CAD
:10B27000652D50756C73652D47656E657261746FD1
:10B28000722F46572D424C452F6E5246355F534420
:10B290004B5F31372E312E302F636F6D706F6E65BF
:10B2A0006E74732F736F66746465766963652F635C
:10B2B0006F6D6D6F6E2F6E72665F7364682E6300C4
:10B2C0006E72665F736468002F55736572732F61C9
:10B2D0006C657862616C6477696E2F4465736B741A
:10B2E0006F702F4F70656E4E657276652D496D706B
:10B2F0006C616E7461626C652D50756C73652D4761
:10B30000656E657261746F722F46572D424C452FE2
:10B310006E5246355F53444B5F31372E312E302FFE
:10B32000636F6D706F6E656E74732F736F66746488
:10B3300065766963652F636F6D6D6F6E2F6E7266D4
:10B340005F7364685F626C652E630073645F626C38
:10B35000655F6366675F736574282920726574751D
:10B36000726E6564202573207768656E2061747441
:10B37000656D7074696E6720746F20736574204208
:10B380004C455F434F4E4E5F4346475F4741502E0B
:10B390000073645F626C655F6366675F73657428E2
:10B3A000292072657475726E656420257320776834
:10B3B000656E20617474656D7074696E6720746F5A
:10B3C0002073657420424C455F4741505F434647B8
:10B3D0005F524F4C455F434F554E542E0073645F90
:10B3E000626C655F6366675F7365742829207265A8
:10B3F0007475726E6564202573207768656E2061B0
:10B400007474656D7074696E6720746F20736574F1
:10B4100020424C455F434F4E4E5F4346475F474196
:10B4200054542E0073645F626C655F6366675F737C
:10B43000657428292072657475726E6564202573A1
:10B44000207768656E20617474656D7074696E67CD
:10B4500020746F2073657420424C455F434F4D4DFF
:10B460004F4E5F4346475F56535F555549442E0044
:10B4700073645F626C655F6366675F7365742829D8
:10B480002072657475726E65642025732077686517
:10B490006E20617474656D7074696E6720746F20BE
:10B4A00073657420424C455F47415454535F434693
:10B4B000475F415454525F5441425F53495A452EAD
:10B4C0000073645F626C655F6366675F73657428B1
:10B4D000292072657475726E656420257320776803
:10B4E000656E20617474656D7074696E6720746F29
:10B4F0002073657420424C455F47415454535F4369
:10B5000046475F534552564943455F4348414E477E
:10B5100045442E00496E73756666696369656E748D
:10B520002052414D20616C6C6F63617465642066CC
:10B530006F722074686520536F6674446576696322
:10B54000652E004368616E6765207468652052410E
:10B550004D207374617274206C6F636174696F6ED7
:10B560002066726F6D203078257820746F203078D7
:10B5700025782E004D6178696D756D2052414D2002
:10B5800073697A6520666F72206170706C6963619F
:10B5900074696F6E20697320307825782E0073648B
:10B5A0005F626C655F656E61626C652829207265FB
:10B5B0007475726E65642025732E006E72665F73FB
:10B5C00064685F626C65002F55736572732F616CE0
:10B5D000657862616C6477696E2F4465736B746F14
:10B5E000702F4F70656E4E657276652D496D706C6B
:10B5F000616E7461626C652D50756C73652D476565
:10B600006E657261746F722F46572D424C452F6ED6
:10B610005246355F53444B5F31372E312E302F6306
:10B620006F6D706F6E656E74732F736F6674646583
:10B63000766963652F636F6D6D6F6E2F6E72665FD7
:10B640007364685F736F632E63006E72665F73640A
:10B65000685F736F63006E72665F63727970746F98
:10B660005F6563635F6B65795F706169725F676572
:10B670006E657261746528292072657475726E65D5
:10B6800064206572726F7220307825782E006E7299
:10B69000665F63727970746F5F6563635F70756214
:10B6A0006C69635F6B65795F746F5F72617728297E
:10B6B0002072657475726E6564206572726F722097
:10B6C000307825782E006E72665F63727970746FC1
:10B6D0005F6563635F627974655F6F726465725FF3
:10B6E000696E7665727428292072657475726E654C
:10B6F00064206572726F7220307825782E006E7229
:10B70000665F63727970746F5F696E69742829204F
:10B7100072657475726E6564206572726F72203026
:10B720007825782E00547279696E6720746F2061D5
:10B730006363657373204C455343207075626C6975
:10B7400063206B6579207468617420686173206E72
:10B750006F74206265656E2067656E6572617465E1
:10B7600064207965742E0043616C6C696E67207388
:10B77000645F626C655F6761705F6C6573635F6473
:10B78000686B65795F7265706C79206F6E20636F8E
:10B790006E6E5F68616E646C653A2025640043726A
:10B7A000656174696E6720696E76616C6964207387
:10B7B00068617265642073656372657420746F20BC
:10B7C0006D616B65204C455343206661696C2E00AA
:10B7D00073645F626C655F6761705F6C6573635F04
:10B7E0006F6F625F646174615F7365742829207292
:10B7F000657475726E6564206572726F7220307840
:10B8000025782E0052656D6F746520706565722015
:10B810006973207573696E67206964656E74696306
:10B82000616C207075626C6963206B65792E006EA7
:10B8300072665F63727970746F5F6563635F707562
:10B84000626C69635F6B65795F66726F6D5F726171
:10B850007728292072657475726E6564206572722E
:10B860006F7220307825782E006E72665F626C658C
:10B870005F6C65736300537461636B206F766572F0
:10B88000666C6F772064657465637465642E0072FE
:10B890006E6700524E4700000000000000000000EC
:10B8A0000738FDD87047000061950100DD95010063
:10B8B0005D950100082D00207F000000F02C002085
:10B8C000098F0200478F02000E8F02004F8F020087
:10B8D000578F02005F8F0200678F02006F8F020098
:10B8E000778F0200000000007F8F0200858F02002A
:10B8F0008D8F0200928F020000000000782E002041
:10B90000B9A0010001000600FFFFFFFFFFFFFFFFDE
:10B91000FFFFFFFFFFFFFFFF00000000000000002F
:10B920000000D60106010000000000000000000039
:10B930000738FDD87047303132333435363738392F
:10B9400041424344454600001C8D02001C8D02000C
:10B95000040000000000000020910200010000002F
:10B960002C910200020000004A9102000300000036
:10B970006B910200040000007E91020005000000AF
:10B980008F91020006000000A39102000700000052
:10B99000BB91020008000000D391020009000000E2
:10B9A000EB9102000A000000049202000B0000006C
:10B9B0001C9202000C000000339202000D000000F7
:10B9C000479202000E000000599202000F00000092
:10B9D00068920200100000007C920200110000003A
:10B9E0009392020012000000A292020013000000D5
:10B9F000B792020080000000CB920200810000009C
:10BA0000EC92020082000000089302008300000014
:10BA1000249302008400000042930200850000008D
:10BA200063930200860000008893020090000000EB
:10BA30009F93020091000000BD930200920000005D
:10BA4000DB93020000820000F093020001820000FC
:10BA50000E940200028200002A940200008400007A
:10BA600046940200018400006A94020002840000EF
:10BA70009494020003840000B9940200556E6B6E2A
:10BA80006F776E206572726F7220636F646500005D
:10BA90000000FFFFDEC0ADDEFE011EF1DEC0ADDE48
:10BAA000FF011EF16E72665F6673746F7261676587
:10BAB0005F6572617365006E72665F6673746F7244
:10BAC0006167655F7772697465006E72665F667341
:10BAD000746F726167655F696E69740095C5010076
:10BAE00075C5010065C50100ADC701005DC7010056
:10BAF00039C501003DC5010041C50100001000002D
:10BB0000040000000100000050230020004000401D
:10BB100000000000FF000000FF000000FF00000028
:10BB2000FF00000000000000FFFF0600702300205F
:10BB30001200000014000000FFFFFFFFFFFFFFFFE7
:10BB40000000000000E0D701706D5F7065657273E2
:10BB50005F64656C65746500706D5F706565725FCC
:10BB60006E657700706D5F696E6974000100060094
:10BB700068450020DEA30200E5A30200ECA302005A
:10BB8000F9A3020016A4020023A4020030A40200BC
:10BB900041A4020051A402005BA4020068A40200B8
:10BBA00077A4020092A402009DA40200A5A40200B2
:10BBB000ADA40200BAA40200C5A402000000000067
:10BBC000010000000100FFFF000000000100000074
:10BBD00001000100CCBB020001000100C8BB020053
:10BBE0009ECADC240EE5A9E093F3A3B50000406EE5
:10BBF0003C8D02004C8D020008000000248D0200E4
:10BC00003C8D0200080000001C8D0200248D020003
:10BC10000800000001000007C48C02001C8D020017
:10BC200008000000B48C0200C48C02000800000070
:10BC3000D9470200D9470200D9470200C94702008C
:10BC4000C9470200C94702000000000000000000D0
:10BC5000054802002F4802006B4802000000000067
:10BC6000A9480200C1480200FFFFFFFF00000000DA
:10BC7000FFFFFFFFFFFFFFFFBCE6FAADA7179E84A3
:10BC8000F3B9CAC2FC6325500000000000000000A8
:10BC900000000000000000000000000000000000A4
:10BCA00000000000000000014800280000204000C3
:10BCB000158B0200010600000900000000000000D2
:10BCC0000000000000000000000000000000000074
:10BCD0000000000000000000000000000000000064
:10BCE0000000000000000000000000000000000054
:10BCF0000000000000000000010000000000000043
:10BD00000000000000000000000000000000000033
:10BD100000000000000000001AD5258F602D56C9D4
:10BD2000B2A7259560C72C695CDCD6FD31E2A4C0C2
:10BD3000FE536ECDD33669215866666666666666C2
:10BD40006666666666666666666666666666666693
:10BD500066666666666666660ECE43284EA1C58335
:10BD60005FA4D715458E0D08ACE733187D3B043D25
:10BD70006C045A9F4C38AB36C9A3F86AAE465F0EC6
:10BD800056513864510F3997561FA2C9E85EA21D5B
:10BD9000C2292309F3CD60225CE2F8D35F4862AC8C
:10BDA00086486281199843633AC8DA3E74AEF41F3C
:10BDB000498F92224A9CAE67D4B4F5784868C30292
:10BDC0000403246717EC169FF79E26608EA126A118
:10BDD000AB69EE77D1B1671270F8C9C457A63A497A
:10BDE0004715CE93C19E731AF920357AB8D42583AE
:10BDF00046F1CF56DBA83D202F1132CA61AB38DFA8
:10BE0000F00F2FEA3228F24C6C71D58085B80E47BE
:10BE1000E19515CB27E8D04733F22E32C09C4091F4
:10BE2000A5E11B3EF919285CDEA52DD1F77CEFFCBE
:10BE30007B58E3AD3EA7FD49EDC876D6831FD210EF
:10BE40005D0B4389CA2E283166469289146E2CE018
:10BE50006FAEFE98B225485F3DF2CB7D1A743A78FA
:10BE600027447B6C8299E5A1BE290ADDC0ACAE6295
:10BE70001C60457ABA97974CF47E49F9D07AD2C1C2
:10BE8000606B4D94067C41F9777D4FFDA709B71D86
:10BE9000A1D88628FCE34D0507410EF51A985558A0
:10BEA00095CEF1BBF309E88307811D4B19EEE3E959
:10BEB0004EBDF4FC85865614B862409FB5C4C412CA
:10BEC0003DF2ABF7462B88F041AD36DD6864CE8796
:10BED0002FD5472BE363C531C884A508BCFD873B3C
:10BEE000998B69807BC63AEB93CF4EF85C2D8642E6
:10BEF000B671D7975FE14267B4B937FCA95B2F1ED3
:10BF000093E41E62FC3C78818FF38A66096FAD6E04
:10BF10007973E5C90006D32102FE541218CA7DA523
:10BF20006843A36D142A6AA58E32E7634FE3C644C3
:10BF30003EAB63CA1786743F1E64C17D52DC135A40
:10BF4000A19C4EEE9928BB4CEEACA91B89A23839B6
:10BF50007BC40F42E689ED0FF33C8C8083108A3757
:10BF6000509CB4DF3F8CF72307D6FFA0826C753B53
:10BF7000E4B5BBE4E650F00862EE75489233F2F4A3
:10BF8000AD157AA10146A9320688B6364735B9B44F
:10BF9000428576F04800903851159DC395D139BB44
:10BFA000649D1581C168D0B6A42C7D5E023900E085
:10BFB0003BA4CCCA1D812410E729F937D9465ACDB4
:10BFC00070FE4D5BBFA5CF91F4EFEE8A29D0E7C498
:10BFD00025928AFF36FCE449BD00B9047D35FCEBAF
:10BFE000D00B0532527A89247550E16302828EE7C4
:10BFF000850CF256443783258FA1CECB60DA12022E
:10C000001E29392A03B7EB7740EAC92B2CD57D7E50
:10C010002CC75AFDFFC4D1620EA573401A5E60366C
:10C02000D215E3CF17DACB5CD35AC38ACC4172D690
:10C030000A9022217152016175B10317267BA9E78D
:10C04000083CF66C444C05929C86F9955E6A2B245C
:10C05000EAF9ADC76F247E2EBA921C421522E38006
:10C0600056D1B29F3598DDE2C23DADEAE9744A008F
:10C0700078C277C1CB67BA2FD791EAE8D6F2C0155C
:10C0800005E5F4874B89D4382D0DDD836FD4DD6C45
:10C09000E7B3AF0BC148393607B911B0B03D83647F
:10C0A00022547B636735EBE66CD3C056C0C0A186D3
:10C0B0000FCD1EB6A392084D6FAB9F81AAAA95B073
:10C0C000D8B7F57750A7BFA8CC0E8A4A34FD0EB377
:10C0D000B1531E9A4639EC381D88985B4EFC4124BA
:10C0E00005E6502BAE9651D96B72B233429868BBBD
:10C0F000105A7A8C9D07B4052F619FD7A83F838C77
:10C10000106990E6CFD263A3E4547EE569131C90D6
:10C1100057AAE953224329238A641E140A57D4DA02
:10C120005C969B014C67BF8B30FE08DB0DD5A8D712
:10C13000091185A2D345FB7EDA8CC2D0AC18E85237
:10C1400036D421A3DD572279B7F8719DC691708648
:10C1500056BFA1118B19E10F1832982C8F91AE1296
:10C16000F08CEAF33CB95DE469EDB24718BDCE1638
:10C17000525C23E2A525525DB9B1E75D4EBCEEBB32
:10C180004081778219ABB5C6EEAB5B6B63928A34A4
:10C190008DCDEE4F49E5C97E21AC8B22CDC39AE906
:10C1A0005E78BDDEBAADABBF754109C558A47D92BE
:10C1B000B07FF2A1D1C0B36D624FD07577BA7677F8
:10C1C000D7B8D8926F98343DD64E1C0FF08F2EF111
:10C1D000B3BDB1B9EC99B40760572E9A721D6B6E5E
:10C1E0005833248C4839468E896A88512362B53287
:10C1F0000936E357F598DE6F8B2C00484AF95B87C8
:10C200006952E55BD1B1E52525E09CC21344E8B94C
:10C210000A70ADBD0F519469D5B4E86E407CB0078B
:10C2200064071FA9F195BDD94F5DD44EF85734FA74
:10C23000BD8F70B9F5D9D47316E569C6FCC7176A06
:10C2400073E3CC322BA50FB21637D0A2A6F15D86D0
:10C250000A1ED4E7CE146E25A9A811A2A643BF508A
:10C26000038B3221D34E152A9AFBBBCBA3B6B20364
:10C2700013F6B684C170335C7ED00A9A26D7767ED8
:10C2800038310339D96D890511AB11DD45AA355D0A
:10C29000002433E9D9522A29999C3814F009BFF8AF
:10C2A000406DFB4337F2B5D390F4A2BDC8704CF19A
:10C2B000B62A56F9EEF89D0F30E73BB34E679ADD8C
:10C2C0006E29307440EE09B542C8F4525AB751375E
:10C2D000E40F97735BC0DD42A2DCABA9252DAC5FF8
:10C2E000033308E77EFE95363C5B3AD305821C9506
:10C2F0002DD8777E02D95B70C2FE1B0C67CDD6E0CD
:10C30000518E2CE07988F0CF414AAD23D446CA94AF
:10C31000A1C3EB2806FA171459F1B226949BD6EB69
:10C3200056B183829A14E00030D1F3EEF2808E1978
:10C33000E7FCDF56DCD90624512563FCC2CAB9F3F9
:10C34000849E17A7ADFAE6BCFFFFFFFFFFFFFFFFCC
:10C3500000000000FFFFFFFFEDD3F55C1A631258E9
:10C36000D69CF7A2DEF9DE140000000000000000F9
:10C37000000000000000001022AE28D7982F8A424B
:10C38000CD65EF23914437712F3B4DECCFFBC0B50A
:10C39000BCDB8981A5DBB5E938B548F35BC256390A
:10C3A00019D005B6F111F1599B4F19AFA4823F92F4
:10C3B00018816DDAD55E1CAB420203A398AA07D898
:10C3C000BE6F7045015B83128CB2E44EBE85312492
:10C3D000E2B4FFD5C37D0C556F897BF2745DBE72EC
:10C3E000B196163BFEB1DE803512C725A706DC9B51
:10C3F000942669CF74F19BC1D24AF19EC1699BE436
:10C40000E3254F388647BEEFB5D58C8BC69DC10F4F
:10C41000659CAC77CCA10C2475022B596F2CE92DAF
:10C4200083E4A66EAA84744AD4FB41BDDCA9B05C47
:10C43000B5531183DA88F976ABDF66EE52513E9838
:10C440001032B42D6DC631A83F21FB98C82703B028
:10C45000E40EEFBEC77F59BFC28FA83DF30BE0C605
:10C4600025A70A934791A7D56F8203E05163CA06B7
:10C47000706E0E0A67292914FC2FD246850AB72749
:10C4800026C9265C38211B2EED2AC45AFC6D2C4D82
:10C49000DFB3959D130D3853DE63AF8B54730A657C
:10C4A000A8B2773CBB0A6A76E6AEED472EC9C281D8
:10C4B0003B358214852C72926403F14CA1E8BFA233
:10C4C000013042BC4B661AA89197F8D0708B4BC2D2
:10C4D00030BE5406A3516CC71852EFD619E892D15A
:10C4E00010A96555240699D62A20715785350EF472
:10C4F000B8D1BB3270A06A10C8D0D2B816C1A41986
:10C5000053AB4151086C371E99EB8EDF4C774827AF
:10C51000A8489BE1B5BCB034635AC9C5B30C1C39FB
:10C52000CB8A41E34AAAD84E73E363774FCA9C5B38
:10C53000A3B8B2D6F36F2E68FCB2EF5DEE828F74B3
:10C54000602F17436F63A57872ABF0A11478C8848D
:10C55000EC39641A0802C78C281E6323FAFFBE90C8
:10C56000E9BD82DEEB6C50A41579C6B2F7A3F9BE23
:10C570002B5372E3F27871C69C6126EACE3E27CA3D
:10C5800007C2C021C7B886D11EEBE0CDD67DDAEA5E
:10C5900078D16EEE7F4F7DF5BA6F1772AA67F006FD
:10C5A000A698C8A2C57D630AAE0DF9BE04983F11D6
:10C5B0001B471C13350B711B847D0423F577DB2887
:10C5C0009324C7407BABCA32BCBEC9150ABE9E3C91
:10C5D0004C0D109CC4671D43B6423ECBBED4C54C27
:10C5E0002A7E65FC9C297F59ECFAD63AAB6FCB5F6B
:10C5F0001758474A8C19446C96C298D84539A1F40B
:10C60000A033EB2D817D0377F240A463E5E6BCF80F
:10C6100047422CE1F2D1176BF551BF376840B6CBDA
:10C62000CE5E316B5733CE2B169E0F7C4AEBE78ED6
:10C630009B7F1AFEE242E34F512563FCC2CAB9F365
:10C64000849E17A7ADFAE6BCFFFFFFFFFFFFFFFFC9
:10C6500000000000FFFFFFFFAAAAAAAAAAAAAAAA8E
:10C66000AAAAAAAA55555555555555555555555526
:10C670000000000055555555FCFFFFFFFFFFFFFF71
:10C68000FFFFFFFF000000000000000000000000AE
:10C6900001000000FFFFFFFF4B60D2273E3CCE3B76
:10C6A000F6B053CCB0061D65BC86987655BDEBB38D
:10C6B000E7933AAAD835C65A522563FCC2CAB9F3E1
:10C6C000849E17A7ADFAE6BCFFFFFFFFFFFFFFFF49
:10C6D00000000000FFFFFFFF9DC7020014C802001A
:10C6E000A0C7020053756E646179004D6F6E64617E
:10C6F000790054756573646179005765646E65737C
:10C700006461790054687572736461790046726976
:10C7100064617900536174757264617900004A61E3
:10C720006E75617279004665627275617279004D4D
:10C730006172636800417072696C004D6179004AF2
:10C74000756E65004A756C79004175677573740084
:10C7500053657074656D626572004F63746F6265D6
:10C7600072004E6F76656D62657200446563656D3B
:10C770006265720000414D00504D0000256D2F256F
:10C78000642F25790025483A254D3A255300256127
:10C7900020256220256520255420255900430000CE
:10C7A000458C0200658C0200718C02007D8C0200B9
:10C7B0009D8C0200A98C02000B8C0200D98B020018
:10C7C00053756E004D6F6E005475650057656400BB
:10C7D000546875004672690053617400004A616EC6
:10C7E00000466562004D617200417072004D6179D2
:10C7F000004A756E004A756C00417567005365709C
:10C80000004F6374004E6F760044656300002E0095
:10C81000000000000EC8020010C8020010C802008C
:10C8200010C8020010C8020010C8020010C80200A0
:10C8300010C8020010C8020010C80200FFFFFFFF6E
:10C84000FFFFFFFFFFFFFFFFFFFF0000E4C6020046
:10C85000C0C702001EC70200DDC7020075C7020084
:10C860007CC7020085C702008EC70200202020205E
:10C870002020202020682828282820202020202050
:10C8800020202020202020202020202048101010B0
:10C8900010101010101010101010101084848484C8
:10C8A000848484848484101010101010108181817D
:10C8B00081818101010101010101010101010101E8
:10C8C000010101010101011010101010108282827B
:10C8D00082828202020202020202020202020202B8
:10C8E00002020202020202101010102000070320B0
:09C8F000041702010857104080F2
:10C8FC0000000000FF0000000010014011000400C7
:10C90C00000000000020004000000000002000405B
:10C91C00000000000090D003FFFF00001800000092
:10C92C0025320020FFFF01000200FFFF1C23002026
:10C93C0000000000000000000000000000000000EB
:10C94C00000000003823002000000000E833002025
:10C95C0001000400303030303030FF004C23002018
:10C96C00FFFF00000000000000000000FFFFFFFFC1
:10C97C00FFFFFFFF000000000000000000000000AF
:10C98C00000000000000000000000000FFFFFFFF9F
:10C99C00FFFFFFFF0000000000000000000000008F
:10C9AC00000000001801FFFFFFFFFFFFFFFFFFFF6C
:0EC9BC00FFFFFFFFFFFF1818181818181818B3
:10C9CC00D8C60200D8C60200D8C60200D8C60200DB
:04C9DC00D8C60200B7
:00000001FF
