UNITS=MM
#Layer_Physical_Order=3
#Layer_Color=6736896
#
#Feature symbol names
#
$0 r76.2
$1 r127
$2 r101.6
$3 r101.99878
$4 r152.4
$5 r381
$6 r203.2
$7 r152.00122
$8 r1100.00034
$9 r304.8
$10 r202.99934

#
#Feature attribute names
#
@0 .geometry
@1 .pad_usage

#
#Feature attribute text strings
#
&0 Pad_Simple_X1100.0003Y1100.0003H499.9990C499.9990
&1 VIA_D0.0000H152.4000C152.4102
&2 VIA_D0.0000H152.4000C152.4000
&3 VIA_D0.0000H101.6000C101.6000
&4 VIA_D0.0000H101.9988C102.0089
&5 VIA_RoundD304.8000H152.4000C152.4000

#
#Layer features
#
A 1.7661128 25.58999454 1.7661255 25.58946368 1.84229248 25.59152108 0 P 0 N
L -0.119888 1.6239998 0.16500094 1.90888874 2 P 0
L -0.12722606 28.85832938 -0.12722606 29.1891339 2 P 0
L -0.12874244 2.74386802 -0.12874244 2.9427678 2 P 0
L -0.12874244 2.74386802 0.16500094 2.45012464 2 P 0
L -0.15327884 2.13970362 -0.15327884 2.25017584 2 P 0
L -0.15327884 2.25017584 -0.11439906 2.28905562 2 P 0
L -0.3299714 1.95718938 -0.3299714 1.96301106 2 P 0
L -0.3299714 1.96301106 -0.15327884 2.13970362 2 P 0
L -0.3586099 23.77300554 -0.3586099 24.10381006 2 P 0
L -0.3680968 25.68724098 -0.3680968 25.68725368 0 P 0
L -0.3680968 25.68725368 0.10412476 26.15947524 0 P 0
L -0.4318 31.9453006 -0.4318 31.9721992 0 P 0
L -0.4956048 14.15842228 -0.4956048 17.7618644 0 P 0
L -0.56383936 25.7070225 -0.56383936 31.81326124 0 P 0
L -0.56383936 31.81326124 -0.4318 31.9453006 0 P 0
L -0.635 17.9012596 -0.4956048 17.7618644 0 P 0
L -0.635 17.9012596 -0.635 18.3134 0 P 0
L -0.635 18.3134 -0.4826 18.4658 0 P 0
L -0.64255904 0.27644852 -0.64255904 1.77961036 2 P 0
L -0.64544448 19.17464288 -0.4700016 18.9992 0 P 0
L -0.64544448 19.17464288 -0.64544448 25.4098933 0 P 0
L -0.64544448 25.4098933 -0.3680968 25.68724098 0 P 0
L -0.7112 13.1540377 -0.19877024 13.1540377 2 P 0
L -0.7115048 17.43914978 -0.7115048 17.46094806 0 P 0
L -0.78829916 32.37160658 -0.78829916 32.67331032 4 P 0
L -0.79784448 17.54728774 -0.7115048 17.46094806 0 P 0
L -0.79784448 17.54728774 -0.79784448 25.47301738 0 P 0
L -0.79784448 25.47301738 -0.56383936 25.7070225 0 P 0
L -0.87737442 31.64532914 -0.87737442 31.97613366 4 P 0
L -0.87737442 32.76238558 -0.78829916 32.67331032 4 P 0
L -0.87737442 32.76238558 -0.87737442 32.77613206 4 P 0
L -0.894969 44.6931288 -0.894969 45.02393332 4 P 0
L -0.93957394 28.86253054 -0.93957394 29.19333506 2 P 0
L -0.94467172 16.0767903 -0.94467172 16.37759742 2 P 0
L -0.94467172 16.37759742 -0.9391142 16.38315494 2 P 0
L -0.95022924 16.07123278 -0.94467172 16.0767903 2 P 0
L -1.09587538 33.0638277 -1.09587538 33.39463222 4 P 0
L -1.17024912 16.32940346 -1.17024912 27.43664312 0 P 0
L -1.24628656 14.4812004 -1.24628656 16.25336602 0 P 0
L -1.24628656 16.25336602 -1.17024912 16.32940346 0 P 0
L -1.24842524 27.51481924 -1.17024912 27.43664312 0 P 0
L -1.24842524 27.51481924 -1.24842524 30.76237942 0 P 0
L -1.24842524 30.76237942 -1.0508996 30.95990506 0 P 0
L -1.39784074 23.75116408 -1.39784074 27.2809208 2 P 0
L -1.39784074 27.2809208 -1.3956792 27.28308234 2 P 0
L -1.40000482 23.749 -1.39784074 23.75116408 2 P 0
L -1.48742654 31.24532994 -1.48742654 31.57613446 4 P 0
L -1.48742654 32.04532834 -1.48742654 32.37613286 4 P 0
L -1.53440384 2.67145516 -0.64255904 1.77961036 2 P 0
L -1.79077112 28.8708973 -1.77791872 28.8580449 2 P 0
L -1.79077112 28.8708973 -1.79077112 29.17654566 2 P 0
L -1.80317394 29.71406554 -1.80317394 30.04487006 2 P 0
L -1.80362606 29.1894006 -1.79077112 29.17654566 2 P 0
L -2.05000098 12.6040261 -0.4956048 14.15842228 0 P 0
L -2.2372066 2.43621814 -2.2372066 2.49120406 2 P 0
L -2.2713061 27.73690668 -2.2713061 28.0677112 2 P 0
L -2.38835692 0.50504852 -2.38835692 2.28506782 2 P 0
L -2.38835692 2.28506782 -2.2372066 2.43621814 2 P 0
L -2.42712748 12.88721832 -2.38934752 12.92499828 2 P 0
L -2.5539573 40.7162 -2.5539573 41.1123511 2 P 0
L -2.5921081 12.88721832 -2.42712748 12.88721832 2 P 0
L -2.74091908 11.6225701 -2.73536156 11.61701258 2 P 0
L -2.74091908 11.6225701 -2.74091908 11.92337722 2 P 0
L -2.7464766 11.92893474 -2.74091908 11.92337722 2 P 0
L -2.74796504 13.06550346 -2.72852642 13.04606484 2 P 0
L -2.74796504 13.06550346 -2.74796504 13.38258436 2 P 0
L -2.7722195 13.40683882 -2.74796504 13.38258436 2 P 0
L -2.8042489 12.5699012 -2.8042489 12.67507752 2 P 0
L -2.8042489 12.67507752 -2.5921081 12.88721832 2 P 0
L -2.81962606 29.38472914 -2.81962606 29.71553366 2 P 0
L -2.82368752 12.55046258 -2.8042489 12.5699012 2 P 0
L -2.8702 14.02020056 -2.40000028 13.55000084 0 P 0
L -2.8702 14.02020056 -2.8702 22.1904687 0 P 0
L -2.87093152 22.19120022 -2.8702 22.1904687 0 P 0
L -3.08357524 23.77532964 -3.08357524 24.10613416 2 P 0
L -3.24091808 15.37257022 -3.23536056 15.3670127 2 P 0
L -3.24091808 15.37257022 -3.24091808 15.67337734 2 P 0
L -3.2464756 15.67893486 -3.24091808 15.67337734 2 P 0
L -3.3198181 26.60068848 -3.3198181 32.92515894 0 P 0
L -3.40107524 33.00641608 -3.3198181 32.92515894 0 P 0
L -3.40107524 33.00641608 -3.40107524 33.06827524 0 P 0
L -3.48408498 12.70162306 -3.47852746 12.69606554 2 P 0
L -3.48408498 12.70162306 -3.48408498 13.00243018 2 P 0
L -3.48878144 15.97502012 -3.48878144 19.27857714 0 P 0
L -3.48878144 19.27857714 -3.48876112 19.27859746 0 P 0
L -3.48880176 15.9749998 -3.48878144 15.97502012 0 P 0
L -3.4896425 13.0079877 -3.48408498 13.00243018 2 P 0
L -3.49091758 13.49757016 -3.48536006 13.49201264 2 P 0
L -3.49091758 13.49757016 -3.49091758 13.79837728 2 P 0
L -3.4964751 13.8039348 -3.49091758 13.79837728 2 P 0
L -3.544443 14.53116982 -3.544443 14.83197694 2 P 0
L -3.544443 14.83197694 -3.53888548 14.83753446 2 P 0
L -3.55000052 14.5256123 -3.544443 14.53116982 2 P 0
L -3.56272592 20.82433986 -3.56272592 26.35778066 0 P 0
L -3.56272592 26.35778066 -3.3198181 26.60068848 0 P 0
L -3.5865181 29.0647882 -3.5865181 29.39559272 2 P 0
L -3.6665662 14.07806684 -3.6322 14.07806684 0 P 0
L -3.74480074 26.51317786 -3.74480074 27.49719926 0 P 0
L -3.76097292 11.63631912 -3.7554154 11.6307616 2 P 0
L -3.76097292 11.63631912 -3.76097292 11.93712624 2 P 0
L -3.76653044 11.94268376 -3.76097292 11.93712624 2 P 0
L -3.76869706 14.1801977 -3.6665662 14.07806684 0 P 0
L -3.78151644 14.1801977 -3.76869706 14.1801977 0 P 0
L -3.8354 14.23408126 -3.78151644 14.1801977 0 P 0
L -3.8354 14.23408126 -3.8354 21.75745458 0 P 0
L -3.8354 21.75745458 -3.8354 24.5872 0 P 0
L -3.8354 24.5872 -3.8354 26.4225786 0 P 0
L -3.8354 26.4225786 -3.74480074 26.51317786 0 P 0
L -3.98324324 27.73564176 -3.74480074 27.49719926 0 P 0
L -3.98324324 27.73564176 -3.98324324 32.2188967 0 P 0
L -4.1109138 14.4925669 -4.11036008 14.49201318 2 P 0
L -4.1109138 14.4925669 -4.1109138 14.82471254 2 P 0
L -4.1109138 14.82471254 -4.1064688 14.82915754 2 P 0
L -4.1159176 12.70162306 -4.1159176 13.00243018 2 P 0
L -4.1159176 13.00243018 -4.11036008 13.0079877 2 P 0
L -4.12147512 12.69606554 -4.1159176 12.70162306 2 P 0
L -4.24994324 30.96063404 -4.24994324 31.29143856 2 P 0
L -4.31777394 29.96406504 -4.31777394 30.29486956 2 P 0
L -4.33269898 27.8432641 -4.33269898 28.17406862 2 P 0
L -4.34514244 23.69956144 -4.34514244 24.03036596 2 P 0
L -4.34514244 24.55983404 -4.34514244 24.89063856 2 P 0
L -4.3590845 15.37257022 -4.3590845 15.67337734 2 P 0
L -4.3590845 15.67337734 -4.35352698 15.67893486 2 P 0
L -4.36464202 15.3670127 -4.3590845 15.37257022 2 P 0
L -4.39381392 32.62946738 -3.98324324 32.2188967 0 P 0
L -4.39381392 32.62946738 -4.39381392 33.96189042 0 P 0
L -4.69666066 26.51795052 -4.69666066 26.84875504 2 P 0
L -4.8590835 11.6225701 -4.8590835 11.92337722 2 P 0
L -4.8590835 11.92337722 -4.85352598 11.92893474 2 P 0
L -4.86464102 11.61701258 -4.8590835 11.6225701 2 P 0
L -5.2664741 32.0542285 -5.2664741 32.38503302 4 P 0
L -5.44752784 14.63368168 -5.44752784 24.04032784 0 P 0
L -5.44760912 14.6336004 -5.44752784 14.63368168 0 P 0
L -5.65172606 24.24452606 -5.44752784 24.04032784 0 P 0
L -5.65172606 24.24452606 -5.65172606 33.30523692 0 P 0
L -5.70300104 33.3565119 -5.65172606 33.30523692 0 P 0
L -5.70300104 33.3565119 -5.70300104 33.3908781 0 P 0
L -5.8928 13.38457318 -5.8928 13.4112 2 P 0
L -5.89734152 9.187561 -5.89734152 9.51836552 2 P 0
L -5.91842606 31.65172994 -5.91842606 31.98253446 4 P 0
L -5.9699144 23.89197914 -5.9699144 23.94803948 4 P 0
L -5.9699144 23.94803948 -5.9407552 23.97719868 4 P 0
L -6.0198 11.176 -6.0198 13.25757318 2 P 0
L -6.0198 13.25757318 -5.8928 13.38457318 2 P 0
L -6.2616588 23.60023474 -5.9699144 23.89197914 4 P 0
L -6.26551706 16.02662276 -6.26551706 16.32742988 2 P 0
L -6.26551706 16.32742988 -6.25995954 16.3329874 2 P 0
L -6.27107458 16.02106524 -6.26551706 16.02662276 2 P 0
L -6.41058154 18.34533034 -6.41058154 18.67613486 2 P 0
L -6.41058154 19.06826514 -6.41058154 19.39906966 2 P 0
L -6.47054078 25.30336062 -6.47054078 25.63416514 4 P 0
L -6.73960552 28.53473084 -6.73960552 28.86553536 4 P 0
L -6.93457338 27.6074505 -6.93457338 27.93825502 2 P 0
L -7.37772972 30.07701122 -7.37772972 30.40781574 2 P 0
L -7.42556046 11.036554 -7.42448096 11.0354745 2 P 0
L -7.42556046 11.036554 -7.42556046 11.34130828 2 P 0
L -7.42663996 11.34238778 -7.42556046 11.34130828 2 P 0
L -7.44157516 31.85238994 -7.44157516 32.18319446 2 P 0
L -7.5256263 19.34486352 -7.5256263 19.67566804 2 P 0
L -7.7069188 16.7024812 -7.7069188 18.53552554 0 P 0
L -7.7069188 18.53552554 -7.6922376 18.55020674 0 P 0
L -7.7216 16.6878 -7.7069188 16.7024812 0 P 0
L -7.80966688 23.4521121 -7.80401792 23.44646314 2 P 0
L -7.80966688 23.4521121 -7.80966688 26.88673312 2 P 0
L -7.80966688 26.88673312 -7.4422 27.2542 2 P 0
L -8.18115712 10.72115712 -7.62 10.16 0 P 0
L -8.18115712 10.72115712 -8.18115712 21.85340562 0 P 0
L -8.18115712 21.85340562 -8.06120816 21.97335458 0 P 0
L -8.41021432 30.45866654 -8.41021432 30.78947106 4 P 0
L -8.51525602 24.1748437 -8.51525602 26.194512 0 P 0
L -8.51525602 26.194512 -8.50871552 26.2010525 0 P 0
L -8.52179906 24.16830066 -8.51525602 24.1748437 0 P 0
L -8.5335745 17.42772994 -8.5335745 17.75853446 2 P 0
L -8.54701364 18.78510594 -8.54701364 19.11591046 2 P 0
L -8.68505756 19.75923404 -8.68505756 20.09003856 4 P 0
L -8.83860056 18.1102 -8.83860056 18.44100452 2 P 0
L -9.02026644 31.13572894 -9.02026644 31.46653346 4 P 0
L -9.12754334 27.27473082 -9.12754334 27.60553534 2 P 0
L -9.17898088 20.46020292 -9.17898088 20.79100744 2 P 0
L -9.22509712 19.66020198 -9.22509712 19.9910065 2 P 0
L -9.29521382 28.7507299 -9.29521382 29.08153442 6 P 0
L -9.32354244 26.31440254 -9.32354244 26.64520706 2 P 0
L -9.37816768 21.92418018 -9.37816768 24.60010066 0 P 0
L -9.4742 27.0002 -9.4742 28.22716732 0 P 0
L -9.55759074 18.39350906 -9.55204084 18.38795916 0 P 0
L -9.55759074 18.39350906 -9.55759074 21.73002004 0 P 0
L -9.56314064 21.73556994 -9.55759074 21.73002004 0 P 0
L -9.56314064 21.73920722 -9.37816768 21.92418018 0 P 0
L -9.59406768 24.02303298 -9.59406768 26.88033232 0 P 0
L -9.59406768 26.88033232 -9.4742 27.0002 0 P 0
L -9.6012 24.01590066 -9.59406768 24.02303298 0 P 0
L -9.61363584 28.36660316 -9.4742 28.22716732 0 P 0
L -9.61363584 28.36660316 -9.61363584 33.99695258 0 P 0
L -9.7036255 16.76732994 -9.7036255 17.09813446 2 P 0
L -9.81334334 27.13416214 -9.81334334 27.46496666 2 P 0
L -9.82825568 34.21157242 -9.61363584 33.99695258 0 P 0
L -9.8570669 18.78510594 -9.8570669 19.11591046 2 P 0
L -9.90526594 29.6357294 -9.90526594 29.96653392 2 P 0
L -9.90526594 31.63573048 -9.90526594 31.966535 2 P 0
L -9.90526594 32.52072998 -9.90526594 32.8515345 6 P 0
L -10.0838 23.14241244 -10.06553486 23.1241473 0 P 0
L -10.0838 23.14241244 -10.0838 27.5163661 0 P 0
L -10.0838 27.5163661 -9.78877392 27.81139218 0 P 0
L -10.29521436 30.63572994 -10.29521436 30.96653446 2 P 0
L -10.46986222 18.34331612 -10.46986222 18.67412064 2 P 0
L -10.48845756 26.31243404 -10.48845756 26.64323856 2 P 0
L -10.71334154 27.83416328 -10.71334154 28.1649678 2 P 0
L -10.71705756 20.42296144 -10.71705756 20.75376596 4 P 0
L -10.72024526 17.34382358 -10.71705756 17.34063588 4 P 0
L -10.72024526 17.34382358 -10.72024526 17.71790208 4 P 0
L -10.72343296 17.72108978 -10.72024526 17.71790208 4 P 0
L -10.7757722 34.56194256 -10.7757722 34.9504 2 P 0
L -10.97454244 26.32303346 -10.97454244 26.65383798 2 P 0
L -11.26654592 23.80660974 -11.25993684 23.80000066 0 P 0
L -11.26654592 23.80660974 -11.26654592 27.5185886 0 P 0
L -11.27315754 27.52520022 -11.26654592 27.5185886 0 P 0
L -11.2952149 28.7507299 -11.2952149 29.08153442 6 P 0
L -11.2952149 29.6357294 -11.2952149 29.96653392 2 P 0
L -11.2952149 31.63573048 -11.2952149 31.966535 2 P 0
L -11.37000012 15.40561562 -11.37000012 16.97980094 0 P 0
L -11.38814334 27.83473478 -11.38814334 28.1655393 2 P 0
L -11.4046 18.6084591 -11.4046 23.24199568 0 P 0
L -11.5172744 23.35467008 -11.4046 23.24199568 0 P 0
L -11.5172744 23.35467008 -11.5172744 24.37166322 0 P 0
L -11.70456384 17.91106654 -11.70456384 18.24187106 2 P 0
L -11.81237414 34.63212276 -11.81237414 34.96292728 4 P 0
L -11.85024046 29.95815954 -11.85024046 33.8452714 0 P 0
L -11.85024046 33.8452714 -11.48976112 34.20575074 0 P 0
L -11.87586906 28.1812746 -11.8565168 28.16192234 6 P 0
L -11.87586906 28.1812746 -11.87586906 28.47709824 6 P 0
L -11.89079918 17.5006 -11.37000012 16.97980094 0 P 0
L -11.89522386 28.49645304 -11.87586906 28.47709824 6 P 0
L -12.0396 14.3002 -12.0396 16.98563278 0 P 0
L -12.11405756 26.32500196 -12.11405756 26.65580648 2 P 0
L -12.17547984 17.12151262 -12.0396 16.98563278 0 P 0
L -12.17547984 17.12151262 -12.17547984 17.14457074 0 P 0
L -12.1802144 30.13573094 -12.1802144 30.46653546 2 P 0
L -12.1802144 31.13572894 -12.1802144 31.46653346 6 P 0
L -12.37357444 15.27814318 -12.37357444 15.60485322 2 P 0
L -12.37357444 15.60485322 -12.37291912 15.60550854 2 P 0
L -12.37422976 15.27748786 -12.37357444 15.27814318 2 P 0
L -12.4000006 25.3694565 -12.4000006 29.4083994 0 P 0
L -12.4000006 29.4083994 -11.85024046 29.95815954 0 P 0
L -12.44694488 17.8211607 -12.44694488 18.15196522 2 P 0
L -12.44694488 19.12756144 -12.44694488 19.45836596 2 P 0
L -12.61834154 30.6393342 -12.57946176 30.60045442 2 P 0
L -12.61834154 30.6393342 -12.61834154 30.77925264 2 P 0
L -12.61859554 21.40536994 -12.61859554 21.73617446 2 P 0
L -12.62056404 23.23027612 -12.62056404 23.56108064 6 P 0
L -12.713462 14.46271936 -12.7097536 14.45901096 0 P 0
L -12.713462 14.46271936 -12.713462 15.2642824 0 P 0
L -12.71364488 15.26446528 -12.713462 15.2642824 0 P 0
L -12.71364488 15.26446528 -12.71364488 20.30635512 0 P 0
L -12.71364488 20.30635512 -12.7 20.32 0 P 0
L -12.79026652 30.95117762 -12.61834154 30.77925264 2 P 0
L -12.79026652 30.95117762 -12.79026652 30.96653446 2 P 0
L -12.97962606 31.63573048 -12.97962606 31.966535 6 P 0
L -12.98071826 15.18436892 -12.97516074 15.1788114 2 P 0
L -12.98071826 15.18436892 -12.98071826 15.48517604 2 P 0
L -12.98627578 15.49073356 -12.98071826 15.48517604 2 P 0
L -13.2531739 35.72513048 -13.2531739 36.055935 4 P 0
L -13.2551424 34.72316144 -13.2551424 35.05396596 2 P 0
L -13.46880466 20.8489931 -13.17572676 20.8489931 3 P 0
L -13.5973185 37.19432744 -13.5973185 37.4857899 6 P 0
L -13.5973185 37.4857899 -13.56337394 37.51973446 6 P 0
L -13.61675712 37.17488882 -13.5973185 37.19432744 6 P 0
L -13.66667574 21.04686418 -13.46880466 20.8489931 3 P 0
L -13.67497138 26.17313028 -13.67497138 26.5039348 6 P 0
L -13.86125752 35.526472 -13.86125752 35.55396496 2 P 0
L -13.92932952 35.16887048 -13.92932952 35.4584 2 P 0
L -13.92932952 35.4584 -13.86125752 35.526472 2 P 0
L -13.9446 35.1536 -13.92932952 35.16887048 2 P 0
L -14.07306304 15.05984034 -14.07306304 17.79999996 0 P 0
L -14.07306304 17.79999996 -14.07306304 18.83770172 0 P 0
L -14.07682224 15.05608114 -14.07306304 15.05984034 0 P 0
L -14.1381734 32.8401299 -14.1381734 33.17093442 6 P 0
L -14.53362092 17.82611116 -14.5135346 17.80602484 2 P 0
L -14.53362092 17.82611116 -14.53362092 18.12859468 2 P 0
L -14.54067704 19.30531572 -14.07306304 18.83770172 0 P 0
L -14.54067704 19.30531572 -14.54067704 19.33048712 0 P 0
L -14.55305954 18.1480333 -14.53362092 18.12859468 2 P 0
L -14.6395059 20.34676144 -14.6395059 20.67756596 2 P 0
L -14.69647302 18.59987898 -14.69647302 18.62887308 4 P 0
L -14.74822552 33.7251294 -14.74822552 34.05593392 2 P 0
L -14.74822552 35.72513048 -14.74822552 36.055935 2 P 0
L -14.8376894 18.25304452 -14.8376894 18.4586626 4 P 0
L -14.8376894 18.4586626 -14.69647302 18.59987898 4 P 0
L -14.87656918 18.21416474 -14.8376894 18.25304452 4 P 0
L -14.88024456 24.85350122 -14.88024456 26.10027292 0 P 0
L -14.89999814 24.83374764 -14.88024456 24.85350122 0 P 0
L -15.00965756 19.70843404 -15.00965756 20.03923856 4 P 0
L -15.14694456 25.50000234 -15.14694456 25.83080686 2 P 0
L -15.16205756 17.03916074 -15.16205756 17.36996526 2 P 0
L -15.19694192 17.79610106 -15.19694192 18.12690558 2 P 0
L -15.19694192 19.1025018 -15.19694192 19.43330632 2 P 0
L -15.22538992 26.44541828 -14.88024456 26.10027292 0 P 0
L -15.22538992 26.44541828 -15.22538992 31.85817098 0 P 0
L -15.27952748 20.3260833 -15.27952748 20.65688782 2 P 0
L -15.2908 13.4112 -15.2908 13.8176 3 P 0
L -15.67358816 10.66873914 -15.67358816 11.0236 2 P 0
L -15.68045632 11.76016444 -15.68045632 12.06923418 2 P 0
L -15.68045632 12.06923418 -15.67730672 12.07238378 2 P 0
L -15.68049188 12.42526852 -15.67533822 12.42011486 2 P 0
L -15.68049188 12.42526852 -15.68049188 12.75730494 2 P 0
L -15.68201334 10.03018568 -15.68163996 10.0298123 2 P 0
L -15.68201334 10.03018568 -15.68201334 10.35170904 2 P 0
L -15.68238672 10.35208242 -15.68201334 10.35170904 2 P 0
L -15.68360846 11.7570123 -15.68045632 11.76016444 2 P 0
L -15.68564554 12.7624586 -15.68049188 12.75730494 2 P 0
L -15.77882544 34.19307614 -15.77882544 36.8706781 0 P 0
L -15.81921144 31.49938836 -15.81921144 34.15269014 0 P 0
L -15.81921144 34.15269014 -15.77882544 34.19307614 0 P 0
L -15.92965572 20.32277114 -15.92965572 20.65357566 2 P 0
L -16.0998408 17.37238334 -16.0998408 17.70318786 2 P 0
L -16.10139528 16.7006143 -16.0998408 16.69905982 2 P 0
L -16.10139528 16.7006143 -16.10139528 17.02919378 2 P 0
L -16.10294976 17.03074826 -16.10139528 17.02919378 2 P 0
L -16.13817448 33.7251294 -16.13817448 34.05593392 2 P 0
L -16.13817448 35.72513048 -16.13817448 36.055935 2 P 0
L -16.13817448 36.52852994 -16.13817448 36.85933446 6 P 0
L -16.33045756 25.49803384 -16.33045756 25.82883836 2 P 0
L -17.02317398 35.22512894 -17.02317398 35.55593346 4 P 0
L -17.4239428 12.33341196 -17.4239428 12.63421908 2 P 0
L -17.4239428 12.63421908 -17.41838528 12.6397766 2 P 0
L -17.42950032 12.32785444 -17.4239428 12.33341196 2 P 0
L -17.55305862 18.59803494 -17.55305862 18.92883946 2 P 0
L -17.98494244 29.38916144 -17.98494244 29.71996596 4 P 0
L -18.42325754 15.57794954 -18.39636656 15.57794954 2 P 0
L -18.50281542 15.65750742 -18.42325754 15.57794954 2 P 0
L -18.59105756 27.66196144 -18.59105756 27.99276596 4 P 0
L -18.6469401 18.27116234 -18.6469401 18.60196686 2 P 0
L -18.73178626 15.65750742 -18.50281542 15.65750742 2 P 0
L -18.73734378 15.6519499 -18.73178626 15.65750742 2 P 0
L -19.25305522 18.77116134 -19.25305522 19.10196586 2 P 0
L -19.31731214 15.26512568 -18.9384813 15.26512568 0 P 0
L -19.8374 15.78521354 -19.31731214 15.26512568 0 P 0
L -19.8374 15.78521354 -19.8374 20.8718785 0 P 0
L -19.8374 20.8718785 -18.38647072 22.32280778 0 P 0
L 0.00502666 21.14813144 0.00502666 21.47893596 2 P 0
L 0.10351262 24.93553052 0.10351262 25.26633504 2 P 0
L 0.15502636 40.77312902 0.15502636 41.10393354 2 P 0
L 0.15502636 43.4731287 0.15502636 43.80393322 2 P 0
L 0.16500094 1.90888874 0.16500094 2.45012464 2 P 0
L 0.19786854 26.58253256 0.19786854 31.8276605 0 P 0
L 0.19786854 26.58253256 0.56692546 26.21347564 0 P 0
L 0.19786854 31.8276605 0.34166302 31.97145498 0 P 0
L 0.30022546 23.77772994 0.30022546 24.10853446 2 P 0
L 0.34166302 31.97145498 0.34166302 31.98659846 0 P 0
L 0.38627304 26.62912886 0.38627304 27.63623378 0 P 0
L 0.38627304 26.62912886 0.78282546 26.23257644 0 P 0
L 0.3894709 27.63623378 0.41376854 27.66053142 0 P 0
L 0.49497742 39.29606568 0.49497742 39.6268702 4 P 0
L 0.56308498 28.88797372 0.56308498 29.21877824 2 P 0
L 0.56692546 21.11966566 0.56692546 26.21347564 0 P 0
L 0.56692546 21.11966566 0.76198476 20.92460636 0 P 0
L 0.65297304 26.9583281 0.65297304 27.28913262 2 P 0
L 0.78282546 22.83572522 0.78282546 26.23257644 0 P 0
L 0.78914244 30.43056144 0.78914244 30.76136596 2 P 0
L 0.81924144 0.75904852 1.48198332 1.4217904 2 P 0
L 0.92716858 29.76919624 0.92716858 30.10000076 2 P 0
L 1.0050272 21.14813144 1.0050272 21.47893596 2 P 0
L 1.0293477 2.48449084 1.0293477 2.53947676 2 P 0
L 1.0293477 2.48449084 1.20258332 2.31125522 2 P 0
L 1.20258332 1.87203588 1.20258332 2.31125522 2 P 0
L 1.3716 18.81852218 1.3716 24.4743224 0 P 0
L 1.3716 18.81852218 1.74776384 18.44235834 0 P 0
L 1.3716 24.4743224 1.41623796 24.51896036 0 P 0
L 1.41623796 24.51896036 1.67121078 24.51896036 0 P 0
L 1.42065756 32.43716144 1.42065756 32.76796596 2 P 0
L 1.48198332 1.4217904 1.48198332 2.04801216 2 P 0
L 1.67121078 24.51896036 1.8274411 24.67519068 0 P 0
L 1.71531788 25.70598618 1.71531788 25.76911534 0 P 0
L 1.71531788 25.70598618 1.7661128 25.58999454 0 P 0
L 1.71531788 25.76911534 1.73763432 25.79143432 0 P 0
L 1.72492924 16.9184447 1.73048676 16.92400222 2 P 0
L 1.73048676 16.92400222 1.73048676 17.22480934 2 P 0
L 1.73048676 17.22480934 1.73604428 17.23036686 2 P 0
L 1.73221904 17.75218954 1.75520858 17.7292 0 P 0
L 1.73763432 25.79143432 2.2606 26.3144 0 P 0
L 1.74776384 18.44235834 1.78503072 18.44235834 0 P 0
L 1.75520858 17.7292 2.55623314 17.7292 0 P 0
L 1.76612296 25.58946368 1.77645822 25.20692952 0 P 0
L 1.77645822 25.20692952 1.77663094 25.20589066 0 P 0
L 1.77663094 25.20589066 1.77731674 25.18071672 0 P 0
L 1.77731674 25.18071672 1.82743094 24.89615036 0 P 0
L 1.82743094 24.89615036 1.8274411 24.67519068 0 P 0
L 1.95474336 2.61196328 1.95474336 2.9427678 2 P 0
L 1.97945756 40.69216144 1.97945756 41.02296596 2 P 0
L 1.97945756 43.00356144 1.97945756 43.33436596 2 P 0
L 2.03769214 36.2873417 2.03769214 36.61814622 7 P 0
L 2.4892 2.5908 2.4892 2.6162 0 P 0
L 2.4892 2.5908 3.1496 1.9304 0 P 0
L 2.55623314 17.7292 2.85420816 18.02717502 0 P 0
L 2.59102606 45.28672934 2.59102606 45.61753386 7 P 0
L 2.64075926 23.23927026 2.64075926 26.53832386 0 P 0
L 2.64075926 23.23927026 2.85420816 23.02582136 0 P 0
L 2.74297394 38.73047118 2.74297394 39.0612757 7 P 0
L 2.82503118 37.57313034 2.82503118 37.90393486 4 P 0
L 2.85420816 18.02717502 2.85420816 23.02582136 0 P 0
L 2.86719518 23.749 2.86935926 23.75116408 2 P 0
L 2.86935926 23.75116408 2.86935926 27.2809208 2 P 0
L 2.86935926 27.2809208 2.8715208 27.28308234 2 P 0
L 3.02434244 32.43716144 3.02434244 32.76796596 2 P 0
L 3.07118512 17.7531141 3.07229256 17.75422154 2 P 0
L 3.07229256 17.75422154 3.07229256 18.12532316 2 P 0
L 3.07229256 18.12532316 3.0734 18.1264306 2 P 0
L 3.07514244 30.43056144 3.07514244 30.76136596 2 P 0
L 3.3274 18.9484 3.3274 22.71446308 0 P 0
L 3.3274 22.71446308 3.6576 23.04466308 0 P 0
L 3.49497904 43.76366152 3.49497904 44.09446604 2 P 0
L 3.53722178 33.55026056 3.53722178 33.88106508 7 P 0
L 3.6576 23.04466308 3.6576 26.8224 0 P 0
L 3.70890546 36.2927265 3.70890546 36.62353102 4 P 0
L 3.88642606 28.54166504 3.88642606 28.87246956 4 P 0
L 3.90502394 21.17313012 3.90502394 21.50393464 2 P 0
L 3.93679426 23.78264738 3.95220444 23.79805756 2 P 0
L 3.95220444 23.79805756 3.95220444 24.09693174 2 P 0
L 3.95220444 24.09693174 3.96761208 24.11233938 2 P 0
L 4.26545756 43.02896144 4.26545756 43.35976596 2 P 0
L 4.29085756 40.66676144 4.29085756 40.99756596 2 P 0
L 4.40633612 25.16053134 4.40633612 25.45483606 2 P 0
L 4.40633612 25.45483606 4.4474384 25.49593834 2 P 0
L 4.4474384 25.49593834 4.4474384 25.5234313 2 P 0
L 4.5883322 23.77772994 4.5883322 24.10853446 2 P 0
L 4.59437232 14.65975986 4.59437232 14.95962464 2 P 0
L 4.59437232 14.65975986 4.59687168 14.6572605 2 P 0
L 4.59437232 14.95962464 4.59687168 14.962124 2 P 0
L 4.5978445 13.9088114 4.59834488 13.90931178 2 P 0
L 4.59834488 13.90931178 4.59834488 14.21826722 2 P 0
L 4.59834488 14.21826722 4.59884272 14.21876506 2 P 0
L 4.59999842 22.8607239 4.86681272 23.1275382 0 P 0
L 4.72058238 45.01261762 4.72360752 45.01564276 2 P 0
L 4.72360752 45.01564276 4.72360752 45.43761804 2 P 0
L 4.78002346 21.17313012 4.78002346 21.50393464 2 P 0
L 4.86681272 23.1275382 4.86681272 25.49133586 0 P 0
L 4.9153064 16.2814 5.21569696 16.58179056 0 P 0
L 5.08563626 24.53076374 5.08563626 25.27105944 0 P 0
L 5.08563626 24.53076374 5.21569696 24.40070304 0 P 0
L 5.21569696 16.58179056 5.21569696 24.40070304 0 P 0
L 5.27833844 29.70584102 5.27833844 30.03664554 2 P 0
L 5.29497798 38.32812756 5.29497798 38.65893208 4 P 0
L 5.30153626 24.60676816 5.30153626 25.91209702 0 P 0
L 5.30153626 24.60676816 5.63589424 24.27241018 0 P 0
L 5.30153626 25.91209702 5.73478914 26.3453499 0 P 0
L 5.31339806 13.2906135 5.3144039 13.29161934 2 P 0
L 5.3144039 13.29161934 5.3144039 13.60702384 2 P 0
L 5.3144039 13.60702384 5.3154072 13.60802714 2 P 0
L 5.44259008 41.5675445 5.44259008 43.16360938 0 P 0
L 5.44259008 41.5675445 5.656072 41.35406258 0 P 0
L 5.44259008 43.16360938 5.7404 43.4614193 0 P 0
L 5.45393626 24.66989224 5.45393626 25.84897294 0 P 0
L 5.45393626 24.66989224 5.85179424 24.27203426 0 P 0
L 5.45393626 25.84897294 5.8928 26.28783668 0 P 0
L 5.46808914 26.95744164 5.46808914 27.28824616 2 P 0
L 5.47407338 28.71419708 5.47407338 29.59624764 0 P 0
L 5.47407338 28.71419708 5.73478914 28.45348132 0 P 0
L 5.47407338 29.59624764 5.55441104 29.6765853 0 P 0
L 5.47678864 32.53873604 5.47678864 35.0208977 0 P 0
L 5.47678864 32.53873604 5.55441104 32.46111364 0 P 0
L 5.47678864 35.0208977 5.73660016 35.28070922 0 P 0
L 5.55441104 29.6765853 5.55441104 32.46111364 0 P 0
L 5.62647338 28.7773237 5.62647338 29.43476968 0 P 0
L 5.62647338 28.7773237 5.8928 28.51099708 0 P 0
L 5.62647338 29.43476968 5.76053204 29.56882834 0 P 0
L 5.63589424 22.6441 5.63589424 24.27241018 0 P 0
L 5.656072 37.26743118 5.656072 41.35406258 0 P 0
L 5.656072 37.26743118 5.73660016 37.18690302 0 P 0
L 5.73478914 26.3453499 5.73478914 28.45348132 0 P 0
L 5.73660016 35.28070922 5.73660016 37.18690302 0 P 0
L 5.7404 41.64494084 5.7404 41.7068 0 P 0
L 5.7404 41.64494084 5.871972 41.51336884 0 P 0
L 5.7404 43.4614193 5.7404 46.00709874 0 P 0
L 5.7404 46.00709874 6.43438896 46.7010877 0 P 0
L 5.76053204 29.56882834 5.76053204 30.03664554 0 P 0
L 5.76053204 30.03664554 6.19670592 30.47281942 0 P 0
L 5.85179424 19.50826426 5.85179424 24.27203426 0 P 0
L 5.871972 39.70701482 5.871972 41.51336884 0 P 0
L 5.8928 26.28783668 5.8928 28.51099962 0 P 0
L 5.8928 38.1 6.25281706 37.73998294 0 P 0
L 5.89317338 28.92666554 5.89317338 29.25747006 7 P 0
L 5.93776816 37.29106334 5.93776816 37.62186786 2 P 0
L 5.95250016 35.2795586 6.10041706 35.1316417 0 P 0
L 5.99026996 29.53754316 5.99026996 29.96105514 0 P 0
L 5.99026996 29.53754316 6.2865 29.24131312 0 P 0
L 6.0706 28.63347334 6.0833 28.62077334 0 P 0
L 6.0833 17.8689 6.0833 28.62077334 0 P 0
L 6.0833 17.8689 6.096 17.8562 0 P 0
L 6.10041706 33.2313788 6.10041706 35.1316417 0 P 0
L 6.10041706 33.2313788 6.19670592 33.13508994 0 P 0
L 6.1560202 16.86522662 6.1560202 17.19603114 2 P 0
L 6.18776004 9.78280746 6.19331756 9.78836498 2 P 0
L 6.19331756 9.78836498 6.19331756 10.0891721 2 P 0
L 6.19331756 10.0891721 6.19887508 10.09472962 2 P 0
L 6.19670592 30.47281942 6.19670592 33.13508994 0 P 0
L 6.25281706 34.09226862 6.25281706 37.73998294 0 P 0
L 6.25281706 34.09226862 6.6338069 33.71127878 0 P 0
L 6.2865 18.3515 6.2865 29.24131312 0 P 0
L 6.2865 18.3515 6.2992 18.3388 0 P 0
L 6.34909576 30.43711972 6.34909576 32.9466702 0 P 0
L 6.34909576 30.43711972 6.6962528 30.08996268 0 P 0
L 6.34909576 32.9466702 6.6338069 33.23138134 0 P 0
L 6.36711706 33.34184848 6.36711706 33.672653 2 P 0
L 6.46936222 42.7200568 6.47318238 42.71623664 2 P 0
L 6.47318238 42.34561762 6.47318238 42.71623664 2 P 0
L 6.47318238 42.34561762 6.477 42.3418 2 P 0
L 6.48036296 29.44600156 6.49138148 29.43498304 0 P 0
L 6.49138148 18.60381852 6.49138148 29.43498304 0 P 0
L 6.49138148 18.60381852 6.5024 18.5928 0 P 0
L 6.6338069 33.23138134 6.6338069 33.71127878 0 P 0
L 6.64378148 18.80157276 6.64378148 29.30410192 0 P 0
L 6.64378148 18.80157276 6.85255424 18.5928 0 P 0
L 6.64378148 29.30410192 6.6962528 29.35657324 0 P 0
L 6.6962528 29.35657324 6.6962528 30.08996268 0 P 0
L 6.70503104 39.25850162 6.70503104 39.69387794 4 P 0
L 6.80864272 8.64915466 6.8121022 8.64569518 2 P 0
L 6.8121022 8.34006968 6.8121022 8.64569518 2 P 0
L 6.8121022 8.34006968 6.81555914 8.33661274 2 P 0
L 7.35649532 23.3426 7.36113336 23.34723804 0 P 0
L 7.36113336 23.34723804 7.36113336 23.49089028 0 P 0
L 7.36113336 23.49089028 7.9756 24.10535692 0 P 0
L 7.45908592 18.7071 7.5311 18.86333032 0 P 0
L 7.5311 18.86333032 7.65096768 23.52366136 0 P 0
L 7.5365737 33.08360414 7.5365737 33.41440866 2 P 0
L 7.65096768 23.52366136 8.128 24.00069622 0 P 0
L 7.66313682 30.97950878 7.66313682 32.17612564 0 P 0
L 7.66313682 30.97950878 7.9756 30.6670456 0 P 0
L 7.66313682 32.17612564 7.88885392 32.40184274 0 P 0
L 7.78226282 35.22665548 7.78226282 39.08641154 0 P 0
L 7.78226282 35.22665548 7.88885392 35.12006438 0 P 0
L 7.78226282 39.08641154 7.79584928 39.099998 0 P 0
L 7.7978 18.8722 7.80336768 18.87776768 0 P 0
L 7.80336768 18.87776768 7.80336768 23.46053728 0 P 0
L 7.80336768 23.46053728 8.2804 23.9375696 0 P 0
L 7.81553682 31.04263286 7.81553682 32.11300156 0 P 0
L 7.81553682 31.04263286 8.128 30.73016968 0 P 0
L 7.81553682 32.11300156 8.04125392 32.33871866 0 P 0
L 7.88885392 32.40184274 7.88885392 35.12006438 0 P 0
L 7.89890978 39.44606538 7.89890978 39.7768699 2 P 0
L 7.9381985 8.24460124 7.9381985 8.93226306 2 P 0
L 7.9381985 8.93226306 7.94733488 8.94139944 2 P 0
L 7.94733488 8.94139944 7.94733488 9.22436306 2 P 0
L 7.94733488 9.22436306 8.09768256 9.37471074 2 P 0
L 7.96793682 31.1395745 7.96793682 32.04987748 0 P 0
L 7.96793682 31.1395745 8.2804 30.82711132 0 P 0
L 7.96793682 32.04987748 8.19365392 32.27559458 0 P 0
L 7.9756 24.10535692 7.9756 30.6670456 0 P 0
L 7.99816282 35.3160838 8.02246046 35.29178616 0 P 0
L 8.02246046 35.29178616 8.04125392 35.2729927 0 P 0
L 8.04125392 32.33871866 8.04125392 35.2729927 0 P 0
L 8.09768256 9.4022037 8.09768256 10.31068804 2 P 0
L 8.09768256 10.31068804 8.63279452 10.8458 2 P 0
L 8.09935642 23.31916596 8.10491394 23.31360844 2 P 0
L 8.1026 43.05000026 8.1026 43.38080478 2 P 0
L 8.10491394 23.01280132 8.10491394 23.31360844 2 P 0
L 8.10491394 23.01280132 8.11047146 23.0072438 2 P 0
L 8.128 24.00069622 8.128 30.73016968 0 P 0
L 8.19365392 32.27559458 8.19365392 35.0425258 0 P 0
L 8.19365392 35.0425258 9.62326752 36.4721394 0 P 0
L 8.23462666 31.60860582 8.23462666 31.93941034 2 P 0
L 8.25940182 37.51855844 8.25940182 37.84936296 6 P 0
L 8.2804 23.9375696 8.2804 30.82711132 0 P 0
L 8.33550784 8.85907042 8.33550784 10.05540534 0 P 0
L 8.33550784 8.85907042 8.35625456 8.8383237 0 P 0
L 8.33550784 10.05540534 8.36978768 10.08968518 0 P 0
L 8.36187304 36.0704511 8.36187304 36.40125562 2 P 0
L 8.36978768 10.08968518 8.36978768 10.12405138 0 P 0
L 8.53462606 32.18567096 8.53462606 32.51647548 2 P 0
L 8.53462606 32.89598958 8.53462606 33.2267941 2 P 0
L 8.55683582 23.64258416 8.56263464 23.63678534 2 P 0
L 8.56263464 23.3042587 8.56263464 23.63678534 2 P 0
L 8.56263464 23.3042587 8.56843346 23.29845988 2 P 0
L 8.58141286 28.94043996 8.58697038 28.93488244 2 P 0
L 8.58697038 28.93488244 8.8877775 28.93488244 2 P 0
L 8.59568512 21.80926042 8.61512374 21.7898218 2 P 0
L 8.60007424 11.58239746 8.60041714 11.58205456 2 P 0
L 8.60040952 20.066 8.60040952 21.00478146 0 P 0
L 8.60040952 21.00478146 8.972804 21.37717594 0 P 0
L 8.60041714 11.2747552 8.60041714 11.58205456 2 P 0
L 8.60041714 11.2747552 8.60076004 11.2744123 2 P 0
L 8.60605848 9.34577506 8.60605848 9.67657958 2 P 0
L 8.61512374 21.4821008 8.61512374 21.7898218 2 P 0
L 8.61512374 21.4821008 8.63879908 21.45842546 2 P 0
L 8.63279452 10.8458 8.8646 10.8458 2 P 0
L 8.8646 10.8458 8.87515878 10.85635878 2 P 0
L 8.87163072 13.7453497 8.87515878 13.74182164 2 P 0
L 8.87515878 10.85635878 8.87515878 13.74182164 2 P 0
L 8.8877775 28.93488244 8.89333502 28.92932492 2 P 0
L 8.972804 21.37717594 8.972804 27.96516378 0 P 0
L 9.1694 36.9316 9.1694 37.338 2 P 0
L 9.16940254 29.94659746 9.16940254 30.63240254 0 P 0
L 9.16940254 29.94659746 9.2456 29.8704 0 P 0
L 9.16940254 30.63240254 9.2456 30.7086 0 P 0
L 9.20108904 42.7231302 9.20108904 43.05393472 2 P 0
L 9.2456 21.46759232 9.2456 29.8704 0 P 0
L 9.2456 21.46759232 9.525 21.18819232 0 P 0
L 9.2456 30.7086 9.2456 34.41752832 0 P 0
L 9.2456 34.41752832 10.05437918 35.2263075 0 P 0
L 9.41500784 14.07933938 9.41526946 14.07907776 2 P 0
L 9.41526946 13.77270296 9.41526946 14.07907776 2 P 0
L 9.41526946 13.77270296 9.41552854 13.77244388 2 P 0
L 9.4635447 30.27225848 9.4635447 30.603063 4 P 0
L 9.49891166 37.5731278 9.49891166 37.90393232 6 P 0
L 9.525 19.75758304 9.525 21.18819232 0 P 0
L 9.61360282 25.99632596 9.61360282 27.61512892 0 P 0
L 9.61360282 25.99632596 9.7715832 25.83834558 0 P 0
L 9.61360282 27.61512892 9.74778086 27.74930696 0 P 0
L 9.61587104 45.29932266 9.62123552 45.29395818 0 P 0
L 9.62123552 42.60116448 9.62123552 45.29395818 0 P 0
L 9.62123552 42.60116448 9.6266 42.5958 0 P 0
L 9.62326752 36.4721394 9.62326752 36.49794834 0 P 0
L 9.6266 42.5958 10.05437918 42.16802082 0 P 0
L 9.74778086 27.74930696 9.74778086 34.61438086 0 P 0
L 9.74778086 34.61438086 9.7536 34.6202 0 P 0
L 9.7535365 16.92074848 9.75909402 16.91519096 2 P 0
L 9.7536 20.80426624 9.7715832 20.82224944 0 P 0
L 9.75909402 16.61438384 9.75909402 16.91519096 2 P 0
L 9.75909402 16.61438384 9.76465154 16.60882632 2 P 0
L 9.7715832 20.82224944 9.7715832 25.7999992 0 P 0
L 9.7715832 25.7999992 9.7715832 25.83834558 0 P 0
L 9.87530156 27.19572158 9.87747072 27.19789074 2 P 0
L 9.87747072 27.19789074 9.87747072 27.50799426 2 P 0
L 9.87747072 27.50799426 9.87889058 27.50941412 2 P 0
L 9.87814128 27.51016596 9.87889312 27.50941666 2 P 0
L 9.87889312 27.50941666 9.88010724 27.5082 2 P 0
L 9.88010724 27.5082 9.9378008 27.5082 2 P 0
L 9.8806 26.5938 9.88449128 26.58990872 2 P 0
L 9.88449128 26.24146898 9.88449128 26.58990872 2 P 0
L 9.88449128 26.24146898 9.88838256 26.2375777 2 P 0
L 9.91662482 18.19108376 9.91662482 18.4912 3 P 0
L 9.91662482 18.19108376 9.9822 18.12550858 3 P 0
L 9.9822 18.09897828 9.9822 18.12550858 3 P 0
L 9.9874832 21.21407746 9.9874832 25.77388038 0 P 0
L 9.9874832 25.77388038 10.1550724 25.94146958 0 P 0
L 10.03720624 39.62033478 10.03720624 39.84127414 0 P 0
L 10.03720624 39.62033478 10.05437918 39.60316184 0 P 0
L 10.03720624 39.84127414 10.05437918 39.85844708 0 P 0
L 10.05437918 35.2263075 10.05437918 36.88000244 0 P 0
L 10.05437918 36.88000244 10.05437918 38.9200009 0 P 0
L 10.05437918 38.9200009 10.05437918 39.60316184 0 P 0
L 10.05437918 39.85844708 10.05437918 42.16802082 0 P 0
L 10.07162832 31.91986758 10.07162832 32.2506721 4 P 0
L 10.1092 26.39392994 10.1092 26.79398756 0 P 0
L 10.1092 26.39392994 10.1550724 26.34805754 0 P 0
L 10.1092 26.79398756 10.11732038 26.80210794 0 P 0
L 10.1550724 25.94146958 10.1550724 26.34805754 0 P 0
L 10.27608816 42.73312764 10.27608816 43.06393216 2 P 0
L 10.29891006 42.0260653 10.29891006 42.35686982 2 P 0
L 10.30390624 39.39999994 10.30390624 39.73080446 2 P 0
L 10.33832832 22.23038988 10.33832832 25.7999992 0 P 0
L 10.33832832 22.23038988 10.92000356 21.64871464 0 P 0
L 10.33832832 25.7999992 10.33832832 35.052 0 P 0
L 10.41727152 20.66922968 10.42282904 20.66367216 2 P 0
L 10.42282904 20.36286504 10.42282904 20.66367216 2 P 0
L 10.42282904 20.36286504 10.42838656 20.35730752 2 P 0
L 10.4471216 14.07033762 10.4471978 14.07026142 2 P 0
L 10.4471978 13.76171746 10.4471978 14.07026142 2 P 0
L 10.4471978 13.76171746 10.44727146 13.7616438 2 P 0
L 10.49072832 22.29351396 10.49072832 25.7999992 0 P 0
L 10.49072832 22.29351396 10.98312764 21.80111464 0 P 0
L 10.49072832 25.7999992 10.49072832 27.22729632 0 P 0
L 10.49072832 27.22729632 10.63032672 27.36689472 0 P 0
L 10.51511232 21.45727738 10.52124388 21.45114582 0 P 0
L 10.52124388 21.45114582 10.84232782 21.45114582 0 P 0
L 10.55784528 19.40737546 10.55888414 19.40737546 0 P 0
L 10.55888414 19.40737546 10.90044556 19.06581404 0 P 0
L 10.63032672 27.36689472 10.63032672 27.3930237 0 P 0
L 10.64631856 22.88872232 10.64631856 24.90232002 0 P 0
L 10.64631856 22.88872232 10.67644296 22.85859792 0 P 0
L 10.64631856 24.90232002 10.998708 25.25470946 0 P 0
L 10.6615738 31.42693232 10.6615738 31.75773684 2 P 0
L 10.66462688 13.02351218 10.66462688 13.05100514 2 P 0
L 10.66462688 13.02351218 10.73027826 12.9578608 2 P 0
L 10.6739309 28.81375746 10.67948842 28.80819994 2 P 0
L 10.67644296 22.85859792 10.76681616 22.76822472 0 P 0
L 10.67948842 28.50739282 10.67948842 28.80819994 2 P 0
L 10.67948842 28.50739282 10.68504594 28.5018353 2 P 0
L 10.7051602 29.29700262 10.7051602 29.62780714 6 P 0
L 10.7188 33.7058 10.7188 34.0868 2 P 0
L 10.73027826 12.76369304 10.73027826 12.9578608 2 P 0
L 10.73027826 12.76369304 10.7741593 12.719812 2 P 0
L 10.74022998 45.6568683 10.74022998 46.02530546 2 P 0
L 10.76681616 22.76822472 10.96347058 22.76822472 0 P 0
L 10.79871856 23.23830506 10.79871856 24.83919594 0 P 0
L 10.79871856 23.23830506 11.60936972 22.4276539 0 P 0
L 10.79871856 24.83919594 11.18416864 25.22464602 0 P 0
L 10.84232782 21.45114582 10.84846192 21.44501172 0 P 0
L 10.86357238 22.41568288 11.10208854 22.41568288 0 P 0
L 10.8837984 13.2969 10.8837984 16.21203006 0 P 0
L 10.8837984 16.21203006 11.01338412 16.34161578 0 P 0
L 10.8839 19.42142928 10.8839 21.05035414 0 P 0
L 10.8839 19.42142928 11.12473772 19.18059156 0 P 0
L 10.8839 21.05035414 11.09285056 21.2593047 0 P 0
L 10.90044556 19.06581404 10.9014768 19.06581404 0 P 0
L 10.92000356 21.64871464 11.5437666 21.64871464 0 P 0
L 10.96347058 22.76822472 10.98271616 22.74897914 0 P 0
L 10.98312764 21.80111464 11.60689068 21.80111464 0 P 0
L 10.99490816 38.21061192 10.99490816 42.26007042 0 P 0
L 10.99490816 38.21061192 11.0617 38.14382008 0 P 0
L 10.998708 25.25470946 10.998708 31.6677675 0 P 0
L 10.998708 31.6677675 11.0617 31.7307595 0 P 0
L 11.01338412 16.34161578 11.01338412 17.70542814 0 P 0
L 11.01338412 17.70542814 11.12473772 17.81678174 0 P 0
L 11.06099896 22.02857164 11.06448638 22.03205906 0 P 0
L 11.0617 31.7307595 11.0617 38.14382008 0 P 0
L 11.06448638 22.03205906 11.64792184 22.03205906 0 P 0
L 11.0744 24.13 11.08919804 24.14479804 2 P 0
L 11.08919804 24.14479804 11.08919804 24.77559942 2 P 0
L 11.08919804 24.77559942 11.10399862 24.7904 2 P 0
L 11.10208854 22.41568288 11.21901236 22.29875906 0 P 0
L 11.12473772 17.81678174 11.12473772 18.80008432 0 P 0
L 11.12473772 18.80008432 11.12473772 19.18059156 0 P 0
L 11.1506 20.574 11.15251008 20.57591008 2 P 0
L 11.15251008 20.57591008 11.15251008 20.95308738 2 P 0
L 11.15251008 20.95308738 11.1544227 20.955 2 P 0
L 11.18416864 25.22464602 11.18416864 25.7999992 0 P 0
L 11.18416864 25.7999992 11.18416864 31.2462672 0 P 0
L 11.18416864 31.2462672 11.2141 31.27619856 0 P 0
L 11.2141 31.27619856 11.2141 36.4707932 0 P 0
L 11.2141 36.4707932 11.35000016 36.60669336 0 P 0
L 11.21901236 22.29875906 11.28087152 22.29875906 0 P 0
L 11.24895642 14.73876656 11.25451394 14.73320904 2 P 0
L 11.25451394 14.43240192 11.25451394 14.73320904 2 P 0
L 11.25451394 14.43240192 11.26007146 14.4268444 2 P 0
L 11.2853597 16.39201192 11.29091722 16.39756944 2 P 0
L 11.29091722 16.39756944 11.29091722 16.69837656 2 P 0
L 11.29091722 16.69837656 11.29647474 16.70393408 2 P 0
L 11.3392966 36.95624816 11.3392966 44.51871208 0 P 0
L 11.3392966 36.95624816 11.43942594 36.85611882 0 P 0
L 11.35000016 36.60669336 11.35000016 36.64021882 0 P 0
L 11.3665 31.49788722 11.3665 36.35139034 0 P 0
L 11.3665 31.49788722 12.16135744 30.70302978 0 P 0
L 11.3665 36.35139034 11.56590016 36.5507905 0 P 0
L 11.3792 23.96400084 11.3792 25.7999992 0 P 0
L 11.3792 23.96400084 11.56633196 23.77686888 0 P 0
L 11.3792 25.7999992 11.3792 28.41738538 0 P 0
L 11.3792 28.41738538 11.72827474 28.76646012 0 P 0
L 11.40006864 29.60362126 11.40006864 31.15683888 0 P 0
L 11.40006864 29.60362126 11.46659886 29.53709104 0 P 0
L 11.43942594 36.85611882 11.43942848 36.85611882 0 P 0
L 11.43942848 36.85611882 11.56590016 36.72964714 0 P 0
L 11.45446274 23.40949852 11.45446274 23.46448444 2 P 0
L 11.45446274 23.40949852 11.53904728 23.32491398 2 P 0
L 11.46157474 28.8769298 11.46157474 29.20773432 2 P 0
L 11.46659886 29.53709104 11.72827474 29.27541516 0 P 0
L 11.47875784 21.33655372 11.50773924 21.30757232 2 P 0
L 11.49954012 15.05058204 11.49954012 15.39210028 2 P 0
L 11.49954012 15.05058204 11.50424166 15.0458805 2 P 0
L 11.49954012 15.39210028 11.49983984 15.3924 2 P 0
L 11.50773924 21.03175372 11.50773924 21.30757232 2 P 0
L 11.50773924 21.03175372 11.557 20.98249296 2 P 0
L 11.52773666 18.10667194 11.52773666 18.4912 3 P 0
L 11.5316 24.37664162 11.5316 28.21750262 0 P 0
L 11.5316 24.37664162 11.62163284 24.28660878 0 P 0
L 11.5316 28.21750262 11.67562816 28.36153078 0 P 0
L 11.53904728 23.03887442 11.53904728 23.32491398 2 P 0
L 11.53904728 23.03887442 11.54273536 23.03518634 2 P 0
L 11.5437666 21.64871464 11.78307524 21.409406 0 P 0
L 11.557 20.955 11.557 20.98249296 2 P 0
L 11.56590016 36.5507905 11.56590016 36.72964714 0 P 0
L 11.60689068 21.80111464 11.93547524 21.47253008 0 P 0
L 11.60936972 22.34743054 11.60936972 22.4276539 0 P 0
L 11.60936972 22.34743054 11.63366736 22.3231329 0 P 0
L 11.62163284 24.26850366 11.62163284 24.28660878 0 P 0
L 11.64792184 22.03205906 11.84956736 22.23370458 0 P 0
L 11.67562816 28.36153078 11.67562816 28.37880024 0 P 0
L 11.72827474 28.76646012 11.72827474 28.93513136 0 P 0
L 11.72827474 28.93513136 11.72827474 29.27541516 0 P 0
L 11.7457093 39.27495828 11.7457093 39.6057628 4 P 0
L 11.78307524 20.75279568 11.78307524 21.409406 0 P 0
L 11.78307524 20.75279568 11.97692804 20.55894288 0 P 0
L 11.82034974 26.95722574 11.82034974 27.25803286 2 P 0
L 11.82515542 27.70943404 11.83071294 27.71499156 2 P 0
L 11.83071294 27.71499156 11.83071294 28.01579868 2 P 0
L 11.83071294 28.01579868 11.83627046 28.0213562 2 P 0
L 11.84956736 22.23370458 11.84956736 25.69785818 0 P 0
L 11.84956736 25.69785818 12.4333 26.28159082 0 P 0
L 11.86035728 17.39598756 11.8659148 17.39043004 2 P 0
L 11.86157394 29.99986634 11.86157394 30.33067086 6 P 0
L 11.8659148 17.08962292 11.8659148 17.39043004 2 P 0
L 11.8659148 17.08962292 11.87147232 17.0840654 2 P 0
L 11.93547524 20.88298084 11.93547524 21.47253008 0 P 0
L 11.93547524 20.88298084 12.0436132 20.77484288 0 P 0
L 11.97692804 20.55894288 12.3952127 20.55894288 0 P 0
L 12.03574428 14.2833344 12.0413018 14.27777688 2 P 0
L 12.0413018 13.97696976 12.0413018 14.27777688 2 P 0
L 12.0413018 13.97696976 12.04685932 13.97141224 2 P 0
L 12.0436132 20.77484288 12.06635636 20.77484288 0 P 0
L 12.06633096 22.52262958 12.06633096 23.75735152 0 P 0
L 12.06633096 22.52262958 12.2533283 22.33563224 0 P 0
L 12.06633096 23.75735152 12.3698 24.06082056 0 P 0
L 12.12561964 24.27301216 12.12561964 25.75838638 0 P 0
L 12.12561964 25.75838638 12.5984 26.23116674 0 P 0
L 12.15073008 21.88639514 12.15287638 21.88424884 2 P 0
L 12.15287638 21.54751088 12.15287638 21.88424884 2 P 0
L 12.15287638 21.54751088 12.15392286 21.5464644 2 P 0
L 12.16135744 27.18969162 12.16135744 30.70302978 0 P 0
L 12.16135744 27.18969162 12.4333 26.91774906 0 P 0
L 12.2533283 22.33245978 12.2533283 22.33563224 0 P 0
L 12.30352378 16.70393408 12.3090813 16.69837656 2 P 0
L 12.3090813 16.39756944 12.3090813 16.69837656 2 P 0
L 12.3090813 16.39756944 12.31463882 16.39201192 2 P 0
L 12.319 23.51830958 12.319 23.5458 2 P 0
L 12.319 23.51830958 12.5384814 23.29882818 2 P 0
L 12.3444 27.8417655 12.3444 33.6042 0 P 0
L 12.3444 27.8417655 12.8778 27.3083655 0 P 0
L 12.3698 24.06082056 12.3698 25.57148048 0 P 0
L 12.3698 25.57148048 13.11847008 26.32015056 0 P 0
L 12.3952 27.305 12.5984 27.1018 0 P 0
L 12.3952127 20.55894288 12.58454176 20.74827194 0 P 0
L 12.4333 26.28159082 12.4333 26.91774906 0 P 0
L 12.53535974 21.74201392 12.54091726 21.74757144 2 P 0
L 12.53535974 22.85798832 12.5384814 22.85486666 2 P 0
L 12.5384814 22.55411542 12.5384814 22.85486666 2 P 0
L 12.5384814 22.55411542 12.5416056 22.55099122 2 P 0
L 12.5384814 23.26729154 12.5384814 23.29882818 2 P 0
L 12.54091726 21.74757144 12.54091726 22.04837856 2 P 0
L 12.54091726 22.04837856 12.54647478 22.05393608 2 P 0
L 12.573 23.7744 12.573 25.5591564 0 P 0
L 12.573 25.5591564 12.8138428 25.7999992 0 P 0
L 12.5984 26.23116674 12.5984 27.1018 0 P 0
L 12.6049278 30.20248722 12.6049278 32.17678096 0 P 0
L 12.6049278 30.20248722 12.86966946 29.93774556 0 P 0
L 12.6049278 32.17678096 12.97539696 32.54725012 0 P 0
L 12.65352308 21.04606662 12.67446284 21.06700638 2 P 0
L 12.67446284 21.06700638 12.67446284 21.37480358 2 P 0
L 12.67446284 21.37480358 12.70593344 21.40627418 2 P 0
L 12.7508 24.63866294 12.7508 25.52143232 0 P 0
L 12.7508 24.63866294 13.12313098 24.26633196 0 P 0
L 12.7508 25.52143232 13.02936688 25.7999992 0 P 0
L 12.78965946 27.70183436 12.78965946 28.03263888 4 P 0
L 12.8138428 25.7999992 13.27087008 26.25702648 0 P 0
L 12.86816832 29.20575566 12.87372584 29.20019814 0 P 0
L 12.86816832 29.60182548 12.87372584 29.607383 2 P 0
L 12.86966946 29.59064948 12.86966946 29.60182548 0 P 0
L 12.86966946 29.59064948 13.13636946 29.32394948 0 P 0
L 12.86966946 29.60182548 12.86966946 29.93774556 0 P 0
L 12.8716278 30.39986554 12.8716278 30.73067006 4 P 0
L 12.87372584 28.89939102 12.87372584 29.20019814 0 P 0
L 12.87372584 28.89939102 12.87928336 28.8938335 0 P 0
L 12.87372584 29.607383 12.87372584 29.90819012 2 P 0
L 12.8778 26.543 12.8778 27.3083655 0 P 0
L 12.921488 21.7030427 12.921488 23.741888 0 P 0
L 12.921488 21.7030427 13.07216842 21.55236228 0 P 0
L 12.921488 23.741888 13.83544096 24.65584096 0 P 0
L 12.9569464 35.7503349 12.97539696 35.73188434 0 P 0
L 12.97539696 32.54725012 12.97539696 35.73188434 0 P 0
L 13.02936688 25.7999992 13.42327008 26.1939024 0 P 0
L 13.04497264 24.72313064 13.04497264 25.05393516 2 P 0
L 13.05370262 37.06315676 13.05370262 39.16490262 0 P 0
L 13.05370262 39.16490262 13.081 39.1922 0 P 0
L 13.07216842 20.78314106 13.07216842 21.55236228 0 P 0
L 13.11847008 26.32015056 13.11847008 27.53215474 0 P 0
L 13.11847008 27.53215474 13.54332064 27.9570053 0 P 0
L 13.13636946 27.97331464 13.13636946 29.32394948 0 P 0
L 13.13636946 27.97331464 13.15559472 27.95408938 0 P 0
L 13.19686464 18.87221016 14.57961016 18.87221016 0 P 0
L 13.24522624 22.8863525 13.24712616 22.88825242 2 P 0
L 13.24712616 22.88825242 13.24712616 23.23056314 2 P 0
L 13.24712616 23.23056314 13.24902608 23.23246306 2 P 0
L 13.26157368 31.42693232 13.26157368 31.75773684 2 P 0
L 13.27087008 26.25702648 13.27087008 27.16373282 0 P 0
L 13.27087008 27.16373282 13.41556372 27.30842646 0 P 0
L 13.37756786 40.0480022 13.37756786 40.73336786 3 P 0
L 13.37756786 40.0480022 13.47756766 39.9480024 3 P 0
L 13.41556372 27.30842646 13.41556372 27.32436496 0 P 0
L 13.42327008 26.1939024 13.42327008 27.026743 0 P 0
L 13.42327008 27.026743 13.75922064 27.36269356 0 P 0
L 13.47756766 39.9480024 13.68296476 39.9480024 3 P 0
L 13.54332064 27.9570053 13.54332064 39.3281535 0 P 0
L 13.54332064 39.3281535 13.59070942 39.37554228 0 P 0
L 13.56534752 24.77061594 13.56704424 24.77231266 2 P 0
L 13.56632796 20.77688758 13.5906256 20.75258994 0 P 0
L 13.56704424 24.77231266 13.56704424 25.11711258 2 P 0
L 13.56704424 25.11711258 13.56874096 25.1188093 2 P 0
L 13.57026496 11.73743906 13.57446866 11.73323536 2 P 0
L 13.57446866 11.42344934 13.57446866 11.73323536 2 P 0
L 13.57446866 11.42344934 13.57867236 11.41924564 2 P 0
L 13.5906256 20.75258994 13.7770997 20.75258994 0 P 0
L 13.59070942 39.37554228 13.59070942 39.5435074 0 P 0
L 13.59070942 39.5435074 13.61500706 39.56780504 0 P 0
L 13.65352362 22.05393608 13.65908114 22.04837856 2 P 0
L 13.65352362 22.54606616 13.65908114 22.55162368 2 P 0
L 13.65908114 21.74757144 13.65908114 22.04837856 2 P 0
L 13.65908114 21.74757144 13.66463866 21.74201392 2 P 0
L 13.65908114 22.55162368 13.65908114 22.8524308 2 P 0
L 13.65908114 22.8524308 13.66463866 22.85798832 2 P 0
L 13.68296476 39.9480024 13.91736104 39.71360612 3 P 0
L 13.7150983 21.03011542 13.7150983 21.04483726 0 P 0
L 13.7150983 21.03011542 13.91721372 20.828 0 P 0
L 13.75922064 27.36269356 13.75922064 37.6678063 0 P 0
L 13.75922064 37.6678063 13.75922064 38.64723792 0 P 0
L 13.75922064 38.64723792 13.78284518 38.67086246 0 P 0
L 13.7770997 20.75258994 13.85408964 20.6756 0 P 0
L 13.83544096 24.65584096 13.83544096 25.7999992 0 P 0
L 13.83544096 25.7999992 13.83544096 26.2963025 0 P 0
L 13.83544096 26.2963025 13.98475486 26.4456164 0 P 0
L 13.85408964 20.6756 15.84132722 20.6756 0 P 0
L 13.91721372 20.828 15.2654 20.828 0 P 0
L 13.91736104 38.9717407 13.91736104 39.24729768 3 P 0
L 13.91736104 39.24729768 13.91736104 39.71360612 3 P 0
L 13.9446 45.96403304 13.9590272 45.94960584 0 P 0
L 13.9590272 40.70987032 13.9590272 45.94960584 0 P 0
L 13.9590272 40.70987032 14.46109122 40.2078063 0 P 0
L 13.98475486 26.4456164 13.98475486 37.6678063 0 P 0
L 13.98475486 37.6678063 13.98475486 37.73630502 0 P 0
L 13.98475486 37.73630502 14.51815486 38.26970502 0 P 0
L 14.03535928 21.35798878 14.0409168 21.35243126 2 P 0
L 14.03535928 23.24201346 14.0409168 23.24757098 2 P 0
L 14.0409168 21.05162414 14.0409168 21.35243126 2 P 0
L 14.0409168 21.05162414 14.04647432 21.04606662 2 P 0
L 14.0409168 23.24757098 14.0409168 23.5483781 2 P 0
L 14.0409168 23.5483781 14.04647432 23.55393562 2 P 0
L 14.06372854 40.05390516 14.0786104 40.0390233 2 P 0
L 14.0786104 40.0390233 14.29706564 40.0390233 2 P 0
L 14.10236448 25.21581952 14.10236448 25.55939516 2 P 0
L 14.11866112 24.58282866 14.12089632 24.58059346 2 P 0
L 14.12089632 24.27120114 14.12089632 24.58059346 2 P 0
L 14.12089632 24.27120114 14.12773146 24.264366 2 P 0
L 14.12311882 22.46553292 14.12311882 22.76634004 2 P 0
L 14.19801072 26.04998092 14.19801072 31.12120014 0 P 0
L 14.19801072 26.04998092 14.263624 25.98436764 0 P 0
L 14.19801072 31.12120014 14.5796 31.50278942 0 P 0
L 14.25145486 38.44093658 14.25145486 38.7717411 2 P 0
L 14.25145486 39.16387138 14.25145486 39.4946759 2 P 0
L 14.26157168 31.56193078 14.26157168 31.8927353 4 P 0
L 14.263624 25.95000144 14.263624 25.98436764 0 P 0
L 14.29706564 40.0390233 14.37024558 39.96584336 2 P 0
L 14.37024558 39.96584336 14.39773854 39.96584336 2 P 0
L 14.45192436 17.29346554 14.45748188 17.29902306 2 P 0
L 14.45748188 17.29902306 14.45748188 17.59983018 2 P 0
L 14.45748188 17.59983018 14.4630394 17.6053877 2 P 0
L 14.46109122 40.2078063 14.61362838 40.05526914 0 P 0
L 14.46932336 16.95894754 14.47259488 16.95567602 2 P 0
L 14.47259488 16.62624818 14.47259488 16.95567602 2 P 0
L 14.47259488 16.62624818 14.4758664 16.62297666 2 P 0
L 14.51815486 38.26970502 14.51815486 39.72025838 0 P 0
L 14.51815486 39.72025838 14.61362838 39.8157319 0 P 0
L 14.5796 31.50278942 14.5796 36.576 0 P 0
L 14.57961016 18.87221016 16.91258492 21.20518492 0 P 0
L 14.599285 25.21581952 14.599285 25.58439384 2 P 0
L 14.61362838 39.8157319 14.61362838 40.05526914 0 P 0
L 14.62313052 21.9655263 14.62313052 22.26633342 2 P 0
L 14.6312255 18.10626554 14.6312255 18.4912 2 P 0
L 14.65352416 21.55393454 14.65908168 21.54837702 2 P 0
L 14.65352416 23.05393662 14.65908168 23.0483791 2 P 0
L 14.65908168 21.2475699 14.65908168 21.54837702 2 P 0
L 14.65908168 21.2475699 14.6646392 21.24201238 2 P 0
L 14.65908168 22.74757198 14.65908168 23.0483791 2 P 0
L 14.65908168 22.74757198 14.6646392 22.74201446 2 P 0
L 14.8279866 54.22000078 15.44148042 54.8334946 5 P 0
L 14.88101418 37.8286518 14.91071186 37.8286518 0 P 0
L 14.91071186 37.8286518 15.07155736 37.6678063 0 P 0
L 14.92715582 26.49023404 14.93271334 26.49579156 2 P 0
L 14.93271334 26.49579156 14.93271334 26.79659868 2 P 0
L 14.93271334 26.79659868 14.93827086 26.8021562 2 P 0
L 14.98980746 38.4175 15.01561386 38.4433064 2 P 0
L 15.01561386 38.4433064 15.01561386 38.75644268 2 P 0
L 15.01561386 38.75644268 15.03505248 38.7758813 2 P 0
L 15.03620564 35.46809264 15.0368 35.468687 2 P 0
L 15.0368 35.468687 15.0368 35.8902381 2 P 0
L 15.0615777 33.65692786 15.0615777 33.98773238 4 P 0
L 15.06633004 21.2768688 15.08980218 21.30034094 0 P 0
L 15.0667085 23.0707311 15.07226602 23.06517358 2 P 0
L 15.07155736 37.6678063 16.01000862 36.72935504 0 P 0
L 15.07226602 22.76436646 15.07226602 23.06517358 2 P 0
L 15.07226602 22.76436646 15.07782354 22.75880894 2 P 0
L 15.08506 46.70104706 15.08506 47.14239746 1 P 0
L 15.08980218 21.30034094 15.41082516 21.30034094 0 P 0
L 15.099284 25.21581952 15.099284 25.58439384 2 P 0
L 15.11226848 46.28424068 15.46786848 46.28424068 2 P 0
L 15.25368298 39.46227058 15.26453386 39.4514197 2 P 0
L 15.26453386 39.11267514 15.26453386 39.4514197 2 P 0
L 15.26453386 39.11267514 15.27538728 39.10182172 2 P 0
L 15.2654 20.828 16.599916 22.162516 0 P 0
L 15.33908032 21.58149354 15.33908032 21.615019 0 P 0
L 15.33908032 21.615019 15.47498048 21.75091916 0 P 0
L 15.3416 26.2636 15.3462228 26.2682228 0 P 0
L 15.3462228 26.2682228 15.3462228 29.66441362 0 P 0
L 15.3462228 29.66441362 15.3508456 29.66903642 0 P 0
L 15.41082516 21.30034094 16.5608 22.45031578 0 P 0
L 15.44148042 54.8334946 15.4414855 54.8334946 5 P 0
L 15.4414855 54.8334946 15.50499058 54.89699968 5 P 0
L 15.45411184 40.3056725 15.45566632 40.30411802 2 P 0
L 15.45566632 39.9708497 15.4658568 39.96065922 2 P 0
L 15.45566632 40.2078063 15.45566632 40.30411802 2 P 0
L 15.4658568 39.96682888 15.4658568 40.3056725 2 P 0
L 15.47498048 21.75091916 15.47498048 23.29912282 0 P 0
L 15.47498048 23.29912282 16.020796 23.84493834 0 P 0
L 15.50499058 54.89699968 15.50500074 54.89699968 5 P 0
L 15.621 23.82140016 15.621 24.2062 2 P 0
L 15.6464 46.7614 15.6464 47.117 2 P 0
L 15.65373298 38.44093658 15.65373298 38.7717411 2 P 0
L 15.65373298 39.16387138 15.65373298 39.4946759 2 P 0
L 15.72138842 19.59104286 16.5158547 18.79657658 2 P 0
L 15.84132722 20.6756 16.599916 21.43418878 0 P 0
L 15.92065904 22.95181084 15.93361558 22.96476738 2 P 0
L 15.93361558 22.96476738 15.93361558 23.4524296 2 P 0
L 15.93361558 23.4524296 15.94657212 23.46538614 2 P 0
L 16.01000862 29.8196 16.01000862 36.72935504 0 P 0
L 16.020796 23.84493834 16.020796 25.7999992 0 P 0
L 16.020796 25.7999992 16.020796 28.238196 0 P 0
L 16.020796 28.238196 16.22590862 28.44330862 0 P 0
L 16.06289904 16.11850218 16.07117182 16.12677496 2 P 0
L 16.07117182 16.12677496 16.07117182 16.42371112 2 P 0
L 16.07117182 16.42371112 16.0844484 16.4369877 2 P 0
L 16.08128864 15.69623226 16.081883 15.6956379 2 P 0
L 16.081883 15.3898092 16.081883 15.6956379 2 P 0
L 16.081883 15.3898092 16.0824799 15.3892123 2 P 0
L 16.22590862 28.44330862 16.22590862 32.27398168 0 P 0
L 16.22590862 32.27398168 16.23895152 32.28702458 0 P 0
L 16.236696 23.0474901 16.24318824 23.04099786 2 P 0
L 16.24318824 22.73977418 16.24318824 23.04099786 2 P 0
L 16.24318824 22.73977418 16.24968048 22.73328194 2 P 0
L 16.36734852 54.1843722 16.61922254 54.43624622 1 P 0
L 16.39431062 37.20074348 16.39431062 37.5412 2 P 0
L 16.46291094 34.89566554 16.46291094 35.22647006 2 P 0
L 16.5158547 18.79657658 18.3237251 18.79657658 2 P 0
L 16.5608 22.45031578 16.5608 25.7999992 0 P 0
L 16.5608 25.7999992 16.5608 30.861 0 P 0
L 16.599916 21.43418878 16.6280846 21.46235738 0 P 0
L 16.599916 22.162516 16.80746702 22.37006702 0 P 0
L 16.61922254 54.43624622 16.84663636 54.43624622 1 P 0
L 16.69527776 17.36527642 16.69645886 17.36645752 2 P 0
L 16.69645886 17.36645752 16.69645886 17.6804066 2 P 0
L 16.69645886 17.6804066 16.69763996 17.6815877 2 P 0
L 16.69763996 16.6338123 16.70238214 16.63855448 2 P 0
L 16.70238214 16.63855448 16.70238214 16.94099736 2 P 0
L 16.70238214 16.94099736 16.70712432 16.94573954 2 P 0
L 16.80746702 22.37006702 16.80746702 26.8273657 0 P 0
L 16.84663636 54.43624622 16.86121596 54.45082582 1 P 0
L 16.91258492 21.20518492 16.91258492 22.10148742 0 P 0
L 16.91258492 22.10148742 17.11555632 22.30445882 0 P 0
L 17.11555632 22.30445882 17.11555632 35.49092724 0 P 0
L 17.11555632 35.49092724 17.31007968 35.6854506 0 P 0
L 17.15300608 22.03544234 17.16766188 22.02078654 2 P 0
L 17.16766188 21.7058875 17.16766188 22.02078654 2 P 0
L 17.16766188 21.7058875 17.18231768 21.6912317 2 P 0
L 17.31007968 35.6854506 17.31007968 35.8902381 0 P 0
L 17.526 36.9316 17.5514 36.9316 0 P 0
L 17.54768906 34.89566554 17.54768906 35.22647006 2 P 0
L 17.5514 36.9316 18.29468528 36.18831472 0 P 0
L 17.60019594 36.57211634 18.06767024 36.10464204 0 P 0
L 17.6624488 27.06598346 17.6624488 30.32106204 0 P 0
L 17.6624488 30.32106204 17.78 30.43861324 0 P 0
L 17.78 30.43861324 17.78 30.48 0 P 0
L 18.0520848 28.5271337 18.06767024 28.54271914 0 P 0
L 18.06767024 28.54271914 18.06767024 36.10464204 0 P 0
L 18.214848 16.49391418 18.21751754 16.49124464 2 P 0
L 18.21751754 16.18052644 18.21751754 16.49124464 2 P 0
L 18.21751754 16.18052644 18.22018962 16.17785436 2 P 0
L 18.22112688 14.17546314 18.22308522 14.1735048 2 P 0
L 18.22308522 13.86717572 18.22308522 14.1735048 2 P 0
L 18.22308522 13.86717572 18.22504356 13.86521738 2 P 0
L 18.22934886 15.02232962 18.23309028 15.02607104 2 P 0
L 18.23309028 15.02607104 18.23309028 15.32854694 2 P 0
L 18.23309028 15.32854694 18.23683424 15.3322909 2 P 0
L 18.29468528 29.43932898 18.29468528 36.18831472 0 P 0
L 18.29468528 29.43932898 18.29781456 29.4361997 0 P 0
L 18.32307232 27.1042257 18.32537102 27.1065244 2 P 0
L 18.32537102 27.1065244 18.32537102 27.4076541 2 P 0
L 18.32537102 27.4076541 18.32767226 27.40995534 2 P 0
L 18.84426 23.2703497 18.85179364 23.27788334 2 P 0
L 18.85179364 23.27788334 18.85179364 23.5892213 2 P 0
L 18.85179364 23.5892213 18.86432854 23.6017562 2 P 0
L 19.37232854 18.16555676 19.37449516 18.16339014 2 P 0
L 19.37449516 17.8516407 19.37449516 18.16339014 2 P 0
L 19.37449516 17.8516407 19.37666432 17.84947154 2 P 0
L 19.81622656 23.2243757 19.81622656 23.59028048 2 P 0
L 19.81622656 23.2243757 19.82108304 23.21951922 2 P 0
L 19.81622656 23.59028048 19.81710032 23.59115424 2 P 0
L 19.976465 21.76755616 19.976465 22.09836068 2 P 0
L 20.72048688 21.84962356 20.72048688 22.18042808 2 P 0
L 25.04237308 49.01806554 25.04237308 49.34887006 2 P 0
L 25.46062726 -3.29013566 25.46062726 -2.95933114 2 P 0
L 26.4056749 12.39402906 26.4056749 12.72483358 2 P 0
L 27.14272702 8.31993002 27.14272702 8.65073454 2 P 0
L 27.14272702 11.5659281 27.14272702 11.89673262 2 P 0
L 27.9923748 49.01806554 27.9923748 49.34887006 2 P 0
L 28.40567344 12.39402906 28.40567344 12.72483358 2 P 0
L 28.51572656 7.49182906 28.51572656 7.82263358 2 P 0
L 28.76572606 9.94292906 28.76572606 10.27373358 2 P 0
L 28.94657406 27.1404715 28.94657406 27.47127602 2 P 0
L 30.3887251 8.31993002 30.3887251 8.65073454 2 P 0
L 30.3887251 11.5659281 30.3887251 11.89673262 2 P 0
L 30.5157251 12.39402906 30.5157251 12.72483358 2 P 0
L 30.74777442 37.1562122 30.74777442 37.48701672 2 P 0
L 30.78277308 57.60806614 30.78277308 57.93887066 2 P 0
L 32.41062606 13.37393058 32.41062606 13.7047351 2 P 0
L 33.75777348 37.24087548 33.75777348 37.57168 2 P 0
L 33.76777346 57.60306742 33.76777346 57.93387194 2 P 0
L 34.14657382 27.1404715 34.14657382 27.47127602 2 P 0
L 35.59977386 14.62646554 35.59977386 14.95727006 2 P 0
L 36.95677394 7.70012938 36.95677394 8.0309339 2 P 0
L 37.59222606 14.3210661 37.59222606 14.65187062 2 P 0
L 37.61142592 12.95906476 37.61142592 13.28986928 2 P 0
L 38.39922216 14.45906684 38.39922216 14.78987136 2 P 0
L 38.50617394 7.7380973 38.50617394 8.06890182 2 P 0
L 39.36062486 -3.61307126 39.36062486 -3.28226674 2 P 0
L 39.41142486 20.13786676 39.41142486 20.46867128 2 P 0
L 39.59882606 14.45709834 39.59882606 14.78790286 2 P 0
L 39.62422606 7.7361288 39.62422606 8.06693332 2 P 0
L 43.30677394 17.75126498 43.30677394 18.0820695 2 P 0
P 15.50500074 54.89699968 8 P 0 0 ;0=0,1=0
S P 0
OB 15.50499566 55.82800112 I
OS 15.43406108 55.74288572
OS 15.34503154 55.74044224
OS 15.23830074 55.8122582
OS 15.2123902 55.87481078
OS 15.1645112 55.92268978
OS 15.10195608 55.94860032
OS 15.03424476 55.94860032
OS 14.97168964 55.92268978
OS 14.92381064 55.87481078
OS 14.8979001 55.81225566
OS 14.8979001 55.74454434
OS 14.92381064 55.68198922
OS 14.95266504 55.65313482
OS 14.9713315 55.6172497
OS 14.96881182 55.49783668
OS 14.8616416 55.39066646
OS 14.75579472 55.2073318
OS 14.70666858 55.0239946
OS 15.5049855 55.0239946
OS 15.5049855 54.7699946
OS 14.70667112 54.7699946
OS 14.75579472 54.58666756
OS 14.8616416 54.4033329
OS 15.01133396 54.25364054
OS 15.19466862 54.14779366
OS 15.39915132 54.09300078
OS 15.5049982 54.09300078
OS 15.50500582 49.76710646
OS -18.04538936 49.76710646
OS -19.21974566 50.94146276
OS -19.21974566 56.869457
OS -16.59255 59.49665266
OS 15.50499058 59.49665266
OS 15.50499566 55.82800112
OE
OB 10.6652949 59.0235167 H
OS 10.5355263 59.0235167
OS 10.41563322 58.97385462
OS 10.32387318 58.88209458
OS 10.2742111 58.7622015
OS 10.2742111 58.6324329
OS 10.32387318 58.51253982
OS 10.41563322 58.42077978
OS 10.5355263 58.3711177
OS 10.6652949 58.3711177
OS 10.78518798 58.42077978
OS 10.87694802 58.51253982
OS 10.9266101 58.6324329
OS 10.9266101 58.7622015
OS 10.87694802 58.88209458
OS 10.78518798 58.97385462
OS 10.6652949 59.0235167
OE
OB 7.92229556 59.0235167 H
OS 7.79252696 59.0235167
OS 7.67263388 58.97385462
OS 7.58087384 58.88209458
OS 7.53121176 58.7622015
OS 7.53121176 58.6324329
OS 7.58087384 58.51253982
OS 7.67263388 58.42077978
OS 7.79252696 58.3711177
OS 7.92229556 58.3711177
OS 8.04218864 58.42077978
OS 8.13394868 58.51253982
OS 8.18361076 58.6324329
OS 8.18361076 58.7622015
OS 8.13394868 58.88209458
OS 8.04218864 58.97385462
OS 7.92229556 59.0235167
OE
OB 5.17929622 59.0235167 H
OS 5.04952762 59.0235167
OS 4.92963454 58.97385462
OS 4.8378745 58.88209458
OS 4.78821242 58.7622015
OS 4.78821242 58.6324329
OS 4.8378745 58.51253982
OS 4.92963454 58.42077978
OS 5.04952762 58.3711177
OS 5.17929622 58.3711177
OS 5.2991893 58.42077978
OS 5.39094934 58.51253982
OS 5.44061142 58.6324329
OS 5.44061142 58.7622015
OS 5.39094934 58.88209458
OS 5.2991893 58.97385462
OS 5.17929622 59.0235167
OE
OB 2.43629688 59.0235167 H
OS 2.30652828 59.0235167
OS 2.1866352 58.97385462
OS 2.09487516 58.88209458
OS 2.04521308 58.7622015
OS 2.04521308 58.6324329
OS 2.09487516 58.51253982
OS 2.1866352 58.42077978
OS 2.30652828 58.3711177
OS 2.43629688 58.3711177
OS 2.55618996 58.42077978
OS 2.64795 58.51253982
OS 2.69761208 58.6324329
OS 2.69761208 58.7622015
OS 2.64795 58.88209458
OS 2.55618996 58.97385462
OS 2.43629688 59.0235167
OE
OB -2.26370388 59.0235167 H
OS -2.39347248 59.0235167
OS -2.51336556 58.97385462
OS -2.6051256 58.88209458
OS -2.65478768 58.7622015
OS -2.65478768 58.6324329
OS -2.6051256 58.51253982
OS -2.51336556 58.42077978
OS -2.39347248 58.3711177
OS -2.26370388 58.3711177
OS -2.1438108 58.42077978
OS -2.05205076 58.51253982
OS -2.00238868 58.6324329
OS -2.00238868 58.7622015
OS -2.05205076 58.88209458
OS -2.1438108 58.97385462
OS -2.26370388 59.0235167
OE
OB -5.00670322 59.0235167 H
OS -5.13647182 59.0235167
OS -5.2563649 58.97385462
OS -5.34812494 58.88209458
OS -5.39778702 58.7622015
OS -5.39778702 58.6324329
OS -5.34812494 58.51253982
OS -5.2563649 58.42077978
OS -5.13647182 58.3711177
OS -5.00670322 58.3711177
OS -4.88681014 58.42077978
OS -4.7950501 58.51253982
OS -4.74538802 58.6324329
OS -4.74538802 58.7622015
OS -4.7950501 58.88209458
OS -4.88681014 58.97385462
OS -5.00670322 59.0235167
OE
OB -7.74970256 59.0235167 H
OS -7.87947116 59.0235167
OS -7.99936424 58.97385462
OS -8.09112428 58.88209458
OS -8.14078636 58.7622015
OS -8.14078636 58.6324329
OS -8.09112428 58.51253982
OS -7.99936424 58.42077978
OS -7.87947116 58.3711177
OS -7.74970256 58.3711177
OS -7.62980948 58.42077978
OS -7.53804944 58.51253982
OS -7.48838736 58.6324329
OS -7.48838736 58.7622015
OS -7.53804944 58.88209458
OS -7.62980948 58.97385462
OS -7.74970256 59.0235167
OE
OB -10.4927019 59.0235167 H
OS -10.6224705 59.0235167
OS -10.74236358 58.97385462
OS -10.83412362 58.88209458
OS -10.8837857 58.7622015
OS -10.8837857 58.6324329
OS -10.83412362 58.51253982
OS -10.74236358 58.42077978
OS -10.6224705 58.3711177
OS -10.4927019 58.3711177
OS -10.37280882 58.42077978
OS -10.28104878 58.51253982
OS -10.2313867 58.6324329
OS -10.2313867 58.7622015
OS -10.28104878 58.88209458
OS -10.37280882 58.97385462
OS -10.4927019 59.0235167
OE
OB -8.56052898 57.55885618 H
OS -8.6282403 57.55885618
OS -8.69079542 57.53294564
OS -8.73867442 57.48506664
OS -8.76458496 57.42251152
OS -8.76458496 57.3548002
OS -8.73867442 57.29224508
OS -8.69079542 57.24436608
OS -8.6282403 57.21845554
OS -8.56052898 57.21845554
OS -8.49797386 57.24436608
OS -8.45009486 57.29224508
OS -8.42418432 57.3548002
OS -8.42418432 57.42251152
OS -8.45009486 57.48506664
OS -8.49797386 57.53294564
OS -8.56052898 57.55885618
OE
OB 7.89126692 57.08848628 H
OS 7.8235556 57.08848628
OS 7.76100048 57.06257574
OS 7.71312148 57.01469674
OS 7.68721094 56.95214162
OS 7.68721094 56.8844303
OS 7.71312148 56.82187518
OS 7.76100048 56.77399618
OS 7.8235556 56.74808564
OS 7.89126692 56.74808564
OS 7.95382204 56.77399618
OS 8.00170104 56.82187518
OS 8.02761158 56.8844303
OS 8.02761158 56.95214162
OS 8.00170104 57.01469674
OS 7.95382204 57.06257574
OS 7.89126692 57.08848628
OE
OB 10.5356914 57.06931436 H
OS 10.46798008 57.06931436
OS 10.40542496 57.04340382
OS 10.35754596 56.99552482
OS 10.33163542 56.9329697
OS 10.33163542 56.86525838
OS 10.35754596 56.80270326
OS 10.40542496 56.75482426
OS 10.46798008 56.72891372
OS 10.5356914 56.72891372
OS 10.59824652 56.75482426
OS 10.64612552 56.80270326
OS 10.67203606 56.86525838
OS 10.67203606 56.9329697
OS 10.64612552 56.99552482
OS 10.59824652 57.04340382
OS 10.5356914 57.06931436
OE
OB 5.14826758 57.06099332 H
OS 5.08055626 57.06099332
OS 5.01800114 57.03508278
OS 4.97012214 56.98720378
OS 4.9442116 56.92464866
OS 4.9442116 56.85693734
OS 4.97012214 56.79438222
OS 5.01800114 56.74650322
OS 5.08055626 56.72059268
OS 5.14826758 56.72059268
OS 5.2108227 56.74650322
OS 5.2587017 56.79438222
OS 5.28461224 56.85693734
OS 5.28461224 56.92464866
OS 5.2587017 56.98720378
OS 5.2108227 57.03508278
OS 5.14826758 57.06099332
OE
OB -2.28676708 57.05921532 H
OS -2.3544784 57.05921532
OS -2.41703352 57.03330478
OS -2.46491252 56.98542578
OS -2.49082306 56.92287066
OS -2.49082306 56.85515934
OS -2.46491252 56.79260422
OS -2.41703352 56.74472522
OS -2.3544784 56.71881468
OS -2.28676708 56.71881468
OS -2.22421196 56.74472522
OS -2.17633296 56.79260422
OS -2.15042242 56.85515934
OS -2.15042242 56.92287066
OS -2.17633296 56.98542578
OS -2.22421196 57.03330478
OS -2.28676708 57.05921532
OE
OB 2.40526824 57.05866668 H
OS 2.33755692 57.05866668
OS 2.2750018 57.03275614
OS 2.2271228 56.98487714
OS 2.20121226 56.92232202
OS 2.20121226 56.8546107
OS 2.2271228 56.79205558
OS 2.2750018 56.74417658
OS 2.33755692 56.71826604
OS 2.40526824 56.71826604
OS 2.46782336 56.74417658
OS 2.51570236 56.79205558
OS 2.5416129 56.8546107
OS 2.5416129 56.92232202
OS 2.51570236 56.98487714
OS 2.46782336 57.03275614
OS 2.40526824 57.05866668
OE
OB -5.02976642 57.05657372 H
OS -5.09747774 57.05657372
OS -5.16003286 57.03066318
OS -5.20791186 56.98278418
OS -5.2338224 56.92022906
OS -5.2338224 56.85251774
OS -5.20791186 56.78996262
OS -5.16003286 56.74208362
OS -5.09747774 56.71617308
OS -5.02976642 56.71617308
OS -4.9672113 56.74208362
OS -4.9193323 56.78996262
OS -4.89342176 56.85251774
OS -4.89342176 56.92022906
OS -4.9193323 56.98278418
OS -4.9672113 57.03066318
OS -5.02976642 57.05657372
OE
OB -10.42877772 57.0552961 H
OS -10.49648904 57.0552961
OS -10.55904416 57.02938556
OS -10.60692316 56.98150656
OS -10.6328337 56.91895144
OS -10.6328337 56.85124012
OS -10.60692316 56.788685
OS -10.55904416 56.740806
OS -10.49648904 56.71489546
OS -10.42877772 56.71489546
OS -10.3662226 56.740806
OS -10.3183436 56.788685
OS -10.29243306 56.85124012
OS -10.29243306 56.91895144
OS -10.3183436 56.98150656
OS -10.3662226 57.02938556
OS -10.42877772 57.0552961
OE
OB -7.77481046 57.04361972 H
OS -7.84252178 57.04361972
OS -7.9050769 57.01770918
OS -7.9529559 56.96983018
OS -7.97886644 56.90727506
OS -7.97886644 56.83956374
OS -7.9529559 56.77700862
OS -7.9050769 56.72912962
OS -7.84252178 56.70321908
OS -7.77481046 56.70321908
OS -7.71225534 56.72912962
OS -7.66437634 56.77700862
OS -7.6384658 56.83956374
OS -7.6384658 56.90727506
OS -7.66437634 56.96983018
OS -7.71225534 57.01770918
OS -7.77481046 57.04361972
OE
OB 8.66985566 56.81220032 H
OS 8.60214434 56.81220032
OS 8.53958922 56.78628978
OS 8.49171022 56.73841078
OS 8.46579968 56.67585566
OS 8.46579968 56.60814434
OS 8.49171022 56.54558922
OS 8.53958922 56.49771022
OS 8.60214434 56.47179968
OS 8.66985566 56.47179968
OS 8.73241078 56.49771022
OS 8.78028978 56.54558922
OS 8.80620032 56.60814434
OS 8.80620032 56.67585566
OS 8.78028978 56.73841078
OS 8.73241078 56.78628978
OS 8.66985566 56.81220032
OE
OB -8.80534434 56.71060032 H
OS -8.87305566 56.71060032
OS -8.93561078 56.68468978
OS -8.98348978 56.63681078
OS -9.00940032 56.57425566
OS -9.00940032 56.50654434
OS -8.98348978 56.44398922
OS -8.93561078 56.39611022
OS -8.87305566 56.37019968
OS -8.80534434 56.37019968
OS -8.74278922 56.39611022
OS -8.69491022 56.44398922
OS -8.66899968 56.50654434
OS -8.66899968 56.57425566
OS -8.69491022 56.63681078
OS -8.74278922 56.68468978
OS -8.80534434 56.71060032
OE
OB 13.64825566 56.13208738 H
OS 13.58054434 56.13208738
OS 13.51798922 56.10617684
OS 13.47011022 56.05829784
OS 13.44419968 55.99574272
OS 13.44419968 55.9280314
OS 13.47011022 55.86547628
OS 13.51798922 55.81759728
OS 13.58054434 55.79168674
OS 13.64825566 55.79168674
OS 13.71081078 55.81759728
OS 13.75868978 55.86547628
OS 13.78460032 55.9280314
OS 13.78460032 55.99574272
OS 13.75868978 56.05829784
OS 13.71081078 56.10617684
OS 13.64825566 56.13208738
OE
OB -5.96231218 56.05442434 H
OS -6.0300235 56.05442434
OS -6.09257862 56.0285138
OS -6.14045762 55.9806348
OS -6.16636816 55.91807968
OS -6.16636816 55.85036836
OS -6.14045762 55.78781324
OS -6.09257862 55.73993424
OS -6.0300235 55.7140237
OS -5.96231218 55.7140237
OS -5.89975706 55.73993424
OS -5.85187806 55.78781324
OS -5.82596752 55.85036836
OS -5.82596752 55.91807968
OS -5.85187806 55.9806348
OS -5.89975706 56.0285138
OS -5.96231218 56.05442434
OE
OB 4.14865566 55.74540032 H
OS 4.08094434 55.74540032
OS 4.01838922 55.71948978
OS 3.97051022 55.67161078
OS 3.94459968 55.60905566
OS 3.94459968 55.54134434
OS 3.97051022 55.47878922
OS 4.01838922 55.43091022
OS 4.08094434 55.40499968
OS 4.14865566 55.40499968
OS 4.21121078 55.43091022
OS 4.25908978 55.47878922
OS 4.28500032 55.54134434
OS 4.28500032 55.60905566
OS 4.25908978 55.67161078
OS 4.21121078 55.71948978
OS 4.14865566 55.74540032
OE
OB 1.91345566 55.36440032 H
OS 1.84574434 55.36440032
OS 1.78318922 55.33848978
OS 1.73531022 55.29061078
OS 1.70939968 55.22805566
OS 1.70939968 55.16034434
OS 1.73531022 55.09778922
OS 1.78318922 55.04991022
OS 1.84574434 55.02399968
OS 1.91345566 55.02399968
OS 1.97601078 55.04991022
OS 2.02388978 55.09778922
OS 2.04980032 55.16034434
OS 2.04980032 55.22805566
OS 2.02388978 55.29061078
OS 1.97601078 55.33848978
OS 1.91345566 55.36440032
OE
OB 3.41205566 54.22140032 H
OS 3.34434434 54.22140032
OS 3.28178922 54.19548978
OS 3.23391022 54.14761078
OS 3.20799968 54.08505566
OS 3.20799968 54.01734434
OS 3.23391022 53.95478922
OS 3.28178922 53.90691022
OS 3.34434434 53.88099968
OS 3.41205566 53.88099968
OS 3.47461078 53.90691022
OS 3.52248978 53.95478922
OS 3.54840032 54.01734434
OS 3.54840032 54.08505566
OS 3.52248978 54.14761078
OS 3.47461078 54.19548978
OS 3.41205566 54.22140032
OE
OB 11.28605566 53.81469044 H
OS 11.21834434 53.81469044
OS 11.15578922 53.7887799
OS 11.10791022 53.7409009
OS 11.08199968 53.67834578
OS 11.08199968 53.61063446
OS 11.10791022 53.54807934
OS 11.15578922 53.50020034
OS 11.21834434 53.4742898
OS 11.28605566 53.4742898
OS 11.34861078 53.50020034
OS 11.39648978 53.54807934
OS 11.42240032 53.61063446
OS 11.42240032 53.67834578
OS 11.39648978 53.7409009
OS 11.34861078 53.7887799
OS 11.28605566 53.81469044
OE
OB 7.01885566 53.78960032 H
OS 6.95114434 53.78960032
OS 6.88858922 53.76368978
OS 6.84071022 53.71581078
OS 6.81479968 53.65325566
OS 6.81479968 53.58554434
OS 6.84071022 53.52298922
OS 6.88858922 53.47511022
OS 6.95114434 53.44919968
OS 7.01885566 53.44919968
OS 7.08141078 53.47511022
OS 7.12928978 53.52298922
OS 7.15520032 53.58554434
OS 7.15520032 53.65325566
OS 7.12928978 53.71581078
OS 7.08141078 53.76368978
OS 7.01885566 53.78960032
OE
OB 8.66985566 53.71340032 H
OS 8.60214434 53.71340032
OS 8.53958922 53.68748978
OS 8.49171022 53.63961078
OS 8.46579968 53.57705566
OS 8.46579968 53.50934434
OS 8.49171022 53.44678922
OS 8.53958922 53.39891022
OS 8.60214434 53.37299968
OS 8.66985566 53.37299968
OS 8.73241078 53.39891022
OS 8.78028978 53.44678922
OS 8.80620032 53.50934434
OS 8.80620032 53.57705566
OS 8.78028978 53.63961078
OS 8.73241078 53.68748978
OS 8.66985566 53.71340032
OE
OB -2.28676708 53.14364784 H
OS -2.3544784 53.14364784
OS -2.41703352 53.1177373
OS -2.46491252 53.0698583
OS -2.49082306 53.00730318
OS -2.49082306 52.93959186
OS -2.46491252 52.87703674
OS -2.41703352 52.82915774
OS -2.3544784 52.8032472
OS -2.28676708 52.8032472
OS -2.22421196 52.82915774
OS -2.17633296 52.87703674
OS -2.15042242 52.93959186
OS -2.15042242 53.00730318
OS -2.17633296 53.0698583
OS -2.22421196 53.1177373
OS -2.28676708 53.14364784
OE
OB -10.41923494 53.1348188 H
OS -10.48694626 53.1348188
OS -10.54950138 53.10890826
OS -10.59738038 53.06102926
OS -10.62329092 52.99847414
OS -10.62329092 52.93076282
OS -10.59738038 52.8682077
OS -10.54950138 52.8203287
OS -10.48694626 52.79441816
OS -10.41923494 52.79441816
OS -10.35667982 52.8203287
OS -10.30880082 52.8682077
OS -10.28289028 52.93076282
OS -10.28289028 52.99847414
OS -10.30880082 53.06102926
OS -10.35667982 53.10890826
OS -10.41923494 53.1348188
OE
OB -5.02976642 53.13281728 H
OS -5.09747774 53.13281728
OS -5.16003286 53.10690674
OS -5.20791186 53.05902774
OS -5.2338224 52.99647262
OS -5.2338224 52.9287613
OS -5.20791186 52.86620618
OS -5.16003286 52.81832718
OS -5.09747774 52.79241664
OS -5.02976642 52.79241664
OS -4.9672113 52.81832718
OS -4.9193323 52.86620618
OS -4.89342176 52.9287613
OS -4.89342176 52.99647262
OS -4.9193323 53.05902774
OS -4.9672113 53.10690674
OS -5.02976642 53.13281728
OE
OB -7.77291054 53.12686352 H
OS -7.84062186 53.12686352
OS -7.90317698 53.10095298
OS -7.95105598 53.05307398
OS -7.97696652 52.99051886
OS -7.97696652 52.92280754
OS -7.95105598 52.86025242
OS -7.90317698 52.81237342
OS -7.84062186 52.78646288
OS -7.77291054 52.78646288
OS -7.71035542 52.81237342
OS -7.66247642 52.86025242
OS -7.63656588 52.92280754
OS -7.63656588 52.99051886
OS -7.66247642 53.05307398
OS -7.71035542 53.10095298
OS -7.77291054 53.12686352
OE
OB 7.88245566 53.12315766 H
OS 7.81474434 53.12315766
OS 7.75218922 53.09724712
OS 7.70431022 53.04936812
OS 7.67839968 52.986813
OS 7.67839968 52.91910168
OS 7.70431022 52.85654656
OS 7.75218922 52.80866756
OS 7.81474434 52.78275702
OS 7.88245566 52.78275702
OS 7.94501078 52.80866756
OS 7.99288978 52.85654656
OS 8.01880032 52.91910168
OS 8.01880032 52.986813
OS 7.99288978 53.04936812
OS 7.94501078 53.09724712
OS 7.88245566 53.12315766
OE
OB 5.14826758 53.12315766 H
OS 5.08055626 53.12315766
OS 5.01800114 53.09724712
OS 4.97012214 53.04936812
OS 4.9442116 52.986813
OS 4.9442116 52.91910168
OS 4.97012214 52.85654656
OS 5.01800114 52.80866756
OS 5.08055626 52.78275702
OS 5.14826758 52.78275702
OS 5.2108227 52.80866756
OS 5.2587017 52.85654656
OS 5.28461224 52.91910168
OS 5.28461224 52.986813
OS 5.2587017 53.04936812
OS 5.2108227 53.09724712
OS 5.14826758 53.12315766
OE
OB 2.4084915 53.12315766 H
OS 2.34078018 53.12315766
OS 2.27822506 53.09724712
OS 2.23034606 53.04936812
OS 2.20443552 52.986813
OS 2.20443552 52.91910168
OS 2.23034606 52.85654656
OS 2.27822506 52.80866756
OS 2.34078018 52.78275702
OS 2.4084915 52.78275702
OS 2.47104662 52.80866756
OS 2.51892562 52.85654656
OS 2.54483616 52.91910168
OS 2.54483616 52.986813
OS 2.51892562 53.04936812
OS 2.47104662 53.09724712
OS 2.4084915 53.12315766
OE
OB 10.53072316 53.08720142 H
OS 10.46301184 53.08720142
OS 10.40045672 53.06129088
OS 10.35257772 53.01341188
OS 10.32666718 52.95085676
OS 10.32666718 52.88314544
OS 10.35257772 52.82059032
OS 10.40045672 52.77271132
OS 10.46301184 52.74680078
OS 10.53072316 52.74680078
OS 10.59327828 52.77271132
OS 10.64115728 52.82059032
OS 10.66706782 52.88314544
OS 10.66706782 52.95085676
OS 10.64115728 53.01341188
OS 10.59327828 53.06129088
OS 10.53072316 53.08720142
OE
OB -8.62754434 52.67200032 H
OS -8.69525566 52.67200032
OS -8.75781078 52.64608978
OS -8.80568978 52.59821078
OS -8.83160032 52.53565566
OS -8.83160032 52.46794434
OS -8.80568978 52.40538922
OS -8.75781078 52.35751022
OS -8.69525566 52.33159968
OS -8.62754434 52.33159968
OS -8.56498922 52.35751022
OS -8.51711022 52.40538922
OS -8.49119968 52.46794434
OS -8.49119968 52.53565566
OS -8.51711022 52.59821078
OS -8.56498922 52.64608978
OS -8.62754434 52.67200032
OE
OB 10.6652949 51.42351666 H
OS 10.5355263 51.42351666
OS 10.41563322 51.37385458
OS 10.32387318 51.28209454
OS 10.2742111 51.16220146
OS 10.2742111 51.03243286
OS 10.32387318 50.91253978
OS 10.41563322 50.82077974
OS 10.5355263 50.77111766
OS 10.6652949 50.77111766
OS 10.78518798 50.82077974
OS 10.87694802 50.91253978
OS 10.9266101 51.03243286
OS 10.9266101 51.16220146
OS 10.87694802 51.28209454
OS 10.78518798 51.37385458
OS 10.6652949 51.42351666
OE
OB 7.92229556 51.42351666 H
OS 7.79252696 51.42351666
OS 7.67263388 51.37385458
OS 7.58087384 51.28209454
OS 7.53121176 51.16220146
OS 7.53121176 51.03243286
OS 7.58087384 50.91253978
OS 7.67263388 50.82077974
OS 7.79252696 50.77111766
OS 7.92229556 50.77111766
OS 8.04218864 50.82077974
OS 8.13394868 50.91253978
OS 8.18361076 51.03243286
OS 8.18361076 51.16220146
OS 8.13394868 51.28209454
OS 8.04218864 51.37385458
OS 7.92229556 51.42351666
OE
OB 5.17929622 51.42351666 H
OS 5.04952762 51.42351666
OS 4.92963454 51.37385458
OS 4.8378745 51.28209454
OS 4.78821242 51.16220146
OS 4.78821242 51.03243286
OS 4.8378745 50.91253978
OS 4.92963454 50.82077974
OS 5.04952762 50.77111766
OS 5.17929622 50.77111766
OS 5.2991893 50.82077974
OS 5.39094934 50.91253978
OS 5.44061142 51.03243286
OS 5.44061142 51.16220146
OS 5.39094934 51.28209454
OS 5.2991893 51.37385458
OS 5.17929622 51.42351666
OE
OB 2.43629688 51.42351666 H
OS 2.30652828 51.42351666
OS 2.1866352 51.37385458
OS 2.09487516 51.28209454
OS 2.04521308 51.16220146
OS 2.04521308 51.03243286
OS 2.09487516 50.91253978
OS 2.1866352 50.82077974
OS 2.30652828 50.77111766
OS 2.43629688 50.77111766
OS 2.55618996 50.82077974
OS 2.64795 50.91253978
OS 2.69761208 51.03243286
OS 2.69761208 51.16220146
OS 2.64795 51.28209454
OS 2.55618996 51.37385458
OS 2.43629688 51.42351666
OE
OB -2.26370388 51.42351666 H
OS -2.39347248 51.42351666
OS -2.51336556 51.37385458
OS -2.6051256 51.28209454
OS -2.65478768 51.16220146
OS -2.65478768 51.03243286
OS -2.6051256 50.91253978
OS -2.51336556 50.82077974
OS -2.39347248 50.77111766
OS -2.26370388 50.77111766
OS -2.1438108 50.82077974
OS -2.05205076 50.91253978
OS -2.00238868 51.03243286
OS -2.00238868 51.16220146
OS -2.05205076 51.28209454
OS -2.1438108 51.37385458
OS -2.26370388 51.42351666
OE
OB -5.00670322 51.42351666 H
OS -5.13647182 51.42351666
OS -5.2563649 51.37385458
OS -5.34812494 51.28209454
OS -5.39778702 51.16220146
OS -5.39778702 51.03243286
OS -5.34812494 50.91253978
OS -5.2563649 50.82077974
OS -5.13647182 50.77111766
OS -5.00670322 50.77111766
OS -4.88681014 50.82077974
OS -4.7950501 50.91253978
OS -4.74538802 51.03243286
OS -4.74538802 51.16220146
OS -4.7950501 51.28209454
OS -4.88681014 51.37385458
OS -5.00670322 51.42351666
OE
OB -7.74970256 51.42351666 H
OS -7.87947116 51.42351666
OS -7.99936424 51.37385458
OS -8.09112428 51.28209454
OS -8.14078636 51.16220146
OS -8.14078636 51.03243286
OS -8.09112428 50.91253978
OS -7.99936424 50.82077974
OS -7.87947116 50.77111766
OS -7.74970256 50.77111766
OS -7.62980948 50.82077974
OS -7.53804944 50.91253978
OS -7.48838736 51.03243286
OS -7.48838736 51.16220146
OS -7.53804944 51.28209454
OS -7.62980948 51.37385458
OS -7.74970256 51.42351666
OE
OB -10.4927019 51.42351666 H
OS -10.6224705 51.42351666
OS -10.74236358 51.37385458
OS -10.83412362 51.28209454
OS -10.8837857 51.16220146
OS -10.8837857 51.03243286
OS -10.83412362 50.91253978
OS -10.74236358 50.82077974
OS -10.6224705 50.77111766
OS -10.4927019 50.77111766
OS -10.37280882 50.82077974
OS -10.28104878 50.91253978
OS -10.2313867 51.03243286
OS -10.2313867 51.16220146
OS -10.28104878 51.28209454
OS -10.37280882 51.37385458
OS -10.4927019 51.42351666
OE
SE
S P 0
OB 20.1422 53.4416 I
OS 15.58747962 53.4416
OS 15.58747708 54.09300078
OS 15.56331914 54.15131918
OS 15.60674044 54.27080078
OS 15.6295598 54.27080078
OS 15.85971428 54.3661346
OS 16.03586582 54.54228614
OS 16.13119964 54.77244062
OS 16.13119964 55.02155874
OS 16.03586582 55.25171322
OS 15.85971428 55.42786476
OS 15.6295598 55.52319858
OS 15.50500074 55.52319858
OS 15.50500074 55.6991774
OS 15.56835596 55.77519706
OS 15.57672018 55.80203724
OS 15.58747454 55.82800112
OS 15.587472 56.769
OS 20.1422 56.769
OS 20.1422 53.4416
OE
OB 16.90668704 54.67942582 H
OS 16.81574488 54.67942582
OS 16.73172422 54.64462274
OS 16.71757896 54.63047748
OS 16.61923524 54.63047748
OS 16.61922254 54.63048002
OS 16.54489452 54.61569214
OS 16.48187966 54.5735891
OS 16.37206276 54.4637722
OS 16.31177332 54.4637722
OS 16.20908112 54.42123482
OS 16.1304859 54.3426396
OS 16.08794852 54.2399474
OS 16.08794852 54.128797
OS 16.1304859 54.0261048
OS 16.20908112 53.94750958
OS 16.31177332 53.9049722
OS 16.42292372 53.9049722
OS 16.52561592 53.94750958
OS 16.60421114 54.0261048
OS 16.64674852 54.128797
OS 16.64674852 54.18908644
OS 16.69967704 54.24201496
OS 16.76797002 54.24201496
OS 16.81574488 54.22222582
OS 16.90668704 54.22222582
OS 16.9907077 54.2570289
OS 17.05501288 54.32133408
OS 17.08981596 54.40535474
OS 17.08981596 54.4962969
OS 17.05501288 54.58031756
OS 16.9907077 54.64462274
OS 16.90668704 54.67942582
OE
OB 17.98040092 55.27431668 H
OS 17.830419 55.27431668
OS 17.69185692 55.21692284
OS 17.5858043 55.11087022
OS 17.52841046 54.97230814
OS 17.52841046 54.82232622
OS 17.5858043 54.68376414
OS 17.69185692 54.57771152
OS 17.830419 54.52031768
OS 17.98040092 54.52031768
OS 18.118963 54.57771152
OS 18.22501562 54.68376414
OS 18.28240946 54.82232622
OS 18.28240946 54.97230814
OS 18.22501562 55.11087022
OS 18.118963 55.21692284
OS 17.98040092 55.27431668
OE
SE
P -0.11439906 2.28905562 9 P 0 0 ;0=2,1=1
P -0.119888 1.6239998 9 P 0 0 ;0=2,1=1
P -0.12722606 28.85832938 9 P 0 0 ;0=2,1=1
P -0.12722606 29.1891339 6 P 0 0 ;0=3,1=1
P -0.12874244 2.9427678 6 P 0 0 ;0=3,1=1
P -0.19877024 13.1540377 9 P 0 0 ;0=2,1=1
P -0.26203656 12.33416126 9 P 0 0 ;0=2,1=1
P -0.3299714 1.95718938 6 P 0 0 ;0=3,1=1
P -0.3586099 23.77300554 9 P 0 0 ;0=2,1=1
P -0.3586099 24.10381006 6 P 0 0 ;0=3,1=1
P -0.4318 31.9721992 9 P 0 0 ;0=5,1=1
P -0.4700016 18.9992 6 P 0 0 ;0=3,1=1
P -0.4826 18.4658 6 P 0 0 ;0=3,1=1
P -0.64255904 0.27644852 6 P 0 0 ;0=3,1=1
P -0.7112 13.1540377 6 P 0 0 ;0=3,1=1
P -0.7115048 17.43914978 6 P 0 0 ;0=3,1=1
P -0.78829916 32.37160658 9 P 0 0 ;0=2,1=1
P -0.87737442 31.64532914 9 P 0 0 ;0=2,1=1
P -0.87737442 31.97613366 6 P 0 0 ;0=3,1=1
P -0.87737442 32.77613206 6 P 0 0 ;0=3,1=1
P -0.894969 44.6931288 9 P 0 0 ;0=2,1=1
P -0.894969 45.02393332 6 P 0 0 ;0=3,1=1
P -0.9391142 16.38315494 6 P 0 0 ;0=3,1=1
P -0.93957394 28.86253054 9 P 0 0 ;0=2,1=1
P -0.93957394 29.19333506 6 P 0 0 ;0=3,1=1
P -0.9552305 16.0462341 9 P 0 0 ;0=2,1=1
P -1.0508996 30.95990506 6 P 0 0 ;0=3,1=1
P -1.09587538 33.0638277 9 P 0 0 ;0=2,1=1
P -1.09587538 33.39463222 6 P 0 0 ;0=3,1=1
P -1.18053866 53.50689578 6 P 0 0 ;0=3,1=1
P -1.18053866 56.33706284 6 P 0 0 ;0=3,1=1
P -1.24628656 14.4812004 6 P 0 0 ;0=3,1=1
P -1.3956792 27.28308234 6 P 0 0 ;0=3,1=1
P -1.40000482 23.749 6 P 0 0 ;0=3,1=1
P -1.44074134 -0.63821818 9 P 0 0 ;0=2,1=1
P -1.44074134 0.86178136 9 P 0 0 ;0=2,1=1
P -1.44074134 33.86177124 9 P 0 0 ;0=2,1=1
P -1.44074134 35.36177078 9 P 0 0 ;0=2,1=1
P -1.44074134 36.86177032 9 P 0 0 ;0=2,1=1
P -1.44074134 38.36176986 9 P 0 0 ;0=2,1=1
P -1.44074134 39.8617694 9 P 0 0 ;0=2,1=1
P -1.44074134 41.36176894 9 P 0 0 ;0=2,1=1
P -1.44074134 44.36176802 9 P 0 0 ;0=2,1=1
P -1.44074134 45.86176756 9 P 0 0 ;0=2,1=1
P -1.44074134 47.3617671 9 P 0 0 ;0=2,1=1
P -1.44074134 50.36176618 9 P 0 0 ;0=5,1=1
P -1.48742654 31.24532994 9 P 0 0 ;0=2,1=1
P -1.48742654 31.57613446 6 P 0 0 ;0=3,1=1
P -1.48742654 32.04532834 9 P 0 0 ;0=2,1=1
P -1.48742654 32.37613286 6 P 0 0 ;0=3,1=1
P -1.53440384 2.67145516 9 P 0 0 ;0=2,1=1
P -1.77791872 28.8580449 6 P 0 0 ;0=3,1=1
P -1.80317394 29.71406554 6 P 0 0 ;0=3,1=1
P -1.80317394 30.04487006 9 P 0 0 ;0=2,1=1
P -1.80362606 29.1894006 9 P 0 0 ;0=2,1=1
P -1.99001888 11.4572161 9 P 0 0 ;0=2,1=1
P -1.99050656 11.9182261 9 P 0 0 ;0=2,1=1
P -2.05000098 12.6040261 9 P 0 0 ;0=2,1=1
P -2.2372066 2.49120406 9 P 0 0 ;0=2,1=1
P -2.2713061 27.73690668 6 P 0 0 ;0=3,1=1
P -2.2713061 28.0677112 9 P 0 0 ;0=2,1=1
P -2.38835692 0.50504852 6 P 0 0 ;0=3,1=1
P -2.38934752 12.92499828 9 P 0 0 ;0=2,1=1
P -2.40000028 13.55000084 9 P 0 0 ;0=5,1=1
P -2.46910606 12.12424042 9 P 0 0 ;0=2,1=1
P -2.4892 12.5476 9 P 0 0 ;0=2,1=1
P -2.5539573 40.7162 9 P 0 0 ;0=2,1=1
P -2.5539573 41.1123511 6 P 0 0 ;0=3,1=1
P -2.72852642 13.04606484 6 P 0 0 ;0=3,1=1
P -2.74036282 11.5920139 9 P 0 0 ;0=2,1=1
P -2.74497546 11.92893474 6 P 0 0 ;0=3,1=1
P -2.7722195 13.40683882 9 P 0 0 ;0=2,1=1
P -2.81962606 29.38472914 9 P 0 0 ;0=2,1=1
P -2.81962606 29.71553366 6 P 0 0 ;0=3,1=1
P -2.82368752 12.55046258 6 P 0 0 ;0=3,1=1
P -2.87093152 22.19120022 6 P 0 0 ;0=3,1=1
P -2.94074088 23.36177446 9 P 0 0 ;0=2,1=1
P -2.94074088 24.861774 9 P 0 0 ;0=2,1=1
P -2.94074088 26.36177354 9 P 0 0 ;0=2,1=1
P -2.94074088 27.86177308 9 P 0 0 ;0=2,1=1
P -2.94074088 32.3617717 9 P 0 0 ;0=2,1=1
P -2.94074088 33.86177124 9 P 0 0 ;0=2,1=1
P -2.94074088 35.36177078 9 P 0 0 ;0=2,1=1
P -2.94074088 36.86177032 9 P 0 0 ;0=2,1=1
P -2.94074088 38.36176986 9 P 0 0 ;0=2,1=1
P -2.94074088 39.8617694 9 P 0 0 ;0=2,1=1
P -2.94074088 41.36176894 9 P 0 0 ;0=2,1=1
P -2.94074088 42.86176848 9 P 0 0 ;0=2,1=1
P -2.94074088 44.36176802 9 P 0 0 ;0=2,1=1
P -2.94074088 45.86176756 9 P 0 0 ;0=2,1=1
P -2.94074088 47.3617671 9 P 0 0 ;0=2,1=1
P -2.94074088 50.36176618 9 P 0 0 ;0=5,1=1
P -2.94074088 51.86176572 9 P 0 0 ;0=5,1=1
P -2.94074088 53.36176526 9 P 0 0 ;0=5,1=1
P -2.94074088 56.36176434 9 P 0 0 ;0=5,1=1
P -2.94074088 57.86176388 9 P 0 0 ;0=5,1=1
P -3.08357524 23.77532964 9 P 0 0 ;0=2,1=1
P -3.08357524 24.10613416 6 P 0 0 ;0=3,1=1
P -3.24036182 15.34201402 9 P 0 0 ;0=2,1=1
P -3.24497446 15.67893486 6 P 0 0 ;0=3,1=1
P -3.40107524 33.06827524 9 P 0 0 ;0=5,1=1
P -3.47852746 12.69606554 6 P 0 0 ;0=3,1=1
P -3.48876112 19.27859746 6 P 0 0 ;0=3,1=1
P -3.48880176 15.9749998 6 P 0 0 ;0=3,1=1
P -3.49036132 13.46701396 9 P 0 0 ;0=2,1=1
P -3.49464376 13.02799528 9 P 0 0 ;0=2,1=1
P -3.49497396 13.8039348 6 P 0 0 ;0=3,1=1
P -3.53888548 14.83753446 6 P 0 0 ;0=3,1=1
P -3.55500178 14.50061362 9 P 0 0 ;0=2,1=1
P -3.56272592 20.82433986 6 P 0 0 ;0=3,1=1
P -3.5865181 29.0647882 6 P 0 0 ;0=3,1=1
P -3.5865181 29.39559272 9 P 0 0 ;0=2,1=1
P -3.6322 14.07806684 6 P 0 0 ;0=3,1=1
P -3.74480074 27.49719926 9 P 0 0 ;0=5,1=1
P -3.76041666 11.60576292 9 P 0 0 ;0=2,1=1
P -3.7650293 11.94268376 6 P 0 0 ;0=3,1=1
P -3.8354 21.75745458 6 P 0 0 ;0=3,1=1
P -3.8354 24.5872 6 P 0 0 ;0=3,1=1
P -3.92034522 53.50689578 6 P 0 0 ;0=3,1=1
P -3.92034522 56.33706284 6 P 0 0 ;0=3,1=1
P -4.1064688 14.82915754 6 P 0 0 ;0=3,1=1
P -4.11536134 13.02799528 9 P 0 0 ;0=2,1=1
P -4.11536134 14.4670145 9 P 0 0 ;0=2,1=1
P -4.11997398 12.69606554 6 P 0 0 ;0=3,1=1
P -4.24994324 30.96063404 6 P 0 0 ;0=3,1=1
P -4.24994324 31.29143856 9 P 0 0 ;0=2,1=1
P -4.31777394 29.96406504 6 P 0 0 ;0=3,1=1
P -4.31777394 30.29486956 9 P 0 0 ;0=2,1=1
P -4.33269898 27.8432641 6 P 0 0 ;0=3,1=1
P -4.33269898 28.17406862 9 P 0 0 ;0=2,1=1
P -4.34514244 23.69956144 9 P 0 0 ;0=2,1=1
P -4.34514244 24.03036596 6 P 0 0 ;0=3,1=1
P -4.34514244 24.55983404 6 P 0 0 ;0=3,1=1
P -4.34514244 24.89063856 9 P 0 0 ;0=2,1=1
P -4.35352698 15.67893486 6 P 0 0 ;0=3,1=1
P -4.36964328 15.34201402 9 P 0 0 ;0=2,1=1
P -4.39381392 33.96189042 6 P 0 0 ;0=3,1=1
P -4.44074042 11.36177814 9 P 0 0 ;0=2,1=1
P -4.44074042 17.3617763 9 P 0 0 ;0=2,1=1
P -4.44074042 18.86177584 9 P 0 0 ;0=2,1=1
P -4.44074042 20.36177538 9 P 0 0 ;0=2,1=1
P -4.44074042 21.86177492 9 P 0 0 ;0=2,1=1
P -4.44074042 35.36177078 9 P 0 0 ;0=2,1=1
P -4.44074042 36.86177032 9 P 0 0 ;0=2,1=1
P -4.44074042 38.36176986 9 P 0 0 ;0=2,1=1
P -4.44074042 39.8617694 9 P 0 0 ;0=2,1=1
P -4.44074042 41.36176894 9 P 0 0 ;0=2,1=1
P -4.44074042 42.86176848 9 P 0 0 ;0=2,1=1
P -4.44074042 44.36176802 9 P 0 0 ;0=2,1=1
P -4.44074042 47.3617671 9 P 0 0 ;0=2,1=1
P -4.44074042 50.36176618 9 P 0 0 ;0=5,1=1
P -4.69666066 26.51795052 6 P 0 0 ;0=3,1=1
P -4.69666066 26.84875504 9 P 0 0 ;0=2,1=1
P -4.75446852 15.20872752 9 P 0 0 ;0=2,1=1
P -4.85352598 11.92893474 6 P 0 0 ;0=3,1=1
P -4.86964228 11.5920139 9 P 0 0 ;0=2,1=1
P -5.2664741 32.0542285 9 P 0 0 ;0=2,1=1
P -5.2664741 32.38503302 6 P 0 0 ;0=3,1=1
P -5.38502606 42.84801438 9 P 0 0 ;0=2,1=1
P -5.44760912 14.6336004 6 P 0 0 ;0=3,1=1
P -5.70300104 33.3908781 6 P 0 0 ;0=3,1=1
P -5.89129886 13.4112 6 P 0 0 ;0=3,1=1
P -5.89734152 9.187561 9 P 0 0 ;0=2,1=1
P -5.89734152 9.51836552 6 P 0 0 ;0=3,1=1
P -5.91842606 31.65172994 9 P 0 0 ;0=2,1=1
P -5.91842606 31.98253446 6 P 0 0 ;0=3,1=1
P -5.94073996 -0.63821818 9 P 0 0 ;0=2,1=1
P -5.94073996 6.86177952 9 P 0 0 ;0=2,1=1
P -5.94073996 14.36177722 9 P 0 0 ;0=2,1=1
P -5.94073996 17.3617763 9 P 0 0 ;0=2,1=1
P -5.94073996 18.86177584 9 P 0 0 ;0=2,1=1
P -5.94073996 20.36177538 9 P 0 0 ;0=2,1=1
P -5.94073996 21.86177492 9 P 0 0 ;0=2,1=1
P -5.94073996 23.36177446 9 P 0 0 ;0=2,1=1
P -5.94073996 26.36177354 9 P 0 0 ;0=2,1=1
P -5.94073996 29.36177262 9 P 0 0 ;0=2,1=1
P -5.94073996 32.3617717 9 P 0 0 ;0=2,1=1
P -5.94073996 33.86177124 9 P 0 0 ;0=2,1=1
P -5.94073996 35.36177078 9 P 0 0 ;0=2,1=1
P -5.94073996 36.86177032 9 P 0 0 ;0=2,1=1
P -5.94073996 38.36176986 9 P 0 0 ;0=2,1=1
P -5.94073996 39.8617694 9 P 0 0 ;0=2,1=1
P -5.94073996 41.36176894 9 P 0 0 ;0=2,1=1
P -5.94073996 42.86176848 9 P 0 0 ;0=2,1=1
P -5.94073996 44.36176802 9 P 0 0 ;0=2,1=1
P -5.94073996 45.86176756 9 P 0 0 ;0=2,1=1
P -5.94073996 47.3617671 9 P 0 0 ;0=2,1=1
P -5.94073996 50.36176618 9 P 0 0 ;0=5,1=1
P -5.94073996 51.86176572 9 P 0 0 ;0=5,1=1
P -5.94073996 53.36176526 9 P 0 0 ;0=5,1=1
P -5.94073996 56.36176434 9 P 0 0 ;0=5,1=1
P -5.94073996 57.86176388 9 P 0 0 ;0=5,1=1
P -5.9407552 23.97719868 9 P 0 0 ;0=2,1=1
P -6.0198 11.176 6 P 0 0 ;0=3,1=1
P -6.2616588 23.60023474 6 P 0 0 ;0=3,1=1
P -6.2649608 16.35299498 9 P 0 0 ;0=2,1=1
P -6.26957344 16.02106524 6 P 0 0 ;0=3,1=1
P -6.41058154 18.34533034 9 P 0 0 ;0=2,1=1
P -6.41058154 18.67613486 6 P 0 0 ;0=3,1=1
P -6.41058154 19.06826514 6 P 0 0 ;0=3,1=1
P -6.41058154 19.39906966 9 P 0 0 ;0=2,1=1
P -6.47054078 25.30336062 9 P 0 0 ;0=2,1=1
P -6.47054078 25.63416514 6 P 0 0 ;0=3,1=1
P -6.66015178 53.50689578 6 P 0 0 ;0=3,1=1
P -6.66015178 56.33706284 6 P 0 0 ;0=3,1=1
P -6.73960552 28.53473084 9 P 0 0 ;0=2,1=1
P -6.73960552 28.86553536 6 P 0 0 ;0=3,1=1
P -6.93457338 27.6074505 9 P 0 0 ;0=2,1=1
P -6.93457338 27.93825502 6 P 0 0 ;0=3,1=1
P -7.37772972 30.07701122 9 P 0 0 ;0=2,1=1
P -7.37772972 30.40781574 6 P 0 0 ;0=3,1=1
P -7.42448096 11.0354745 6 P 0 0 ;0=3,1=1
P -7.43164122 11.36739662 9 P 0 0 ;0=2,1=1
P -7.4407395 -0.63821818 9 P 0 0 ;0=2,1=1
P -7.4407395 2.3617809 9 P 0 0 ;0=2,1=1
P -7.4407395 6.86177952 9 P 0 0 ;0=2,1=1
P -7.4407395 8.36177906 9 P 0 0 ;0=2,1=1
P -7.4407395 12.86177768 9 P 0 0 ;0=2,1=1
P -7.4407395 14.36177722 9 P 0 0 ;0=2,1=1
P -7.4407395 15.86177676 9 P 0 0 ;0=2,1=1
P -7.4407395 18.86177584 9 P 0 0 ;0=2,1=1
P -7.4407395 21.86177492 9 P 0 0 ;0=2,1=1
P -7.4407395 24.861774 9 P 0 0 ;0=2,1=1
P -7.4407395 27.86177308 9 P 0 0 ;0=2,1=1
P -7.4407395 29.36177262 9 P 0 0 ;0=2,1=1
P -7.4407395 30.86177216 9 P 0 0 ;0=2,1=1
P -7.4407395 33.86177124 9 P 0 0 ;0=2,1=1
P -7.4407395 35.36177078 9 P 0 0 ;0=2,1=1
P -7.4407395 36.86177032 9 P 0 0 ;0=2,1=1
P -7.4407395 38.36176986 9 P 0 0 ;0=2,1=1
P -7.4407395 39.8617694 9 P 0 0 ;0=2,1=1
P -7.4407395 41.36176894 9 P 0 0 ;0=2,1=1
P -7.4407395 42.86176848 9 P 0 0 ;0=2,1=1
P -7.4407395 44.36176802 9 P 0 0 ;0=2,1=1
P -7.4407395 45.86176756 9 P 0 0 ;0=2,1=1
P -7.4407395 47.3617671 9 P 0 0 ;0=2,1=1
P -7.4407395 50.36176618 9 P 0 0 ;0=5,1=1
P -7.44157516 31.85238994 9 P 0 0 ;0=2,1=1
P -7.44157516 32.18319446 6 P 0 0 ;0=3,1=1
P -7.4422 27.2542 9 P 0 0 ;0=5,1=1
P -7.5256263 19.34486352 6 P 0 0 ;0=3,1=1
P -7.5256263 19.67566804 9 P 0 0 ;0=2,1=1
P -7.62 10.16 9 P 0 0 ;0=5,1=1
P -7.6922376 18.55020674 9 P 0 0 ;0=5,1=1
P -7.7216 16.6878 6 P 0 0 ;0=3,1=1
P -7.80401792 23.44646314 6 P 0 0 ;0=3,1=1
P -8.06120816 21.97335458 6 P 0 0 ;0=3,1=1
P -8.41021432 30.45866654 6 P 0 0 ;0=3,1=1
P -8.41021432 30.78947106 9 P 0 0 ;0=2,1=1
P -8.50871552 26.2010525 6 P 0 0 ;0=3,1=1
P -8.52179906 24.16830066 6 P 0 0 ;0=3,1=1
P -8.5335745 17.42772994 9 P 0 0 ;0=2,1=1
P -8.5335745 17.75853446 6 P 0 0 ;0=3,1=1
P -8.54701364 18.78510594 6 P 0 0 ;0=3,1=1
P -8.54701364 19.11591046 9 P 0 0 ;0=2,1=1
P -8.68505756 19.75923404 6 P 0 0 ;0=3,1=1
P -8.68505756 20.09003856 9 P 0 0 ;0=2,1=1
P -8.83860056 18.1102 9 P 0 0 ;0=2,1=1
P -8.83860056 18.44100452 6 P 0 0 ;0=3,1=1
P -8.94073904 -0.63821818 9 P 0 0 ;0=2,1=1
P -8.94073904 0.86178136 9 P 0 0 ;0=2,1=1
P -8.94073904 2.3617809 9 P 0 0 ;0=2,1=1
P -8.94073904 6.86177952 9 P 0 0 ;0=2,1=1
P -8.94073904 8.36177906 9 P 0 0 ;0=2,1=1
P -8.94073904 9.8617786 9 P 0 0 ;0=2,1=1
P -8.94073904 11.36177814 9 P 0 0 ;0=2,1=1
P -8.94073904 12.86177768 9 P 0 0 ;0=2,1=1
P -8.94073904 14.36177722 9 P 0 0 ;0=2,1=1
P -8.94073904 15.86177676 9 P 0 0 ;0=2,1=1
P -8.94073904 21.86177492 9 P 0 0 ;0=2,1=1
P -8.94073904 23.36177446 9 P 0 0 ;0=2,1=1
P -8.94073904 24.861774 9 P 0 0 ;0=2,1=1
P -8.94073904 26.36177354 9 P 0 0 ;0=2,1=1
P -8.94073904 32.3617717 9 P 0 0 ;0=2,1=1
P -8.94073904 33.86177124 9 P 0 0 ;0=2,1=1
P -8.94073904 35.36177078 9 P 0 0 ;0=2,1=1
P -8.94073904 36.86177032 9 P 0 0 ;0=2,1=1
P -8.94073904 38.36176986 9 P 0 0 ;0=2,1=1
P -8.94073904 39.8617694 9 P 0 0 ;0=2,1=1
P -8.94073904 41.36176894 9 P 0 0 ;0=2,1=1
P -8.94073904 42.86176848 9 P 0 0 ;0=2,1=1
P -8.94073904 44.36176802 9 P 0 0 ;0=2,1=1
P -8.94073904 45.86176756 9 P 0 0 ;0=2,1=1
P -8.94073904 47.3617671 9 P 0 0 ;0=2,1=1
P -8.94073904 50.36176618 9 P 0 0 ;0=5,1=1
P -8.94073904 51.86176572 9 P 0 0 ;0=5,1=1
P -8.94073904 53.36176526 9 P 0 0 ;0=5,1=1
P -8.94073904 57.86176388 9 P 0 0 ;0=5,1=1
P -9.02026644 31.13572894 9 P 0 0 ;0=2,1=1
P -9.02026644 31.46653346 6 P 0 0 ;0=3,1=1
P -9.12754334 27.27473082 9 P 0 0 ;0=2,1=1
P -9.12754334 27.60553534 6 P 0 0 ;0=3,1=1
P -9.17898088 20.46020292 9 P 0 0 ;0=2,1=1
P -9.17898088 20.79100744 6 P 0 0 ;0=3,1=1
P -9.22509712 19.66020198 9 P 0 0 ;0=2,1=1
P -9.22509712 19.9910065 6 P 0 0 ;0=3,1=1
P -9.29521382 28.7507299 9 P 0 0 ;0=2,1=1
P -9.29521382 29.08153442 6 P 0 0 ;0=3,1=1
P -9.30957498 53.50689578 6 P 0 0 ;0=3,1=1
P -9.30957498 56.33706284 6 P 0 0 ;0=3,1=1
P -9.32354244 26.31440254 6 P 0 0 ;0=3,1=1
P -9.32354244 26.64520706 9 P 0 0 ;0=2,1=1
P -9.37816768 24.60010066 6 P 0 0 ;0=3,1=1
P -9.55204084 18.38795916 6 P 0 0 ;0=3,1=1
P -9.56314064 21.73556994 6 P 0 0 ;0=3,1=1
P -9.6012 24.01590066 6 P 0 0 ;0=3,1=1
P -9.7036255 16.76732994 9 P 0 0 ;0=2,1=1
P -9.7036255 17.09813446 6 P 0 0 ;0=3,1=1
P -9.78877392 27.81139218 6 P 0 0 ;0=3,1=1
P -9.81334334 27.13416214 9 P 0 0 ;0=2,1=1
P -9.81334334 27.46496666 6 P 0 0 ;0=3,1=1
P -9.82825568 34.21157242 6 P 0 0 ;0=3,1=1
P -9.8570669 18.78510594 6 P 0 0 ;0=3,1=1
P -9.8570669 19.11591046 9 P 0 0 ;0=2,1=1
P -9.90526594 29.6357294 9 P 0 0 ;0=2,1=1
P -9.90526594 29.96653392 6 P 0 0 ;0=3,1=1
P -9.90526594 31.63573048 9 P 0 0 ;0=2,1=1
P -9.90526594 31.966535 6 P 0 0 ;0=3,1=1
P -9.90526594 32.52072998 9 P 0 0 ;0=2,1=1
P -9.90526594 32.8515345 6 P 0 0 ;0=3,1=1
P -10.06553486 23.1241473 6 P 0 0 ;0=3,1=1
P -10.29521436 30.63572994 9 P 0 0 ;0=2,1=1
P -10.29521436 30.96653446 6 P 0 0 ;0=3,1=1
P -10.44073858 -0.63821818 9 P 0 0 ;0=2,1=1
P -10.44073858 0.86178136 9 P 0 0 ;0=2,1=1
P -10.44073858 2.3617809 9 P 0 0 ;0=2,1=1
P -10.44073858 6.86177952 9 P 0 0 ;0=2,1=1
P -10.44073858 8.36177906 9 P 0 0 ;0=2,1=1
P -10.44073858 9.8617786 9 P 0 0 ;0=2,1=1
P -10.44073858 11.36177814 9 P 0 0 ;0=2,1=1
P -10.44073858 14.36177722 9 P 0 0 ;0=2,1=1
P -10.44073858 21.86177492 9 P 0 0 ;0=2,1=1
P -10.44073858 24.861774 9 P 0 0 ;0=2,1=1
P -10.44073858 29.36177262 9 P 0 0 ;0=2,1=1
P -10.44073858 32.3617717 9 P 0 0 ;0=2,1=1
P -10.44073858 33.86177124 9 P 0 0 ;0=2,1=1
P -10.44073858 35.36177078 9 P 0 0 ;0=2,1=1
P -10.44073858 36.86177032 9 P 0 0 ;0=2,1=1
P -10.44073858 38.36176986 9 P 0 0 ;0=2,1=1
P -10.44073858 39.8617694 9 P 0 0 ;0=2,1=1
P -10.44073858 41.36176894 9 P 0 0 ;0=2,1=1
P -10.44073858 42.86176848 9 P 0 0 ;0=2,1=1
P -10.44073858 44.36176802 9 P 0 0 ;0=2,1=1
P -10.44073858 45.86176756 9 P 0 0 ;0=2,1=1
P -10.44073858 47.3617671 9 P 0 0 ;0=2,1=1
P -10.46986222 18.34331612 9 P 0 0 ;0=2,1=1
P -10.46986222 18.67412064 6 P 0 0 ;0=3,1=1
P -10.48845756 26.31243404 6 P 0 0 ;0=3,1=1
P -10.48845756 26.64323856 9 P 0 0 ;0=2,1=1
P -10.71334154 27.83416328 9 P 0 0 ;0=2,1=1
P -10.71334154 28.1649678 6 P 0 0 ;0=3,1=1
P -10.71705756 17.34063588 6 P 0 0 ;0=3,1=1
P -10.71705756 20.42296144 9 P 0 0 ;0=2,1=1
P -10.71705756 20.75376596 6 P 0 0 ;0=3,1=1
P -10.72343296 17.72108978 9 P 0 0 ;0=2,1=1
P -10.7757722 34.56194256 6 P 0 0 ;0=3,1=1
P -10.7757722 34.9504 9 P 0 0 ;0=2,1=1
P -10.97454244 26.32303346 6 P 0 0 ;0=3,1=1
P -10.97454244 26.65383798 9 P 0 0 ;0=2,1=1
P -11.25993684 23.80000066 6 P 0 0 ;0=3,1=1
P -11.27315754 27.52520022 6 P 0 0 ;0=3,1=1
P -11.2952149 28.7507299 9 P 0 0 ;0=2,1=1
P -11.2952149 29.08153442 6 P 0 0 ;0=3,1=1
P -11.2952149 29.6357294 9 P 0 0 ;0=2,1=1
P -11.2952149 29.96653392 6 P 0 0 ;0=3,1=1
P -11.2952149 31.63573048 9 P 0 0 ;0=2,1=1
P -11.2952149 31.966535 6 P 0 0 ;0=3,1=1
P -11.37000012 15.40561562 6 P 0 0 ;0=3,1=1
P -11.38814334 27.83473478 9 P 0 0 ;0=2,1=1
P -11.38814334 28.1655393 6 P 0 0 ;0=3,1=1
P -11.40000006 18.60385916 6 P 0 0 ;0=3,1=1
P -11.4046 22.225 6 P 0 0 ;0=3,1=1
P -11.48976112 34.20575074 6 P 0 0 ;0=3,1=1
P -11.5172744 24.37166322 6 P 0 0 ;0=3,1=1
P -11.70456384 17.91106654 6 P 0 0 ;0=3,1=1
P -11.70456384 18.24187106 9 P 0 0 ;0=2,1=1
P -11.7856 47.1424 9 P 0 0 ;0=2,1=1
P -11.81237414 34.63212276 9 P 0 0 ;0=2,1=1
P -11.81237414 34.96292728 6 P 0 0 ;0=3,1=1
P -11.8565168 28.16192234 9 P 0 0 ;0=2,1=1
P -11.89079918 17.5006 9 P 0 0 ;0=5,1=1
P -11.89522386 28.49645304 6 P 0 0 ;0=3,1=1
P -11.94073812 2.3617809 9 P 0 0 ;0=2,1=1
P -11.94073812 8.36177906 9 P 0 0 ;0=2,1=1
P -11.94073812 9.8617786 9 P 0 0 ;0=2,1=1
P -11.94073812 11.36177814 9 P 0 0 ;0=2,1=1
P -11.94073812 18.86177584 9 P 0 0 ;0=2,1=1
P -11.94073812 21.86177492 9 P 0 0 ;0=2,1=1
P -11.94073812 23.36177446 9 P 0 0 ;0=2,1=1
P -11.94073812 24.861774 9 P 0 0 ;0=2,1=1
P -11.94073812 36.86177032 9 P 0 0 ;0=2,1=1
P -11.94073812 38.36176986 9 P 0 0 ;0=2,1=1
P -12.0396 14.3002 6 P 0 0 ;0=3,1=1
P -12.11405756 26.32500196 6 P 0 0 ;0=3,1=1
P -12.11405756 26.65580648 9 P 0 0 ;0=2,1=1
P -12.17547984 17.14457074 9 P 0 0 ;0=5,1=1
P -12.1802144 30.13573094 9 P 0 0 ;0=2,1=1
P -12.1802144 30.46653546 6 P 0 0 ;0=3,1=1
P -12.1802144 31.13572894 9 P 0 0 ;0=2,1=1
P -12.1802144 31.46653346 6 P 0 0 ;0=3,1=1
P -12.2174 46.81060996 9 P 0 0 ;0=2,1=1
P -12.37422976 15.27748786 6 P 0 0 ;0=3,1=1
P -12.37792038 15.61551106 9 P 0 0 ;0=2,1=1
P -12.4000006 25.3694565 6 P 0 0 ;0=3,1=1
P -12.44694488 17.8211607 9 P 0 0 ;0=2,1=1
P -12.44694488 18.15196522 6 P 0 0 ;0=3,1=1
P -12.44694488 19.12756144 9 P 0 0 ;0=2,1=1
P -12.44694488 19.45836596 6 P 0 0 ;0=3,1=1
P -12.573 46.35500254 9 P 0 0 ;0=2,1=1
P -12.57946176 30.60045442 9 P 0 0 ;0=2,1=1
P -12.61859554 21.40536994 9 P 0 0 ;0=2,1=1
P -12.61859554 21.73617446 6 P 0 0 ;0=3,1=1
P -12.62056404 23.23027612 6 P 0 0 ;0=3,1=1
P -12.62056404 23.56108064 9 P 0 0 ;0=2,1=1
P -12.7 20.32 9 P 0 0 ;0=5,1=1
P -12.7097536 14.45901096 6 P 0 0 ;0=3,1=1
P -12.79026652 30.96653446 6 P 0 0 ;0=3,1=1
P -12.97962606 31.63573048 9 P 0 0 ;0=2,1=1
P -12.97962606 31.966535 6 P 0 0 ;0=3,1=1
P -12.980162 15.15381272 9 P 0 0 ;0=2,1=1
P -12.98477464 15.49073356 6 P 0 0 ;0=3,1=1
P -13.17572676 20.8489931 6 P 0 0 ;0=3,1=1
P -13.2531739 35.72513048 9 P 0 0 ;0=2,1=1
P -13.2531739 36.055935 6 P 0 0 ;0=3,1=1
P -13.2551424 34.72316144 9 P 0 0 ;0=2,1=1
P -13.2551424 35.05396596 6 P 0 0 ;0=3,1=1
P -13.44073766 2.3617809 9 P 0 0 ;0=2,1=1
P -13.44073766 8.36177906 9 P 0 0 ;0=2,1=1
P -13.44073766 9.8617786 9 P 0 0 ;0=2,1=1
P -13.44073766 11.36177814 9 P 0 0 ;0=2,1=1
P -13.44073766 12.86177768 9 P 0 0 ;0=2,1=1
P -13.44073766 14.36177722 9 P 0 0 ;0=2,1=1
P -13.44073766 20.36177538 9 P 0 0 ;0=2,1=1
P -13.44073766 21.86177492 9 P 0 0 ;0=2,1=1
P -13.44073766 23.36177446 9 P 0 0 ;0=2,1=1
P -13.44073766 27.86177308 9 P 0 0 ;0=2,1=1
P -13.44073766 29.36177262 9 P 0 0 ;0=2,1=1
P -13.44073766 30.86177216 9 P 0 0 ;0=2,1=1
P -13.44073766 38.36176986 9 P 0 0 ;0=2,1=1
P -13.44073766 39.8617694 9 P 0 0 ;0=2,1=1
P -13.44073766 41.36176894 9 P 0 0 ;0=2,1=1
P -13.49998824 46.6598 9 P 0 0 ;0=2,1=1
P -13.56337394 37.51973446 6 P 0 0 ;0=3,1=1
P -13.61675712 37.17488882 9 P 0 0 ;0=2,1=1
P -13.66667574 21.04686418 9 P 0 0 ;0=2,1=1
P -13.67497138 26.17313028 9 P 0 0 ;0=2,1=1
P -13.67497138 26.5039348 6 P 0 0 ;0=3,1=1
P -13.86125752 35.55396496 6 P 0 0 ;0=3,1=1
P -13.89845328 45.1123685 9 P 0 0 ;0=2,1=1
P -13.9446 35.1536 9 P 0 0 ;0=2,1=1
P -14.07682224 15.05608114 6 P 0 0 ;0=3,1=1
P -14.1381734 32.8401299 9 P 0 0 ;0=2,1=1
P -14.1381734 33.17093442 6 P 0 0 ;0=3,1=1
P -14.5135346 17.80602484 9 P 0 0 ;0=2,1=1
P -14.54067704 19.33048712 9 P 0 0 ;0=5,1=1
P -14.55305954 18.1480333 6 P 0 0 ;0=3,1=1
P -14.6395059 20.34676144 9 P 0 0 ;0=2,1=1
P -14.6395059 20.67756596 6 P 0 0 ;0=3,1=1
P -14.69497188 18.62887308 6 P 0 0 ;0=3,1=1
P -14.74822552 33.7251294 9 P 0 0 ;0=2,1=1
P -14.74822552 34.05593392 6 P 0 0 ;0=3,1=1
P -14.74822552 35.72513048 9 P 0 0 ;0=2,1=1
P -14.74822552 36.055935 6 P 0 0 ;0=3,1=1
P -14.8336 46.7614 9 P 0 0 ;0=2,1=1
P -14.87656918 18.21416474 9 P 0 0 ;0=2,1=1
P -14.89999814 24.83374764 6 P 0 0 ;0=3,1=1
P -14.9407372 9.8617786 9 P 0 0 ;0=2,1=1
P -14.9407372 11.36177814 9 P 0 0 ;0=2,1=1
P -14.9407372 12.86177768 9 P 0 0 ;0=2,1=1
P -14.9407372 14.36177722 9 P 0 0 ;0=2,1=1
P -14.9407372 21.86177492 9 P 0 0 ;0=2,1=1
P -14.9407372 23.36177446 9 P 0 0 ;0=2,1=1
P -14.9407372 27.86177308 9 P 0 0 ;0=2,1=1
P -14.9407372 29.36177262 9 P 0 0 ;0=2,1=1
P -14.9407372 30.86177216 9 P 0 0 ;0=2,1=1
P -14.9407372 32.3617717 9 P 0 0 ;0=2,1=1
P -14.9407372 36.86177032 9 P 0 0 ;0=2,1=1
P -14.9407372 47.3617671 9 P 0 0 ;0=2,1=1
P -14.9407372 54.8617648 9 P 0 0 ;0=5,1=1
P -15.00965756 19.70843404 6 P 0 0 ;0=3,1=1
P -15.00965756 20.03923856 9 P 0 0 ;0=2,1=1
P -15.14694456 25.50000234 6 P 0 0 ;0=3,1=1
P -15.14694456 25.83080686 9 P 0 0 ;0=2,1=1
P -15.16205756 17.03916074 9 P 0 0 ;0=2,1=1
P -15.16205756 17.36996526 6 P 0 0 ;0=3,1=1
P -15.19694192 17.79610106 9 P 0 0 ;0=2,1=1
P -15.19694192 18.12690558 6 P 0 0 ;0=3,1=1
P -15.19694192 19.1025018 9 P 0 0 ;0=2,1=1
P -15.19694192 19.43330632 6 P 0 0 ;0=3,1=1
P -15.22538992 31.85817098 6 P 0 0 ;0=3,1=1
P -15.24 46.9812751 9 P 0 0 ;0=2,1=1
P -15.27952748 20.3260833 9 P 0 0 ;0=2,1=1
P -15.27952748 20.65688782 6 P 0 0 ;0=3,1=1
P -15.2908 13.4112 6 P 0 0 ;0=3,1=1
P -15.2908 13.8176 9 P 0 0 ;0=2,1=1
P -15.67358816 10.66873914 6 P 0 0 ;0=3,1=1
P -15.67358816 11.0236 9 P 0 0 ;0=2,1=1
P -15.67533822 12.42011486 6 P 0 0 ;0=3,1=1
P -15.67730672 12.07238378 6 P 0 0 ;0=3,1=1
P -15.68238672 10.35208242 6 P 0 0 ;0=3,1=1
P -15.68564554 12.7624586 9 P 0 0 ;0=2,1=1
P -15.68664122 10.00481362 9 P 0 0 ;0=2,1=1
P -15.68860972 11.73201362 9 P 0 0 ;0=2,1=1
P -15.77882544 36.8706781 6 P 0 0 ;0=3,1=1
P -15.81921144 31.49938836 6 P 0 0 ;0=3,1=1
P -15.92965572 20.32277114 9 P 0 0 ;0=2,1=1
P -15.92965572 20.65357566 6 P 0 0 ;0=3,1=1
P -16.0998408 16.69905982 6 P 0 0 ;0=3,1=1
P -16.0998408 17.37238334 6 P 0 0 ;0=3,1=1
P -16.0998408 17.70318786 9 P 0 0 ;0=2,1=1
P -16.10294976 17.03074826 9 P 0 0 ;0=2,1=1
P -16.13817448 33.7251294 9 P 0 0 ;0=2,1=1
P -16.13817448 34.05593392 6 P 0 0 ;0=3,1=1
P -16.13817448 35.72513048 9 P 0 0 ;0=2,1=1
P -16.13817448 36.055935 6 P 0 0 ;0=3,1=1
P -16.13817448 36.52852994 9 P 0 0 ;0=2,1=1
P -16.13817448 36.85933446 6 P 0 0 ;0=3,1=1
P -16.33045756 25.49803384 6 P 0 0 ;0=3,1=1
P -16.33045756 25.82883836 9 P 0 0 ;0=2,1=1
P -16.44073674 11.36177814 9 P 0 0 ;0=2,1=1
P -16.44073674 12.86177768 9 P 0 0 ;0=2,1=1
P -16.44073674 14.36177722 9 P 0 0 ;0=2,1=1
P -16.44073674 15.86177676 9 P 0 0 ;0=2,1=1
P -16.44073674 17.3617763 9 P 0 0 ;0=2,1=1
P -16.44073674 18.86177584 9 P 0 0 ;0=2,1=1
P -16.44073674 21.86177492 9 P 0 0 ;0=2,1=1
P -16.44073674 23.36177446 9 P 0 0 ;0=2,1=1
P -16.44073674 24.861774 9 P 0 0 ;0=2,1=1
P -16.44073674 26.36177354 9 P 0 0 ;0=2,1=1
P -16.44073674 27.86177308 9 P 0 0 ;0=2,1=1
P -16.44073674 29.36177262 9 P 0 0 ;0=2,1=1
P -16.44073674 30.86177216 9 P 0 0 ;0=2,1=1
P -16.44073674 35.36177078 9 P 0 0 ;0=2,1=1
P -16.44073674 38.36176986 9 P 0 0 ;0=2,1=1
P -16.44073674 39.8617694 9 P 0 0 ;0=2,1=1
P -16.44073674 41.36176894 9 P 0 0 ;0=2,1=1
P -16.44073674 42.86176848 9 P 0 0 ;0=2,1=1
P -16.44073674 44.36176802 9 P 0 0 ;0=2,1=1
P -16.44073674 45.86176756 9 P 0 0 ;0=2,1=1
P -16.44073674 47.3617671 9 P 0 0 ;0=2,1=1
P -16.44073674 54.8617648 9 P 0 0 ;0=5,1=1
P -17.02317398 35.22512894 9 P 0 0 ;0=2,1=1
P -17.02317398 35.55593346 6 P 0 0 ;0=3,1=1
P -17.41838528 12.6397766 6 P 0 0 ;0=3,1=1
P -17.43450158 12.30285576 9 P 0 0 ;0=2,1=1
P -17.55305862 18.59803494 6 P 0 0 ;0=3,1=1
P -17.55305862 18.92883946 9 P 0 0 ;0=2,1=1
P -17.94073628 12.86177768 9 P 0 0 ;0=2,1=1
P -17.94073628 15.86177676 9 P 0 0 ;0=2,1=1
P -17.94073628 17.3617763 9 P 0 0 ;0=2,1=1
P -17.94073628 20.36177538 9 P 0 0 ;0=2,1=1
P -17.94073628 21.86177492 9 P 0 0 ;0=2,1=1
P -17.94073628 23.36177446 9 P 0 0 ;0=2,1=1
P -17.94073628 24.861774 9 P 0 0 ;0=2,1=1
P -17.94073628 27.86177308 9 P 0 0 ;0=2,1=1
P -17.94073628 32.3617717 9 P 0 0 ;0=2,1=1
P -17.94073628 33.86177124 9 P 0 0 ;0=2,1=1
P -17.94073628 35.36177078 9 P 0 0 ;0=2,1=1
P -17.94073628 36.86177032 9 P 0 0 ;0=2,1=1
P -17.94073628 38.36176986 9 P 0 0 ;0=2,1=1
P -17.94073628 39.8617694 9 P 0 0 ;0=2,1=1
P -17.94073628 41.36176894 9 P 0 0 ;0=2,1=1
P -17.94073628 54.8617648 9 P 0 0 ;0=5,1=1
P -17.98494244 29.38916144 9 P 0 0 ;0=2,1=1
P -17.98494244 29.71996596 6 P 0 0 ;0=3,1=1
P -18.38647072 22.32280778 6 P 0 0 ;0=3,1=1
P -18.39636656 15.57794954 6 P 0 0 ;0=3,1=1
P -18.59105756 27.66196144 9 P 0 0 ;0=2,1=1
P -18.59105756 27.99276596 6 P 0 0 ;0=3,1=1
P -18.6469401 18.27116234 9 P 0 0 ;0=2,1=1
P -18.6469401 18.60196686 6 P 0 0 ;0=3,1=1
P -18.76234246 15.65695116 9 P 0 0 ;0=2,1=1
P -18.9384813 15.26512568 9 P 0 0 ;0=5,1=1
P -19.25305522 18.77116134 9 P 0 0 ;0=2,1=1
P -19.25305522 19.10196586 6 P 0 0 ;0=3,1=1
P -19.44073582 14.36177722 9 P 0 0 ;0=2,1=1
P -19.44073582 15.86177676 9 P 0 0 ;0=2,1=1
P -19.44073582 29.36177262 9 P 0 0 ;0=2,1=1
P -19.44073582 30.86177216 9 P 0 0 ;0=2,1=1
P -19.44073582 32.3617717 9 P 0 0 ;0=2,1=1
P -20.94073536 24.861774 9 P 0 0 ;0=2,1=1
P 0.00502666 21.14813144 9 P 0 0 ;0=2,1=1
P 0.00502666 21.47893596 6 P 0 0 ;0=3,1=1
P 0.0592582 -0.63821818 9 P 0 0 ;0=2,1=1
P 0.0592582 15.86177676 9 P 0 0 ;0=2,1=1
P 0.0592582 17.3617763 9 P 0 0 ;0=2,1=1
P 0.0592582 18.86177584 9 P 0 0 ;0=2,1=1
P 0.0592582 20.36177538 9 P 0 0 ;0=2,1=1
P 0.0592582 21.86177492 9 P 0 0 ;0=2,1=1
P 0.0592582 23.36177446 9 P 0 0 ;0=2,1=1
P 0.0592582 32.3617717 9 P 0 0 ;0=2,1=1
P 0.0592582 33.86177124 9 P 0 0 ;0=2,1=1
P 0.0592582 35.36177078 9 P 0 0 ;0=2,1=1
P 0.0592582 36.86177032 9 P 0 0 ;0=2,1=1
P 0.0592582 38.36176986 9 P 0 0 ;0=2,1=1
P 0.0592582 39.8617694 9 P 0 0 ;0=2,1=1
P 0.0592582 42.86176848 9 P 0 0 ;0=2,1=1
P 0.0592582 44.36176802 9 P 0 0 ;0=2,1=1
P 0.0592582 45.86176756 9 P 0 0 ;0=2,1=1
P 0.0592582 47.3617671 9 P 0 0 ;0=2,1=1
P 0.0592582 50.36176618 9 P 0 0 ;0=5,1=1
P 0.0592582 51.86176572 9 P 0 0 ;0=5,1=1
P 0.0592582 54.8617648 9 P 0 0 ;0=5,1=1
P 0.0592582 56.36176434 9 P 0 0 ;0=5,1=1
P 0.0592582 57.86176388 9 P 0 0 ;0=5,1=1
P 0.10351262 24.93553052 9 P 0 0 ;0=2,1=1
P 0.10351262 25.26633504 6 P 0 0 ;0=3,1=1
P 0.10412476 26.15947524 9 P 0 0 ;0=5,1=1
P 0.15502636 40.77312902 9 P 0 0 ;0=2,1=1
P 0.15502636 41.10393354 6 P 0 0 ;0=3,1=1
P 0.15502636 43.4731287 9 P 0 0 ;0=2,1=1
P 0.15502636 43.80393322 6 P 0 0 ;0=3,1=1
P 0.20552918 11.43005842 9 P 0 0 ;0=2,1=1
P 0.20552918 11.83875712 9 P 0 0 ;0=2,1=1
P 0.30022546 23.77772994 9 P 0 0 ;0=2,1=1
P 0.30022546 24.10853446 6 P 0 0 ;0=3,1=1
P 0.34166302 31.98659846 9 P 0 0 ;0=5,1=1
P 0.41376854 27.66053142 6 P 0 0 ;0=3,1=1
P 0.49497742 39.29606568 6 P 0 0 ;0=3,1=1
P 0.49497742 39.6268702 9 P 0 0 ;0=2,1=1
P 0.56308498 28.88797372 9 P 0 0 ;0=2,1=1
P 0.56308498 29.21877824 6 P 0 0 ;0=3,1=1
P 0.65297304 26.9583281 9 P 0 0 ;0=2,1=1
P 0.65297304 27.28913262 6 P 0 0 ;0=3,1=1
P 0.76198476 20.92460636 6 P 0 0 ;0=3,1=1
P 0.78282546 22.83572522 6 P 0 0 ;0=3,1=1
P 0.78914244 30.43056144 9 P 0 0 ;0=2,1=1
P 0.78914244 30.76136596 6 P 0 0 ;0=3,1=1
P 0.81924144 0.75904852 6 P 0 0 ;0=3,1=1
P 0.92716858 29.76919624 9 P 0 0 ;0=2,1=1
P 0.92716858 30.10000076 6 P 0 0 ;0=3,1=1
P 0.92963238 13.1731639 9 P 0 0 ;0=2,1=1
P 0.96500188 18.00332442 9 P 0 0 ;0=2,1=1
P 0.9652 17.526 9 P 0 0 ;0=2,1=1
P 1.0050272 21.14813144 9 P 0 0 ;0=2,1=1
P 1.0050272 21.47893596 6 P 0 0 ;0=3,1=1
P 1.0293477 2.53947676 9 P 0 0 ;0=2,1=1
P 1.20258332 1.87203588 6 P 0 0 ;0=3,1=1
P 1.4114399 -0.53635148 6 P 0 0 ;0=3,1=1
P 1.42065756 32.43716144 9 P 0 0 ;0=2,1=1
P 1.42065756 32.76796596 6 P 0 0 ;0=3,1=1
P 1.4592808 12.67872242 9 P 0 0 ;0=2,1=1
P 1.48198332 2.04801216 9 P 0 0 ;0=2,1=1
P 1.4956536 2.59253482 9 P 0 0 ;0=2,1=1
P 1.55925774 0.86178136 9 P 0 0 ;0=2,1=1
P 1.55925774 26.36177354 9 P 0 0 ;0=2,1=1
P 1.55925774 27.86177308 9 P 0 0 ;0=2,1=1
P 1.55925774 29.36177262 9 P 0 0 ;0=2,1=1
P 1.55925774 30.86177216 9 P 0 0 ;0=2,1=1
P 1.55925774 35.36177078 9 P 0 0 ;0=2,1=1
P 1.55925774 36.86177032 9 P 0 0 ;0=2,1=1
P 1.55925774 38.36176986 9 P 0 0 ;0=2,1=1
P 1.55925774 39.8617694 9 P 0 0 ;0=2,1=1
P 1.55925774 41.36176894 9 P 0 0 ;0=2,1=1
P 1.55925774 42.86176848 9 P 0 0 ;0=2,1=1
P 1.55925774 44.36176802 9 P 0 0 ;0=2,1=1
P 1.55925774 45.86176756 9 P 0 0 ;0=2,1=1
P 1.55925774 47.3617671 9 P 0 0 ;0=2,1=1
P 1.55925774 50.36176618 9 P 0 0 ;0=5,1=1
P 1.55925774 53.36176526 9 P 0 0 ;0=5,1=1
P 1.71992798 16.89344602 9 P 0 0 ;0=2,1=1
P 1.73221904 17.75218954 9 P 0 0 ;0=5,1=1
P 1.73604428 17.23036686 6 P 0 0 ;0=3,1=1
P 1.78503072 18.44235834 9 P 0 0 ;0=5,1=1
P 1.8535904 56.34016418 6 P 0 0 ;0=3,1=1
P 1.95474336 2.61196328 9 P 0 0 ;0=2,1=1
P 1.95474336 2.9427678 6 P 0 0 ;0=3,1=1
P 1.97945756 40.69216144 9 P 0 0 ;0=2,1=1
P 1.97945756 41.02296596 6 P 0 0 ;0=3,1=1
P 1.97945756 43.00356144 9 P 0 0 ;0=2,1=1
P 1.97945756 43.33436596 6 P 0 0 ;0=3,1=1
P 1.98802752 11.4643281 9 P 0 0 ;0=2,1=1
P 1.98802752 11.91565562 9 P 0 0 ;0=2,1=1
P 2.03769214 36.2873417 9 P 0 0 ;0=2,1=1
P 2.03769214 36.61814622 6 P 0 0 ;0=3,1=1
P 2.2606 26.3144 6 P 0 0 ;0=3,1=1
P 2.4892 2.5908 9 P 0 0 ;0=2,1=1
P 2.51632212 11.91565562 9 P 0 0 ;0=2,1=1
P 2.51632212 12.55442752 9 P 0 0 ;0=2,1=1
P 2.59102606 45.28672934 9 P 0 0 ;0=2,1=1
P 2.59102606 45.61753386 6 P 0 0 ;0=3,1=1
P 2.64075926 26.53832386 6 P 0 0 ;0=3,1=1
P 2.74297394 38.73047118 6 P 0 0 ;0=3,1=1
P 2.74297394 39.0612757 9 P 0 0 ;0=2,1=1
P 2.82503118 37.57313034 9 P 0 0 ;0=2,1=1
P 2.82503118 37.90393486 6 P 0 0 ;0=3,1=1
P 2.86719518 23.749 6 P 0 0 ;0=3,1=1
P 2.8715208 27.28308234 6 P 0 0 ;0=3,1=1
P 3.02434244 32.43716144 9 P 0 0 ;0=2,1=1
P 3.02434244 32.76796596 6 P 0 0 ;0=3,1=1
P 3.05925728 11.36177814 9 P 0 0 ;0=2,1=1
P 3.05925728 14.36177722 9 P 0 0 ;0=2,1=1
P 3.05925728 15.86177676 9 P 0 0 ;0=2,1=1
P 3.05925728 23.36177446 9 P 0 0 ;0=2,1=1
P 3.05925728 27.86177308 9 P 0 0 ;0=2,1=1
P 3.05925728 29.36177262 9 P 0 0 ;0=2,1=1
P 3.05925728 33.86177124 9 P 0 0 ;0=2,1=1
P 3.05925728 35.36177078 9 P 0 0 ;0=2,1=1
P 3.05925728 36.86177032 9 P 0 0 ;0=2,1=1
P 3.05925728 38.36176986 9 P 0 0 ;0=2,1=1
P 3.05925728 39.8617694 9 P 0 0 ;0=2,1=1
P 3.05925728 41.36176894 9 P 0 0 ;0=2,1=1
P 3.05925728 42.86176848 9 P 0 0 ;0=2,1=1
P 3.05925728 44.36176802 9 P 0 0 ;0=2,1=1
P 3.05925728 45.86176756 9 P 0 0 ;0=2,1=1
P 3.05925728 47.3617671 9 P 0 0 ;0=2,1=1
P 3.05925728 50.36176618 9 P 0 0 ;0=5,1=1
P 3.05925728 51.86176572 9 P 0 0 ;0=5,1=1
P 3.05925728 56.36176434 9 P 0 0 ;0=5,1=1
P 3.05925728 57.86176388 9 P 0 0 ;0=5,1=1
P 3.07118512 17.7531141 9 P 0 0 ;0=2,1=1
P 3.0734 18.1264306 6 P 0 0 ;0=3,1=1
P 3.07514244 30.43056144 9 P 0 0 ;0=2,1=1
P 3.07514244 30.76136596 6 P 0 0 ;0=3,1=1
P 3.1496 1.9304 6 P 0 0 ;0=3,1=1
P 3.3274 18.9484 6 P 0 0 ;0=3,1=1
P 3.49497904 43.76366152 9 P 0 0 ;0=2,1=1
P 3.49497904 44.09446604 6 P 0 0 ;0=3,1=1
P 3.53722178 33.55026056 9 P 0 0 ;0=2,1=1
P 3.53722178 33.88106508 6 P 0 0 ;0=3,1=1
P 3.6576 26.8224 6 P 0 0 ;0=3,1=1
P 3.70890546 36.2927265 9 P 0 0 ;0=2,1=1
P 3.70890546 36.62353102 6 P 0 0 ;0=3,1=1
P 3.88642606 28.54166504 6 P 0 0 ;0=3,1=1
P 3.88642606 28.87246956 9 P 0 0 ;0=2,1=1
P 3.90502394 21.17313012 9 P 0 0 ;0=2,1=1
P 3.90502394 21.50393464 6 P 0 0 ;0=3,1=1
P 3.93679426 23.78264738 9 P 0 0 ;0=2,1=1
P 3.96761208 24.11233938 6 P 0 0 ;0=3,1=1
P 4.26545756 43.02896144 9 P 0 0 ;0=2,1=1
P 4.26545756 43.35976596 6 P 0 0 ;0=3,1=1
P 4.29085756 40.66676144 9 P 0 0 ;0=2,1=1
P 4.29085756 40.99756596 6 P 0 0 ;0=3,1=1
P 4.40633612 25.16053134 9 P 0 0 ;0=2,1=1
P 4.4474384 25.5234313 6 P 0 0 ;0=3,1=1
P 4.55925682 2.3617809 9 P 0 0 ;0=2,1=1
P 4.55925682 11.36177814 9 P 0 0 ;0=2,1=1
P 4.55925682 12.86177768 9 P 0 0 ;0=2,1=1
P 4.55925682 15.86177676 9 P 0 0 ;0=2,1=1
P 4.55925682 17.3617763 9 P 0 0 ;0=2,1=1
P 4.55925682 23.36177446 9 P 0 0 ;0=2,1=1
P 4.55925682 26.36177354 9 P 0 0 ;0=2,1=1
P 4.55925682 29.36177262 9 P 0 0 ;0=2,1=1
P 4.55925682 30.86177216 9 P 0 0 ;0=2,1=1
P 4.55925682 32.3617717 9 P 0 0 ;0=2,1=1
P 4.55925682 33.86177124 9 P 0 0 ;0=2,1=1
P 4.55925682 35.36177078 9 P 0 0 ;0=2,1=1
P 4.55925682 36.86177032 9 P 0 0 ;0=2,1=1
P 4.55925682 38.36176986 9 P 0 0 ;0=2,1=1
P 4.55925682 39.8617694 9 P 0 0 ;0=2,1=1
P 4.55925682 41.36176894 9 P 0 0 ;0=2,1=1
P 4.55925682 44.36176802 9 P 0 0 ;0=2,1=1
P 4.55925682 47.3617671 9 P 0 0 ;0=2,1=1
P 4.55925682 50.36176618 9 P 0 0 ;0=5,1=1
P 4.56254866 53.46896596 6 P 0 0 ;0=3,1=1
P 4.56254866 56.34830742 6 P 0 0 ;0=3,1=1
P 4.5883322 23.77772994 9 P 0 0 ;0=2,1=1
P 4.5883322 24.10853446 6 P 0 0 ;0=3,1=1
P 4.59284324 13.88381272 9 P 0 0 ;0=2,1=1
P 4.59408784 14.65447666 6 P 0 0 ;0=3,1=1
P 4.59465426 14.98990652 9 P 0 0 ;0=2,1=1
P 4.59884272 14.21876506 6 P 0 0 ;0=3,1=1
P 4.59999842 22.8607239 6 P 0 0 ;0=3,1=1
P 4.72025726 45.01145684 6 P 0 0 ;0=3,1=1
P 4.72360752 45.43761804 9 P 0 0 ;0=2,1=1
P 4.77538034 19.98841824 9 P 0 0 ;0=2,1=1
P 4.7757842 30.14882464 9 P 0 0 ;0=2,1=1
P 4.78002346 21.17313012 9 P 0 0 ;0=2,1=1
P 4.78002346 21.50393464 6 P 0 0 ;0=3,1=1
P 4.86681272 25.49133586 6 P 0 0 ;0=3,1=1
P 4.9153064 16.2814 9 P 0 0 ;0=5,1=1
P 5.08563626 25.27105944 6 P 0 0 ;0=3,1=1
P 5.27833844 29.70584102 6 P 0 0 ;0=3,1=1
P 5.27833844 30.03664554 9 P 0 0 ;0=2,1=1
P 5.29497798 38.32812756 9 P 0 0 ;0=2,1=1
P 5.29497798 38.65893208 6 P 0 0 ;0=3,1=1
P 5.3083968 13.26561482 9 P 0 0 ;0=2,1=1
P 5.3154072 13.60802714 6 P 0 0 ;0=3,1=1
P 5.38502606 45.38801438 9 P 0 0 ;0=2,1=1
P 5.46808914 26.95744164 9 P 0 0 ;0=2,1=1
P 5.46808914 27.28824616 6 P 0 0 ;0=3,1=1
P 5.63589424 22.6441 6 P 0 0 ;0=3,1=1
P 5.7404 41.7068 9 P 0 0 ;0=5,1=1
P 5.85179424 19.50826426 6 P 0 0 ;0=3,1=1
P 5.871972 39.70701482 6 P 0 0 ;0=3,1=1
P 5.8928 38.1 6 P 0 0 ;0=3,1=1
P 5.89317338 28.92666554 6 P 0 0 ;0=3,1=1
P 5.89317338 29.25747006 9 P 0 0 ;0=2,1=1
P 5.93776816 37.29106334 6 P 0 0 ;0=3,1=1
P 5.93776816 37.62186786 9 P 0 0 ;0=2,1=1
P 5.95250016 35.2795586 6 P 0 0 ;0=3,1=1
P 5.99026996 29.96105514 6 P 0 0 ;0=3,1=1
P 6.05925636 -0.63821818 9 P 0 0 ;0=2,1=1
P 6.05925636 0.86178136 9 P 0 0 ;0=2,1=1
P 6.05925636 2.3617809 9 P 0 0 ;0=2,1=1
P 6.05925636 6.86177952 9 P 0 0 ;0=2,1=1
P 6.05925636 8.36177906 9 P 0 0 ;0=2,1=1
P 6.05925636 11.36177814 9 P 0 0 ;0=2,1=1
P 6.05925636 12.86177768 9 P 0 0 ;0=2,1=1
P 6.05925636 14.36177722 9 P 0 0 ;0=2,1=1
P 6.05925636 15.86177676 9 P 0 0 ;0=2,1=1
P 6.05925636 44.36176802 9 P 0 0 ;0=2,1=1
P 6.05925636 45.86176756 9 P 0 0 ;0=2,1=1
P 6.05925636 47.3617671 9 P 0 0 ;0=2,1=1
P 6.05925636 50.36176618 9 P 0 0 ;0=5,1=1
P 6.05925636 51.86176572 9 P 0 0 ;0=5,1=1
P 6.0706 28.63347334 6 P 0 0 ;0=3,1=1
P 6.096 17.8562 6 P 0 0 ;0=3,1=1
P 6.1560202 16.86522662 9 P 0 0 ;0=2,1=1
P 6.1560202 17.19603114 6 P 0 0 ;0=3,1=1
P 6.18275878 9.75780878 9 P 0 0 ;0=2,1=1
P 6.19887508 10.09472962 6 P 0 0 ;0=3,1=1
P 6.2992 18.3388 6 P 0 0 ;0=3,1=1
P 6.36711706 33.34184848 9 P 0 0 ;0=2,1=1
P 6.36711706 33.672653 6 P 0 0 ;0=3,1=1
P 6.43438896 46.7010877 6 P 0 0 ;0=3,1=1
P 6.46936222 42.7200568 6 P 0 0 ;0=3,1=1
P 6.477 42.3418 9 P 0 0 ;0=2,1=1
P 6.48036296 29.44599902 6 P 0 0 ;0=3,1=1
P 6.5024 18.5928 6 P 0 0 ;0=3,1=1
P 6.70503104 39.25850162 6 P 0 0 ;0=3,1=1
P 6.70503104 39.69387794 9 P 0 0 ;0=2,1=1
P 6.80864272 8.64915466 6 P 0 0 ;0=3,1=1
P 6.81055788 8.31161406 9 P 0 0 ;0=2,1=1
P 6.85255424 18.5928 6 P 0 0 ;0=3,1=1
P 7.26777566 19.9845041 9 P 0 0 ;0=2,1=1
P 7.29723458 56.36456342 6 P 0 0 ;0=3,1=1
P 7.35649532 23.3426 6 P 0 0 ;0=3,1=1
P 7.45908592 18.7071 6 P 0 0 ;0=3,1=1
P 7.5365737 33.08360414 6 P 0 0 ;0=3,1=1
P 7.5365737 33.41440866 9 P 0 0 ;0=2,1=1
P 7.5592559 -0.63821818 9 P 0 0 ;0=2,1=1
P 7.5592559 2.3617809 9 P 0 0 ;0=2,1=1
P 7.5592559 6.86177952 9 P 0 0 ;0=2,1=1
P 7.5592559 8.36177906 9 P 0 0 ;0=2,1=1
P 7.5592559 9.8617786 9 P 0 0 ;0=2,1=1
P 7.5592559 11.36177814 9 P 0 0 ;0=2,1=1
P 7.5592559 12.86177768 9 P 0 0 ;0=2,1=1
P 7.5592559 14.36177722 9 P 0 0 ;0=2,1=1
P 7.5592559 15.86177676 9 P 0 0 ;0=2,1=1
P 7.5592559 17.3617763 9 P 0 0 ;0=2,1=1
P 7.5592559 24.861774 9 P 0 0 ;0=2,1=1
P 7.5592559 26.36177354 9 P 0 0 ;0=2,1=1
P 7.5592559 27.86177308 9 P 0 0 ;0=2,1=1
P 7.5592559 29.36177262 9 P 0 0 ;0=2,1=1
P 7.5592559 41.36176894 9 P 0 0 ;0=2,1=1
P 7.5592559 42.86176848 9 P 0 0 ;0=2,1=1
P 7.5592559 47.3617671 9 P 0 0 ;0=2,1=1
P 7.79584928 39.099998 6 P 0 0 ;0=3,1=1
P 7.7978 18.8722 6 P 0 0 ;0=3,1=1
P 7.89890978 39.44606538 6 P 0 0 ;0=3,1=1
P 7.89890978 39.7768699 9 P 0 0 ;0=2,1=1
P 7.9381985 8.24460124 6 P 0 0 ;0=3,1=1
P 7.9381985 8.93226306 9 P 0 0 ;0=5,1=1
P 7.99816282 35.3160838 6 P 0 0 ;0=3,1=1
P 8.09768256 9.4022037 6 P 0 0 ;0=3,1=1
P 8.09935642 23.31916596 6 P 0 0 ;0=3,1=1
P 8.1026 43.05000026 6 P 0 0 ;0=3,1=1
P 8.1026 43.38080478 9 P 0 0 ;0=2,1=1
P 8.1054702 22.98224512 9 P 0 0 ;0=2,1=1
P 8.23462666 31.60860582 6 P 0 0 ;0=3,1=1
P 8.23462666 31.93941034 9 P 0 0 ;0=2,1=1
P 8.25940182 37.51855844 6 P 0 0 ;0=3,1=1
P 8.25940182 37.84936296 9 P 0 0 ;0=2,1=1
P 8.35625456 8.8383237 6 P 0 0 ;0=3,1=1
P 8.36187304 36.0704511 6 P 0 0 ;0=3,1=1
P 8.36187304 36.40125562 9 P 0 0 ;0=2,1=1
P 8.36978768 10.12405138 6 P 0 0 ;0=3,1=1
P 8.53462606 32.18567096 9 P 0 0 ;0=2,1=1
P 8.53462606 32.51647548 6 P 0 0 ;0=3,1=1
P 8.53462606 32.89598958 6 P 0 0 ;0=3,1=1
P 8.53462606 33.2267941 9 P 0 0 ;0=2,1=1
P 8.55683582 23.64258416 9 P 0 0 ;0=2,1=1
P 8.56140528 28.94544122 9 P 0 0 ;0=2,1=1
P 8.56843346 23.29845988 6 P 0 0 ;0=3,1=1
P 8.59568512 21.80926042 6 P 0 0 ;0=3,1=1
P 8.59575878 11.24941362 9 P 0 0 ;0=2,1=1
P 8.60007424 11.58239746 6 P 0 0 ;0=3,1=1
P 8.60040952 20.066 6 P 0 0 ;0=3,1=1
P 8.60605848 9.34577506 9 P 0 0 ;0=2,1=1
P 8.60605848 9.67657958 6 P 0 0 ;0=3,1=1
P 8.63879908 21.45842546 9 P 0 0 ;0=2,1=1
P 8.8646 10.8458 6 P 0 0 ;0=3,1=1
P 8.87163072 13.7453497 6 P 0 0 ;0=3,1=1
P 8.89333502 28.92932492 6 P 0 0 ;0=3,1=1
P 8.972804 27.96516378 6 P 0 0 ;0=3,1=1
P 9.05925544 -0.63821818 9 P 0 0 ;0=2,1=1
P 9.05925544 0.86178136 9 P 0 0 ;0=2,1=1
P 9.05925544 2.3617809 9 P 0 0 ;0=2,1=1
P 9.05925544 6.86177952 9 P 0 0 ;0=2,1=1
P 9.05925544 8.36177906 9 P 0 0 ;0=2,1=1
P 9.05925544 9.8617786 9 P 0 0 ;0=2,1=1
P 9.05925544 14.36177722 9 P 0 0 ;0=2,1=1
P 9.05925544 15.86177676 9 P 0 0 ;0=2,1=1
P 9.05925544 17.3617763 9 P 0 0 ;0=2,1=1
P 9.05925544 18.86177584 9 P 0 0 ;0=2,1=1
P 9.05925544 35.36177078 9 P 0 0 ;0=2,1=1
P 9.05925544 38.36176986 9 P 0 0 ;0=2,1=1
P 9.05925544 39.8617694 9 P 0 0 ;0=2,1=1
P 9.05925544 47.3617671 9 P 0 0 ;0=2,1=1
P 9.05925544 50.36176618 9 P 0 0 ;0=5,1=1
P 9.05925544 51.86176572 9 P 0 0 ;0=5,1=1
P 9.0932 46.9646 9 P 0 0 ;0=2,1=1
P 9.1694 36.9316 9 P 0 0 ;0=2,1=1
P 9.1694 37.338 6 P 0 0 ;0=3,1=1
P 9.20108904 42.7231302 9 P 0 0 ;0=2,1=1
P 9.20108904 43.05393472 6 P 0 0 ;0=3,1=1
P 9.41052728 13.7474452 9 P 0 0 ;0=2,1=1
P 9.41500784 14.07933938 6 P 0 0 ;0=3,1=1
P 9.4635447 30.27225848 9 P 0 0 ;0=2,1=1
P 9.4635447 30.603063 6 P 0 0 ;0=3,1=1
P 9.49891166 37.5731278 9 P 0 0 ;0=2,1=1
P 9.49891166 37.90393232 6 P 0 0 ;0=3,1=1
P 9.525 19.75758304 6 P 0 0 ;0=3,1=1
P 9.61587104 45.29932266 6 P 0 0 ;0=3,1=1
P 9.62326752 36.49794834 9 P 0 0 ;0=5,1=1
P 9.6266 42.5958 9 P 0 0 ;0=5,1=1
P 9.7535365 16.92074848 6 P 0 0 ;0=3,1=1
P 9.7536 20.80426624 6 P 0 0 ;0=3,1=1
P 9.7536 34.6202 6 P 0 0 ;0=3,1=1
P 9.7696528 16.58382764 9 P 0 0 ;0=2,1=1
P 9.85497394 12.21561438 9 P 0 0 ;0=2,1=1
P 9.87814128 27.51016596 6 P 0 0 ;0=3,1=1
P 9.88030282 27.175714 9 P 0 0 ;0=2,1=1
P 9.8806 26.5938 6 P 0 0 ;0=3,1=1
P 9.88838256 26.2375777 9 P 0 0 ;0=2,1=1
P 9.91662482 18.4912 9 P 0 0 ;0=2,1=1
P 9.9449763 53.46896596 6 P 0 0 ;0=3,1=1
P 9.9449763 56.33916596 6 P 0 0 ;0=3,1=1
P 9.9822 18.09897828 6 P 0 0 ;0=3,1=1
P 9.9874832 21.21407746 6 P 0 0 ;0=3,1=1
P 10.07162832 31.91986758 6 P 0 0 ;0=3,1=1
P 10.07162832 32.2506721 9 P 0 0 ;0=2,1=1
P 10.11732038 26.80210794 6 P 0 0 ;0=3,1=1
P 10.27608816 42.73312764 9 P 0 0 ;0=2,1=1
P 10.27608816 43.06393216 6 P 0 0 ;0=3,1=1
P 10.29891006 42.0260653 6 P 0 0 ;0=3,1=1
P 10.29891006 42.35686982 9 P 0 0 ;0=2,1=1
P 10.30390624 39.39999994 6 P 0 0 ;0=3,1=1
P 10.30390624 39.73080446 9 P 0 0 ;0=2,1=1
P 10.33832832 35.052 6 P 0 0 ;0=3,1=1
P 10.41877266 20.3333096 9 P 0 0 ;0=2,1=1
P 10.41877266 20.66922968 6 P 0 0 ;0=3,1=1
P 10.4422702 13.73664512 9 P 0 0 ;0=2,1=1
P 10.4471216 14.07033762 6 P 0 0 ;0=3,1=1
P 10.51511232 21.45727738 9 P 0 0 ;0=2,1=1
P 10.55784528 19.40737546 9 P 0 0 ;0=2,1=1
P 10.55925498 -0.63821818 9 P 0 0 ;0=2,1=1
P 10.55925498 0.86178136 9 P 0 0 ;0=2,1=1
P 10.55925498 2.3617809 9 P 0 0 ;0=2,1=1
P 10.55925498 6.86177952 9 P 0 0 ;0=2,1=1
P 10.55925498 8.36177906 9 P 0 0 ;0=2,1=1
P 10.55925498 9.8617786 9 P 0 0 ;0=2,1=1
P 10.55925498 11.36177814 9 P 0 0 ;0=2,1=1
P 10.55925498 15.86177676 9 P 0 0 ;0=2,1=1
P 10.55925498 17.3617763 9 P 0 0 ;0=2,1=1
P 10.55925498 18.86177584 9 P 0 0 ;0=2,1=1
P 10.55925498 35.36177078 9 P 0 0 ;0=2,1=1
P 10.55925498 36.86177032 9 P 0 0 ;0=2,1=1
P 10.55925498 38.36176986 9 P 0 0 ;0=2,1=1
P 10.55925498 41.36176894 9 P 0 0 ;0=2,1=1
P 10.55925498 44.36176802 9 P 0 0 ;0=2,1=1
P 10.55925498 47.3617671 9 P 0 0 ;0=2,1=1
P 10.63032672 27.3930237 6 P 0 0 ;0=3,1=1
P 10.6615738 31.42693232 9 P 0 0 ;0=2,1=1
P 10.6615738 31.75773684 6 P 0 0 ;0=3,1=1
P 10.66462688 13.05100514 6 P 0 0 ;0=3,1=1
P 10.66892964 28.83376504 9 P 0 0 ;0=2,1=1
P 10.68504594 28.5018353 6 P 0 0 ;0=3,1=1
P 10.7051602 29.29700262 6 P 0 0 ;0=3,1=1
P 10.7051602 29.62780714 9 P 0 0 ;0=2,1=1
P 10.7188 33.7058 9 P 0 0 ;0=2,1=1
P 10.7188 34.0868 6 P 0 0 ;0=3,1=1
P 10.74022998 45.6568683 6 P 0 0 ;0=3,1=1
P 10.74022998 46.02530546 9 P 0 0 ;0=2,1=1
P 10.76915804 12.69481332 9 P 0 0 ;0=2,1=1
P 10.84846192 21.44501172 6 P 0 0 ;0=3,1=1
P 10.86357238 22.41568288 10 P 0 0 ;0=4,1=1
P 10.8837984 13.2969 6 P 0 0 ;0=3,1=1
P 10.9014768 19.06581404 6 P 0 0 ;0=3,1=1
P 10.98271616 22.74897914 6 P 0 0 ;0=3,1=1
P 10.99490816 42.26007042 6 P 0 0 ;0=3,1=1
P 11.06099896 22.02857164 6 P 0 0 ;0=3,1=1
P 11.0744 24.13 9 P 0 0 ;0=2,1=1
P 11.09285056 21.2593047 6 P 0 0 ;0=3,1=1
P 11.10399862 24.7904 6 P 0 0 ;0=3,1=1
P 11.1506 20.574 9 P 0 0 ;0=2,1=1
P 11.1544227 20.955 6 P 0 0 ;0=3,1=1
P 11.25045756 14.73876656 6 P 0 0 ;0=3,1=1
P 11.2550702 14.40184572 9 P 0 0 ;0=2,1=1
P 11.28035844 16.36701324 9 P 0 0 ;0=2,1=1
P 11.28087152 22.29875906 9 P 0 0 ;0=2,1=1
P 11.29647474 16.70393408 6 P 0 0 ;0=3,1=1
P 11.3392966 44.51871208 6 P 0 0 ;0=3,1=1
P 11.35000016 36.64021882 6 P 0 0 ;0=3,1=1
P 11.40006864 31.15683888 6 P 0 0 ;0=3,1=1
P 11.45446274 23.46448444 9 P 0 0 ;0=2,1=1
P 11.46157474 28.8769298 9 P 0 0 ;0=2,1=1
P 11.46157474 29.20773432 6 P 0 0 ;0=3,1=1
P 11.47875784 21.33655372 9 P 0 0 ;0=2,1=1
P 11.4992404 15.02088182 9 P 0 0 ;0=2,1=1
P 11.49983984 15.3924 6 P 0 0 ;0=3,1=1
P 11.52773666 18.10667194 6 P 0 0 ;0=3,1=1
P 11.52773666 18.4912 9 P 0 0 ;0=2,1=1
P 11.54273536 23.03518634 6 P 0 0 ;0=3,1=1
P 11.557 20.955 6 P 0 0 ;0=3,1=1
P 11.56633196 23.77686888 6 P 0 0 ;0=3,1=1
P 11.62163284 24.26850366 6 P 0 0 ;0=3,1=1
P 11.63366736 22.3231329 6 P 0 0 ;0=3,1=1
P 11.67562816 28.37880024 6 P 0 0 ;0=3,1=1
P 11.7457093 39.27495828 6 P 0 0 ;0=3,1=1
P 11.7457093 39.6057628 9 P 0 0 ;0=2,1=1
P 11.81479222 27.26359038 6 P 0 0 ;0=3,1=1
P 11.82515542 27.70943404 6 P 0 0 ;0=3,1=1
P 11.83090852 26.93166064 9 P 0 0 ;0=2,1=1
P 11.84127172 28.04635488 9 P 0 0 ;0=2,1=1
P 11.85535602 17.41599514 9 P 0 0 ;0=2,1=1
P 11.86157394 29.99986634 6 P 0 0 ;0=3,1=1
P 11.86157394 30.33067086 9 P 0 0 ;0=2,1=1
P 11.87147232 17.0840654 6 P 0 0 ;0=3,1=1
P 12.03724542 14.2833344 6 P 0 0 ;0=3,1=1
P 12.04185806 13.94641356 9 P 0 0 ;0=2,1=1
P 12.05925452 2.3617809 9 P 0 0 ;0=2,1=1
P 12.05925452 8.36177906 9 P 0 0 ;0=2,1=1
P 12.05925452 9.8617786 9 P 0 0 ;0=2,1=1
P 12.05925452 12.86177768 9 P 0 0 ;0=2,1=1
P 12.05925452 15.86177676 9 P 0 0 ;0=2,1=1
P 12.05925452 18.86177584 9 P 0 0 ;0=2,1=1
P 12.06635636 20.77484288 6 P 0 0 ;0=3,1=1
P 12.12561964 24.27301216 6 P 0 0 ;0=3,1=1
P 12.15073008 21.88639514 9 P 0 0 ;0=2,1=1
P 12.15502522 21.54606562 6 P 0 0 ;0=3,1=1
P 12.2533283 22.33245978 9 P 0 0 ;0=5,1=1
P 12.2936 47.1424 9 P 0 0 ;0=2,1=1
P 12.30502492 16.70393408 6 P 0 0 ;0=3,1=1
P 12.30963756 16.36701324 9 P 0 0 ;0=2,1=1
P 12.319 23.5458 6 P 0 0 ;0=3,1=1
P 12.3444 33.6042 6 P 0 0 ;0=3,1=1
P 12.3952 27.305 6 P 0 0 ;0=3,1=1
P 12.53035848 21.71701524 9 P 0 0 ;0=2,1=1
P 12.53035848 22.88299208 9 P 0 0 ;0=2,1=1
P 12.5384814 23.26729154 9 P 0 0 ;0=2,1=1
P 12.5416056 22.55099122 6 P 0 0 ;0=3,1=1
P 12.54647478 22.05393608 6 P 0 0 ;0=3,1=1
P 12.573 23.7744 6 P 0 0 ;0=3,1=1
P 12.58454176 20.74827194 6 P 0 0 ;0=3,1=1
P 12.62024908 46.863 9 P 0 0 ;0=2,1=1
P 12.65502422 21.04606662 6 P 0 0 ;0=3,1=1
P 12.70593344 21.40627418 9 P 0 0 ;0=2,1=1
P 12.78965946 27.70183436 6 P 0 0 ;0=3,1=1
P 12.78965946 28.03263888 9 P 0 0 ;0=2,1=1
P 12.86966946 28.86983558 9 P 0 0 ;0=2,1=1
P 12.86966946 29.20575566 6 P 0 0 ;0=3,1=1
P 12.86966946 29.60182548 6 P 0 0 ;0=3,1=1
P 12.86966946 29.93774556 9 P 0 0 ;0=2,1=1
P 12.8716278 30.39986554 6 P 0 0 ;0=3,1=1
P 12.8716278 30.73067006 9 P 0 0 ;0=2,1=1
P 12.8778 26.543 6 P 0 0 ;0=3,1=1
P 12.9569464 35.7503349 6 P 0 0 ;0=3,1=1
P 12.97615896 45.77991098 9 P 0 0 ;0=2,1=1
P 13.04497264 24.72313064 9 P 0 0 ;0=2,1=1
P 13.04497264 25.05393516 6 P 0 0 ;0=3,1=1
P 13.05370262 37.06315676 6 P 0 0 ;0=3,1=1
P 13.07216842 20.78314106 6 P 0 0 ;0=3,1=1
P 13.081 39.1922 9 P 0 0 ;0=5,1=1
P 13.12313098 24.26633196 6 P 0 0 ;0=3,1=1
P 13.15559472 27.95408938 6 P 0 0 ;0=3,1=1
P 13.19686464 18.87221016 6 P 0 0 ;0=3,1=1
P 13.24522624 22.8863525 9 P 0 0 ;0=2,1=1
P 13.24902608 23.23246306 6 P 0 0 ;0=3,1=1
P 13.26157368 31.42693232 9 P 0 0 ;0=2,1=1
P 13.26157368 31.75773684 6 P 0 0 ;0=3,1=1
P 13.37756786 40.73336786 9 P 0 0 ;0=2,1=1
P 13.41556372 27.32436496 6 P 0 0 ;0=3,1=1
P 13.55925406 2.3617809 9 P 0 0 ;0=2,1=1
P 13.55925406 8.36177906 9 P 0 0 ;0=2,1=1
P 13.55925406 9.8617786 9 P 0 0 ;0=2,1=1
P 13.55925406 12.86177768 9 P 0 0 ;0=2,1=1
P 13.55925406 14.36177722 9 P 0 0 ;0=2,1=1
P 13.55925406 23.36177446 9 P 0 0 ;0=2,1=1
P 13.56534752 24.77061594 6 P 0 0 ;0=3,1=1
P 13.56632796 20.77688758 6 P 0 0 ;0=3,1=1
P 13.56874096 25.1188093 9 P 0 0 ;0=2,1=1
P 13.57026496 11.73743906 6 P 0 0 ;0=3,1=1
P 13.5736711 11.39424696 9 P 0 0 ;0=2,1=1
P 13.61500706 39.56780504 6 P 0 0 ;0=3,1=1
P 13.65502476 22.05393608 6 P 0 0 ;0=3,1=1
P 13.65502476 22.54606616 6 P 0 0 ;0=3,1=1
P 13.6596374 21.71701524 9 P 0 0 ;0=2,1=1
P 13.6596374 22.87799082 9 P 0 0 ;0=2,1=1
P 13.6923272 45.68900946 9 P 0 0 ;0=2,1=1
P 13.7150983 21.04483726 6 P 0 0 ;0=3,1=1
P 13.78284518 38.67086246 6 P 0 0 ;0=3,1=1
P 13.91736104 38.9717407 6 P 0 0 ;0=3,1=1
P 13.9446 45.96403304 6 P 0 0 ;0=3,1=1
P 14.03035802 21.37799128 9 P 0 0 ;0=2,1=1
P 14.03035802 23.21701478 9 P 0 0 ;0=2,1=1
P 14.04647432 21.04606662 6 P 0 0 ;0=3,1=1
P 14.04647432 23.55393562 6 P 0 0 ;0=3,1=1
P 14.07334244 40.07790308 9 P 0 0 ;0=2,1=1
P 14.10236448 25.21581952 6 P 0 0 ;0=3,1=1
P 14.10236448 25.55939516 9 P 0 0 ;0=2,1=1
P 14.11256004 22.43497672 9 P 0 0 ;0=2,1=1
P 14.11365986 24.59784006 9 P 0 0 ;0=2,1=1
P 14.11380464 46.51342234 9 P 0 0 ;0=2,1=1
P 14.12311882 22.76634004 6 P 0 0 ;0=3,1=1
P 14.12313152 24.26633196 6 P 0 0 ;0=3,1=1
P 14.1726158 16.00582524 9 P 0 0 ;0=2,1=1
P 14.25145486 38.44093658 9 P 0 0 ;0=2,1=1
P 14.25145486 38.7717411 6 P 0 0 ;0=3,1=1
P 14.25145486 39.16387138 6 P 0 0 ;0=3,1=1
P 14.25145486 39.4946759 9 P 0 0 ;0=2,1=1
P 14.26157168 31.56193078 9 P 0 0 ;0=2,1=1
P 14.26157168 31.8927353 6 P 0 0 ;0=3,1=1
P 14.263624 25.95000144 6 P 0 0 ;0=3,1=1
P 14.39773854 39.96584336 6 P 0 0 ;0=3,1=1
P 14.4534255 17.29346554 6 P 0 0 ;0=3,1=1
P 14.45803814 17.62539528 9 P 0 0 ;0=2,1=1
P 14.46932336 16.95894754 9 P 0 0 ;0=2,1=1
P 14.4758664 16.62297666 6 P 0 0 ;0=3,1=1
P 14.57915804 46.96743718 9 P 0 0 ;0=2,1=1
P 14.5796 36.576 6 P 0 0 ;0=3,1=1
P 14.59428374 25.55939516 9 P 0 0 ;0=2,1=1
P 14.599285 25.21581952 6 P 0 0 ;0=3,1=1
P 14.61257174 21.9349701 9 P 0 0 ;0=2,1=1
P 14.62313052 22.26633342 6 P 0 0 ;0=3,1=1
P 14.6312255 18.10626554 6 P 0 0 ;0=3,1=1
P 14.6312255 18.4912 9 P 0 0 ;0=2,1=1
P 14.6550253 21.55393454 6 P 0 0 ;0=3,1=1
P 14.6550253 23.05393662 6 P 0 0 ;0=3,1=1
P 14.65963794 21.2170137 9 P 0 0 ;0=2,1=1
P 14.65963794 22.71701578 9 P 0 0 ;0=2,1=1
P 14.88101418 37.8286518 6 P 0 0 ;0=3,1=1
P 14.92865696 26.49023404 6 P 0 0 ;0=3,1=1
P 14.9332696 26.82216378 9 P 0 0 ;0=2,1=1
P 14.98980746 38.4175 9 P 0 0 ;0=2,1=1
P 15.03505248 38.7758813 6 P 0 0 ;0=3,1=1
P 15.0368 35.44164616 6 P 0 0 ;0=3,1=1
P 15.0368 35.8902381 9 P 0 0 ;0=2,1=1
P 15.0592536 9.8617786 9 P 0 0 ;0=2,1=1
P 15.0592536 11.36177814 9 P 0 0 ;0=2,1=1
P 15.0592536 12.86177768 9 P 0 0 ;0=2,1=1
P 15.0592536 24.861774 9 P 0 0 ;0=2,1=1
P 15.0592536 27.86177308 9 P 0 0 ;0=2,1=1
P 15.0592536 29.36177262 9 P 0 0 ;0=2,1=1
P 15.0592536 30.86177216 9 P 0 0 ;0=2,1=1
P 15.0592536 36.86177032 9 P 0 0 ;0=2,1=1
P 15.0592536 39.8617694 9 P 0 0 ;0=2,1=1
P 15.0592536 41.36176894 9 P 0 0 ;0=2,1=1
P 15.0592536 42.86176848 9 P 0 0 ;0=2,1=1
P 15.0592536 44.36176802 9 P 0 0 ;0=2,1=1
P 15.0592536 45.86176756 9 P 0 0 ;0=2,1=1
P 15.0615777 33.65692786 9 P 0 0 ;0=2,1=1
P 15.0615777 33.98773238 6 P 0 0 ;0=3,1=1
P 15.06633004 21.2768688 6 P 0 0 ;0=3,1=1
P 15.0667085 23.10073612 9 P 0 0 ;0=2,1=1
P 15.07686596 22.76633242 6 P 0 0 ;0=3,1=1
P 15.08506 46.70104706 6 P 0 0 ;0=3,1=1
P 15.08506 47.14239746 9 P 0 0 ;0=2,1=1
P 15.09428274 25.55939516 9 P 0 0 ;0=2,1=1
P 15.099284 25.21581952 6 P 0 0 ;0=3,1=1
P 15.11226848 46.28424068 6 P 0 0 ;0=3,1=1
P 15.25368298 39.46227058 6 P 0 0 ;0=3,1=1
P 15.27538728 39.10182172 9 P 0 0 ;0=2,1=1
P 15.33908032 21.58149354 6 P 0 0 ;0=3,1=1
P 15.3416 26.2636 6 P 0 0 ;0=3,1=1
P 15.3508456 29.66903642 6 P 0 0 ;0=3,1=1
P 15.4658568 39.96682888 6 P 0 0 ;0=3,1=1
P 15.4658568 40.3056725 9 P 0 0 ;0=2,1=1
P 15.46786848 46.28424068 9 P 0 0 ;0=2,1=1
P 15.621 23.82140016 6 P 0 0 ;0=3,1=1
P 15.621 24.2062 9 P 0 0 ;0=2,1=1
P 15.6464 46.7614 6 P 0 0 ;0=3,1=1
P 15.6464 47.117 9 P 0 0 ;0=2,1=1
P 15.65373298 38.44093658 9 P 0 0 ;0=2,1=1
P 15.65373298 38.7717411 6 P 0 0 ;0=3,1=1
P 15.65373298 39.16387138 6 P 0 0 ;0=3,1=1
P 15.65373298 39.4946759 9 P 0 0 ;0=2,1=1
P 15.72138842 19.59104286 6 P 0 0 ;0=3,1=1
P 15.92065904 22.95181084 9 P 0 0 ;0=2,1=1
P 15.94657212 23.46538614 6 P 0 0 ;0=3,1=1
P 16.01000862 29.8196 6 P 0 0 ;0=3,1=1
P 16.06289904 16.11850218 6 P 0 0 ;0=3,1=1
P 16.07747864 15.36421362 9 P 0 0 ;0=2,1=1
P 16.07944714 16.45699528 9 P 0 0 ;0=2,1=1
P 16.08128864 15.69623226 6 P 0 0 ;0=3,1=1
P 16.236696 23.0474901 6 P 0 0 ;0=3,1=1
P 16.23895152 32.28702458 6 P 0 0 ;0=3,1=1
P 16.24467922 22.70828326 9 P 0 0 ;0=2,1=1
P 16.3517326 54.89699968 9 P 0 0 ;0=2,1=1
P 16.36734852 54.1843722 9 P 0 0 ;0=2,1=1
P 16.39431062 37.20074348 6 P 0 0 ;0=3,1=1
P 16.39431062 37.5412 9 P 0 0 ;0=2,1=1
P 16.46291094 34.89566554 6 P 0 0 ;0=3,1=1
P 16.46291094 35.22647006 9 P 0 0 ;0=2,1=1
P 16.55925314 12.86177768 9 P 0 0 ;0=2,1=1
P 16.55925314 14.36177722 9 P 0 0 ;0=2,1=1
P 16.55925314 33.86177124 9 P 0 0 ;0=2,1=1
P 16.55925314 41.36176894 9 P 0 0 ;0=2,1=1
P 16.55925314 42.86176848 9 P 0 0 ;0=2,1=1
P 16.55925314 44.36176802 9 P 0 0 ;0=2,1=1
P 16.55925314 47.3617671 9 P 0 0 ;0=2,1=1
P 16.5608 30.861 6 P 0 0 ;0=3,1=1
P 16.6280846 21.46235738 9 P 0 0 ;0=5,1=1
P 16.6926387 16.60881362 9 P 0 0 ;0=2,1=1
P 16.6926387 17.70159528 9 P 0 0 ;0=2,1=1
P 16.69527776 17.36527642 6 P 0 0 ;0=3,1=1
P 16.70712432 16.94573954 6 P 0 0 ;0=3,1=1
P 16.73172422 54.89699968 6 P 0 0 ;0=3,1=1
P 16.76409906 55.77849906 9 P 0 0 ;0=5,1=1
P 16.76582118 54.0180276 9 P 0 0 ;0=1,1=1
P 16.80746702 26.8273657 6 P 0 0 ;0=3,1=1
P 16.86121596 54.45082582 6 P 0 0 ;0=3,1=1
P 17.1196 54.1483042 6 P 0 0 ;0=3,1=1
P 17.15300608 22.03544234 6 P 0 0 ;0=3,1=1
P 17.18231768 21.6912317 9 P 0 0 ;0=2,1=1
P 17.31007968 35.8902381 6 P 0 0 ;0=3,1=1
P 17.526 36.9316 6 P 0 0 ;0=3,1=1
P 17.54768906 34.89566554 6 P 0 0 ;0=3,1=1
P 17.54768906 35.22647006 9 P 0 0 ;0=2,1=1
P 17.60019594 36.57211634 6 P 0 0 ;0=3,1=1
P 17.6624488 27.06598346 6 P 0 0 ;0=3,1=1
P 17.78 30.48 9 P 0 0 ;0=5,1=1
P 17.83094732 54.01859148 9 P 0 0 ;0=5,1=1
P 17.83094732 55.7784 9 P 0 0 ;0=5,1=1
P 18.0520848 28.5271337 6 P 0 0 ;0=3,1=1
P 18.05925268 12.86177768 9 P 0 0 ;0=2,1=1
P 18.05925268 17.3617763 9 P 0 0 ;0=2,1=1
P 18.05925268 20.36177538 9 P 0 0 ;0=2,1=1
P 18.05925268 21.86177492 9 P 0 0 ;0=2,1=1
P 18.05925268 23.36177446 9 P 0 0 ;0=2,1=1
P 18.05925268 27.86177308 9 P 0 0 ;0=2,1=1
P 18.05925268 36.86177032 9 P 0 0 ;0=2,1=1
P 18.05925268 38.36176986 9 P 0 0 ;0=2,1=1
P 18.05925268 39.8617694 9 P 0 0 ;0=2,1=1
P 18.214848 16.49391418 6 P 0 0 ;0=3,1=1
P 18.21518836 16.15285568 9 P 0 0 ;0=2,1=1
P 18.2200423 13.8402187 9 P 0 0 ;0=2,1=1
P 18.22112688 14.17546314 6 P 0 0 ;0=3,1=1
P 18.2243476 14.99733094 9 P 0 0 ;0=2,1=1
P 18.23683424 15.3322909 6 P 0 0 ;0=3,1=1
P 18.29781456 29.4361997 6 P 0 0 ;0=3,1=1
P 18.322671 27.43496418 9 P 0 0 ;0=2,1=1
P 18.32307232 27.1042257 6 P 0 0 ;0=3,1=1
P 18.3237251 18.79657658 9 P 0 0 ;0=5,1=1
P 18.7457842 31.57122464 9 P 0 0 ;0=2,1=1
P 18.84426 23.2703497 6 P 0 0 ;0=3,1=1
P 18.85932728 23.62176378 9 P 0 0 ;0=2,1=1
P 18.8976 54.01869054 9 P 0 0 ;0=5,1=1
P 18.8976 54.898544 9 P 0 0 ;0=5,1=1
P 18.8976 55.77849906 9 P 0 0 ;0=5,1=1
P 19.36732728 18.18556434 9 P 0 0 ;0=2,1=1
P 19.37666432 17.84947154 6 P 0 0 ;0=3,1=1
P 19.55925222 14.36177722 9 P 0 0 ;0=2,1=1
P 19.55925222 15.86177676 9 P 0 0 ;0=2,1=1
P 19.55925222 17.3617763 9 P 0 0 ;0=2,1=1
P 19.55925222 21.86177492 9 P 0 0 ;0=2,1=1
P 19.55925222 24.861774 9 P 0 0 ;0=2,1=1
P 19.55925222 26.36177354 9 P 0 0 ;0=2,1=1
P 19.55925222 27.86177308 9 P 0 0 ;0=2,1=1
P 19.55925222 29.36177262 9 P 0 0 ;0=2,1=1
P 19.55925222 30.86177216 9 P 0 0 ;0=2,1=1
P 19.81137262 23.57479156 9 P 0 0 ;0=2,1=1
P 19.82108304 23.21951922 6 P 0 0 ;0=3,1=1
P 19.976465 21.76755616 9 P 0 0 ;0=2,1=1
P 19.976465 22.09836068 6 P 0 0 ;0=3,1=1
P 20.72048688 21.84962356 9 P 0 0 ;0=2,1=1
P 20.72048688 22.18042808 6 P 0 0 ;0=3,1=1
P 21.05925176 18.86177584 9 P 0 0 ;0=2,1=1
P 21.05925176 20.36177538 9 P 0 0 ;0=2,1=1
P 21.05925176 23.36177446 9 P 0 0 ;0=2,1=1
P 25.04237308 49.01806554 6 P 0 0 ;0=3,1=1
P 25.04237308 49.34887006 9 P 0 0 ;0=2,1=1
P 25.46062726 -2.95933114 9 P 0 0 ;0=2,1=1
P 25.46062726 -3.29013566 6 P 0 0 ;0=3,1=1
P 26.4056749 12.39402906 9 P 0 0 ;0=2,1=1
P 26.4056749 12.72483358 6 P 0 0 ;0=3,1=1
P 27.14272702 8.31993002 9 P 0 0 ;0=2,1=1
P 27.14272702 8.65073454 6 P 0 0 ;0=3,1=1
P 27.14272702 11.5659281 9 P 0 0 ;0=2,1=1
P 27.14272702 11.89673262 6 P 0 0 ;0=3,1=1
P 27.9923748 49.01806554 6 P 0 0 ;0=3,1=1
P 27.9923748 49.34887006 9 P 0 0 ;0=2,1=1
P 28.40567344 12.39402906 9 P 0 0 ;0=2,1=1
P 28.40567344 12.72483358 6 P 0 0 ;0=3,1=1
P 28.51572656 7.49182906 9 P 0 0 ;0=2,1=1
P 28.51572656 7.82263358 6 P 0 0 ;0=3,1=1
P 28.76572606 9.94292906 9 P 0 0 ;0=2,1=1
P 28.76572606 10.27373358 6 P 0 0 ;0=3,1=1
P 28.94657406 27.1404715 6 P 0 0 ;0=3,1=1
P 28.94657406 27.47127602 9 P 0 0 ;0=2,1=1
P 30.3887251 8.31993002 9 P 0 0 ;0=2,1=1
P 30.3887251 8.65073454 6 P 0 0 ;0=3,1=1
P 30.3887251 11.5659281 9 P 0 0 ;0=2,1=1
P 30.3887251 11.89673262 6 P 0 0 ;0=3,1=1
P 30.5157251 12.39402906 9 P 0 0 ;0=2,1=1
P 30.5157251 12.72483358 6 P 0 0 ;0=3,1=1
P 30.74777442 37.1562122 6 P 0 0 ;0=3,1=1
P 30.74777442 37.48701672 9 P 0 0 ;0=2,1=1
P 30.78277308 57.60806614 6 P 0 0 ;0=3,1=1
P 30.78277308 57.93887066 9 P 0 0 ;0=2,1=1
P 32.41062606 13.37393058 9 P 0 0 ;0=2,1=1
P 32.41062606 13.7047351 6 P 0 0 ;0=3,1=1
P 33.75777348 37.24087548 6 P 0 0 ;0=3,1=1
P 33.75777348 37.57168 9 P 0 0 ;0=2,1=1
P 33.76777346 57.60306742 6 P 0 0 ;0=3,1=1
P 33.76777346 57.93387194 9 P 0 0 ;0=2,1=1
P 34.14657382 27.1404715 6 P 0 0 ;0=3,1=1
P 34.14657382 27.47127602 9 P 0 0 ;0=2,1=1
P 35.59977386 14.62646554 6 P 0 0 ;0=3,1=1
P 35.59977386 14.95727006 9 P 0 0 ;0=2,1=1
P 36.95677394 7.70012938 9 P 0 0 ;0=2,1=1
P 36.95677394 8.0309339 6 P 0 0 ;0=3,1=1
P 37.59222606 14.3210661 6 P 0 0 ;0=3,1=1
P 37.59222606 14.65187062 9 P 0 0 ;0=2,1=1
P 37.61142592 12.95906476 6 P 0 0 ;0=3,1=1
P 37.61142592 13.28986928 9 P 0 0 ;0=2,1=1
P 38.39922216 14.45906684 6 P 0 0 ;0=3,1=1
P 38.39922216 14.78987136 9 P 0 0 ;0=2,1=1
P 38.50617394 7.7380973 9 P 0 0 ;0=2,1=1
P 38.50617394 8.06890182 6 P 0 0 ;0=3,1=1
P 39.36062486 -3.28226674 6 P 0 0 ;0=3,1=1
P 39.36062486 -3.61307126 9 P 0 0 ;0=2,1=1
P 39.41142486 20.13786676 6 P 0 0 ;0=3,1=1
P 39.41142486 20.46867128 9 P 0 0 ;0=2,1=1
P 39.59882606 14.45709834 6 P 0 0 ;0=3,1=1
P 39.59882606 14.78790286 9 P 0 0 ;0=2,1=1
P 39.62422606 7.7361288 9 P 0 0 ;0=2,1=1
P 39.62422606 8.06693332 6 P 0 0 ;0=3,1=1
P 43.30677394 17.75126498 6 P 0 0 ;0=3,1=1
P 43.30677394 18.0820695 9 P 0 0 ;0=2,1=1
