UNITS=MM
#Layer_Physical_Order=2
#Layer_Color=16711935
#
#Feature symbol names
#
$0 r127
$1 r76.2
$2 r152.4
$3 r101.6
$4 r101.99878
$5 r99.9998
$6 r203.2
$7 r152.00122
$8 r304.8
$9 r202.99934

#
#Feature attribute names
#
@0 .geometry
@1 .pad_usage

#
#Feature attribute text strings
#
&0 VIA_RoundD304.8000H152.4000C152.4102
&1 VIA_RoundD304.8000H152.4000C152.4000
&2 VIA_RoundD202.9993H101.9988C102.0089
&3 VIA_D0.0000H101.6000C101.6000
&4 VIA_D0.0000H101.9988C101.9988
&5 VIA_RoundD203.2000H101.6000C101.6000

#
#Layer features
#
A 16.86133788 54.44995206 17.18694556 54.51790214 16.50637034 56.96502704 0 P 0 N
L -0.0028321 24.1065685 0.29675836 24.1065685 3 P 0
L -0.0048006 24.1046 -0.0028321 24.1065685 3 P 0
L -0.12375896 29.18716794 0.1758315 29.18716794 3 P 0
L -0.12572492 29.1891339 -0.12375896 29.18716794 3 P 0
L -0.13220954 2.94080184 -0.13024358 2.9427678 3 P 0
L -0.14039088 18.9995937 -0.13999972 18.99998486 1 P 0
L -0.1480312 41.10196758 0.15155926 41.10196758 3 P 0
L -0.1480312 43.80196726 0.15155926 43.80196726 3 P 0
L -0.1499997 41.09999908 -0.1480312 41.10196758 3 P 0
L -0.1499997 43.79999876 -0.1480312 43.80196726 3 P 0
L -0.1850009 1.524 0.63549784 2.34449874 5 P 0
L -0.19954494 25.26436908 0.10004552 25.26436908 3 P 0
L -0.20151344 25.26240058 -0.19954494 25.26436908 3 P 0
L -0.2980309 21.47697 0.00155956 21.47697 3 P 0
L -0.2999994 21.4750015 -0.2980309 21.47697 3 P 0
L -0.362077 24.1018441 -0.36011104 24.10381006 3 P 0
L -0.4318 2.94080184 -0.13220954 2.94080184 3 P 0
L -0.4337685 2.93883334 -0.4318 2.94080184 3 P 0
L -0.45622972 29.64082972 4.87584496 29.64082972 1 P 0
L -0.4696079 18.9995937 -0.14039088 18.9995937 1 P 0
L -0.4700016 18.9992 -0.4696079 18.9995937 1 P 0
L -0.4826 18.4658 1.3219811 18.4658 1 P 0
L -0.63302896 1.95915534 -0.3334385 1.95915534 3 P 0
L -0.63499746 1.96112384 -0.63302896 1.95915534 3 P 0
L -0.63755778 16.38118898 -0.63558928 16.37922048 3 P 0
L -0.64602614 0.27841448 -0.64406018 0.27644852 3 P 0
L -0.66166746 24.1018441 -0.362077 24.1018441 3 P 0
L -0.66363596 24.0998756 -0.66166746 24.1018441 3 P 0
L -0.70438772 17.44626686 2.65046968 17.44626686 1 P 0
L -0.7115048 17.43914978 -0.70438772 17.44626686 1 P 0
L -0.73063862 12.96210006 -0.73063862 13.13459908 3 P 0
L -0.73063862 13.13459908 -0.7112 13.1540377 3 P 0
L -0.77469746 24.8666 2.4290147 24.8666 1 P 0
L -0.82068924 30.00528924 -0.45622972 29.64082972 1 P 0
L -0.84834222 24.6888 2.50265946 24.6888 0 P 0
L -0.85302598 31.06735976 8.00799008 31.06735976 1 P 0
L -0.87295482 23.7427897 1.3851509 23.7427897 1 P 0
L -0.88084152 31.9741677 -0.87887556 31.97613366 2 P 0
L -0.88084152 32.7741661 -0.87887556 32.77613206 2 P 0
L -0.89060274 12.77314184 -0.89060274 12.80213594 3 P 0
L -0.89060274 12.80213594 -0.73063862 12.96210006 3 P 0
L -0.8984361 45.02196736 -0.89647014 45.02393332 2 P 0
L -0.9360789 23.5903897 1.44827498 23.5903897 1 P 0
L -0.93714824 16.38118898 -0.63755778 16.38118898 3 P 0
L -0.9391142 16.38315494 -0.93714824 16.38118898 3 P 0
L -0.94304104 29.1913691 -0.94107508 29.19333506 3 P 0
L -0.9456166 0.27841448 -0.64602614 0.27841448 3 P 0
L -0.9475851 0.28038298 -0.9456166 0.27841448 3 P 0
L -0.99565714 27.28414152 -0.9946005 27.28519816 3 P 0
L -1.03236522 31.246699 -0.85302598 31.06735976 1 P 0
L -1.05203498 30.95876968 -1.0508996 30.95990506 1 P 0
L -1.09934248 33.39266626 -1.09737652 33.39463222 2 P 0
L -1.18043198 31.9741677 -0.88084152 31.9741677 2 P 0
L -1.18043198 32.7741661 -0.88084152 32.7741661 2 P 0
L -1.18240048 31.9721992 -1.18043198 31.9741677 2 P 0
L -1.18240048 32.7721976 -1.18043198 32.7741661 2 P 0
L -1.18400576 53.50492982 -1.1820398 53.50689578 3 P 0
L -1.18400576 56.33509688 -1.1820398 56.33706284 3 P 0
L -1.18436898 31.5741685 -1.18240048 31.5722 2 P 0
L -1.18436898 32.3741669 -1.18240048 32.3721984 2 P 0
L -1.1962765 24.32823938 6.90980838 24.32823938 1 P 0
L -1.19802656 45.02196736 -0.8984361 45.02196736 2 P 0
L -1.19999506 45.01999886 -1.19802656 45.02196736 2 P 0
L -1.20188482 24.3338477 -1.1962765 24.32823938 1 P 0
L -1.22940318 1.8034 1.10641384 -0.53241702 1 P 0
L -1.2426315 29.1913691 -0.94304104 29.1913691 3 P 0
L -1.2446 29.1894006 -1.2426315 29.1913691 3 P 0
L -1.24628656 14.4812004 3.71348762 14.4812004 1 P 0
L -1.24745496 24.11728984 -0.87295482 23.7427897 1 P 0
L -1.27568452 25.36758706 -0.77469746 24.8666 1 P 0
L -1.31057904 23.96488984 -0.9360789 23.5903897 1 P 0
L -1.32982716 28.96929944 5.5374413 28.96929944 1 P 0
L -1.34932928 25.18978706 -0.84834222 24.6888 0 P 0
L -1.39342622 30.95876968 -1.05203498 30.95876968 1 P 0
L -1.3945616 30.9576343 -1.39342622 30.95876968 1 P 0
L -1.39462002 27.28414152 -0.99565714 27.28414152 3 P 0
L -1.3956792 27.28308234 -1.39462002 27.28414152 3 P 0
L -1.39893294 33.39266626 -1.09934248 33.39266626 2 P 0
L -1.40090144 33.39069776 -1.39893294 33.39266626 2 P 0
L -1.48359622 53.50492982 -1.18400576 53.50492982 3 P 0
L -1.48359622 56.33509688 -1.18400576 56.33509688 3 P 0
L -1.48395944 31.5741685 -1.18436898 31.5741685 2 P 0
L -1.48395944 32.3741669 -1.18436898 32.3741669 2 P 0
L -1.48556472 53.50296132 -1.48359622 53.50492982 3 P 0
L -1.48556472 56.33312838 -1.48359622 56.33509688 3 P 0
L -1.4859254 31.57613446 -1.48395944 31.5741685 2 P 0
L -1.4859254 32.37613286 -1.48395944 32.3741669 2 P 0
L -1.50700486 29.14647714 -1.32982716 28.96929944 1 P 0
L -1.64988494 33.0454 7.19414614 33.0454 1 P 0
L -1.69276268 30.37692426 8.89291592 30.37692426 1 P 0
L -1.78016154 28.86028772 -1.77791872 28.8580449 3 P 0
L -1.7958308 30.47999238 -1.69276268 30.37692426 1 P 0
L -1.80090064 30.47999238 -1.7958308 30.47999238 1 P 0
L -1.80664104 29.7160315 -1.80467508 29.71406554 3 P 0
L -1.82944516 24.4862477 2.55155192 24.4862477 1 P 0
L -1.91418718 32.78109776 -1.64988494 33.0454 1 P 0
L -2.09148426 28.86028772 -1.78016154 28.86028772 3 P 0
L -2.09372708 28.86253054 -2.09148426 28.86028772 3 P 0
L -2.1062315 29.7160315 -1.80664104 29.7160315 3 P 0
L -2.1082 29.718 -2.1062315 29.7160315 3 P 0
L -2.24106232 13.6568688 0.24746204 13.6568688 1 P 0
L -2.2747732 27.73887264 -2.27280724 27.73690668 3 P 0
L -2.34793028 13.55000084 -2.24106232 13.6568688 1 P 0
L -2.3549991 23.749 -1.40000482 23.749 3 P 0
L -2.35518452 25.01198706 -1.82944516 24.4862477 1 P 0
L -2.39182402 0.50701448 -2.38985806 0.50504852 3 P 0
L -2.40000028 13.55000084 -2.34793028 13.55000084 1 P 0
L -2.42523264 12.55023144 -2.4250015 12.5500003 3 P 0
L -2.42697 13.0480308 -2.4250015 13.0499993 3 P 0
L -2.44442488 23.96488984 -1.31057904 23.96488984 1 P 0
L -2.50754896 24.11728984 -1.24745496 24.11728984 1 P 0
L -2.5165685 29.7135677 -2.5146 29.7115992 3 P 0
L -2.5492456 13.90854978 3.76985276 13.90854978 1 P 0
L -2.5574244 41.11038514 -2.55545844 41.1123511 3 P 0
L -2.57436366 27.73887264 -2.2747732 27.73887264 3 P 0
L -2.57633216 27.74084114 -2.57436366 27.73887264 3 P 0
L -2.63399524 14.6971004 3.93544552 14.6971004 1 P 0
L -2.69141448 0.50701448 -2.39182402 0.50701448 3 P 0
L -2.69338298 0.50898298 -2.69141448 0.50701448 3 P 0
L -2.69711932 14.8495004 4.20539672 14.8495004 1 P 0
L -2.72656046 13.0480308 -2.42697 13.0480308 3 P 0
L -2.72852642 13.04606484 -2.72656046 13.0480308 3 P 0
L -2.74844256 11.92696878 -2.7464766 11.92893474 3 P 0
L -2.7602434 15.0019004 4.14227264 15.0019004 1 P 0
L -2.79304496 25.01198706 -2.35518452 25.01198706 1 P 0
L -2.81615896 29.7135677 -2.5165685 29.7135677 3 P 0
L -2.81812492 29.71553366 -2.81615896 29.7135677 3 P 0
L -2.81892502 23.5903897 -2.44442488 23.96488984 1 P 0
L -2.82345638 12.55023144 -2.42523264 12.55023144 3 P 0
L -2.82368752 12.55046258 -2.82345638 12.55023144 3 P 0
L -2.8351988 30.00528924 -0.82068924 30.00528924 1 P 0
L -2.85027116 14.2653004 3.71387624 14.2653004 1 P 0
L -2.85701486 41.11038514 -2.5574244 41.11038514 3 P 0
L -2.85898336 41.10841664 -2.85701486 41.11038514 3 P 0
L -2.86383222 22.18410092 5.08409194 22.18410092 1 P 0
L -2.87093152 22.19120022 -2.86383222 22.18410092 1 P 0
L -2.87369504 13.58410034 -2.5492456 13.90854978 1 P 0
L -2.8820491 23.7427897 -2.50754896 24.11728984 1 P 0
L -2.89785044 29.48842972 6.372225 29.48842972 1 P 0
L -2.97128438 24.83374764 -2.79304496 25.01198706 1 P 0
L -2.9718 1.8034 -1.22940318 1.8034 1 P 0
L -2.99725588 29.58783516 -2.89785044 29.48842972 1 P 0
L -3.03089564 14.3002 -2.63399524 14.6971004 1 P 0
L -3.03750472 14.07806684 -2.85027116 14.2653004 1 P 0
L -3.04803302 11.92696878 -2.74844256 11.92696878 3 P 0
L -3.05000152 11.92500028 -3.04803302 11.92696878 3 P 0
L -3.08704234 24.1041682 -3.08507638 24.10613416 3 P 0
L -3.092323 29.74816504 -2.8351988 30.00528924 1 P 0
L -3.09401972 14.4526 -2.69711932 14.8495004 1 P 0
L -3.1571438 14.605 -2.7602434 15.0019004 1 P 0
L -3.17697104 12.6980315 -3.17500254 12.7 3 P 0
L -3.23732906 14.8355685 -3.23536056 14.8336 3 P 0
L -3.24844156 15.6769689 -3.2464756 15.67893486 3 P 0
L -3.36289142 29.14647714 -1.50700486 29.14647714 1 P 0
L -3.37179412 16.16332048 0.33207452 16.16332048 1 P 0
L -3.3866328 24.1041682 -3.08704234 24.1041682 3 P 0
L -3.3886013 24.1021997 -3.3866328 24.1041682 3 P 0
L -3.39610192 24.59470062 -3.3886013 24.60220124 1 P 0
L -3.47499432 19.29236426 10.50699194 19.29236426 1 P 0
L -3.4765615 12.6980315 -3.17697104 12.6980315 3 P 0
L -3.47852746 12.69606554 -3.4765615 12.6980315 3 P 0
L -3.48876112 19.27859746 -3.47499432 19.29236426 1 P 0
L -3.49239586 15.9714057 -3.48880176 15.9749998 1 P 0
L -3.49844106 13.80196884 -3.4964751 13.8039348 3 P 0
L -3.50720152 29.29078724 -3.36289142 29.14647714 1 P 0
L -3.53691952 14.8355685 -3.23732906 14.8355685 3 P 0
L -3.53888548 14.83753446 -3.53691952 14.8355685 3 P 0
L -3.54067364 16.3322 -3.37179412 16.16332048 1 P 0
L -3.54803202 15.6769689 -3.24844156 15.6769689 3 P 0
L -3.55000052 15.6750004 -3.54803202 15.6769689 3 P 0
L -3.56455726 20.8261712 -3.56272592 20.82433986 1 P 0
L -3.59306876 29.06983772 -3.58801924 29.0647882 3 P 0
L -3.6322 14.07806684 -3.03750472 14.07806684 1 P 0
L -3.74480074 27.49719926 -3.7338 27.5082 1 P 0
L -3.7684964 11.9407178 -3.76653044 11.94268376 3 P 0
L -3.79803152 13.80196884 -3.49844106 13.80196884 3 P 0
L -3.80000002 13.80000034 -3.79803152 13.80196884 3 P 0
L -3.82789938 24.59470062 -3.39610192 24.59470062 1 P 0
L -3.8354 24.5872 -3.82789938 24.59470062 1 P 0
L -3.83932684 21.75352774 -3.8354 21.75745458 1 P 0
L -3.90766808 29.06983772 -3.59306876 29.06983772 3 P 0
L -3.9127176 29.07488724 -3.90766808 29.06983772 3 P 0
L -3.92381232 53.50492982 -3.92184636 53.50689578 3 P 0
L -3.92381232 56.33509688 -3.92184636 56.33706284 3 P 0
L -3.92736832 13.58410034 -2.87369504 13.58410034 1 P 0
L -4.00214592 29.29078724 -3.50720152 29.29078724 1 P 0
L -4.05197056 15.6769689 -4.05000206 15.6750004 3 P 0
L -4.06808686 11.9407178 -3.7684964 11.9407178 3 P 0
L -4.07005536 11.9387493 -4.06808686 11.9407178 3 P 0
L -4.1091866 14.82643974 -4.1064688 14.82915754 3 P 0
L -4.12344108 12.6980315 -4.12147512 12.69606554 3 P 0
L -4.14645602 29.14647714 -4.00214592 29.29078724 1 P 0
L -4.22340278 53.50492982 -3.92381232 53.50492982 3 P 0
L -4.22340278 56.33509688 -3.92381232 56.33509688 3 P 0
L -4.22537128 53.50296132 -4.22340278 53.50492982 3 P 0
L -4.22537128 56.33312838 -4.22340278 56.33509688 3 P 0
L -4.25341034 30.9626 -4.25144438 30.96063404 3 P 0
L -4.32124104 29.966031 -4.31927508 29.96406504 3 P 0
L -4.33616608 27.84523006 -4.33420012 27.8432641 3 P 0
L -4.34860954 24.0284 -4.34664358 24.03036596 3 P 0
L -4.34860954 24.5618 -4.34664358 24.55983404 3 P 0
L -4.35156102 15.6769689 -4.05197056 15.6769689 3 P 0
L -4.35352698 15.67893486 -4.35156102 15.6769689 3 P 0
L -4.39146696 14.04819898 -3.92736832 13.58410034 1 P 0
L -4.39918856 33.96726506 -4.39381392 33.96189042 1 P 0
L -4.42303154 12.6980315 -4.12344108 12.6980315 3 P 0
L -4.42500004 12.7 -4.42303154 12.6980315 3 P 0
L -4.42822076 14.82643974 -4.1091866 14.82643974 3 P 0
L -4.43093856 14.82372194 -4.42822076 14.82643974 3 P 0
L -4.53531478 14.605 -3.1571438 14.605 1 P 0
L -4.54417176 20.8261712 -3.56455726 20.8261712 1 P 0
L -4.54600056 20.828 -4.54417176 20.8261712 1 P 0
L -4.55196956 11.92696878 -4.55000106 11.92500028 3 P 0
L -4.5530008 30.9626 -4.25341034 30.9626 3 P 0
L -4.5549693 30.9645685 -4.5530008 30.9626 3 P 0
L -4.59843886 14.4526 -3.09401972 14.4526 1 P 0
L -4.6208315 29.966031 -4.32124104 29.966031 3 P 0
L -4.6228 29.9679995 -4.6208315 29.966031 3 P 0
L -4.63575654 27.84523006 -4.33616608 27.84523006 3 P 0
L -4.63772504 27.49719926 -3.74480074 27.49719926 1 P 0
L -4.63772504 27.84719856 -4.63575654 27.84523006 3 P 0
L -4.6482 24.0284 -4.34860954 24.0284 3 P 0
L -4.6482 24.5618 -4.34860954 24.5618 3 P 0
L -4.6501685 24.0264315 -4.6482 24.0284 3 P 0
L -4.6501685 24.5637685 -4.6482 24.5618 3 P 0
L -4.66156294 14.3002 -3.03089564 14.3002 1 P 0
L -4.70012776 26.51991648 -4.6981618 26.51795052 3 P 0
L -4.85156002 11.92696878 -4.55196956 11.92696878 3 P 0
L -4.85352598 11.92893474 -4.85156002 11.92696878 3 P 0
L -4.93221518 15.0019004 -4.53531478 14.605 1 P 0
L -4.97788184 15.4591004 3.9529004 15.4591004 1 P 0
L -4.99533926 14.8495004 -4.59843886 14.4526 1 P 0
L -4.99971822 26.51991648 -4.70012776 26.51991648 3 P 0
L -5.00168672 26.52188498 -4.99971822 26.51991648 3 P 0
L -5.05846334 14.6971004 -4.66156294 14.3002 1 P 0
L -5.06905514 15.9714057 -3.49239586 15.9714057 1 P 0
L -5.14029706 15.62151562 -4.97788184 15.4591004 1 P 0
L -5.1426491 38.11983486 5.87296514 38.11983486 1 P 0
L -5.1632993 38.14048506 -5.1426491 38.11983486 1 P 0
L -5.2352956 15.80516524 -5.06905514 15.9714057 1 P 0
L -5.2699412 32.38306706 -5.26797524 32.38503302 2 P 0
L -5.34974292 14.6971004 -5.05846334 14.6971004 1 P 0
L -5.35735784 33.39523928 -5.3529992 33.39959792 1 P 0
L -5.35888946 23.7427897 -2.8820491 23.7427897 1 P 0
L -5.41324292 14.6336004 -5.34974292 14.6971004 1 P 0
L -5.42201354 23.5903897 -2.81892502 23.5903897 1 P 0
L -5.44760912 14.6336004 -5.41324292 14.6336004 1 P 0
L -5.48513762 23.4379897 6.66613094 23.4379897 1 P 0
L -5.52707048 25.18978706 -1.34932928 25.18978706 0 P 0
L -5.56953166 32.38306706 -5.2699412 32.38306706 2 P 0
L -5.57150016 32.38109856 -5.56953166 32.38306706 2 P 0
L -5.57150016 32.78109776 -1.91418718 32.78109776 1 P 0
L -5.57687226 21.75352774 -3.83932684 21.75352774 1 P 0
L -5.5807991 21.7496009 -5.57687226 21.75352774 1 P 0
L -5.6153685 31.9805685 -5.6134 31.9786 2 P 0
L -5.69185806 25.02499948 -5.52707048 25.18978706 0 P 0
L -5.69863986 33.39523928 -5.35735784 33.39523928 1 P 0
L -5.70300104 33.3908781 -5.69863986 33.39523928 1 P 0
L -5.73443608 24.3338477 -1.20188482 24.3338477 1 P 0
L -5.90080862 9.51639956 -5.89884266 9.51836552 3 P 0
L -5.91495896 31.9805685 -5.6153685 31.9805685 2 P 0
L -5.91692492 31.98253446 -5.91495896 31.9805685 2 P 0
L -5.95860124 23.6022007 -5.95663274 23.6041692 2 P 0
L -6.08194618 24.6813578 -5.73443608 24.3338477 1 P 0
L -6.12022652 22.4155 0.4101719 22.4155 1 P 0
L -6.14505756 24.5289578 -5.35888946 23.7427897 1 P 0
L -6.19203994 33.6370041 0.9069959 33.6370041 1 P 0
L -6.19700056 13.4112 -5.8928 13.4112 3 P 0
L -6.20039908 9.51639956 -5.90080862 9.51639956 3 P 0
L -6.20236758 9.51443106 -6.20039908 9.51639956 3 P 0
L -6.20818164 24.3765578 -5.42201354 23.5903897 1 P 0
L -6.21929922 22.3164273 -6.12022652 22.4155 1 P 0
L -6.2581917 23.6022007 -5.95860124 23.6022007 2 P 0
L -6.26015766 23.60023474 -6.2581917 23.6022007 2 P 0
L -6.27130572 24.2241578 -5.48513762 23.4379897 1 P 0
L -6.27304054 16.0230312 -6.27107458 16.02106524 3 P 0
L -6.32007372 23.2855897 6.72925502 23.2855897 1 P 0
L -6.35 11.176 -6.0198 11.176 3 P 0
L -6.37362454 29.74816504 -3.092323 29.74816504 1 P 0
L -6.4051688 33.42387524 -6.19203994 33.6370041 1 P 0
L -6.41404864 18.6741689 -6.41208268 18.67613486 3 P 0
L -6.41404864 19.0702311 -6.41208268 19.06826514 3 P 0
L -6.47400788 25.63219918 -6.47204192 25.63416514 2 P 0
L -6.4775588 23.44307478 -6.32007372 23.2855897 1 P 0
L -6.4775588 23.44307478 -6.4775588 23.61236578 1 P 0
L -6.51021558 18.7757689 -6.41058154 18.67613486 3 P 0
L -6.5141475 19.1718311 -6.41058154 19.06826514 3 P 0
L -6.51725646 24.2241578 -6.27130572 24.2241578 1 P 0
L -6.572631 16.0230312 -6.27304054 16.0230312 3 P 0
L -6.5745995 16.0249997 -6.572631 16.0230312 3 P 0
L -6.58038054 24.3765578 -6.20818164 24.3765578 1 P 0
L -6.60492456 29.97946506 -6.37362454 29.74816504 1 P 0
L -6.6119756 29.58783516 -2.99725588 29.58783516 1 P 0
L -6.64350462 24.5289578 -6.14505756 24.5289578 1 P 0
L -6.66361888 53.50492982 -6.66165292 53.50689578 3 P 0
L -6.66361888 56.33509688 -6.66165292 56.33706284 3 P 0
L -6.66519368 23.80000066 -6.4775588 23.61236578 1 P 0
L -6.68880044 27.00880298 0.06731508 27.00880298 1 P 0
L -6.69967926 29.5001315 -6.6119756 29.58783516 1 P 0
L -6.7066287 24.6813578 -6.08194618 24.6813578 1 P 0
L -6.74307262 28.8635694 -6.74110666 28.86553536 2 P 0
L -6.77359834 25.63219918 -6.47400788 25.63219918 2 P 0
L -6.77556684 25.63023068 -6.77359834 25.63219918 2 P 0
L -6.78788584 24.60010066 -6.7066287 24.6813578 1 P 0
L -6.78826176 24.38420066 -6.64350462 24.5289578 1 P 0
L -6.78863768 24.16830066 -6.58038054 24.3765578 1 P 0
L -6.7890136 23.95240066 -6.51725646 24.2241578 1 P 0
L -6.81825154 25.36758706 -1.27568452 25.36758706 1 P 0
L -6.8306315 18.7757689 -6.51021558 18.7757689 3 P 0
L -6.8306315 19.1718311 -6.5141475 19.1718311 3 P 0
L -6.8326 18.7738004 -6.8306315 18.7757689 3 P 0
L -6.8326 19.1737996 -6.8306315 19.1718311 3 P 0
L -6.8420996 14.8495004 -4.99533926 14.8495004 1 P 0
L -6.90522368 15.0019004 -4.93221518 15.0019004 1 P 0
L -6.96320934 53.50492982 -6.66361888 53.50492982 3 P 0
L -6.96320934 56.33509688 -6.66361888 56.33509688 3 P 0
L -6.96517784 53.50296132 -6.96320934 53.50492982 3 P 0
L -6.96517784 56.33312838 -6.96320934 56.33509688 3 P 0
L -6.96834776 15.1543004 4.07914856 15.1543004 1 P 0
L -7.04266308 28.8635694 -6.74307262 28.8635694 2 P 0
L -7.04463158 28.8616009 -7.04266308 28.8635694 2 P 0
L -7.05120002 15.3067004 4.01602448 15.3067004 1 P 0
L -7.07467216 30.40584978 -7.07270366 30.40388128 3 P 0
L -7.10975464 29.14647714 -4.14645602 29.14647714 1 P 0
L -7.11253848 11.03493856 -7.112 11.03440008 3 P 0
L -7.11837794 25.66771346 -6.81825154 25.36758706 1 P 0
L -7.17676492 33.96726506 -4.39918856 33.96726506 1 P 0
L -7.20936582 29.97946506 -6.60492456 29.97946506 1 P 0
L -7.22256874 19.34682948 -7.22060024 19.34879798 3 P 0
L -7.23763094 27.93628906 -6.93804048 27.93628906 3 P 0
L -7.23959944 27.93432056 -7.23763094 27.93628906 3 P 0
L -7.32148904 14.37011096 -6.8420996 14.8495004 1 P 0
L -7.37426262 30.40584978 -7.07467216 30.40584978 3 P 0
L -7.37622858 30.40781574 -7.37426262 30.40584978 3 P 0
L -7.38461312 14.52251096 -6.90522368 15.0019004 1 P 0
L -7.39463088 28.8616009 -7.10975464 29.14647714 1 P 0
L -7.39463088 29.7615991 -7.39463088 29.7942 1 P 0
L -7.39463088 29.7942 -7.20936582 29.97946506 1 P 0
L -7.39463088 33.7493991 -7.17676492 33.96726506 1 P 0
L -7.3957561 27.71575864 -6.68880044 27.00880298 1 P 0
L -7.40543858 34.53395938 7.80486628 34.53395938 1 P 0
L -7.41974894 23.44941462 -7.4168 23.45236356 3 P 0
L -7.42270042 14.9352 -7.05120002 15.3067004 1 P 0
L -7.42394502 11.03493856 -7.11253848 11.03493856 3 P 0
L -7.42448096 11.0354745 -7.42394502 11.03493856 3 P 0
L -7.44504226 32.1812285 -7.4430763 32.18319446 3 P 0
L -7.4477372 14.67491096 -6.96834776 15.1543004 1 P 0
L -7.5221592 19.34682948 -7.22256874 19.34682948 3 P 0
L -7.52412516 19.34486352 -7.5221592 19.34682948 3 P 0
L -7.69780274 16.66400274 2.24949258 16.66400274 1 P 0
L -7.7202792 34.8488 -7.40543858 34.53395938 1 P 0
L -7.7216 16.6878 -7.69780274 16.66400274 1 P 0
L -7.74463272 32.1812285 -7.44504226 32.1812285 3 P 0
L -7.74660122 32.17926 -7.74463272 32.1812285 3 P 0
L -7.80106644 23.44941462 -7.41974894 23.44941462 3 P 0
L -7.80401792 23.44646314 -7.80106644 23.44941462 3 P 0
L -7.8166722 19.00961146 -7.81269202 19.00563128 1 P 0
L -8.001 16.3322 -3.54067364 16.3322 1 P 0
L -8.06120816 21.97335458 5.11250184 21.97335458 1 P 0
L -8.1810733 26.2033258 -8.1788 26.2055991 1 P 0
L -8.382 19.7612 -8.3800315 19.7631685 2 P 0
L -8.50644222 26.2033258 -8.1810733 26.2033258 1 P 0
L -8.50871552 26.2010525 -8.50644222 26.2033258 1 P 0
L -8.52179906 24.16830066 -6.78863768 24.16830066 1 P 0
L -8.535543 18.43903856 -8.5335745 18.43707006 3 P 0
L -8.5370416 17.7565685 -8.53507564 17.75853446 3 P 0
L -8.55048074 18.7870719 -8.54851478 18.78510594 3 P 0
L -8.68159046 19.7612 -8.382 19.7612 2 P 0
L -8.68355642 19.75923404 -8.68159046 19.7612 2 P 0
L -8.6987253 27.71575864 -7.3957561 27.71575864 1 P 0
L -8.71327188 30.4606325 -8.41368142 30.4606325 2 P 0
L -8.71524038 30.462601 -8.71327188 30.4606325 2 P 0
L -8.71720888 31.4645675 -8.71524038 31.462599 2 P 0
L -8.78780818 25.66771346 -7.11837794 25.66771346 1 P 0
L -8.83513346 18.43903856 -8.535543 18.43903856 3 P 0
L -8.83663206 17.7565685 -8.5370416 17.7565685 3 P 0
L -8.83709942 18.44100452 -8.83513346 18.43903856 3 P 0
L -8.83860056 17.7546 -8.83663206 17.7565685 3 P 0
L -8.8500712 18.7870719 -8.55048074 18.7870719 3 P 0
L -8.8520397 18.7890404 -8.8500712 18.7870719 3 P 0
L -8.92203956 19.98904054 -8.92007106 19.98707204 3 P 0
L -8.98146794 19.00961146 -7.8166722 19.00961146 1 P 0
L -9.01679934 31.4645675 -8.71720888 31.4645675 2 P 0
L -9.0187653 31.46653346 -9.01679934 31.4645675 2 P 0
L -9.08092164 25.3746 -8.78780818 25.66771346 1 P 0
L -9.13101044 27.60356938 -9.12904448 27.60553534 3 P 0
L -9.18244798 20.78904148 -9.18048202 20.79100744 3 P 0
L -9.18397452 27.23050942 -8.6987253 27.71575864 1 P 0
L -9.202039 18.7890404 -8.98146794 19.00961146 1 P 0
L -9.22163002 19.98904054 -8.92203956 19.98904054 3 P 0
L -9.22359598 19.9910065 -9.22163002 19.98904054 3 P 0
L -9.31304208 53.50492982 -9.31107612 53.50689578 3 P 0
L -9.31304208 56.33509688 -9.31107612 56.33706284 3 P 0
L -9.32700954 26.3163685 -9.32504358 26.31440254 3 P 0
L -9.37816768 24.60010066 -6.78788584 24.60010066 1 P 0
L -9.40056794 17.0961685 -9.39859944 17.0942 3 P 0
L -9.4306009 27.60356938 -9.13101044 27.60356938 3 P 0
L -9.4325694 27.60160088 -9.4306009 27.60356938 3 P 0
L -9.48203844 20.78904148 -9.18244798 20.78904148 3 P 0
L -9.48400694 20.78707298 -9.48203844 20.78904148 3 P 0
L -9.5033338 23.95240066 -6.7890136 23.95240066 1 P 0
L -9.55400934 18.7870719 -9.55204084 18.7890404 3 P 0
L -9.5668338 24.01590066 -9.5033338 23.95240066 1 P 0
L -9.59827138 29.07956846 -9.29868092 29.07956846 6 P 0
L -9.60023988 29.07759996 -9.59827138 29.07956846 6 P 0
L -9.6012 24.01590066 -9.5668338 24.01590066 1 P 0
L -9.60220838 29.96456796 -9.60023988 29.96259946 3 P 0
L -9.60220838 31.96456904 -9.60023988 31.96260054 3 P 0
L -9.60220838 32.84956854 -9.60023988 32.84760004 6 P 0
L -9.61263254 53.50492982 -9.31304208 53.50492982 3 P 0
L -9.61263254 56.33509688 -9.31304208 56.33509688 3 P 0
L -9.61460104 53.50296132 -9.61263254 53.50492982 3 P 0
L -9.61460104 56.33312838 -9.61263254 56.33509688 3 P 0
L -9.6266 26.3163685 -9.32700954 26.3163685 3 P 0
L -9.6285685 26.318337 -9.6266 26.3163685 3 P 0
L -9.7001584 17.0961685 -9.40056794 17.0961685 3 P 0
L -9.70212436 17.09813446 -9.7001584 17.0961685 3 P 0
L -9.7895791 27.81219736 -9.78877392 27.81139218 1 P 0
L -9.81681044 27.4630007 -9.81484448 27.46496666 3 P 0
L -9.82995748 34.20987062 -9.82825568 34.21157242 1 P 0
L -9.8535998 18.7870719 -9.55400934 18.7870719 3 P 0
L -9.85556576 18.78510594 -9.8535998 18.7870719 3 P 0
L -9.88916742 21.73556994 -9.56314064 21.73556994 1 P 0
L -9.89053648 21.73420088 -9.88916742 21.73556994 1 P 0
L -9.90179884 29.96456796 -9.60220838 29.96456796 3 P 0
L -9.90179884 31.96456904 -9.60220838 31.96456904 3 P 0
L -9.90179884 32.84956854 -9.60220838 32.84956854 6 P 0
L -9.9037648 29.96653392 -9.90179884 29.96456796 3 P 0
L -9.9037648 31.966535 -9.90179884 31.96456904 3 P 0
L -9.9037648 32.8515345 -9.90179884 32.84956854 6 P 0
L -10.05736622 23.13231594 6.82932086 23.13231594 1 P 0
L -10.06553486 23.1241473 -10.05736622 23.13231594 1 P 0
L -10.11559826 27.81219736 -9.7895791 27.81219736 1 P 0
L -10.1164009 27.4630007 -9.81681044 27.4630007 3 P 0
L -10.1164009 27.813 -10.11559826 27.81219736 1 P 0
L -10.1183694 27.4610322 -10.1164009 27.4630007 3 P 0
L -10.13354336 21.73420088 -9.89053648 21.73420088 1 P 0
L -10.16680466 18.67215468 -10.16483616 18.67018618 3 P 0
L -10.1854 26.3144 -10.1834315 26.3163685 3 P 0
L -10.2162991 34.20987062 -9.82995748 34.20987062 1 P 0
L -10.2180009 34.20816882 -10.2162991 34.20987062 1 P 0
L -10.23109968 15.80516524 -5.2352956 15.80516524 1 P 0
L -10.29868146 30.9645685 -10.2967155 30.96653446 3 P 0
L -10.3029258 15.87699136 -10.23109968 15.80516524 1 P 0
L -10.414 17.34260184 -10.4120315 17.34457034 2 P 0
L -10.414 20.7518 -10.4120315 20.7498315 2 P 0
L -10.46639512 18.67215468 -10.16680466 18.67215468 3 P 0
L -10.46836108 18.67412064 -10.46639512 18.67215468 3 P 0
L -10.48499046 26.3144 -10.1854 26.3144 3 P 0
L -10.48695642 26.31243404 -10.48499046 26.3144 3 P 0
L -10.59827192 30.9645685 -10.29868146 30.9645685 3 P 0
L -10.60024042 30.9626 -10.59827192 30.9645685 3 P 0
L -10.69241448 22.3164273 -6.21929922 22.3164273 1 P 0
L -10.71359046 17.34260184 -10.414 17.34260184 2 P 0
L -10.71359046 20.7518 -10.414 20.7518 2 P 0
L -10.71555642 17.34063588 -10.71359046 17.34260184 2 P 0
L -10.71555642 20.75376596 -10.71359046 20.7518 2 P 0
L -10.71680864 28.16300184 -10.71484268 28.1649678 3 P 0
L -10.74167524 33.42387524 -6.4051688 33.42387524 1 P 0
L -10.77916056 34.56005534 -10.77727334 34.56194256 3 P 0
L -10.8261023 22.45011512 -10.69241448 22.3164273 1 P 0
L -10.89958196 14.9352 -7.42270042 14.9352 1 P 0
L -10.92014072 22.22961264 -10.91552808 22.23422528 1 P 0
L -10.97800954 26.32499942 -10.97604358 26.32303346 3 P 0
L -11.0163991 28.16300184 -10.71680864 28.16300184 3 P 0
L -11.0183676 27.79649508 -11.0183676 27.813 1 P 0
L -11.0183676 28.16103334 -11.0163991 28.16300184 3 P 0
L -11.11611188 34.56005534 -10.77916056 34.56005534 3 P 0
L -11.1179991 34.55816812 -11.11611188 34.56005534 3 P 0
L -11.11920814 34.20695978 -11.1179991 34.20816882 1 P 0
L -11.13269554 34.8488 -7.7202792 34.8488 1 P 0
L -11.25993684 23.80000066 -6.66519368 23.80000066 1 P 0
L -11.27315754 27.52520022 -11.27315754 27.54170514 1 P 0
L -11.27315754 27.54170514 -11.0183676 27.79649508 1 P 0
L -11.2776 26.32499942 -10.97800954 26.32499942 3 P 0
L -11.2795685 26.32696792 -11.2776 26.32499942 3 P 0
L -11.298682 29.07956846 -11.29671604 29.08153442 6 P 0
L -11.298682 29.96456796 -11.29671604 29.96653392 3 P 0
L -11.298682 31.96456904 -11.29671604 31.966535 3 P 0
L -11.30329464 34.6782009 -11.13269554 34.8488 1 P 0
L -11.36999758 15.40561562 -10.89958196 14.9352 1 P 0
L -11.37000012 15.40561562 -11.36999758 15.40561562 1 P 0
L -11.39161044 28.16357334 -11.38964448 28.1655393 3 P 0
L -11.39998736 22.22961264 -10.92014072 22.22961264 1 P 0
L -11.40150628 17.9130325 -11.39953778 17.915001 3 P 0
L -11.4046 22.225 -11.39998736 22.22961264 1 P 0
L -11.43436626 18.60385916 -11.40000006 18.60385916 1 P 0
L -11.48428488 22.45011512 -10.8261023 22.45011512 1 P 0
L -11.48855208 34.20695978 -11.11920814 34.20695978 1 P 0
L -11.48976112 34.20575074 -11.48855208 34.20695978 1 P 0
L -11.4935 22.4409 -11.48428488 22.45011512 1 P 0
L -11.49402832 22.4409 -11.4935 22.4409 1 P 0
L -11.49786626 18.54035916 -11.43436626 18.60385916 1 P 0
L -11.50473696 24.38420066 -6.78826176 24.38420066 1 P 0
L -11.5172744 24.37166322 -11.50473696 24.38420066 1 P 0
L -11.59827246 29.07956846 -11.298682 29.07956846 6 P 0
L -11.59827246 29.96456796 -11.298682 29.96456796 3 P 0
L -11.59827246 31.96456904 -11.298682 31.96456904 3 P 0
L -11.60024096 29.07759996 -11.59827246 29.07956846 6 P 0
L -11.60024096 29.96259946 -11.59827246 29.96456796 3 P 0
L -11.60024096 31.96260054 -11.59827246 31.96456904 3 P 0
L -11.62299682 22.3119315 -11.49402832 22.4409 1 P 0
L -11.6650008 15.28407916 -11.6650008 15.2908 3 P 0
L -11.6912009 28.16357334 -11.39161044 28.16357334 3 P 0
L -11.6931694 28.16160484 -11.6912009 28.16357334 3 P 0
L -11.70109674 17.9130325 -11.40150628 17.9130325 3 P 0
L -11.7030627 17.91106654 -11.70109674 17.9130325 3 P 0
L -11.811 26.32696792 -11.8090315 26.32893642 3 P 0
L -11.8190772 34.95772536 -11.81387528 34.96292728 2 P 0
L -11.89079918 17.5006 -11.89079918 17.79569466 1 P 0
L -11.89869096 28.49448708 -11.896725 28.49645304 6 P 0
L -11.9187595 35.2795586 5.95250016 35.2795586 1 P 0
L -11.93532284 14.37011096 -7.32148904 14.37011096 1 P 0
L -12.0052338 14.3002 -11.93532284 14.37011096 1 P 0
L -12.02723528 17.93213076 -11.89079918 17.79569466 1 P 0
L -12.0396 14.3002 -12.0052338 14.3002 1 P 0
L -12.05827916 14.8908008 -11.6650008 15.28407916 3 P 0
L -12.06829438 15.28750562 -12.05827916 15.29752084 3 P 0
L -12.11059046 26.32696792 -11.811 26.32696792 3 P 0
L -12.11255642 26.32500196 -12.11059046 26.32696792 3 P 0
L -12.1752995 17.14475108 -12.1752995 17.65588798 1 P 0
L -12.17547984 17.14457074 -12.1752995 17.14475108 1 P 0
L -12.1836815 30.4645695 -12.18171554 30.46653546 3 P 0
L -12.1836815 31.4645675 -12.18171554 31.46653346 6 P 0
L -12.19828142 28.49448708 -11.89869096 28.49448708 6 P 0
L -12.20024992 28.49251858 -12.19828142 28.49448708 6 P 0
L -12.2174 34.6782009 -11.30329464 34.6782009 1 P 0
L -12.2174 35.5781991 -11.9187595 35.2795586 1 P 0
L -12.29914228 17.77973076 -12.1752995 17.65588798 1 P 0
L -12.31553798 21.7342085 -12.31356948 21.73224 3 P 0
L -12.31750648 23.23224208 -12.31553798 23.23421058 6 P 0
L -12.364212 15.28750562 -12.06829438 15.28750562 3 P 0
L -12.37422976 15.27748786 -12.364212 15.28750562 3 P 0
L -12.38877634 34.95772536 -11.8190772 34.95772536 2 P 0
L -12.3939808 34.9525209 -12.38877634 34.95772536 2 P 0
L -12.3948571 25.3746 -9.08092164 25.3746 1 P 0
L -12.4000006 25.3694565 -12.3948571 25.3746 1 P 0
L -12.45041198 18.14999926 -12.44844602 18.15196522 3 P 0
L -12.45041198 19.4564 -12.44844602 19.45836596 3 P 0
L -12.46500174 14.8908008 -12.05827916 14.8908008 3 P 0
L -12.48327196 30.4645695 -12.1836815 30.4645695 3 P 0
L -12.48327196 31.4645675 -12.1836815 31.4645675 6 P 0
L -12.48524046 30.462601 -12.48327196 30.4645695 3 P 0
L -12.48524046 31.462599 -12.48327196 31.4645675 6 P 0
L -12.48720896 30.9645685 -12.48524046 30.9626 3 P 0
L -12.54866426 15.62151562 -5.14029706 15.62151562 1 P 0
L -12.6118874 14.52251096 -7.38461312 14.52251096 1 P 0
L -12.61512844 21.7342085 -12.31553798 21.7342085 3 P 0
L -12.6170944 21.73617446 -12.61512844 21.7342085 3 P 0
L -12.61709694 23.23224208 -12.31750648 23.23224208 6 P 0
L -12.6190629 23.23027612 -12.61709694 23.23224208 6 P 0
L -12.6753874 14.45901096 -12.6118874 14.52251096 1 P 0
L -12.6765685 31.96456904 -12.6746 31.96260054 6 P 0
L -12.7097536 14.45901096 -12.6753874 14.45901096 1 P 0
L -12.75000244 18.14999926 -12.45041198 18.14999926 3 P 0
L -12.75000244 19.4564 -12.45041198 19.4564 3 P 0
L -12.75197094 18.14803076 -12.75000244 18.14999926 3 P 0
L -12.75197094 19.4544315 -12.75000244 19.4564 3 P 0
L -12.78679942 30.9645685 -12.48720896 30.9645685 3 P 0
L -12.78876538 30.96653446 -12.78679942 30.9645685 3 P 0
L -12.89928078 15.2708991 -12.54866426 15.62151562 1 P 0
L -12.94952706 33.42387524 -10.74167524 33.42387524 1 P 0
L -12.97615896 31.96456904 -12.6765685 31.96456904 6 P 0
L -12.98824174 15.4887676 -12.98627578 15.49073356 3 P 0
L -13.02616902 17.93213076 -12.02723528 17.93213076 1 P 0
L -13.02672274 14.67491096 -7.4477372 14.67491096 1 P 0
L -13.08185344 33.55620162 -12.94952706 33.42387524 1 P 0
L -13.0892931 17.77973076 -12.29914228 17.77973076 1 P 0
L -13.08956234 17.78 -13.0892931 17.77973076 1 P 0
L -13.24600602 18.15196776 -13.02616902 17.93213076 1 P 0
L -13.24600856 18.15196776 -13.24600602 18.15196776 1 P 0
L -13.256641 36.05396904 -13.25467504 36.055935 2 P 0
L -13.2586095 35.052 -13.25664354 35.05396596 3 P 0
L -13.2878322 15.4887676 -12.98824174 15.4887676 3 P 0
L -13.2898007 15.4867991 -13.2878322 15.4887676 3 P 0
L -13.3573266 20.66739326 -13.17572676 20.8489931 3 P 0
L -13.37803522 17.78 -13.08956234 17.78 1 P 0
L -13.4263638 15.07455202 -13.02672274 14.67491096 1 P 0
L -13.55623146 36.05396904 -13.256641 36.05396904 2 P 0
L -13.55819996 35.052 -13.2586095 35.052 3 P 0
L -13.55819996 35.551999 -13.55623146 35.5500305 3 P 0
L -13.55819996 36.05200054 -13.55623146 36.05396904 2 P 0
L -13.56016846 35.0500315 -13.55819996 35.052 3 P 0
L -13.56684104 37.5177685 -13.56487508 37.51973446 6 P 0
L -13.6095232 15.87699136 -10.3029258 15.87699136 1 P 0
L -13.62732352 15.85919104 -13.6095232 15.87699136 1 P 0
L -13.67843848 26.50196884 -13.67647252 26.5039348 6 P 0
L -13.73574596 20.66739326 -13.3573266 20.66739326 3 P 0
L -13.75000298 18.15196776 -13.37803522 17.78 1 P 0
L -13.75870248 19.9476995 -13.75000298 19.956399 1 P 0
L -13.8193399 18.38795916 -9.55204084 18.38795916 1 P 0
L -13.85779042 35.551999 -13.55819996 35.551999 3 P 0
L -13.85975638 35.55396496 -13.85779042 35.551999 3 P 0
L -13.8664315 37.5177685 -13.56684104 37.5177685 6 P 0
L -13.8684 37.5158 -13.8664315 37.5177685 6 P 0
L -13.88246398 18.54035916 -11.49786626 18.54035916 1 P 0
L -13.97802894 26.50196884 -13.67843848 26.50196884 6 P 0
L -14.00289808 15.2708991 -12.89928078 15.2708991 1 P 0
L -14.01352036 18.08116526 -14.01352036 18.1937787 1 P 0
L -14.01352036 18.1937787 -13.8193399 18.38795916 1 P 0
L -14.03486398 18.38795916 -13.88246398 18.54035916 1 P 0
L -14.05835136 15.07455202 -13.4263638 15.07455202 1 P 0
L -14.07682224 15.05608114 -14.05835136 15.07455202 1 P 0
L -14.1416405 33.16896846 -14.13967454 33.17093442 6 P 0
L -14.1876145 17.90707112 -14.01352036 18.08116526 1 P 0
L -14.25000198 18.14999926 -14.24803348 18.15196776 3 P 0
L -14.33644834 20.6756 -14.33447984 20.6736315 3 P 0
L -14.44123096 33.16896846 -14.1416405 33.16896846 6 P 0
L -14.44319946 33.16699996 -14.44123096 33.16896846 6 P 0
L -14.44516796 34.05396796 -14.44319946 34.05199946 3 P 0
L -14.44516796 36.05396904 -14.44319946 36.05200054 3 P 0
L -14.54959244 18.14999926 -14.25000198 18.14999926 3 P 0
L -14.5515584 18.1480333 -14.54959244 18.14999926 3 P 0
L -14.5863564 19.70726564 -14.585188 19.70609724 2 P 0
L -14.59046866 25.02499948 -5.69185806 25.02499948 0 P 0
L -14.6360388 20.6756 -14.33644834 20.6756 3 P 0
L -14.63800476 20.67756596 -14.6360388 20.6756 3 P 0
L -14.65779898 15.9258 -14.00289808 15.2708991 1 P 0
L -14.66912992 25.10366074 -14.59046866 25.02499948 0 P 0
L -14.69843898 18.62690712 -14.69647302 18.62887308 2 P 0
L -14.74475842 34.05396796 -14.44516796 34.05396796 3 P 0
L -14.74475842 36.05396904 -14.44516796 36.05396904 3 P 0
L -14.74672438 34.05593392 -14.74475842 34.05396796 3 P 0
L -14.74672438 36.055935 -14.74475842 36.05396904 3 P 0
L -14.859 17.3679993 -14.8570315 17.3660308 3 P 0
L -14.89999814 24.83374764 -2.97128438 24.83374764 1 P 0
L -14.92028766 31.85488676 -14.9170009 31.8516 1 P 0
L -14.97646992 20.65492186 -14.97450142 20.65295336 3 P 0
L -14.99269036 19.70726564 -14.5863564 19.70726564 2 P 0
L -14.99641654 19.71099182 -14.99269036 19.70726564 2 P 0
L -14.99802944 18.62690712 -14.69843898 18.62690712 2 P 0
L -14.99999794 18.62493862 -14.99802944 18.62690712 2 P 0
L -15.05399834 33.55620162 -13.08185344 33.55620162 1 P 0
L -15.15041166 25.5019683 -15.1484457 25.50000234 3 P 0
L -15.15859046 17.3679993 -14.859 17.3679993 3 P 0
L -15.16055642 17.36996526 -15.15859046 17.3679993 3 P 0
L -15.20040902 18.12493962 -15.19844306 18.12690558 3 P 0
L -15.20040902 19.43134036 -15.19844306 19.43330632 3 P 0
L -15.21431044 31.246699 -1.03236522 31.246699 1 P 0
L -15.2221057 31.85488676 -14.92028766 31.85488676 1 P 0
L -15.22538992 31.85817098 -15.2221057 31.85488676 1 P 0
L -15.27606038 20.65492186 -14.97646992 20.65492186 3 P 0
L -15.27802634 20.65688782 -15.27606038 20.65492186 3 P 0
L -15.29109972 13.41090028 -15.2908 13.4112 3 P 0
L -15.3672413 12.4203587 -15.367 12.4206 3 P 0
L -15.36737084 10.66837084 -15.367 10.668 3 P 0
L -15.37266166 12.06869316 -15.3689685 12.065 3 P 0
L -15.37414248 10.34494248 -15.367 10.3378 3 P 0
L -15.4432 33.16699996 -15.05399834 33.55620162 1 P 0
L -15.45000212 25.5019683 -15.15041166 25.5019683 3 P 0
L -15.45197062 25.5039368 -15.45000212 25.5019683 3 P 0
L -15.49999948 18.12493962 -15.20040902 18.12493962 3 P 0
L -15.49999948 19.43134036 -15.20040902 19.43134036 3 P 0
L -15.50196798 18.12297112 -15.49999948 18.12493962 3 P 0
L -15.50196798 19.42937186 -15.49999948 19.43134036 3 P 0
L -15.5375991 39.6494 5.34737564 39.6494 1 P 0
L -15.62659816 20.6516097 -15.62462966 20.6496412 3 P 0
L -15.64610028 13.41090028 -15.29109972 13.41090028 3 P 0
L -15.6464 13.41060056 -15.64610028 13.41090028 3 P 0
L -15.67321986 10.66837084 -15.36737084 10.66837084 3 P 0
L -15.67358816 10.66873914 -15.67321986 10.66837084 3 P 0
L -15.6736161 12.06869316 -15.37266166 12.06869316 3 P 0
L -15.67509438 12.4203587 -15.3672413 12.4203587 3 P 0
L -15.67524678 10.34494248 -15.37414248 10.34494248 3 P 0
L -15.67533822 12.42011486 -15.67509438 12.4203587 3 P 0
L -15.67730672 12.07238378 -15.6736161 12.06869316 3 P 0
L -15.68238672 10.35208242 -15.67524678 10.34494248 3 P 0
L -15.73168304 14.04819898 -4.39146696 14.04819898 1 P 0
L -15.77882544 36.8706781 -15.4432 36.8706781 1 P 0
L -15.81921144 31.8516 -15.21431044 31.246699 1 P 0
L -15.82275982 31.50293674 -15.81921144 31.49938836 1 P 0
L -15.87863474 18.38795916 -14.03486398 18.38795916 1 P 0
L -15.92618862 20.6516097 -15.62659816 20.6516097 3 P 0
L -15.92815458 20.65357566 -15.92618862 20.6516097 3 P 0
L -15.9933005 19.9476995 -13.75870248 19.9476995 1 P 0
L -16.002 19.939 -15.9933005 19.9476995 1 P 0
L -16.01827632 14.33479226 -15.73168304 14.04819898 1 P 0
L -16.0274 25.4999998 -16.0254315 25.5019683 3 P 0
L -16.06707734 17.90707112 -14.1876145 17.90707112 1 P 0
L -16.1033079 16.69709386 -16.10134194 16.69905982 3 P 0
L -16.1033079 17.3743493 -16.10134194 17.37238334 3 P 0
L -16.13281 31.50293674 -15.82275982 31.50293674 1 P 0
L -16.13635584 31.50648258 -16.13281 31.50293674 1 P 0
L -16.14164158 34.05396796 -16.13967562 34.05593392 3 P 0
L -16.14164158 36.05396904 -16.13967562 36.055935 3 P 0
L -16.14164158 36.8573685 -16.13967562 36.85933446 6 P 0
L -16.14454734 38.14048506 -5.1632993 38.14048506 1 P 0
L -16.25999288 18.09998666 -16.06707734 17.90707112 1 P 0
L -16.32699046 25.4999998 -16.0274 25.4999998 3 P 0
L -16.32895642 25.49803384 -16.32699046 25.4999998 3 P 0
L -16.3322 37.9528324 -16.14454734 38.14048506 1 P 0
L -16.3322 38.8547991 -15.5375991 39.6494 1 P 0
L -16.40289836 16.69709386 -16.1033079 16.69709386 3 P 0
L -16.40289836 17.3743493 -16.1033079 17.3743493 3 P 0
L -16.40486686 16.69512536 -16.40289836 16.69709386 3 P 0
L -16.40486686 17.3763178 -16.40289836 17.3743493 3 P 0
L -16.44123204 34.05396796 -16.14164158 34.05396796 3 P 0
L -16.44123204 36.05396904 -16.14164158 36.05396904 3 P 0
L -16.44123204 36.8573685 -16.14164158 36.8573685 6 P 0
L -16.44320054 34.05199946 -16.44123204 34.05396796 3 P 0
L -16.44320054 36.05200054 -16.44123204 36.05396904 3 P 0
L -16.44320054 36.8554 -16.44123204 36.8573685 6 P 0
L -16.59147558 19.1008 -15.87863474 18.38795916 1 P 0
L -16.76541224 13.53922362 -16.76541224 15.23138686 3 P 0
L -16.76541224 15.23138686 -16.764 15.2327991 3 P 0
L -16.76682702 13.53780884 -16.76541224 13.53922362 3 P 0
L -17.02664108 35.5539675 -17.02467512 35.55593346 2 P 0
L -17.11682886 12.63781064 -17.11486036 12.63584214 3 P 0
L -17.24999344 18.09998666 -16.25999288 18.09998666 1 P 0
L -17.25000106 18.6000009 -17.24803256 18.6019694 3 P 0
L -17.25000106 19.1008 -16.59147558 19.1008 1 P 0
L -17.32623154 35.5539675 -17.02664108 35.5539675 2 P 0
L -17.32820004 35.551999 -17.32623154 35.5539675 2 P 0
L -17.41641932 12.63781064 -17.11682886 12.63781064 3 P 0
L -17.41838528 12.6397766 -17.41641932 12.63781064 3 P 0
L -17.54959152 18.6000009 -17.25000106 18.6000009 3 P 0
L -17.55155748 18.59803494 -17.54959152 18.6000009 3 P 0
L -17.9578 36.8554 -17.1196 36.8554 2 P 0
L -17.98840954 29.718 -17.98644358 29.71996596 2 P 0
L -18.288 27.9908 -18.2860315 27.9888315 2 P 0
L -18.288 29.718 -17.98840954 29.718 2 P 0
L -18.2899685 29.7160315 -18.288 29.718 2 P 0
L -18.37559444 22.3119315 -11.62299682 22.3119315 1 P 0
L -18.38647072 22.32280778 -18.37559444 22.3119315 1 P 0
L -18.39636656 15.57794954 -18.39636656 15.93360034 3 P 0
L -18.42935608 15.96658986 -18.39636656 15.93360034 3 P 0
L -18.50746616 29.5001315 -6.69967926 29.5001315 1 P 0
L -18.56910942 27.23050942 -9.18397452 27.23050942 1 P 0
L -18.58759046 27.9908 -18.288 27.9908 2 P 0
L -18.58955642 27.99276596 -18.58759046 27.9908 2 P 0
L -18.6504072 18.6000009 -18.64844124 18.60196686 3 P 0
L -18.73333312 29.72599846 -18.50746616 29.5001315 1 P 0
L -18.94999766 18.6000009 -18.6504072 18.6000009 3 P 0
L -18.94999766 19.0999999 -18.94802916 19.0980314 3 P 0
L -18.95196616 18.5980324 -18.94999766 18.6000009 3 P 0
L -19.1262 27.7876 -18.56910942 27.23050942 1 P 0
L -19.24958812 19.0999999 -18.94999766 19.0999999 3 P 0
L -19.25155408 19.10196586 -19.24958812 19.0999999 3 P 0
L -19.60033926 25.10366074 -14.66912992 25.10366074 0 P 0
L 0.00155956 21.47697 0.00352552 21.47893596 3 P 0
L 0.06731508 27.00880298 0.56354472 27.50503262 1 P 0
L 0.10004552 25.26436908 0.10201148 25.26633504 3 P 0
L 0.10412476 26.15947524 0.15181326 26.15947524 1 P 0
L 0.15155926 41.10196758 0.15352522 41.10393354 3 P 0
L 0.15155926 43.80196726 0.15352522 43.80393322 3 P 0
L 0.15181326 26.15947524 0.27727656 26.03401194 1 P 0
L 0.1758315 29.18716794 0.1778 29.18519944 3 P 0
L 0.20000214 22.6314 0.40432736 22.83572522 1 P 0
L 0.24746204 13.6568688 0.35433 13.55000084 1 P 0
L 0.27727656 26.03401194 5.8175906 26.03401194 1 P 0
L 0.29675836 24.1065685 0.29872432 24.10853446 3 P 0
L 0.33207452 16.16332048 0.65638934 16.4876353 1 P 0
L 0.35433 13.55000084 0.36006532 13.55000084 1 P 0
L 0.40432736 22.83572522 0.78282546 22.83572522 1 P 0
L 0.4101719 22.4155 0.61449712 22.61982522 1 P 0
L 0.41376854 27.66053142 5.62919118 27.66053142 1 P 0
L 0.49647856 39.29606568 0.49844452 39.29803164 2 P 0
L 0.49844452 39.29803164 0.79803498 39.29803164 2 P 0
L 0.51421538 0.76298298 0.51618388 0.76101448 3 P 0
L 0.51618388 0.76101448 0.81577434 0.76101448 3 P 0
L 0.56354472 27.50503262 1.04348026 27.50503262 1 P 0
L 0.56458612 29.21877824 0.56655208 29.21681228 3 P 0
L 0.56655208 29.21681228 0.86614254 29.21681228 3 P 0
L 0.61449712 22.61982522 1.17997478 22.61982522 1 P 0
L 0.63549784 2.34449874 4.60766922 2.34449874 5 P 0
L 0.65447418 27.28913262 0.65644014 27.28716666 3 P 0
L 0.65638934 16.4876353 2.35232956 16.4876353 1 P 0
L 0.65644014 27.28716666 0.9560306 27.28716666 3 P 0
L 0.70000114 21.4750015 0.70196964 21.47697 3 P 0
L 0.70196964 21.47697 1.0015601 21.47697 3 P 0
L 0.76198476 20.92460636 0.7669784 20.9296 1 P 0
L 0.7669784 20.9296 8.9916 20.9296 1 P 0
L 0.79064358 30.76136596 0.79260954 30.7594 3 P 0
L 0.79260954 30.7594 1.0922 30.7594 3 P 0
L 0.79803498 39.29803164 0.80000348 39.30000014 2 P 0
L 0.86614254 29.21681228 0.86811104 29.21484378 3 P 0
L 0.89755726 1.87597034 0.89952576 1.87400184 3 P 0
L 0.89952576 1.87400184 1.19911622 1.87400184 3 P 0
L 0.9069959 33.6370041 1.1909679 33.3530321 1 P 0
L 0.92866972 30.10000076 0.93063568 30.0980348 3 P 0
L 0.93063568 30.0980348 1.23022614 30.0980348 3 P 0
L 0.9560306 27.28716666 0.9579991 27.28519816 3 P 0
L 1.0015601 21.47697 1.00352606 21.47893596 3 P 0
L 1.04348026 27.50503262 1.04436672 27.50414616 1 P 0
L 1.04436672 27.50414616 7.56818146 27.50414616 1 P 0
L 1.0922 30.7594 1.0941685 30.7574315 3 P 0
L 1.10641384 -0.53241702 1.10838234 -0.53438552 1 P 0
L 1.10838234 -0.53438552 1.4079728 -0.53438552 1 P 0
L 1.1156315 32.7640315 1.1176 32.766 3 P 0
L 1.1176 32.766 1.41719046 32.766 3 P 0
L 1.17997478 22.61982522 1.46329908 22.33650092 1 P 0
L 1.1909679 33.3530321 12.0932321 33.3530321 1 P 0
L 1.1969242 26.86334734 3.2338391 26.86334734 1 P 0
L 1.23022614 30.0980348 1.23219464 30.0960663 3 P 0
L 1.3219811 18.4658 1.59480504 18.73862394 1 P 0
L 1.3851509 23.7427897 1.75965104 24.11728984 1 P 0
L 1.4114399 -0.53635148 1.4114399 0.1922399 1 P 0
L 1.4114399 0.1922399 3.1496 1.9304 1 P 0
L 1.41719046 32.766 1.41915642 32.76796596 3 P 0
L 1.44827498 23.5903897 1.82277512 23.96488984 1 P 0
L 1.46329908 22.33650092 4.20618412 22.33650092 1 P 0
L 1.50343108 56.3352315 1.50589742 56.33769784 3 P 0
L 1.50589742 56.33769784 1.85112406 56.33769784 3 P 0
L 1.59480504 18.73862394 2.13704424 18.73862394 1 P 0
L 1.6744315 41.0190315 1.6764 41.021 3 P 0
L 1.6744315 43.3304315 1.6764 43.3324 3 P 0
L 1.6764 41.021 1.97599046 41.021 3 P 0
L 1.6764 43.3324 1.97599046 43.3324 3 P 0
L 1.73221904 17.75218954 5.72101726 17.75218954 1 P 0
L 1.73266608 36.61421176 1.73463458 36.61618026 7 P 0
L 1.73463458 36.61618026 2.03422504 36.61618026 7 P 0
L 1.73604428 17.23036686 1.73801024 17.2284009 3 P 0
L 1.73801024 17.2284009 2.0376007 17.2284009 3 P 0
L 1.75965104 24.11728984 3.01974504 24.11728984 1 P 0
L 1.78503072 18.44235834 1.79880768 18.42858138 1 P 0
L 1.79880768 18.42858138 5.93001862 18.42858138 1 P 0
L 1.82277512 23.96488984 2.95662096 23.96488984 1 P 0
L 1.85112406 56.33769784 1.8535904 56.34016418 3 P 0
L 1.9122009 23.749 2.86719518 23.749 3 P 0
L 1.9562445 2.9427678 1.95821046 2.94080184 3 P 0
L 1.95821046 2.94080184 2.25780092 2.94080184 3 P 0
L 1.97599046 41.021 1.97795642 41.02296596 3 P 0
L 1.97599046 43.3324 1.97795642 43.33436596 3 P 0
L 2.03422504 36.61618026 2.036191 36.61814622 7 P 0
L 2.0376007 17.2284009 2.0395692 17.2264324 3 P 0
L 2.13704424 18.73862394 2.21900496 18.65666322 1 P 0
L 2.21900496 18.65666322 6.10959154 18.65666322 1 P 0
L 2.24949258 16.66400274 2.98448984 17.399 1 P 0
L 2.25780092 2.94080184 2.25976942 2.93883334 3 P 0
L 2.2606 26.3144 5.21186664 26.3144 1 P 0
L 2.286 45.6135994 2.2879685 45.6155679 7 P 0
L 2.2879685 45.6155679 2.58755896 45.6155679 7 P 0
L 2.35232956 16.4876353 3.06845716 17.2037629 1 P 0
L 2.4290147 24.8666 2.86792416 25.30550946 1 P 0
L 2.50265946 24.6888 2.94156892 25.12770946 0 P 0
L 2.52000512 37.9000004 2.52197362 37.9019689 2 P 0
L 2.52197362 37.9019689 2.82156408 37.9019689 2 P 0
L 2.55155192 24.4862477 3.01521368 24.94990946 1 P 0
L 2.58755896 45.6155679 2.58952492 45.61753386 7 P 0
L 2.64075926 26.53832386 5.05925328 26.53832386 1 P 0
L 2.65046968 17.44626686 2.75560282 17.5514 1 P 0
L 2.73563334 18.1264306 3.0734 18.1264306 3 P 0
L 2.74447508 38.73047118 2.74644104 38.73243714 7 P 0
L 2.74644104 38.73243714 3.0460315 38.73243714 7 P 0
L 2.75560282 17.5514 11.75067246 17.5514 1 P 0
L 2.86792416 25.30550946 4.73143326 25.30550946 1 P 0
L 2.8715208 27.28308234 2.87257998 27.28414152 3 P 0
L 2.87257998 27.28414152 3.27154286 27.28414152 3 P 0
L 2.94156892 25.12770946 4.6577885 25.12770946 0 P 0
L 2.95662096 23.96488984 3.3311211 23.5903897 1 P 0
L 2.98448984 17.399 5.3387625 17.399 1 P 0
L 3.01521368 24.94990946 4.58414374 24.94990946 1 P 0
L 3.01974504 24.11728984 3.39424518 23.7427897 1 P 0
L 3.02584358 32.76796596 3.02780954 32.766 3 P 0
L 3.02780954 32.766 3.3274 32.766 3 P 0
L 3.0460315 38.73243714 3.048 38.73440564 7 P 0
L 3.06845716 17.2037629 5.1736371 17.2037629 1 P 0
L 3.07664358 30.76136596 3.07860954 30.7594 3 P 0
L 3.07860954 30.7594 3.3782 30.7594 3 P 0
L 3.1496 1.9304 3.5306 1.9304 1 P 0
L 3.23219572 33.87713062 3.23416422 33.87909912 7 P 0
L 3.2338391 26.86334734 3.4825305 27.11203874 1 P 0
L 3.23416422 33.87909912 3.53375468 33.87909912 7 P 0
L 3.27154286 27.28414152 3.2725995 27.28519816 3 P 0
L 3.3274 18.9484 3.33099918 18.94480082 1 P 0
L 3.3274 32.766 3.3293685 32.7640315 3 P 0
L 3.33099918 18.94480082 3.67939828 18.94480082 1 P 0
L 3.3311211 23.5903897 6.60300686 23.5903897 1 P 0
L 3.3782 30.7594 3.3801685 30.7574315 3 P 0
L 3.39424518 23.7427897 6.53988278 23.7427897 1 P 0
L 3.4038794 36.61959656 3.4058479 36.62156506 2 P 0
L 3.4058479 36.62156506 3.70543836 36.62156506 2 P 0
L 3.4825305 27.11203874 5.03000772 27.11203874 1 P 0
L 3.49648018 44.09446604 3.49844614 44.09250008 3 P 0
L 3.49844614 44.09250008 3.7980366 44.09250008 3 P 0
L 3.53375468 33.87909912 3.53572064 33.88106508 7 P 0
L 3.5814 28.5455995 3.5833685 28.543631 2 P 0
L 3.5833685 28.543631 3.88295896 28.543631 2 P 0
L 3.59999788 21.50000018 3.60196638 21.50196868 3 P 0
L 3.60196638 21.50196868 3.90155684 21.50196868 3 P 0
L 3.6317682 24.10951744 3.63318044 24.11092968 3 P 0
L 3.63318044 24.11092968 3.96620238 24.11092968 3 P 0
L 3.6576 26.8224 3.65856266 26.82336266 1 P 0
L 3.65856266 26.82336266 4.86229152 26.82336266 1 P 0
L 3.67939828 18.94480082 3.683 18.9411991 1 P 0
L 3.70543836 36.62156506 3.70740432 36.62353102 2 P 0
L 3.71348762 14.4812004 4.19377876 14.00090926 1 P 0
L 3.71387624 14.2653004 4.13065722 13.84851942 1 P 0
L 3.76985276 13.90854978 4.38150254 13.2969 1 P 0
L 3.7980366 44.09250008 3.8000051 44.09053158 3 P 0
L 3.88295896 28.543631 3.88492492 28.54166504 2 P 0
L 3.90155684 21.50196868 3.9035228 21.50393464 3 P 0
L 3.93544552 14.6971004 4.19845744 14.43408848 1 P 0
L 3.9529004 15.4591004 4.4704 15.9766 1 P 0
L 3.9604315 43.3558315 3.9624 43.3578 3 P 0
L 3.9624 43.3578 4.26199046 43.3578 3 P 0
L 3.96620238 24.11092968 3.96761208 24.11233938 3 P 0
L 3.9858315 40.9936315 3.9878 40.9956 3 P 0
L 3.9878 40.9956 4.28739046 40.9956 3 P 0
L 4.01602448 15.3067004 4.47002408 15.7607 1 P 0
L 4.07914856 15.1543004 4.53314816 15.6083 1 P 0
L 4.09999942 22.55240092 4.4083224 22.8607239 1 P 0
L 4.13065722 13.84851942 4.3461686 13.84851942 1 P 0
L 4.13275526 25.53399262 4.13803592 25.52871196 3 P 0
L 4.13803592 25.52871196 4.44215774 25.52871196 3 P 0
L 4.14227264 15.0019004 4.25864274 15.1182705 1 P 0
L 4.19377876 14.00090926 4.68630254 14.00090926 1 P 0
L 4.19845744 14.43408848 4.50883782 14.43408848 1 P 0
L 4.20539672 14.8495004 4.32176682 14.9658705 1 P 0
L 4.20618412 22.33650092 4.5145071 22.6448239 1 P 0
L 4.2575226 53.4650315 4.2594911 53.467 3 P 0
L 4.2575226 56.34437296 4.2594911 56.34634146 3 P 0
L 4.25864274 15.1182705 13.04281364 15.1182705 1 P 0
L 4.2594911 53.467 4.55908156 53.467 3 P 0
L 4.2594911 56.34634146 4.55908156 56.34634146 3 P 0
L 4.26199046 43.3578 4.26395642 43.35976596 3 P 0
L 4.28320454 14.2167991 4.28418752 14.21778208 3 P 0
L 4.28330614 24.1046 4.28527464 24.1065685 3 P 0
L 4.28418752 14.21778208 4.59785974 14.21778208 3 P 0
L 4.28527464 24.1065685 4.5848651 24.1065685 3 P 0
L 4.28739046 40.9956 4.28935642 40.99756596 3 P 0
L 4.28788322 14.64997832 4.29013366 14.65222876 3 P 0
L 4.29013366 14.65222876 4.58939646 14.65222876 3 P 0
L 4.32176682 14.9658705 13.10593772 14.9658705 1 P 0
L 4.3461686 13.84851942 4.34617876 13.84850926 1 P 0
L 4.34617876 13.84850926 4.74942662 13.84850926 1 P 0
L 4.38150254 13.2969 10.8837984 13.2969 1 P 0
L 4.4083224 22.8607239 4.59999842 22.8607239 1 P 0
L 4.4152312 45.00752238 4.4171997 45.00949088 3 P 0
L 4.4171997 45.00949088 4.71679016 45.00949088 3 P 0
L 4.44215774 25.52871196 4.4474384 25.5234313 3 P 0
L 4.47002408 15.7607 13.25419498 15.7607 1 P 0
L 4.4704 15.9766 13.03904682 15.9766 1 P 0
L 4.4749974 21.50000018 4.4769659 21.50196868 3 P 0
L 4.4769659 21.50196868 4.77655636 21.50196868 3 P 0
L 4.50883782 14.43408848 4.513326 14.43857666 1 P 0
L 4.513326 14.43857666 4.68350346 14.43857666 1 P 0
L 4.5145071 22.6448239 5.27572224 22.6448239 1 P 0
L 4.53314816 15.6083 13.31731906 15.6083 1 P 0
L 4.55908156 53.467 4.56104752 53.46896596 3 P 0
L 4.55908156 56.34634146 4.56104752 56.34830742 3 P 0
L 4.58414374 24.94990946 5.05341382 24.48063938 1 P 0
L 4.5848651 24.1065685 4.58683106 24.10853446 3 P 0
L 4.58939646 14.65222876 4.5928661 14.6556984 3 P 0
L 4.59785974 14.21778208 4.59884272 14.21876506 3 P 0
L 4.6577885 25.12770946 5.12705858 24.65843938 0 P 0
L 4.68350346 14.43857666 5.0583973 14.8134705 1 P 0
L 4.68630254 14.00090926 5.34647394 14.66108066 1 P 0
L 4.69052656 42.20001466 4.73426536 42.24375346 1 P 0
L 4.71679016 45.00949088 4.71875612 45.01145684 3 P 0
L 4.73143326 25.30550946 5.20070334 24.83623938 1 P 0
L 4.73426536 42.24375346 4.84731822 42.24375346 1 P 0
L 4.74942662 13.84850926 5.40959802 14.50868066 1 P 0
L 4.77655636 21.50196868 4.77852232 21.50393464 3 P 0
L 4.84731822 42.24375346 4.86363518 42.26007042 1 P 0
L 4.86229152 26.82336266 4.86325164 26.82432278 1 P 0
L 4.86325164 26.82432278 9.20056834 26.82432278 1 P 0
L 4.86363518 42.26007042 10.99490816 42.26007042 1 P 0
L 4.86681272 25.49133586 4.87707686 25.5016 1 P 0
L 4.87584496 29.64082972 5.16069072 29.92567548 1 P 0
L 4.87707686 25.5016 11.84651682 25.5016 1 P 0
L 4.9987581 13.5986012 5.00347234 13.60331544 3 P 0
L 5.00347234 13.60331544 5.3106955 13.60331544 3 P 0
L 5.03000772 27.11203874 5.12403852 27.01800794 1 P 0
L 5.05341382 24.48063938 6.8466843 24.48063938 1 P 0
L 5.0583973 14.8134705 10.56149018 14.8134705 1 P 0
L 5.05925328 26.53832386 5.17014968 26.64922026 1 P 0
L 5.08409194 22.18410092 5.32819102 22.4282 1 P 0
L 5.08563626 25.27105944 5.10340864 25.28883182 1 P 0
L 5.10340864 25.28883182 11.5249198 25.28883182 1 P 0
L 5.11250184 21.97335458 5.41494726 22.2758 1 P 0
L 5.12403852 27.01800794 11.8745381 27.01800794 1 P 0
L 5.12705858 24.65843938 6.77303954 24.65843938 0 P 0
L 5.16069072 29.92567548 5.67279282 29.92567548 1 P 0
L 5.16306308 27.2843117 5.16503158 27.2862802 3 P 0
L 5.16503158 27.2862802 5.46462204 27.2862802 3 P 0
L 5.17014968 26.64922026 9.16014678 26.64922026 1 P 0
L 5.1736371 17.2037629 5.78538594 16.59201406 1 P 0
L 5.20070334 24.83623938 6.69939478 24.83623938 1 P 0
L 5.21186664 26.3144 5.3398547 26.18641194 1 P 0
L 5.27572224 22.6448239 5.49088818 22.85998984 1 P 0
L 5.27983958 29.70584102 5.28180554 29.70780698 3 P 0
L 5.28180554 29.70780698 5.581396 29.70780698 3 P 0
L 5.29647912 38.65893208 5.29844508 38.65696612 2 P 0
L 5.29844508 38.65696612 5.59803554 38.65696612 2 P 0
L 5.3106955 13.60331544 5.3154072 13.60802714 3 P 0
L 5.32819102 22.4282 9.11784816 22.4282 1 P 0
L 5.3387625 17.399 5.82003408 16.91772842 1 P 0
L 5.3398547 26.18641194 9.19190694 26.18641194 1 P 0
L 5.34647394 14.66108066 10.49835594 14.66108066 1 P 0
L 5.34737564 39.6494 6.13177336 38.86500228 1 P 0
L 5.40959802 14.50868066 10.43524456 14.50868066 1 P 0
L 5.41494726 22.2758 9.05472408 22.2758 1 P 0
L 5.41966912 26.41192584 5.42374328 26.416 1 P 0
L 5.42374328 26.416 9.17784296 26.416 1 P 0
L 5.46462204 27.2862802 5.466588 27.28824616 3 P 0
L 5.49088818 22.85998984 8.20797444 22.85998984 1 P 0
L 5.5372 21.9456 6.1771784 21.9456 1 P 0
L 5.5374413 28.96929944 5.8547 28.65204074 1 P 0
L 5.581396 29.70780698 5.5833645 29.70977548 3 P 0
L 5.59803554 38.65696612 5.60000404 38.65499762 2 P 0
L 5.62919118 27.66053142 5.69471556 27.7260558 1 P 0
L 5.63589424 22.6441 8.20759598 22.6441 1 P 0
L 5.67279282 29.92567548 5.73626488 29.86220342 1 P 0
L 5.69471556 27.7260558 10.86424548 27.7260558 1 P 0
L 5.72101726 17.75218954 5.73408302 17.73912378 1 P 0
L 5.73626488 29.86220342 5.85705204 29.86220342 1 P 0
L 5.78538594 16.59201406 10.7976416 16.59201406 1 P 0
L 5.8175906 26.03401194 6.19760254 25.654 1 P 0
L 5.82003408 16.91772842 8.37654154 16.91772842 1 P 0
L 5.85099414 17.19209668 5.85296264 17.19406518 3 P 0
L 5.85179424 19.50826426 5.87609188 19.48396662 1 P 0
L 5.85296264 17.19406518 6.1525531 17.19406518 3 P 0
L 5.8547 28.65204074 6.0520326 28.65204074 1 P 0
L 5.85705204 29.86220342 5.95590376 29.96105514 1 P 0
L 5.871972 39.70701482 5.88510888 39.69387794 1 P 0
L 5.87296514 38.11983486 5.8928 38.1 1 P 0
L 5.87609188 19.48396662 5.97102946 19.48396662 1 P 0
L 5.88510888 39.69387794 11.94107848 39.69387794 1 P 0
L 5.89467452 28.92666554 5.89664048 28.9286315 7 P 0
L 5.89664048 28.9286315 6.19623094 28.9286315 7 P 0
L 5.93001862 18.42858138 5.9436 18.415 1 P 0
L 5.9392693 37.29106334 5.94123526 37.2930293 3 P 0
L 5.94123526 37.2930293 6.24082572 37.2930293 3 P 0
L 5.95590376 29.96105514 5.99026996 29.96105514 1 P 0
L 5.97102946 19.48396662 5.97319608 19.4818 1 P 0
L 5.97319608 19.4818 10.28179808 19.4818 1 P 0
L 6.0520326 28.65204074 6.0706 28.63347334 1 P 0
L 6.096 17.8562 6.09652578 17.8562 1 P 0
L 6.09652578 17.8562 6.24892578 17.7038 1 P 0
L 6.10959154 18.65666322 6.26162832 18.8087 1 P 0
L 6.13177336 38.86500228 9.1450033 38.86500228 1 P 0
L 6.1525531 17.19406518 6.15451906 17.19603114 3 P 0
L 6.16433616 42.71612234 6.16630466 42.71809084 3 P 0
L 6.16630466 42.71809084 6.46589512 42.71809084 3 P 0
L 6.1771784 21.9456 6.60236678 21.52041162 1 P 0
L 6.19623094 28.9286315 6.19819944 28.9306 7 P 0
L 6.19760254 25.654 9.59991984 25.654 1 P 0
L 6.19887508 10.09472962 6.20084104 10.09276366 3 P 0
L 6.20084104 10.09276366 6.5004315 10.09276366 3 P 0
L 6.24082572 37.2930293 6.24279422 37.2949978 3 P 0
L 6.24892578 17.7038 11.68754838 17.7038 1 P 0
L 6.26162832 18.8087 7.03351654 18.8087 1 P 0
L 6.2992 17.99548852 6.2992 18.3388 1 P 0
L 6.2992 17.99548852 6.43848852 17.8562 1 P 0
L 6.3686182 33.672653 6.37058416 33.67068704 3 P 0
L 6.37058416 33.67068704 6.67017462 33.67068704 3 P 0
L 6.372225 29.48842972 6.39035806 29.47029666 1 P 0
L 6.39035806 29.47029666 6.45606532 29.47029666 1 P 0
L 6.3960629 39.28000018 6.40578094 39.27028214 2 P 0
L 6.40578094 39.27028214 6.67950404 39.27028214 2 P 0
L 6.43438896 46.7010877 6.4449325 46.69054416 1 P 0
L 6.43848852 17.8562 11.6244243 17.8562 1 P 0
L 6.4449325 46.69054416 9.48945524 46.69054416 1 P 0
L 6.45606532 29.47029666 6.48036296 29.44599902 1 P 0
L 6.46589512 42.71809084 6.46786108 42.7200568 3 P 0
L 6.5004315 10.09276366 6.5024 10.09079516 3 P 0
L 6.5024 18.5928 6.51837152 18.5928 1 P 0
L 6.51837152 18.5928 6.77237152 18.3388 1 P 0
L 6.53988278 23.7427897 7.20649308 24.4094 1 P 0
L 6.60236678 21.52041162 9.15433272 21.52041162 1 P 0
L 6.60300686 23.5903897 7.26961716 24.257 1 P 0
L 6.66613094 23.4379897 7.33274124 24.1046 1 P 0
L 6.67017462 33.67068704 6.67214312 33.66871854 3 P 0
L 6.67950404 39.27028214 6.69128456 39.25850162 2 P 0
L 6.69128456 39.25850162 6.70503104 39.25850162 2 P 0
L 6.69939478 24.83623938 6.9329554 25.0698 1 P 0
L 6.72925502 23.2855897 7.39586532 23.9522 1 P 0
L 6.73019736 8.24460124 7.1301991 8.24460124 3 P 0
L 6.77237152 18.3388 11.13372424 18.3388 1 P 0
L 6.77303954 24.65843938 7.00660016 24.892 0 P 0
L 6.80864272 8.64915466 6.81091856 8.64687882 3 P 0
L 6.81091856 8.64687882 7.12792072 8.64687882 3 P 0
L 6.82932086 23.13231594 7.48612422 23.7891193 1 P 0
L 6.8466843 24.48063938 7.08024492 24.7142 1 P 0
L 6.85255424 18.5928 6.858 18.5928 1 P 0
L 6.858 18.5928 6.9596 18.4912 1 P 0
L 6.90980838 24.32823938 7.143369 24.5618 1 P 0
L 6.9329554 25.0698 9.59991984 25.0698 1 P 0
L 6.9596 18.4912 11.07060016 18.4912 1 P 0
L 6.99220852 56.36062896 6.99417702 56.36259746 3 P 0
L 6.99417702 56.36259746 7.29376748 56.36259746 3 P 0
L 7.00660016 24.892 9.76747602 24.892 0 P 0
L 7.03351654 18.8087 7.20764624 18.9828297 1 P 0
L 7.08024492 24.7142 9.51064646 24.7142 1 P 0
L 7.12792072 8.64687882 7.1301991 8.64460044 3 P 0
L 7.1301991 8.24460124 7.5301983 8.64460044 3 P 0
L 7.143369 24.5618 9.44752238 24.5618 1 P 0
L 7.19414614 33.0454 7.94289496 32.29665118 1 P 0
L 7.20649308 24.4094 9.38417224 24.4094 1 P 0
L 7.20764624 18.98297194 7.22203788 18.98297194 1 P 0
L 7.22203788 18.98297194 7.3665842 19.12751826 1 P 0
L 7.26961716 24.257 9.32104816 24.257 1 P 0
L 7.29376748 56.36259746 7.29573344 56.36456342 3 P 0
L 7.33274124 24.1046 9.25792408 24.1046 1 P 0
L 7.35649532 23.3426 7.65061462 23.6367193 1 P 0
L 7.3665842 19.12751826 9.15982166 19.12751826 1 P 0
L 7.39586532 23.9522 9.1948 23.9522 1 P 0
L 7.45908592 18.7071 7.49345212 18.7071 1 P 0
L 7.48612422 23.7891193 9.1410028 23.7891193 1 P 0
L 7.49345212 18.7071 7.54424196 18.65631016 1 P 0
L 7.5301983 8.24460124 7.9381985 8.24460124 3 P 0
L 7.53807484 33.08360414 7.5400408 33.0855701 3 P 0
L 7.5400408 33.0855701 7.83963126 33.0855701 3 P 0
L 7.54424196 18.65631016 11.02018624 18.65631016 1 P 0
L 7.56818146 27.50414616 7.78198596 27.29034166 1 P 0
L 7.59652786 11.00284058 7.99078666 10.60858178 3 P 0
L 7.62 45.72 7.92530546 46.02530546 1 P 0
L 7.65061462 23.6367193 9.00767566 23.6367193 1 P 0
L 7.78198596 27.29034166 10.52218876 27.29034166 1 P 0
L 7.78788384 23.32437042 7.7904848 23.32176946 3 P 0
L 7.7904848 23.32176946 8.09675292 23.32176946 3 P 0
L 7.79584928 39.099998 11.51590788 39.099998 1 P 0
L 7.7978 18.8722 7.82008596 18.84991404 1 P 0
L 7.80486628 34.53395938 8.3229069 35.052 1 P 0
L 7.82008596 18.84991404 9.59991984 18.84991404 1 P 0
L 7.83963126 33.0855701 7.84159976 33.0875386 3 P 0
L 7.90041092 39.44606538 7.90237688 39.44803134 3 P 0
L 7.90237688 39.44803134 8.20196734 39.44803134 3 P 0
L 7.92530546 46.02530546 11.10801436 46.02530546 1 P 0
L 7.9296006 31.61254028 7.9315691 31.61057178 3 P 0
L 7.9315691 31.61057178 8.23115956 31.61057178 3 P 0
L 7.94289496 32.29665118 16.22932492 32.29665118 1 P 0
L 7.95300162 9.67461108 8.08280578 9.54480692 3 P 0
L 7.99078666 10.60858178 9.11848062 10.60858178 3 P 0
L 7.99816282 35.3160838 9.22614614 35.3160838 1 P 0
L 8.00799008 31.06735976 8.32919594 31.38856562 1 P 0
L 8.03830752 10.13036074 8.0414622 10.12720606 1 P 0
L 8.0414622 10.12720606 8.366633 10.12720606 1 P 0
L 8.08280578 9.41708048 8.08280578 9.54480692 3 P 0
L 8.08280578 9.41708048 8.09768256 9.4022037 3 P 0
L 8.09675292 23.32176946 8.09935642 23.31916596 3 P 0
L 8.10410114 43.05000026 8.1060671 43.05196622 3 P 0
L 8.1060671 43.05196622 8.40565756 43.05196622 3 P 0
L 8.20196734 39.44803134 8.20393584 39.44999984 3 P 0
L 8.20759598 22.6441 8.49098632 22.92749034 1 P 0
L 8.20797444 22.85998984 8.42786478 23.07988018 1 P 0
L 8.2296 32.51254102 8.2315685 32.51450952 3 P 0
L 8.2296 32.89992404 8.2315685 32.89795554 3 P 0
L 8.23115956 31.61057178 8.23312552 31.60860582 3 P 0
L 8.2315685 32.51450952 8.53115896 32.51450952 3 P 0
L 8.2315685 32.89795554 8.53115896 32.89795554 3 P 0
L 8.26090296 37.51855844 8.26286892 37.5205244 6 P 0
L 8.26286892 37.5205244 8.56245938 37.5205244 6 P 0
L 8.30103242 9.67264512 8.30300092 9.67461362 3 P 0
L 8.30300092 9.67461362 8.60259138 9.67461362 3 P 0
L 8.3229069 35.052 10.33832832 35.052 1 P 0
L 8.32919594 31.38856562 9.02812266 31.38856562 1 P 0
L 8.35625456 8.8383237 8.35669398 8.83876312 1 P 0
L 8.35669398 8.83876312 8.66096312 8.83876312 1 P 0
L 8.36337418 36.0704511 8.36534014 36.07241706 3 P 0
L 8.36534014 36.07241706 8.6649306 36.07241706 3 P 0
L 8.366633 10.12720606 8.36978768 10.12405138 1 P 0
L 8.37654154 16.91772842 8.85781312 17.399 1 P 0
L 8.40565756 43.05196622 8.40762606 43.05393472 3 P 0
L 8.42786478 23.07988018 9.0433652 23.07988018 1 P 0
L 8.49098632 22.92749034 8.98024366 22.92749034 1 P 0
L 8.51539826 11.1824008 8.9198323 11.1824008 3 P 0
L 8.53115896 32.51450952 8.53312492 32.51647548 3 P 0
L 8.53115896 32.89795554 8.53312492 32.89598958 3 P 0
L 8.56245938 37.5205244 8.56442788 37.5224929 6 P 0
L 8.56843346 23.29845988 8.56920308 23.2992295 3 P 0
L 8.56920308 23.2992295 8.89923036 23.2992295 3 P 0
L 8.5852 28.194 8.59813622 28.18106378 1 P 0
L 8.59568512 21.80926042 8.60129852 21.80364702 3 P 0
L 8.59813622 28.18106378 10.97069434 28.18106378 1 P 0
L 8.60007424 11.58239746 8.60007678 11.5824 3 P 0
L 8.60007678 11.5824 8.9154 11.5824 3 P 0
L 8.60040952 20.066 8.61166426 20.07725474 1 P 0
L 8.60129852 21.80364702 8.89635254 21.80364702 3 P 0
L 8.60259138 9.67461362 8.60455734 9.67657958 3 P 0
L 8.61166426 20.07725474 9.57069206 20.07725474 1 P 0
L 8.66096312 8.83876312 8.6614 8.8392 1 P 0
L 8.6649306 36.07241706 8.6668991 36.07438556 3 P 0
L 8.84491246 36.52828864 8.84491246 37.60914246 2 P 0
L 8.84491246 36.52828864 8.9662 36.4070011 2 P 0
L 8.84491246 37.60914246 9.52925196 38.29348196 2 P 0
L 8.85781312 17.399 12.6283339 17.399 1 P 0
L 8.8646 10.8458 9.18237432 11.16357432 3 P 0
L 8.87163072 13.7453497 8.87558042 13.7414 3 P 0
L 8.87558042 13.7414 13.59411302 13.7414 3 P 0
L 8.88940056 28.6258 8.89136906 28.6277685 3 P 0
L 8.89136906 28.6277685 8.89136906 28.92735896 3 P 0
L 8.89136906 28.92735896 8.89333502 28.92932492 3 P 0
L 8.89291592 30.37692426 9.37699166 30.861 1 P 0
L 8.89606298 43.05000026 8.89803148 43.05196876 3 P 0
L 8.89635254 21.80364702 8.90196848 21.79803108 3 P 0
L 8.89803148 43.05196876 9.19762194 43.05196876 3 P 0
L 8.89923036 23.2992295 8.89999998 23.29999912 3 P 0
L 8.9198323 11.1824008 9.3218 11.5843685 3 P 0
L 8.9662 35.7124 8.9662 36.4070011 2 P 0
L 8.972804 27.96516378 8.9783412 27.95962658 1 P 0
L 8.9783412 27.95962658 13.15005752 27.95962658 1 P 0
L 8.98024366 22.92749034 9.83343474 22.07429926 1 P 0
L 8.9916 20.9296 9.83695772 20.08424228 1 P 0
L 9.00767566 23.6367193 9.59991984 23.04447512 1 P 0
L 9.02812266 31.38856562 9.27628828 31.1404 1 P 0
L 9.0433652 23.07988018 9.83972886 22.28351652 1 P 0
L 9.05472408 22.2758 9.78053162 21.54999246 1 P 0
L 9.11784816 22.4282 9.71033618 21.83571198 1 P 0
L 9.11848062 10.60858178 9.12619968 10.61630084 3 P 0
L 9.1410028 23.7891193 9.59991984 23.33020226 1 P 0
L 9.1450033 38.86500228 9.82679772 38.86500228 1 P 0
L 9.15433272 21.52041162 9.39852832 21.27621602 1 P 0
L 9.15982166 19.12751826 9.27943026 19.00790966 1 P 0
L 9.16014678 26.64922026 9.69816704 26.1112 1 P 0
L 9.1694 37.32859438 9.1694 37.338 3 P 0
L 9.1694 37.32859438 9.39799746 37.09999692 3 P 0
L 9.17784296 26.416 9.63504296 25.9588 1 P 0
L 9.18237432 11.16357432 9.29657272 11.16357432 3 P 0
L 9.19190694 26.18641194 9.57191888 25.8064 1 P 0
L 9.1948 23.9522 9.59991984 23.54708016 1 P 0
L 9.19762194 43.05196876 9.1995879 43.05393472 3 P 0
L 9.20056834 26.82432278 9.76129112 26.2636 1 P 0
L 9.22614614 35.3160838 9.63878184 35.7287195 1 P 0
L 9.25792408 24.1046 9.59991984 23.76260424 1 P 0
L 9.25796218 36.09999892 9.25796218 36.58886764 2 P 0
L 9.25796218 36.58886764 9.54909698 36.88000244 2 P 0
L 9.27628828 31.1404 11.38362976 31.1404 1 P 0
L 9.27943026 19.00790966 10.81656714 19.00790966 1 P 0
L 9.29657272 11.16357432 9.3153992 11.1824008 3 P 0
L 9.32104816 24.257 9.59991984 23.97812832 1 P 0
L 9.37699166 30.861 11.46659886 30.861 1 P 0
L 9.38417224 24.4094 9.59991984 24.1936524 1 P 0
L 9.39852832 20.79525432 9.39852832 21.27621602 1 P 0
L 9.39852832 20.79525432 9.59991984 20.5938628 1 P 0
L 9.41500784 14.07933938 9.41555394 14.07988548 3 P 0
L 9.41555394 14.07988548 9.7296224 14.07988548 3 P 0
L 9.44752238 24.5618 9.59991984 24.40940254 1 P 0
L 9.45001158 16.91681402 9.45198008 16.91878252 3 P 0
L 9.45198008 16.91878252 9.75157054 16.91878252 3 P 0
L 9.46504584 30.603063 9.4670118 30.60109704 2 P 0
L 9.4670118 30.60109704 9.76660226 30.60109704 2 P 0
L 9.48945524 46.69054416 9.49999878 46.68000062 1 P 0
L 9.5004128 37.90393232 9.50237876 37.90196636 6 P 0
L 9.50237876 37.90196636 9.80196922 37.90196636 6 P 0
L 9.51064646 24.7142 9.59991984 24.62492662 1 P 0
L 9.525 19.75758304 9.54685924 19.77944228 1 P 0
L 9.52925196 38.29348196 9.79421968 38.29348196 2 P 0
L 9.54685924 19.77944228 12.15681592 19.77944228 1 P 0
L 9.54909698 36.88000244 9.80000072 37.13090618 2 P 0
L 9.57069206 20.07725474 9.71610452 19.93184228 1 P 0
L 9.57191888 25.8064 12.06255652 25.8064 1 P 0
L 9.59991984 18.84991404 10.99826604 18.84991404 1 P 0
L 9.59991984 20.5938628 9.89364036 20.30014228 1 P 0
L 9.59991984 23.04447512 9.94608882 22.69830614 1 P 0
L 9.59991984 23.33020226 10.13793502 22.79218708 1 P 0
L 9.59991984 23.54708016 9.84076264 23.30623736 1 P 0
L 9.59991984 23.76260424 9.80515946 23.55736462 1 P 0
L 9.59991984 23.97812832 9.7795207 23.79852746 1 P 0
L 9.59991984 24.1936524 9.7359851 24.05758714 1 P 0
L 9.59991984 24.40940254 9.70152492 24.30779746 1 P 0
L 9.59991984 24.62492662 9.66317346 24.561673 1 P 0
L 9.59991984 25.0698 9.93092502 25.0698 1 P 0
L 9.59991984 25.654 11.99943244 25.654 1 P 0
L 9.60000112 18.09999936 9.60051166 18.09948882 3 P 0
L 9.60051166 18.09948882 9.98168946 18.09948882 3 P 0
L 9.61587104 45.29932266 9.62300844 45.30646006 1 P 0
L 9.62300844 45.30646006 10.80651382 45.30646006 1 P 0
L 9.63504296 25.9588 12.63371616 25.9588 1 P 0
L 9.63878184 35.7287195 9.63878184 36.02294294 1 P 0
L 9.63878184 36.02294294 9.64936348 36.03352458 1 P 0
L 9.63995024 53.4650315 9.64191874 53.467 3 P 0
L 9.63995024 56.3352315 9.64191874 56.3372 3 P 0
L 9.64191874 53.467 9.9415092 53.467 3 P 0
L 9.64191874 56.3372 9.9415092 56.3372 3 P 0
L 9.66317346 24.561673 9.93905302 24.561673 1 P 0
L 9.69816704 26.1112 12.82099798 26.1112 1 P 0
L 9.70152492 24.30779746 10.14406912 24.30779746 1 P 0
L 9.71033618 21.83571198 9.85968564 21.83571198 1 P 0
L 9.71610452 19.93184228 12.5044073 19.93184228 1 P 0
L 9.7296224 14.07988548 9.7301685 14.08043158 3 P 0
L 9.7359851 24.05758714 10.33539208 24.05758714 1 P 0
L 9.75157054 16.91878252 9.7535365 16.92074848 3 P 0
L 9.7536 20.77569632 9.7536 20.80426624 1 P 0
L 9.7536 20.77569632 9.95072432 20.578572 1 P 0
L 9.7536 34.6202 9.76049864 34.62709864 1 P 0
L 9.76049864 34.62709864 15.23470664 34.62709864 1 P 0
L 9.76129112 26.2636 13.4809992 26.2636 1 P 0
L 9.76660226 30.60109704 9.76857076 30.59912854 2 P 0
L 9.76660226 30.60109704 9.9638993 30.4038 2 P 0
L 9.76660226 31.92380204 9.76857076 31.92183354 2 P 0
L 9.76747602 24.892 9.85077532 24.8087007 0 P 0
L 9.76857076 31.92183354 10.06816122 31.92183354 2 P 0
L 9.7795207 23.79852746 9.95074464 23.79852746 1 P 0
L 9.78053162 21.54999246 9.95072686 21.54999246 1 P 0
L 9.79421968 38.29348196 9.80393772 38.3032 2 P 0
L 9.80000072 37.13090618 9.80000072 37.49999612 2 P 0
L 9.80196922 37.90196636 9.80393772 37.89999786 6 P 0
L 9.80515946 23.55736462 9.94336086 23.55736462 1 P 0
L 9.82679772 38.86500228 11.17299772 38.86500228 1 P 0
L 9.83343474 22.07429926 9.92642668 22.07429926 1 P 0
L 9.83695772 20.08424228 12.85583662 20.08424228 1 P 0
L 9.83972886 22.28351652 10.11977148 22.28351652 1 P 0
L 9.84076264 23.30623736 10.14154944 23.30623736 1 P 0
L 9.85077532 24.8087007 10.58677588 24.8087007 0 P 0
L 9.85968564 21.83571198 9.861296 21.83410162 1 P 0
L 9.861296 21.83410162 10.03593116 21.83410162 1 P 0
L 9.8806 26.5938 9.90809296 26.5938 3 P 0
L 9.88160838 27.5082 10.18119884 27.5082 3 P 0
L 9.89364036 20.30014228 10.140569 20.30014228 1 P 0
L 9.90776784 36.2692061 9.90776784 36.63145074 1 P 0
L 9.90776784 36.2692061 10.48431736 35.69265658 1 P 0
L 9.90776784 36.63145074 10.15631954 36.88000244 1 P 0
L 9.90809296 26.5938 9.9822127 26.51968026 3 P 0
L 9.92642668 22.07429926 9.95072432 22.05000162 1 P 0
L 9.93092502 25.0698 9.95072432 25.0500007 1 P 0
L 9.93905302 24.561673 9.95072432 24.5500017 1 P 0
L 9.9415092 53.467 9.94347516 53.46896596 3 P 0
L 9.9415092 56.3372 9.94347516 56.33916596 3 P 0
L 9.94336086 23.55736462 9.95072432 23.55000116 1 P 0
L 9.94608882 22.5546539 9.94608882 22.69830614 1 P 0
L 9.94608882 22.5546539 9.95072686 22.55001586 1 P 0
L 9.95072432 20.55000208 9.95072432 20.578572 1 P 0
L 9.95074464 23.79852746 9.9507548 23.7985173 1 P 0
L 9.9507548 23.7985173 10.14154944 23.7985173 1 P 0
L 9.9638993 30.4038 12.1666 30.4038 2 P 0
L 9.9710621 43.0599977 9.9730306 43.0619662 3 P 0
L 9.9730306 43.0619662 10.27262106 43.0619662 3 P 0
L 9.98168946 18.09948882 9.9822 18.09897828 3 P 0
L 9.9822127 26.51968026 10.24344408 26.51968026 3 P 0
L 9.9874832 21.21407746 10.01178084 21.18977982 1 P 0
L 10.01178084 21.18977982 10.17490218 21.18977982 1 P 0
L 10.03593116 21.83410162 10.03792252 21.83211026 1 P 0
L 10.03792252 21.83211026 10.11977148 21.83211026 1 P 0
L 10.0677472 20.8796001 10.25381998 20.69352732 1 P 0
L 10.06816122 31.92183354 10.07012718 31.91986758 2 P 0
L 10.11732038 26.80210794 10.14161802 26.7778103 1 P 0
L 10.11977148 21.83211026 10.14406912 21.80781262 1 P 0
L 10.11977148 22.28351652 10.14406912 22.30781416 1 P 0
L 10.1326315 14.0696315 10.13298456 14.06998456 3 P 0
L 10.13298456 14.06998456 10.44676854 14.06998456 3 P 0
L 10.14161802 26.7778103 10.2045897 26.7778103 1 P 0
L 10.15631954 36.88000244 10.20000246 36.92368536 1 P 0
L 10.17490218 21.18977982 10.31466822 21.05001378 1 P 0
L 10.18119884 27.5082 10.18316734 27.5062315 3 P 0
L 10.20000246 36.92368536 10.20000246 37.49999612 1 P 0
L 10.20000246 37.89999786 10.21374894 37.89999786 2 P 0
L 10.20000246 38.3032 10.47940246 38.5826 2 P 0
L 10.2045897 26.7778103 10.2108 26.7716 1 P 0
L 10.2104317 13.5128 14.44455836 13.5128 1 P 0
L 10.2108 26.7716 11.96913532 26.7716 1 P 0
L 10.21374894 37.89999786 10.31374874 37.99999766 2 P 0
L 10.21999988 36.39999832 10.22971792 36.40971636 2 P 0
L 10.22971792 36.40971636 10.39231602 36.40971636 2 P 0
L 10.25381998 20.69352732 10.39447502 20.69352732 1 P 0
L 10.27262106 43.0619662 10.27458702 43.06393216 3 P 0
L 10.28179808 19.4818 10.42259282 19.62259474 1 P 0
L 10.3004112 42.0260653 10.30237716 42.02803126 3 P 0
L 10.30237716 42.02803126 10.60196762 42.02803126 3 P 0
L 10.30540738 39.39999994 10.30737334 39.4019659 3 P 0
L 10.30737334 39.4019659 10.6069638 39.4019659 3 P 0
L 10.31374874 37.99999766 10.85500496 37.99999766 2 P 0
L 10.31466822 21.05001378 10.34046192 21.05001378 1 P 0
L 10.33539208 24.05758714 10.59446192 23.7985173 1 P 0
L 10.39231602 36.40971636 11.59999966 37.6174 2 P 0
L 10.39447502 20.69352732 10.41877266 20.66922968 1 P 0
L 10.42259282 19.62259474 11.81366192 19.62259474 1 P 0
L 10.43520392 45.65293384 10.43717242 45.65490234 3 P 0
L 10.43524456 14.50868066 10.72976264 14.21416258 1 P 0
L 10.43717242 45.65490234 10.73676288 45.65490234 3 P 0
L 10.44676854 14.06998456 10.4471216 14.07033762 3 P 0
L 10.47940246 38.5826 10.85500496 38.5826 2 P 0
L 10.48431736 35.69265658 12.86490188 35.69265658 1 P 0
L 10.49835594 14.66108066 10.79288418 14.36655242 1 P 0
L 10.50699194 19.29236426 10.55869872 19.34407104 1 P 0
L 10.52218876 27.29034166 10.6248708 27.3930237 1 P 0
L 10.55869872 19.34407104 10.59219878 19.34407104 1 P 0
L 10.56149018 14.8134705 10.72954166 14.64541902 1 P 0
L 10.58677588 24.8087007 10.59599862 24.81792344 0 P 0
L 10.59446192 20.91674252 10.59446192 23.1938449 2 P 0
L 10.59446192 20.91674252 11.23646216 20.27474228 2 P 0
L 10.59446192 23.1938449 10.84999862 23.4493816 2 P 0
L 10.60196762 42.02803126 10.60393612 42.02999976 3 P 0
L 10.6069638 39.4019659 10.6089323 39.4039344 3 P 0
L 10.6248708 27.3930237 10.63032672 27.3930237 1 P 0
L 10.66307494 31.75773684 10.6650409 31.75577088 3 P 0
L 10.66462688 13.05100514 10.6762296 13.03940242 3 P 0
L 10.6650409 31.75577088 10.96463136 31.75577088 3 P 0
L 10.6762296 13.03940242 11.07719654 13.03940242 3 P 0
L 10.68504594 28.5018353 10.6870119 28.50380126 3 P 0
L 10.6870119 28.50380126 10.98660236 28.50380126 3 P 0
L 10.70666134 29.29700262 10.7086273 29.29896858 6 P 0
L 10.7086273 29.29896858 11.00821776 29.29896858 6 P 0
L 10.7188 34.0868 10.72010302 34.08810302 3 P 0
L 10.72010302 34.08810302 10.72010302 34.39029698 3 P 0
L 10.72010302 34.39029698 10.72140604 34.3916 3 P 0
L 10.72954166 14.64540632 10.72954166 14.64541902 1 P 0
L 10.72954166 14.64540632 10.85600572 14.51894226 1 P 0
L 10.72976264 14.21416258 11.27662972 14.21416258 1 P 0
L 10.73676288 45.65490234 10.73872884 45.6568683 3 P 0
L 10.79288418 14.36655242 11.33975126 14.36655242 1 P 0
L 10.7976416 16.59201406 11.13365566 16.256 1 P 0
L 10.80651382 45.30646006 10.81365376 45.3136 1 P 0
L 10.81656714 19.00790966 10.87447152 19.06581404 1 P 0
L 10.84846192 21.44501172 11.21715054 21.81370034 1 P 0
L 10.8491655 21.05080372 10.86860412 21.0313651 3 P 0
L 10.84999862 23.4493816 10.84999862 25.0500007 2 P 0
L 10.85500496 37.99999766 12.17670666 37.99999766 2 P 0
L 10.85500496 38.5826 11.1252 38.5826 2 P 0
L 10.85600572 14.51894226 11.03485728 14.51894226 1 P 0
L 10.86357238 22.41568288 10.88783192 22.39142334 1 P 0
L 10.86424548 27.7260558 11.09676724 27.49353404 1 P 0
L 10.86860412 21.0313651 11.07548712 21.0313651 3 P 0
L 10.87447152 19.06581404 10.9014768 19.06581404 1 P 0
L 10.88783192 22.39142334 11.036427 22.39142334 1 P 0
L 10.9454315 14.7348321 10.9474 14.7368006 3 P 0
L 10.9474 14.7368006 11.24699046 14.7368006 3 P 0
L 10.96463136 31.75577088 10.96659986 31.75380238 3 P 0
L 10.97069434 28.18106378 11.1684308 28.37880024 1 P 0
L 10.98271616 22.74897914 11.15362006 22.74897914 1 P 0
L 10.98660236 28.50380126 10.98857086 28.50576976 3 P 0
L 10.99826604 18.84991404 11.1173768 18.9690248 1 P 0
L 11.00821776 29.29896858 11.01018626 29.30093708 6 P 0
L 11.02018624 18.65631016 11.35000016 18.98612408 1 P 0
L 11.02676992 44.51934962 11.02708996 44.51902958 1 P 0
L 11.02708996 44.51902958 11.3389791 44.51902958 1 P 0
L 11.03485728 14.51894226 11.03486744 14.51895242 1 P 0
L 11.03486744 14.51895242 13.62724732 14.51895242 1 P 0
L 11.036427 22.39142334 11.12784922 22.30000112 1 P 0
L 11.06099896 22.02857164 11.07171522 22.0392879 1 P 0
L 11.07060016 18.4912 11.59218662 19.01278646 1 P 0
L 11.07171522 22.0392879 11.33928898 22.0392879 1 P 0
L 11.07548712 21.0313651 11.15185222 20.955 3 P 0
L 11.07719654 13.03940242 11.08879926 13.0277997 3 P 0
L 11.09218762 19.34407104 11.11648526 19.3197734 1 P 0
L 11.09285056 21.2593047 11.09285056 21.27607886 1 P 0
L 11.09285056 21.27607886 11.34901718 21.53224548 1 P 0
L 11.09676724 27.49353404 11.89017688 27.49353404 1 P 0
L 11.10399862 24.7904 11.10755208 24.7904 3 P 0
L 11.10755208 24.7904 11.3489359 24.54901618 3 P 0
L 11.10801436 46.02530546 11.16928678 45.96403304 1 P 0
L 11.11648526 19.23682462 11.11648526 19.3197734 1 P 0
L 11.11648526 19.23682462 11.1173768 19.23593308 1 P 0
L 11.1173768 18.9690248 11.1173768 19.23593308 1 P 0
L 11.12784922 22.30000112 11.16216208 22.30000112 1 P 0
L 11.13365566 16.256 13.0294761 16.256 1 P 0
L 11.13372424 18.3388 11.82570152 19.03077728 1 P 0
L 11.15185222 20.955 11.1544227 20.955 3 P 0
L 11.15362006 22.74897914 11.35730774 22.54529146 1 P 0
L 11.1684308 28.37880024 11.67562816 28.37880024 1 P 0
L 11.16928678 45.96403304 13.9446 45.96403304 1 P 0
L 11.17299772 38.86500228 11.684 38.354 1 P 0
L 11.19999538 18.09999936 11.20333294 18.10333692 3 P 0
L 11.20333294 18.10333692 11.52440164 18.10333692 3 P 0
L 11.21715054 21.81370034 11.6005864 21.81370034 1 P 0
L 11.23646216 20.27474228 12.93474426 20.27474228 2 P 0
L 11.24699046 14.7368006 11.24895642 14.73876656 3 P 0
L 11.27662972 14.21416258 11.5796822 13.9111101 1 P 0
L 11.29647474 16.70393408 11.2984407 16.70196812 3 P 0
L 11.2984407 16.70196812 11.59803116 16.70196812 3 P 0
L 11.3389791 44.51902958 11.3392966 44.51871208 1 P 0
L 11.33928898 22.0392879 11.34901718 22.0490161 1 P 0
L 11.33975126 14.36655242 11.64279358 14.0635101 1 P 0
L 11.3489359 24.54901618 11.35248682 24.54901618 3 P 0
L 11.34901718 21.53224548 11.34901718 21.54901456 1 P 0
L 11.35000016 18.98612408 11.35000016 19.15074656 1 P 0
L 11.35000016 36.64021882 11.64661882 36.64021882 1 P 0
L 11.35098314 23.55098668 11.35098314 23.55625464 1 P 0
L 11.35098314 23.55625464 11.564366 23.7696375 1 P 0
L 11.38362976 31.1404 11.40006864 31.15683888 1 P 0
L 11.46307588 29.20773432 11.46504184 29.20576836 3 P 0
L 11.46504184 29.20576836 11.7646323 29.20576836 3 P 0
L 11.46659886 30.861 13.26660034 30.861 1 P 0
L 11.49983984 15.3924 11.80813488 15.3924 3 P 0
L 11.5132358 27.26162442 11.81282626 27.26162442 3 P 0
L 11.51590788 39.099998 12.0820053 38.53390058 1 P 0
L 11.5216305 27.7133685 11.523599 27.7114 3 P 0
L 11.523599 27.7114 11.82318946 27.7114 3 P 0
L 11.52440164 18.10333692 11.52773666 18.10667194 3 P 0
L 11.5249198 25.28883182 11.55782042 25.2559312 1 P 0
L 11.54251184 28.84596466 11.88876464 28.84596466 2 P 0
L 11.54273536 23.03518634 11.55014454 23.04259552 3 P 0
L 11.55014454 23.04259552 11.84259252 23.04259552 3 P 0
L 11.557 20.955 11.55865862 20.95665862 3 P 0
L 11.55782042 25.2559312 11.59218662 25.2559312 1 P 0
L 11.55865862 20.95665862 11.73066488 20.95665862 3 P 0
L 11.564366 23.7696375 11.564366 23.77490292 1 P 0
L 11.5796822 13.9111101 12.18586082 13.9111101 1 P 0
L 11.59218662 19.01278646 11.59218662 19.34407104 1 P 0
L 11.59803116 16.70196812 11.59999966 16.69999962 3 P 0
L 11.6235988 24.2665377 11.62886422 24.2665377 1 P 0
L 11.6244243 17.8562 12.34999816 18.58177386 1 P 0
L 11.62886422 24.2665377 11.84224708 24.05315484 1 P 0
L 11.63563332 22.32509886 11.63563332 22.33036428 1 P 0
L 11.63563332 22.33036428 11.84901618 22.54374714 1 P 0
L 11.64279358 14.0635101 12.12273674 14.0635101 1 P 0
L 11.64661882 36.64021882 12.7 37.6936 1 P 0
L 11.684 38.354 12.8016 38.354 1 P 0
L 11.68754838 17.7038 12.8499997 18.86625132 1 P 0
L 11.73066488 20.95665862 11.82400734 21.05000108 3 P 0
L 11.73221936 14.27939994 11.73418786 14.28136844 3 P 0
L 11.73418786 14.28136844 12.03377832 14.28136844 3 P 0
L 11.74721044 39.27495828 11.7491764 39.27692424 2 P 0
L 11.7491764 39.27692424 12.04876686 39.27692424 2 P 0
L 11.75067246 17.5514 12.85558262 18.65631016 1 P 0
L 11.7646323 29.20576836 11.7666008 29.20379986 3 P 0
L 11.81366192 19.62259474 12.09218562 19.34407104 1 P 0
L 11.82318946 27.7114 11.82515542 27.70943404 3 P 0
L 11.82400734 21.05000108 11.84999916 21.05000108 3 P 0
L 11.82570152 19.03077728 11.82570152 19.12370318 1 P 0
L 11.82570152 19.12370318 11.84999916 19.14800082 1 P 0
L 11.8364 12.85180056 12.28739986 12.4008007 3 P 0
L 11.84224708 24.05315484 11.84751504 24.05315484 1 P 0
L 11.84259252 23.04259552 11.84999916 23.05000216 3 P 0
L 11.84651682 25.5016 12.09218562 25.2559312 1 P 0
L 11.84901618 22.54374714 11.84901618 22.5490151 1 P 0
L 11.84999916 21.55000008 11.85196766 21.54803158 3 P 0
L 11.85002456 23.54330826 11.8512717 23.5445554 3 P 0
L 11.85100754 20.54896068 11.85100754 20.55422864 1 P 0
L 11.85100754 20.55422864 12.0643904 20.7676115 1 P 0
L 11.8512717 23.5445554 12.3177554 23.5445554 3 P 0
L 11.85196766 21.54803158 12.15155812 21.54803158 3 P 0
L 11.86307508 29.99986634 11.86504104 30.0018323 6 P 0
L 11.86504104 30.0018323 12.1646315 30.0018323 6 P 0
L 11.87147232 17.0840654 11.87343828 17.08603136 3 P 0
L 11.87343828 17.08603136 12.17302874 17.08603136 3 P 0
L 11.8745381 27.01800794 11.92022 27.06368984 1 P 0
L 11.88876464 28.84596466 12.1666 29.12380002 2 P 0
L 11.89017688 27.49353404 12.07871092 27.305 1 P 0
L 11.92022 27.06368984 13.1548886 27.06368984 1 P 0
L 11.94107848 39.69387794 12.94865584 38.68630058 1 P 0
L 11.96913532 26.7716 12.10882516 26.91128984 1 P 0
L 11.99943244 25.654 12.5984 25.05503244 1 P 0
L 11.99999886 16.69999962 12.00196736 16.70196812 3 P 0
L 12.00196736 16.70196812 12.30155782 16.70196812 3 P 0
L 12.03377832 14.28136844 12.03574428 14.2833344 3 P 0
L 12.04876686 39.27692424 12.05073536 39.27889274 2 P 0
L 12.06255652 25.8064 12.7508 25.11815652 1 P 0
L 12.0643904 20.7676115 12.0643904 20.77287692 1 P 0
L 12.07871092 27.305 12.3952 27.305 1 P 0
L 12.0820053 38.53390058 13.47756766 38.53390058 1 P 0
L 12.0932321 33.3530321 12.3444 33.6042 1 P 0
L 12.10882516 26.91128984 13.03034986 26.91128984 1 P 0
L 12.12273674 14.0635101 12.36462602 14.30539938 1 P 0
L 12.1275856 24.2710462 12.13285102 24.2710462 1 P 0
L 12.13285102 24.2710462 12.34623388 24.05766334 1 P 0
L 12.14879968 26.54810032 12.3595892 26.75888984 1 P 0
L 12.15155812 21.54803158 12.15352408 21.54606562 3 P 0
L 12.15681592 19.77944228 12.59218716 19.34407104 1 P 0
L 12.1646315 30.0018323 12.1666 30.0038008 6 P 0
L 12.1666 29.12380002 12.1666 29.60379906 2 P 0
L 12.17302874 17.08603136 12.17499724 17.08799986 3 P 0
L 12.18586082 13.9111101 12.4277501 14.15299938 1 P 0
L 12.28739986 12.4008007 14.1659991 12.4008007 3 P 0
L 12.30155782 16.70196812 12.30352378 16.70393408 3 P 0
L 12.3177554 23.5445554 12.319 23.5458 3 P 0
L 12.34623388 24.05766334 12.35150184 24.05766334 1 P 0
L 12.34999816 18.58177386 12.34999816 19.15072624 1 P 0
L 12.34999816 21.05000108 12.35196666 21.04803258 3 P 0
L 12.35196666 21.04803258 12.65155712 21.04803258 3 P 0
L 12.35347034 20.55100538 12.3703715 20.55100538 1 P 0
L 12.3595892 26.75888984 12.96722578 26.75888984 1 P 0
L 12.36462602 14.30539938 13.7091039 14.30539938 1 P 0
L 12.3703715 20.55100538 12.56763806 20.74827194 1 P 0
L 12.4277501 14.15299938 13.77222798 14.15299938 1 P 0
L 12.4846334 27.70576882 12.4866019 27.70380032 2 P 0
L 12.4866019 27.70380032 12.78619236 27.70380032 2 P 0
L 12.4866019 28.50380126 12.83527024 28.50380126 2 P 0
L 12.5044073 19.93184228 13.09218362 19.34406596 1 P 0
L 12.5416056 22.55099122 12.5421009 22.55049592 3 P 0
L 12.5421009 22.55049592 12.8495044 22.55049592 3 P 0
L 12.54647478 22.05393608 12.54844074 22.05197012 3 P 0
L 12.54844074 22.05197012 12.8480312 22.05197012 3 P 0
L 12.55769904 23.30015914 12.56534952 23.30780962 1 P 0
L 12.5646434 29.2018212 12.5666119 29.2037897 1 P 0
L 12.5646434 29.60575994 12.5666119 29.60379144 3 P 0
L 12.56534952 23.30780962 12.56534952 23.76674952 1 P 0
L 12.56534952 23.76674952 12.573 23.7744 1 P 0
L 12.56660174 30.0038008 12.58034822 30.0038008 2 P 0
L 12.56660174 30.4038 12.56857024 30.4018315 2 P 0
L 12.5666119 29.2037897 12.86620236 29.2037897 1 P 0
L 12.5666119 29.60379144 12.86620236 29.60379144 3 P 0
L 12.56763806 20.74827194 12.58454176 20.74827194 1 P 0
L 12.56857024 30.4018315 12.8681607 30.4018315 2 P 0
L 12.58034822 30.0038008 12.68034802 30.1038006 2 P 0
L 12.5984 24.08608594 12.5984 25.05503244 1 P 0
L 12.5984 24.08608594 12.8499997 23.83448624 1 P 0
L 12.6283339 17.399 14.34999924 19.12066534 1 P 0
L 12.63371616 25.9588 12.7506095 25.84190666 1 P 0
L 12.65155712 21.04803258 12.65352308 21.04606662 3 P 0
L 12.66660154 33.98380046 14.56659774 33.98380046 2 P 0
L 12.68034802 30.1038006 13.26660034 30.1038006 2 P 0
L 12.7 37.6936 12.7 37.99999766 1 P 0
L 12.7506095 25.84190666 12.7849757 25.84190666 1 P 0
L 12.7508 24.14921002 12.7508 25.11815652 1 P 0
L 12.7508 24.14921002 13.34999616 23.55001386 1 P 0
L 12.78619236 27.70380032 12.78815832 27.70183436 2 P 0
L 12.8016 38.354 13.47756766 37.67803234 1 P 0
L 12.82099798 26.1112 13.05719766 25.87500032 1 P 0
L 12.83527024 28.50380126 13.96028196 29.62881298 2 P 0
L 12.8480312 22.05197012 12.8499997 22.05000162 3 P 0
L 12.8495044 22.55049592 12.8499997 22.55000062 3 P 0
L 12.8499997 18.86625132 12.8499997 19.15072624 1 P 0
L 12.8499997 23.55000116 12.8499997 23.83448624 1 P 0
L 12.85558262 18.65631016 13.4868158 18.65631016 1 P 0
L 12.85583662 20.08424228 13.59853008 19.34154882 1 P 0
L 12.8568196 20.55725886 12.8568196 20.56252682 1 P 0
L 12.8568196 20.56252682 13.07020246 20.77590968 1 P 0
L 12.86490188 35.69265658 12.9225802 35.7503349 1 P 0
L 12.86620236 29.60379144 12.86816832 29.60182548 3 P 0
L 12.8681607 30.4018315 12.87012666 30.39986554 2 P 0
L 12.86966946 29.20575566 12.87913604 29.21522224 1 P 0
L 12.8778 26.543 12.8795526 26.5412474 1 P 0
L 12.87913604 29.21522224 13.0131312 29.21522224 1 P 0
L 12.8795526 26.5412474 13.18084486 26.5412474 1 P 0
L 12.9225802 35.7503349 12.9569464 35.7503349 1 P 0
L 12.93474426 20.27474228 13.159486 20.05000054 2 P 0
L 12.94865584 38.68630058 13.76740706 38.68630058 1 P 0
L 12.96722578 26.75888984 12.96731722 26.7587984 1 P 0
L 12.96731722 26.7587984 16.70453352 26.7587984 1 P 0
L 13.0131312 29.21522224 13.6860915 29.88818254 1 P 0
L 13.0294761 16.256 13.716 16.9425239 1 P 0
L 13.03034986 26.91128984 13.0304413 26.9111984 1 P 0
L 13.0304413 26.9111984 14.6826224 26.9111984 1 P 0
L 13.03904682 15.9766 13.8684 16.80595318 1 P 0
L 13.04281364 15.1182705 13.60373708 15.67919394 1 P 0
L 13.04647378 25.05393516 13.04843974 25.0519692 3 P 0
L 13.04843974 25.0519692 13.3480302 25.0519692 3 P 0
L 13.05370262 37.06315676 14.22662128 35.8902381 1 P 0
L 13.05719766 25.87500032 13.41482966 25.87500032 1 P 0
L 13.07020246 20.77590968 13.07020246 20.7811751 1 P 0
L 13.081 39.1922 13.09556436 39.20676436 1 P 0
L 13.09556436 39.20676436 13.47756766 39.20676436 1 P 0
L 13.10593772 14.9658705 13.66686116 15.52679394 1 P 0
L 13.12509694 24.264366 13.13036236 24.264366 1 P 0
L 13.13036236 24.264366 13.34374522 24.05098314 1 P 0
L 13.15005752 27.95962658 13.15559472 27.95408938 1 P 0
L 13.1548886 27.06368984 13.41556372 27.32436496 1 P 0
L 13.159486 20.05000054 14.34999924 20.05000054 2 P 0
L 13.18084486 26.5412474 13.1826 26.53949226 1 P 0
L 13.19686464 18.87221016 13.19686464 18.90657636 1 P 0
L 13.19686464 18.90657636 13.32570106 19.03541278 1 P 0
L 13.208 21.4122 13.52455766 21.4122 1 P 0
L 13.24902608 23.23246306 13.25380128 23.23723826 3 P 0
L 13.25380128 23.23723826 13.65986346 23.23723826 3 P 0
L 13.25419498 15.7607 13.47748892 15.98399394 1 P 0
L 13.26307482 31.75773684 13.26504078 31.75577088 3 P 0
L 13.2640324 11.72723334 13.26913526 11.7323362 3 P 0
L 13.26504078 31.75577088 13.56463124 31.75577088 3 P 0
L 13.26660034 30.1038006 14.56660028 30.1038006 2 P 0
L 13.26660034 30.861 16.5608 30.861 1 P 0
L 13.26913526 11.7323362 13.5651621 11.7323362 3 P 0
L 13.31731906 15.6083 13.540613 15.83159394 1 P 0
L 13.32570106 19.03541278 13.32570106 19.1264286 1 P 0
L 13.32570106 19.1264286 13.3499987 19.15072624 1 P 0
L 13.34374522 24.05098314 13.34901318 24.05098314 1 P 0
L 13.3480302 25.0519692 13.3499987 25.0500007 3 P 0
L 13.3499987 22.05000162 13.3519672 22.05197012 3 P 0
L 13.3499987 22.55000062 13.3519672 22.54803212 3 P 0
L 13.3499987 24.5500017 13.56338156 24.76338456 3 P 0
L 13.3499987 25.0444 13.3499987 25.04720162 3 P 0
L 13.35097914 20.55100538 13.35097914 20.55627334 1 P 0
L 13.35097914 20.55627334 13.564362 20.7696562 1 P 0
L 13.35097914 21.05758552 13.35784476 21.0507199 1 P 0
L 13.3519672 22.05197012 13.65155766 22.05197012 3 P 0
L 13.3519672 22.54803212 13.65155766 22.54803212 3 P 0
L 13.35784476 21.0507199 13.70921566 21.0507199 1 P 0
L 13.47748892 15.98399394 14.142212 15.98399394 1 P 0
L 13.47756766 37.67803234 13.4877937 37.6678063 1 P 0
L 13.47756766 38.53390058 13.58639904 38.53390058 1 P 0
L 13.47756766 39.20676436 13.81564928 39.20676436 1 P 0
L 13.4809992 26.2636 13.6587992 26.0858 1 P 0
L 13.4868158 18.65631016 13.63058996 18.80008432 1 P 0
L 13.4877937 37.6678063 14.5796 36.576 1 P 0
L 13.52455766 21.4122 13.8820398 21.76968214 1 P 0
L 13.5265033 38.9717407 13.91736104 38.9717407 1 P 0
L 13.540613 15.83159394 14.20533608 15.83159394 1 P 0
L 13.56338156 24.76338456 13.56338156 24.76864998 3 P 0
L 13.56463124 31.75577088 13.56659974 31.75380238 3 P 0
L 13.5651621 11.7323362 13.57026496 11.73743906 3 P 0
L 13.58639904 38.53390058 14.15249392 37.9678057 1 P 0
L 13.59411302 13.7414 14.31802318 14.46531016 3 P 0
L 13.60373708 15.67919394 14.26846016 15.67919394 1 P 0
L 13.61500706 39.56780504 13.78384086 39.73663884 1 P 0
L 13.62724732 14.51895242 14.0434949 14.9352 1 P 0
L 13.63058996 18.80008432 13.8391519 19.00864626 1 P 0
L 13.65155766 22.05197012 13.65352362 22.05393608 3 P 0
L 13.65155766 22.54803212 13.65352362 22.54606616 3 P 0
L 13.65986346 23.23723826 13.66463866 23.24201346 3 P 0
L 13.66686116 15.52679394 14.33158424 15.52679394 1 P 0
L 13.6860915 29.88818254 14.18221954 29.88818254 1 P 0
L 13.7091039 14.30539938 14.18651468 14.78281016 1 P 0
L 13.70921566 21.0507199 13.7150983 21.04483726 1 P 0
L 13.716 16.9425239 13.716 17.57083354 1 P 0
L 13.716 17.57083354 13.755624 17.61045754 1 P 0
L 13.755624 17.61045754 13.755624 17.86093964 1 P 0
L 13.755624 17.86093964 14.5921857 18.69750134 1 P 0
L 13.76740706 38.68630058 13.78284518 38.67086246 1 P 0
L 13.77222798 14.15299938 14.24963876 14.63041016 1 P 0
L 13.78384086 39.73663884 13.94039376 39.73663884 1 P 0
L 13.7922 23.42128158 13.7922 25.47857744 1 P 0
L 13.7922 23.42128158 13.8820398 23.33144178 1 P 0
L 13.7922 25.47857744 14.263624 25.95000144 1 P 0
L 13.81564928 39.20676436 13.95789436 39.34900944 1 P 0
L 13.8391519 19.00864626 13.8391519 19.1398779 1 P 0
L 13.8391519 19.1398779 13.85000024 19.15072624 1 P 0
L 13.8684 16.80595318 13.8684 17.50770946 1 P 0
L 13.8684 17.50770946 14.18866352 17.82797298 1 P 0
L 13.8820398 21.76968214 13.8820398 23.33144178 1 P 0
L 13.94039376 39.73663884 13.9646914 39.76093648 1 P 0
L 13.95789436 39.34900944 13.97872998 39.34900944 1 P 0
L 13.96028196 29.62881298 13.96028196 29.6498645 2 P 0
L 13.96028196 29.6498645 13.97 29.65958254 2 P 0
L 14.0434949 14.9352 14.35035738 14.9352 1 P 0
L 14.04647432 21.04606662 14.04844028 21.04803258 3 P 0
L 14.04647432 23.55393562 14.04844028 23.55196966 3 P 0
L 14.04844028 21.04803258 14.34803074 21.04803258 3 P 0
L 14.04844028 23.55196966 14.34803074 23.55196966 3 P 0
L 14.10210032 24.80526916 14.10210032 25.21555536 3 P 0
L 14.10210032 25.21555536 14.10236448 25.21581952 3 P 0
L 14.12509748 24.264366 14.1303629 24.264366 3 P 0
L 14.1303502 22.76437408 14.34373306 22.55099122 3 P 0
L 14.1303629 24.264366 14.34374576 24.05098314 3 P 0
L 14.142212 15.98399394 14.824583 16.66636494 1 P 0
L 14.14839944 17.2974 14.15036794 17.2954315 3 P 0
L 14.15036794 17.2954315 14.4499584 17.2954315 3 P 0
L 14.1683994 16.637 14.1754098 16.6299896 3 P 0
L 14.17003262 13.08189154 14.6304 13.08189154 4 P 0
L 14.1754098 16.6299896 14.46885346 16.6299896 3 P 0
L 14.18221954 29.88818254 14.41261786 29.65778422 1 P 0
L 14.18651468 14.78281016 14.41347892 14.78281016 1 P 0
L 14.18866352 17.82797298 14.6941667 17.82797298 1 P 0
L 14.20533608 15.83159394 14.976983 16.60324086 1 P 0
L 14.22662128 35.8902381 17.31007968 35.8902381 1 P 0
L 14.24963876 14.63041016 14.476603 14.63041016 1 P 0
L 14.252956 38.7717411 14.25492196 38.76977514 3 P 0
L 14.252956 39.16387138 14.25492196 39.16583734 3 P 0
L 14.25492196 38.76977514 14.55451242 38.76977514 3 P 0
L 14.25492196 39.16583734 14.55451242 39.16583734 3 P 0
L 14.26307282 31.8927353 14.26503878 31.89076934 2 P 0
L 14.26503878 31.89076934 14.56462924 31.89076934 2 P 0
L 14.26846016 15.67919394 15.129383 16.54011678 1 P 0
L 14.3002 18.09999936 14.30333436 18.10313372 3 P 0
L 14.30333436 18.10313372 14.62659254 18.10313372 3 P 0
L 14.31802318 14.46531016 14.59231016 14.46531016 3 P 0
L 14.33158424 15.52679394 15.281783 16.4769927 1 P 0
L 14.34374576 24.05098314 14.34901372 24.05098314 3 P 0
L 14.34803074 21.04803258 14.34999924 21.05000108 3 P 0
L 14.34803074 23.55196966 14.34999924 23.55000116 3 P 0
L 14.34999924 19.12066534 14.34999924 19.15072624 1 P 0
L 14.34999924 21.55000008 14.35196774 21.55196858 3 P 0
L 14.34999924 23.05000216 14.35196774 23.05197066 3 P 0
L 14.34999924 25.44647438 14.34999924 25.449276 3 P 0
L 14.34999924 25.449276 14.3565118 25.449276 3 P 0
L 14.35035738 14.9352 15.5194 16.10424262 1 P 0
L 14.35196774 21.55196858 14.6515582 21.55196858 3 P 0
L 14.35196774 23.05197066 14.6515582 23.05197066 3 P 0
L 14.3565118 25.449276 14.58996828 25.21581952 3 P 0
L 14.38336976 37.1950361 14.39794936 37.2096157 0 P 0
L 14.39773854 39.9383504 14.39773854 39.96584336 3 P 0
L 14.39773854 39.9383504 14.5331053 39.80298364 3 P 0
L 14.39794936 37.2096157 14.39794936 37.26349672 0 P 0
L 14.39794936 37.26349672 14.40318176 37.26872912 0 P 0
L 14.40318176 37.26872912 14.40318176 38.25283434 0 P 0
L 14.40318176 38.25283434 14.62160144 38.47125402 0 P 0
L 14.41261786 29.65778422 15.28844288 29.65778422 1 P 0
L 14.41347892 14.78281016 15.6718 16.04113124 1 P 0
L 14.44455836 13.5128 14.79391758 13.86215922 1 P 0
L 14.4499584 17.2954315 14.45192436 17.29346554 3 P 0
L 14.46885346 16.6299896 14.4758664 16.62297666 3 P 0
L 14.476603 14.63041016 15.8242 15.97800716 1 P 0
L 14.5331053 39.58724366 14.5331053 39.80298364 3 P 0
L 14.5331053 39.58724366 14.55254392 39.56780504 3 P 0
L 14.55451242 38.76977514 14.55648092 38.76780664 3 P 0
L 14.55451242 39.16583734 14.55648092 39.16780584 3 P 0
L 14.56462924 31.89076934 14.56659774 31.88880084 2 P 0
L 14.58996828 25.21581952 14.599285 25.21581952 3 P 0
L 14.5921857 18.69750134 14.5921857 19.34407104 1 P 0
L 14.59231016 14.46531016 15.21553218 15.08853218 3 P 0
L 14.62160144 38.47125402 15.06175296 38.47125402 0 P 0
L 14.6236309 26.4941685 14.6255994 26.4922 3 P 0
L 14.6255994 26.4922 14.92518986 26.4922 3 P 0
L 14.62659254 18.10313372 14.62972436 18.10626554 3 P 0
L 14.6303619 22.26436746 14.84374476 22.0509846 3 P 0
L 14.6304 13.08189154 14.9098 12.80249154 4 P 0
L 14.6515582 21.55196858 14.65352416 21.55393454 3 P 0
L 14.6515582 23.05197066 14.65352416 23.05393662 3 P 0
L 14.6826224 26.9111984 14.81467954 27.04325554 1 P 0
L 14.68412608 37.13187392 14.68412608 37.5678065 1 P 0
L 14.68412608 37.13187392 15.0876 36.7284 1 P 0
L 14.6941667 17.82797298 14.84999824 17.98380452 1 P 0
L 14.75256892 38.12851404 14.75256892 38.16288024 1 P 0
L 14.75256892 38.12851404 14.85671654 38.02436642 1 P 0
L 14.76399638 23.40345078 14.76399638 24.0683542 1 P 0
L 14.76399638 23.40345078 15.55498032 22.61246684 1 P 0
L 14.76399638 24.0683542 15.3416 24.64595782 1 P 0
L 14.79253328 38.96788498 14.81779104 38.96788498 3 P 0
L 14.79391758 13.86215922 16.2051619 13.86215922 1 P 0
L 14.81467954 27.04325554 17.63972088 27.04325554 1 P 0
L 14.81779104 38.96788498 15.00979472 38.7758813 3 P 0
L 14.824583 16.66636494 14.824583 17.44003116 1 P 0
L 14.824583 17.44003116 15.34999978 17.96544794 1 P 0
L 14.84374476 22.0509846 14.84901272 22.0509846 3 P 0
L 14.84999824 17.98380452 14.84999824 19.15072624 1 P 0
L 14.84999824 25.44647438 14.84999824 25.449276 3 P 0
L 14.84999824 25.449276 14.8565108 25.449276 3 P 0
L 14.85098122 21.0509866 14.85098122 21.05625456 1 P 0
L 14.85098122 21.05625456 15.06436408 21.26963742 1 P 0
L 14.85098122 22.55098614 14.85098122 22.5562541 3 P 0
L 14.85098376 22.5509836 14.85625172 22.5509836 3 P 0
L 14.85625172 22.5509836 15.06963458 22.76436646 3 P 0
L 14.8565108 25.449276 15.08996728 25.21581952 3 P 0
L 14.85671654 37.85294944 14.85671654 38.02436642 1 P 0
L 14.85671654 37.85294944 14.88101418 37.8286518 1 P 0
L 14.9098 9.8552 14.9098 12.80249154 4 P 0
L 14.9098 9.8552 15.56960056 9.19539944 4 P 0
L 14.92518986 26.4922 14.92715582 26.49023404 3 P 0
L 14.94865692 39.46620504 14.95062542 39.46423654 3 P 0
L 14.95062542 39.46423654 15.25021588 39.46423654 3 P 0
L 14.95513392 37.36707538 15.15988078 37.16232852 1 P 0
L 14.976983 16.60324086 14.976983 17.37690708 1 P 0
L 14.976983 17.37690708 15.50239978 17.90232386 1 P 0
L 15.00979472 38.7758813 15.03505248 38.7758813 3 P 0
L 15.03830114 35.44164616 15.0402671 35.44361212 3 P 0
L 15.0402671 35.44361212 15.33985756 35.44361212 3 P 0
L 15.0622 23.33873158 15.0622 23.749 3 P 0
L 15.0622 23.33873158 15.72138842 22.67954316 3 P 0
L 15.06307884 33.98773238 15.0650448 33.98576642 2 P 0
L 15.0650448 33.98576642 15.36463526 33.98576642 2 P 0
L 15.06963458 22.76436646 15.0749 22.76436646 3 P 0
L 15.07686596 21.8152345 15.09110012 21.8152345 1 P 0
L 15.08506 46.70104706 15.0876 46.70358706 0 P 0
L 15.0876 36.7284 15.23901702 36.57698298 1 P 0
L 15.0876 46.70358706 15.0876 47.0408 0 P 0
L 15.08996728 25.21581952 15.099284 25.21581952 3 P 0
L 15.09110012 21.8152345 15.32484108 21.58149354 1 P 0
L 15.1014684 19.34155136 15.55498032 19.79506328 1 P 0
L 15.129383 16.54011678 15.129383 17.31226662 1 P 0
L 15.129383 17.31226662 16.06879184 18.25167546 1 P 0
L 15.15162578 39.96682888 15.1526113 39.96584336 3 P 0
L 15.1526113 39.96584336 15.46067266 39.96584336 3 P 0
L 15.15988078 37.16232598 15.15988078 37.16232852 1 P 0
L 15.15988078 37.16232598 15.39060676 36.9316 1 P 0
L 15.21553218 15.08853218 16.1117407 15.08853218 3 P 0
L 15.23470664 34.62709864 15.24160274 34.63399474 1 P 0
L 15.23901702 36.57698298 17.5953293 36.57698298 1 P 0
L 15.25021588 39.46423654 15.25218184 39.46227058 3 P 0
L 15.281783 16.4769927 15.281783 17.24914254 1 P 0
L 15.281783 17.24914254 15.62688772 17.59424726 1 P 0
L 15.32484108 21.58149354 15.33908032 21.58149354 1 P 0
L 15.33985756 35.44361212 15.34182606 35.44558062 3 P 0
L 15.3416 24.64595782 15.3416 26.2636 1 P 0
L 15.34870692 38.76780664 15.35067542 38.76977514 3 P 0
L 15.34870692 39.16780584 15.35067542 39.16583734 3 P 0
L 15.34999978 17.96544794 15.34999978 19.15072624 1 P 0
L 15.34999978 24.05000016 15.86044072 24.05000016 3 P 0
L 15.35067542 38.76977514 15.65026588 38.76977514 3 P 0
L 15.35067542 39.16583734 15.65026588 39.16583734 3 P 0
L 15.3509853 23.54901818 15.3509853 23.55118734 3 P 0
L 15.3509853 23.55118734 15.621 23.82120204 3 P 0
L 15.35264392 37.34761898 15.35264392 38.36780744 0 P 0
L 15.35264392 37.34761898 15.50838656 37.19187634 0 P 0
L 15.36463526 33.98576642 15.36660376 33.98379792 2 P 0
L 15.39060676 36.9316 17.526 36.9316 1 P 0
L 15.46067266 39.96584336 15.4658568 39.96065922 3 P 0
L 15.50239978 17.90232386 15.50239978 18.80216458 1 P 0
L 15.50239978 18.80216458 15.85098176 19.15074656 1 P 0
L 15.5194 16.10424262 15.5194 17.27124816 1 P 0
L 15.5194 17.27124816 16.4592 18.21104816 1 P 0
L 15.55498032 19.79506328 15.55498032 22.61246684 1 P 0
L 15.56960056 9.19539944 17.42439238 9.19539944 4 P 0
L 15.58788348 23.33929038 15.71397924 23.46538614 3 P 0
L 15.621 23.82120204 15.621 23.82140016 3 P 0
L 15.62688772 17.59424726 15.62688772 17.59425996 1 P 0
L 15.62688772 17.59425996 16.28601264 18.25338488 1 P 0
L 15.65026588 38.76977514 15.65223184 38.7717411 3 P 0
L 15.65026588 39.16583734 15.65223184 39.16387138 3 P 0
L 15.65153334 29.83705234 15.66025824 29.82832744 1 P 0
L 15.66025824 29.82832744 16.00128118 29.82832744 1 P 0
L 15.6718 16.04113124 15.6718 17.20812408 1 P 0
L 15.6718 17.20812408 16.6116 18.14792408 1 P 0
L 15.71397924 23.46538614 15.94657212 23.46538614 3 P 0
L 15.72138842 19.59104286 15.72138842 22.67954316 3 P 0
L 15.7226 26.10506082 15.7226 26.1366 1 P 0
L 15.7226 26.10506082 15.84999878 25.97766204 1 P 0
L 15.8242 15.97800716 15.8242 17.145 1 P 0
L 15.8242 17.145 16.764 18.0848 1 P 0
L 15.84999878 23.05000216 15.85125354 23.0487474 3 P 0
L 15.84999878 24.5500017 15.84999878 25.7999992 1 P 0
L 15.84999878 24.5500017 16.7249983 23.67500218 1 P 0
L 15.84999878 25.7999992 15.84999878 25.97766204 1 P 0
L 15.85125354 23.0487474 16.2354387 23.0487474 3 P 0
L 15.86044072 24.05000016 16.5598983 23.35054258 3 P 0
L 16.00128118 29.82832744 16.01000862 29.8196 1 P 0
L 16.05592166 20.29218192 16.28601264 20.06209094 1 P 0
L 16.05592166 21.29220532 16.6116 20.73652698 1 P 0
L 16.05592928 19.792188 16.06879184 19.77932544 1 P 0
L 16.05592928 20.79218854 16.05593182 20.79218854 1 P 0
L 16.05593182 20.79218854 16.4592 20.38892036 1 P 0
L 16.06289904 16.11850218 16.06814922 16.12375236 3 P 0
L 16.06814922 16.12375236 16.39384072 16.12375236 3 P 0
L 16.06879184 18.25167546 16.06879184 19.77932544 1 P 0
L 16.08128864 15.69623226 16.08177378 15.6967174 3 P 0
L 16.08177378 15.6967174 16.39663726 15.6967174 3 P 0
L 16.1117407 15.08853218 16.93572432 15.9125158 3 P 0
L 16.2051619 13.86215922 16.34609888 14.0030962 1 P 0
L 16.22932492 32.29665118 16.23895152 32.28702458 1 P 0
L 16.2354387 23.0487474 16.236696 23.0474901 3 P 0
L 16.25025706 21.55001786 16.25738176 21.54289316 1 P 0
L 16.25738176 21.40421424 16.25738176 21.54289316 1 P 0
L 16.25738176 21.40421424 16.599916 21.06168 1 P 0
L 16.28601264 18.25338488 16.28601264 20.06209094 1 P 0
L 16.34609888 14.0030962 16.34609888 15.08940594 1 P 0
L 16.34609888 15.08940594 17.10082432 15.84413138 1 P 0
L 16.383 16.9418 16.38497104 16.94377104 3 P 0
L 16.383 17.3736 16.38716052 17.36943948 3 P 0
L 16.38497104 16.94377104 16.70515582 16.94377104 3 P 0
L 16.38716052 17.36943948 16.6911147 17.36943948 3 P 0
L 16.39384072 16.12375236 16.39908836 16.129 3 P 0
L 16.39581176 37.20074348 16.39777772 37.20270944 3 P 0
L 16.39663726 15.6967174 16.39711986 15.6972 3 P 0
L 16.39777772 37.20270944 16.69736818 37.20270944 3 P 0
L 16.4592 18.21104816 16.4592 20.38892036 1 P 0
L 16.46441208 34.89566554 16.46637804 34.8976315 3 P 0
L 16.46637804 34.8976315 16.7659685 34.8976315 3 P 0
L 16.5598983 22.01267632 16.5598983 23.35054258 3 P 0
L 16.5598983 22.01267632 16.93572432 21.6368503 3 P 0
L 16.599916 21.06168 16.764 20.897596 1 P 0
L 16.6116 18.14792408 16.6116 20.73652698 1 P 0
L 16.6911147 17.36943948 16.69527776 17.36527642 3 P 0
L 16.69736818 37.20270944 16.69933668 37.20467794 3 P 0
L 16.70453352 26.7587984 16.77310082 26.8273657 1 P 0
L 16.70515582 16.94377104 16.70712432 16.94573954 3 P 0
L 16.7249983 22.08106074 16.7249983 23.67500218 1 P 0
L 16.7249983 22.08106074 17.10082432 21.70523472 1 P 0
L 16.764 18.0848 16.764 20.897596 1 P 0
L 16.7659685 34.8976315 16.767937 34.8996 3 P 0
L 16.77310082 26.8273657 16.80746702 26.8273657 1 P 0
L 16.93572432 15.9125158 16.93572432 21.6368503 3 P 0
L 17.10082432 15.84413138 17.10082432 21.70523472 1 P 0
L 17.15300608 22.03544234 17.17390774 22.01454068 3 P 0
L 17.17390774 22.01454068 17.48545906 22.01454068 3 P 0
L 17.242663 34.8996 17.2446315 34.8976315 3 P 0
L 17.2446315 34.8976315 17.54422196 34.8976315 3 P 0
L 17.48545906 22.01454068 17.50196906 21.99803068 3 P 0
L 17.5104044 14.17320508 17.9104036 14.57320428 3 P 0
L 17.5166782 15.33855962 17.9104036 15.73228502 3 P 0
L 17.5166782 16.48584206 17.91863574 16.8877996 3 P 0
L 17.54422196 34.8976315 17.54618792 34.89566554 3 P 0
L 17.63972088 27.04325554 17.6624488 27.06598346 1 P 0
L 17.90554966 16.48584206 17.90958572 16.48987812 3 P 0
L 17.90958572 16.48987812 18.21081194 16.48987812 3 P 0
L 17.9104036 14.17320508 17.9115339 14.17433538 3 P 0
L 17.9104036 14.57320428 18.31040534 14.57320428 3 P 0
L 17.9104036 15.73228502 18.31667914 15.73228502 3 P 0
L 17.9115339 14.17433538 18.21999912 14.17433538 3 P 0
L 17.9147089 15.33031732 17.91569696 15.33130538 3 P 0
L 17.91569696 15.33130538 18.23584872 15.33130538 3 P 0
L 17.91863574 16.8877996 18.30751736 16.8877996 3 P 0
L 18.0130323 27.10196764 18.0141626 27.10309794 3 P 0
L 18.0141626 27.10309794 18.32194456 27.10309794 3 P 0
L 18.0520848 28.5271337 18.52154284 28.5271337 1 P 0
L 18.21081194 16.48987812 18.214848 16.49391418 3 P 0
L 18.21999912 14.17433538 18.22112688 14.17546314 3 P 0
L 18.23584872 15.33130538 18.23683424 15.3322909 3 P 0
L 18.29781456 29.41853146 18.29781456 29.4361997 1 P 0
L 18.29781456 29.41853146 18.5215657 29.19478032 1 P 0
L 18.32194456 27.10309794 18.32307232 27.1042257 3 P 0
L 18.5215657 29.1771197 18.5215657 29.19478032 1 P 0
L 18.84426 23.2703497 18.8559694 23.2820591 3 P 0
L 18.8559694 23.2820591 19.1672591 23.2820591 3 P 0
L 19.1672591 23.2820591 19.1789685 23.2937685 3 P 0
L 19.37666432 17.84947154 19.38071308 17.8535203 3 P 0
L 19.38071308 17.8535203 19.68291974 17.8535203 3 P 0
L 19.50173392 23.29180254 19.52117254 23.27236392 3 P 0
L 19.52117254 23.27236392 19.74074538 23.27236392 3 P 0
L 19.67143894 22.09442622 19.67340744 22.09639472 3 P 0
L 19.67340744 22.09639472 19.9729979 22.09639472 3 P 0
L 19.68291974 17.8535203 19.6869685 17.85756906 3 P 0
L 19.74074538 23.27236392 19.79359008 23.21951922 3 P 0
L 19.79359008 23.21951922 19.82108304 23.21951922 3 P 0
L 19.9729979 22.09639472 19.97496386 22.09836068 3 P 0
L 20.41546082 22.17649362 20.41742932 22.17846212 3 P 0
L 20.41742932 22.17846212 20.71701978 22.17846212 3 P 0
L 20.71701978 22.17846212 20.71898574 22.18042808 3 P 0
L 25.04387422 49.01806554 25.04584018 49.0200315 3 P 0
L 25.04584018 49.0200315 25.34543064 49.0200315 3 P 0
L 25.1556012 -3.2862012 25.1575697 -3.2881697 3 P 0
L 25.1575697 -3.2881697 25.45716016 -3.2881697 3 P 0
L 25.34543064 49.0200315 25.34739914 49.022 3 P 0
L 25.45716016 -3.2881697 25.45912612 -3.29013566 3 P 0
L 26.16197968 5.94687914 26.17468984 5.9595893 3 P 0
L 26.17468984 5.9595893 26.17468984 18.73248984 3 P 0
L 26.40717604 12.72483358 26.409142 12.72286762 3 P 0
L 26.409142 12.72286762 26.70873246 12.72286762 3 P 0
L 26.70873246 12.72286762 26.71070096 12.72089912 3 P 0
L 26.83770096 8.64680008 26.83966946 8.64876858 3 P 0
L 26.83770096 11.89279816 26.83966946 11.89476666 3 P 0
L 26.83966946 8.64876858 27.13925992 8.64876858 3 P 0
L 26.83966946 11.89476666 27.13925992 11.89476666 3 P 0
L 27.13925992 8.64876858 27.14122588 8.65073454 3 P 0
L 27.13925992 11.89476666 27.14122588 11.89673262 3 P 0
L 27.2034 5.94668102 27.9821005 6.72538152 3 P 0
L 27.9821005 6.72538152 27.9821005 18.98657366 3 P 0
L 27.99387594 49.01806554 27.9958419 49.0200315 3 P 0
L 27.9958419 49.0200315 28.29543236 49.0200315 3 P 0
L 28.2107005 7.81869912 28.212669 7.82066762 3 P 0
L 28.212669 7.82066762 28.51225946 7.82066762 3 P 0
L 28.29543236 49.0200315 28.29740086 49.022 3 P 0
L 28.40717458 12.72483358 28.40914054 12.72286762 3 P 0
L 28.40914054 12.72286762 28.708731 12.72286762 3 P 0
L 28.4607 10.26979912 28.4626685 10.27176762 3 P 0
L 28.4626685 10.27176762 28.76225896 10.27176762 3 P 0
L 28.51225946 7.82066762 28.51422542 7.82263358 3 P 0
L 28.70630784 5.95459058 29.85509904 7.10338178 3 P 0
L 28.708731 12.72286762 28.7106995 12.72089912 3 P 0
L 28.76225896 10.27176762 28.76422492 10.27373358 3 P 0
L 28.9480752 27.1404715 28.95004116 27.14243746 3 P 0
L 28.95004116 27.14243746 29.24963162 27.14243746 3 P 0
L 29.24963162 27.14243746 29.25160012 27.14440596 3 P 0
L 29.57319968 5.9455177 30.8356 7.20791802 3 P 0
L 29.85509904 7.10338178 29.85509904 17.82004056 3 P 0
L 29.85509904 17.82004056 30.90952924 18.87447076 3 P 0
L 30.08369904 8.64680008 30.08566754 8.64876858 3 P 0
L 30.08369904 11.89279816 30.08566754 11.89476666 3 P 0
L 30.08566754 8.64876858 30.385258 8.64876858 3 P 0
L 30.08566754 11.89476666 30.385258 11.89476666 3 P 0
L 30.21069904 12.72089912 30.21266754 12.72286762 3 P 0
L 30.21266754 12.72286762 30.512258 12.72286762 3 P 0
L 30.385258 8.64876858 30.38722396 8.65073454 3 P 0
L 30.385258 11.89476666 30.38722396 11.89673262 3 P 0
L 30.512258 12.72286762 30.51422396 12.72483358 3 P 0
L 30.74927556 37.1562122 30.75124152 37.15817816 3 P 0
L 30.75124152 37.15817816 31.05083198 37.15817816 3 P 0
L 30.78427422 57.60806614 30.78624018 57.6100321 3 P 0
L 30.78624018 57.6100321 31.08583064 57.6100321 3 P 0
L 30.8356 7.20791802 30.8356 15.76100988 3 P 0
L 30.8356 15.76100988 33.92599514 18.85140502 3 P 0
L 31.05083198 37.15817816 31.05280048 37.16014666 3 P 0
L 31.08583064 57.6100321 31.08779914 57.6120006 3 P 0
L 32.1056 13.70080064 32.1075685 13.70276914 3 P 0
L 32.1075685 13.70276914 32.40715896 13.70276914 3 P 0
L 32.40715896 13.70276914 32.40912492 13.7047351 3 P 0
L 33.75927462 37.24087548 33.76124058 37.24284144 3 P 0
L 33.76124058 37.24284144 34.06083104 37.24284144 3 P 0
L 33.7692746 57.60306742 33.77124056 57.60503338 3 P 0
L 33.77124056 57.60503338 34.07083102 57.60503338 3 P 0
L 34.06083104 37.24284144 34.06279954 37.24480994 3 P 0
L 34.07083102 57.60503338 34.07279952 57.60700188 3 P 0
L 34.14807496 27.1404715 34.15004092 27.14243746 3 P 0
L 34.15004092 27.14243746 34.44963138 27.14243746 3 P 0
L 34.44963138 27.14243746 34.45159988 27.14440596 3 P 0
L 35.601275 14.62646554 35.60324096 14.6284315 3 P 0
L 35.60324096 14.6284315 35.90283142 14.6284315 3 P 0
L 35.90283142 14.6284315 35.90479992 14.6304 3 P 0
L 36.95827508 8.0309339 36.96024104 8.02896794 3 P 0
L 36.96024104 8.02896794 37.2598315 8.02896794 3 P 0
L 37.2598315 8.02896794 37.2618 8.02699944 3 P 0
L 37.2618 7.46700056 37.63798924 7.46700056 3 P 0
L 37.2872 14.32500056 37.2891685 14.32303206 3 P 0
L 37.2872 14.88499944 37.6422031 14.88499944 3 P 0
L 37.2891685 14.32303206 37.58875896 14.32303206 3 P 0
L 37.30639986 12.96299922 37.30836836 12.96103072 3 P 0
L 37.30836836 12.96103072 37.60795882 12.96103072 3 P 0
L 37.58875896 14.32303206 37.59072492 14.3210661 3 P 0
L 37.60795882 12.96103072 37.60992478 12.95906476 3 P 0
L 37.63798924 7.46700056 37.846 7.67501132 3 P 0
L 37.6422031 14.88499944 38.0238 14.50340254 3 P 0
L 37.846 7.67501132 37.846 8.8162003 3 P 0
L 37.846 8.8162003 39.0373997 10.0076 3 P 0
L 38.0238 14.0462 38.0238 14.50340254 3 P 0
L 38.0238 14.0462 39.0652 13.0048 3 P 0
L 38.4007233 14.45906684 38.40268926 14.4610328 3 P 0
L 38.40268926 14.4610328 38.70227972 14.4610328 3 P 0
L 38.50767508 8.06890182 38.50964104 8.06693586 3 P 0
L 38.50964104 8.06693586 38.8092315 8.06693586 3 P 0
L 38.70227972 14.4610328 38.70424822 14.4630013 3 P 0
L 38.8092315 8.06693586 38.8112 8.06496736 3 P 0
L 39.0555988 -3.2862012 39.0575673 -3.2842327 3 P 0
L 39.0575673 -3.2842327 39.35715776 -3.2842327 3 P 0
L 39.1063988 20.14180122 39.1083673 20.13983272 3 P 0
L 39.1083673 20.13983272 39.40795776 20.13983272 3 P 0
L 39.2938 14.4610328 39.2957685 14.4590643 3 P 0
L 39.2957685 14.4590643 39.59535896 14.4590643 3 P 0
L 39.3192 8.06299886 39.3211685 8.06496736 3 P 0
L 39.3211685 8.06496736 39.62075896 8.06496736 3 P 0
L 39.35715776 -3.2842327 39.35912372 -3.28226674 3 P 0
L 39.40795776 20.13983272 39.40992372 20.13786676 3 P 0
L 39.59535896 14.4590643 39.59732492 14.45709834 3 P 0
L 39.62075896 8.06496736 39.62272492 8.06693332 3 P 0
L 43.30827508 17.75126498 43.31024104 17.75323094 3 P 0
L 43.31024104 17.75323094 43.6098315 17.75323094 3 P 0
L 43.6098315 17.75323094 43.6118 17.75519944 3 P 0
S P 0
OB -9.17551378 57.78468758 I
OS -9.1496261 57.72219088
OS -9.08031204 57.65287682
OS -8.98975088 57.61536356
OS -8.8917272 57.61536356
OS -8.80116604 57.65287682
OS -8.73185198 57.72219088
OS -8.7059643 57.78468758
OS -8.11645316 57.78468758
OS -6.1755147 57.78468758
OS -6.14962702 57.72219088
OS -6.08031296 57.65287682
OS -5.9897518 57.61536356
OS -5.89172812 57.61536356
OS -5.80116696 57.65287682
OS -5.7318529 57.72219088
OS -5.70596522 57.78468758
OS -5.40439864 57.78468758
OS -3.17551562 57.78468758
OS -3.14962794 57.72219088
OS -3.08031388 57.65287682
OS -2.98975272 57.61536356
OS -2.89172904 57.61536356
OS -2.80116788 57.65287682
OS -2.73185382 57.72219088
OS -2.70596614 57.78468758
OS -0.17551654 57.78468758
OS -0.14962886 57.72219088
OS -0.0803148 57.65287682
OS 0.01024636 57.61536356
OS 0.10827004 57.61536356
OS 0.1988312 57.65287682
OS 0.26814526 57.72219088
OS 0.29403294 57.78468504
OS 2.82448254 57.78468504
OS 2.85037022 57.72219088
OS 2.91968428 57.65287682
OS 3.01024544 57.61536356
OS 3.10826912 57.61536356
OS 3.19883028 57.65287682
OS 3.26814434 57.72219088
OS 3.29403202 57.78468504
OS 10.8708063 57.78468504
OS 10.8708063 56.22586926
OS 13.46881482 56.22586926
OS 13.46881482 56.0551711
OS 13.44419968 55.99574272
OS 13.44419968 55.9280314
OS 13.46881482 55.86860302
OS 13.46881482 53.64449012
OS 11.42240032 53.64449012
OS 11.42240032 53.67834578
OS 11.39648978 53.7409009
OS 11.34861078 53.7887799
OS 11.28605566 53.81469044
OS 11.21834434 53.81469044
OS 11.15578922 53.7887799
OS 11.10791022 53.7409009
OS 11.08199968 53.67834578
OS 11.08199968 53.64449012
OS 10.8708063 53.64449012
OS 10.8708063 52.12049012
OS -10.31857982 52.12049012
OS -10.40833326 52.21034516
OS -10.40767286 52.79920606
OS -10.35667982 52.8203287
OS -10.30880082 52.8682077
OS -10.28289028 52.93076282
OS -10.28289028 52.99847414
OS -10.30880082 53.06102926
OS -10.35667982 53.10890826
OS -10.40730202 53.12987596
OS -10.4044496 55.67161078
OS -10.4032685 56.72546186
OS -10.3662226 56.740806
OS -10.3183436 56.788685
OS -10.29243306 56.85124012
OS -10.29243306 56.91895144
OS -10.3183436 56.98150656
OS -10.3662226 57.02938556
OS -10.40291036 57.04458238
OS -10.40207978 57.78468758
OS -9.17551378 57.78468758
OE
OB -8.56052898 57.55885618 H
OS -8.6282403 57.55885618
OS -8.69079542 57.53294564
OS -8.73867442 57.48506664
OS -8.76458496 57.42251152
OS -8.76458496 57.3548002
OS -8.73867442 57.29224508
OS -8.69079542 57.24436608
OS -8.6282403 57.21845554
OS -8.56052898 57.21845554
OS -8.49797386 57.24436608
OS -8.45009486 57.29224508
OS -8.42418432 57.3548002
OS -8.42418432 57.42251152
OS -8.45009486 57.48506664
OS -8.49797386 57.53294564
OS -8.56052898 57.55885618
OE
OB 7.89126692 57.08848628 H
OS 7.8235556 57.08848628
OS 7.76100048 57.06257574
OS 7.71312148 57.01469674
OS 7.68721094 56.95214162
OS 7.68721094 56.8844303
OS 7.71312148 56.82187518
OS 7.76100048 56.77399618
OS 7.8235556 56.74808564
OS 7.89126692 56.74808564
OS 7.95382204 56.77399618
OS 8.00170104 56.82187518
OS 8.02761158 56.8844303
OS 8.02761158 56.95214162
OS 8.00170104 57.01469674
OS 7.95382204 57.06257574
OS 7.89126692 57.08848628
OE
OB 10.5356914 57.06931436 H
OS 10.46798008 57.06931436
OS 10.40542496 57.04340382
OS 10.35754596 56.99552482
OS 10.33163542 56.9329697
OS 10.33163542 56.86525838
OS 10.35754596 56.80270326
OS 10.40542496 56.75482426
OS 10.46798008 56.72891372
OS 10.5356914 56.72891372
OS 10.59824652 56.75482426
OS 10.64612552 56.80270326
OS 10.67203606 56.86525838
OS 10.67203606 56.9329697
OS 10.64612552 56.99552482
OS 10.59824652 57.04340382
OS 10.5356914 57.06931436
OE
OB 5.14826758 57.06099332 H
OS 5.08055626 57.06099332
OS 5.01800114 57.03508278
OS 4.97012214 56.98720378
OS 4.9442116 56.92464866
OS 4.9442116 56.85693734
OS 4.97012214 56.79438222
OS 5.01800114 56.74650322
OS 5.08055626 56.72059268
OS 5.14826758 56.72059268
OS 5.2108227 56.74650322
OS 5.2587017 56.79438222
OS 5.28461224 56.85693734
OS 5.28461224 56.92464866
OS 5.2587017 56.98720378
OS 5.2108227 57.03508278
OS 5.14826758 57.06099332
OE
OB -2.28676708 57.05921532 H
OS -2.3544784 57.05921532
OS -2.41703352 57.03330478
OS -2.46491252 56.98542578
OS -2.49082306 56.92287066
OS -2.49082306 56.85515934
OS -2.46491252 56.79260422
OS -2.41703352 56.74472522
OS -2.3544784 56.71881468
OS -2.28676708 56.71881468
OS -2.22421196 56.74472522
OS -2.17633296 56.79260422
OS -2.15042242 56.85515934
OS -2.15042242 56.92287066
OS -2.17633296 56.98542578
OS -2.22421196 57.03330478
OS -2.28676708 57.05921532
OE
OB 2.40526824 57.05866668 H
OS 2.33755692 57.05866668
OS 2.2750018 57.03275614
OS 2.2271228 56.98487714
OS 2.20121226 56.92232202
OS 2.20121226 56.8546107
OS 2.2271228 56.79205558
OS 2.2750018 56.74417658
OS 2.33755692 56.71826604
OS 2.40526824 56.71826604
OS 2.46782336 56.74417658
OS 2.51570236 56.79205558
OS 2.5416129 56.8546107
OS 2.5416129 56.92232202
OS 2.51570236 56.98487714
OS 2.46782336 57.03275614
OS 2.40526824 57.05866668
OE
OB -5.02976642 57.05657372 H
OS -5.09747774 57.05657372
OS -5.16003286 57.03066318
OS -5.20791186 56.98278418
OS -5.2338224 56.92022906
OS -5.2338224 56.85251774
OS -5.20791186 56.78996262
OS -5.16003286 56.74208362
OS -5.09747774 56.71617308
OS -5.02976642 56.71617308
OS -4.9672113 56.74208362
OS -4.9193323 56.78996262
OS -4.89342176 56.85251774
OS -4.89342176 56.92022906
OS -4.9193323 56.98278418
OS -4.9672113 57.03066318
OS -5.02976642 57.05657372
OE
OB -7.77481046 57.04361972 H
OS -7.84252178 57.04361972
OS -7.9050769 57.01770918
OS -7.9529559 56.96983018
OS -7.97886644 56.90727506
OS -7.97886644 56.83956374
OS -7.9529559 56.77700862
OS -7.9050769 56.72912962
OS -7.84252178 56.70321908
OS -7.77481046 56.70321908
OS -7.71225534 56.72912962
OS -7.66437634 56.77700862
OS -7.6384658 56.83956374
OS -7.6384658 56.90727506
OS -7.66437634 56.96983018
OS -7.71225534 57.01770918
OS -7.77481046 57.04361972
OE
OB 7.33260154 56.54236342 H
OS 7.26186762 56.54236342
OS 7.1965185 56.51529464
OS 7.18128612 56.50006226
OS 7.10422252 56.50006226
OS 7.0929246 56.51136018
OS 7.02757548 56.53842896
OS 6.95684156 56.53842896
OS 6.89149244 56.51136018
OS 6.8414773 56.46134504
OS 6.81440852 56.39599592
OS 6.81440852 56.325262
OS 6.8414773 56.25991288
OS 6.89149244 56.20989774
OS 6.95684156 56.18282896
OS 7.02757548 56.18282896
OS 7.0929246 56.20989774
OS 7.10815952 56.22513266
OS 7.18521804 56.22513266
OS 7.1965185 56.2138322
OS 7.26186762 56.18676342
OS 7.33260154 56.18676342
OS 7.39795066 56.2138322
OS 7.4479658 56.26384734
OS 7.47503458 56.32919646
OS 7.47503458 56.39993038
OS 7.4479658 56.4652795
OS 7.39795066 56.51529464
OS 7.33260154 56.54236342
OE
OB 4.59791562 56.52610742 H
OS 4.5271817 56.52610742
OS 4.46183258 56.49903864
OS 4.4466002 56.48380626
OS 4.3695366 56.48380626
OS 4.35823868 56.49510418
OS 4.29288956 56.52217296
OS 4.22215564 56.52217296
OS 4.15680652 56.49510418
OS 4.10679138 56.44508904
OS 4.0797226 56.37973992
OS 4.0797226 56.309006
OS 4.10679138 56.24365688
OS 4.15680652 56.19364174
OS 4.22215564 56.16657296
OS 4.29288956 56.16657296
OS 4.35823868 56.19364174
OS 4.3734736 56.20887666
OS 4.45053212 56.20887666
OS 4.46183258 56.1975762
OS 4.5271817 56.17050742
OS 4.59791562 56.17050742
OS 4.66326474 56.1975762
OS 4.71327988 56.24759134
OS 4.74034866 56.31294046
OS 4.74034866 56.38367438
OS 4.71327988 56.4490235
OS 4.66326474 56.49903864
OS 4.59791562 56.52610742
OE
OB 1.88895736 56.51796418 H
OS 1.81822344 56.51796418
OS 1.75287432 56.4908954
OS 1.73714156 56.47516264
OS 1.61494724 56.47516264
OS 1.60414716 56.48596272
OS 1.53879804 56.5130315
OS 1.46806412 56.5130315
OS 1.402715 56.48596272
OS 1.35269986 56.43594758
OS 1.32563108 56.37059846
OS 1.32563108 56.29986454
OS 1.35269986 56.23451542
OS 1.402715 56.18450028
OS 1.46806412 56.1574315
OS 1.53879804 56.1574315
OS 1.60414716 56.18450028
OS 1.61987992 56.20023304
OS 1.74207424 56.20023304
OS 1.75287432 56.18943296
OS 1.81822344 56.16236418
OS 1.88895736 56.16236418
OS 1.95430648 56.18943296
OS 2.00432162 56.2394481
OS 2.0313904 56.30479722
OS 2.0313904 56.37553114
OS 2.00432162 56.44088026
OS 1.95430648 56.4908954
OS 1.88895736 56.51796418
OE
OB 9.98034326 56.51696596 H
OS 9.90960934 56.51696596
OS 9.84426022 56.48989718
OS 9.82902784 56.4746648
OS 9.75196424 56.4746648
OS 9.74066632 56.48596272
OS 9.6753172 56.5130315
OS 9.60458328 56.5130315
OS 9.53923416 56.48596272
OS 9.48921902 56.43594758
OS 9.46215024 56.37059846
OS 9.46215024 56.29986454
OS 9.48921902 56.23451542
OS 9.53923416 56.18450028
OS 9.60458328 56.1574315
OS 9.6753172 56.1574315
OS 9.74066632 56.18450028
OS 9.75590124 56.1997352
OS 9.83295976 56.1997352
OS 9.84426022 56.18843474
OS 9.90960934 56.16136596
OS 9.98034326 56.16136596
OS 10.04569238 56.18843474
OS 10.09570752 56.23844988
OS 10.1227763 56.303799
OS 10.1227763 56.37453292
OS 10.09570752 56.43988204
OS 10.04569238 56.48989718
OS 9.98034326 56.51696596
OE
OB -1.1451717 56.51486284 H
OS -1.21590562 56.51486284
OS -1.28125474 56.48779406
OS -1.29648712 56.47256168
OS -1.37355072 56.47256168
OS -1.38484864 56.4838596
OS -1.45019776 56.51092838
OS -1.52093168 56.51092838
OS -1.5862808 56.4838596
OS -1.63629594 56.43384446
OS -1.66336472 56.36849534
OS -1.66336472 56.29776142
OS -1.63629594 56.2324123
OS -1.5862808 56.18239716
OS -1.52093168 56.15532838
OS -1.45019776 56.15532838
OS -1.38484864 56.18239716
OS -1.36961372 56.19763208
OS -1.2925552 56.19763208
OS -1.28125474 56.18633162
OS -1.21590562 56.15926284
OS -1.1451717 56.15926284
OS -1.07982258 56.18633162
OS -1.02980744 56.23634676
OS -1.00273866 56.30169588
OS -1.00273866 56.3724298
OS -1.02980744 56.43777892
OS -1.07982258 56.48779406
OS -1.1451717 56.51486284
OE
OB -3.88497826 56.51486284 H
OS -3.95571218 56.51486284
OS -4.0210613 56.48779406
OS -4.03629368 56.47256168
OS -4.11335728 56.47256168
OS -4.1246552 56.4838596
OS -4.19000432 56.51092838
OS -4.26073824 56.51092838
OS -4.32608736 56.4838596
OS -4.3761025 56.43384446
OS -4.40317128 56.36849534
OS -4.40317128 56.29776142
OS -4.3761025 56.2324123
OS -4.32608736 56.18239716
OS -4.26073824 56.15532838
OS -4.19000432 56.15532838
OS -4.1246552 56.18239716
OS -4.10942028 56.19763208
OS -4.03236176 56.19763208
OS -4.0210613 56.18633162
OS -3.95571218 56.15926284
OS -3.88497826 56.15926284
OS -3.81962914 56.18633162
OS -3.769614 56.23634676
OS -3.74254522 56.30169588
OS -3.74254522 56.3724298
OS -3.769614 56.43777892
OS -3.81962914 56.48779406
OS -3.88497826 56.51486284
OE
OB -6.62478482 56.51486284 H
OS -6.69551874 56.51486284
OS -6.76086786 56.48779406
OS -6.77610024 56.47256168
OS -6.85316384 56.47256168
OS -6.86446176 56.4838596
OS -6.92981088 56.51092838
OS -7.0005448 56.51092838
OS -7.06589392 56.4838596
OS -7.11590906 56.43384446
OS -7.14297784 56.36849534
OS -7.14297784 56.29776142
OS -7.11590906 56.2324123
OS -7.06589392 56.18239716
OS -7.0005448 56.15532838
OS -6.92981088 56.15532838
OS -6.86446176 56.18239716
OS -6.84922684 56.19763208
OS -6.77216832 56.19763208
OS -6.76086786 56.18633162
OS -6.69551874 56.15926284
OS -6.62478482 56.15926284
OS -6.5594357 56.18633162
OS -6.50942056 56.23634676
OS -6.48235178 56.30169588
OS -6.48235178 56.3724298
OS -6.50942056 56.43777892
OS -6.5594357 56.48779406
OS -6.62478482 56.51486284
OE
OB -9.27420802 56.51486284 H
OS -9.34494194 56.51486284
OS -9.41029106 56.48779406
OS -9.42552344 56.47256168
OS -9.50258704 56.47256168
OS -9.51388496 56.4838596
OS -9.57923408 56.51092838
OS -9.649968 56.51092838
OS -9.71531712 56.4838596
OS -9.76533226 56.43384446
OS -9.79240104 56.36849534
OS -9.79240104 56.29776142
OS -9.76533226 56.2324123
OS -9.71531712 56.18239716
OS -9.649968 56.15532838
OS -9.57923408 56.15532838
OS -9.51388496 56.18239716
OS -9.49865004 56.19763208
OS -9.42159152 56.19763208
OS -9.41029106 56.18633162
OS -9.34494194 56.15926284
OS -9.27420802 56.15926284
OS -9.2088589 56.18633162
OS -9.15884376 56.23634676
OS -9.13177498 56.30169588
OS -9.13177498 56.3724298
OS -9.15884376 56.43777892
OS -9.2088589 56.48779406
OS -9.27420802 56.51486284
OE
OB 8.66985566 56.81220032 H
OS 8.60214434 56.81220032
OS 8.53958922 56.78628978
OS 8.49171022 56.73841078
OS 8.46579968 56.67585566
OS 8.46579968 56.60814434
OS 8.49171022 56.54558922
OS 8.53958922 56.49771022
OS 8.60214434 56.47179968
OS 8.66985566 56.47179968
OS 8.73241078 56.49771022
OS 8.78028978 56.54558922
OS 8.80620032 56.60814434
OS 8.80620032 56.67585566
OS 8.78028978 56.73841078
OS 8.73241078 56.78628978
OS 8.66985566 56.81220032
OE
OB -8.80534434 56.71060032 H
OS -8.87305566 56.71060032
OS -8.93561078 56.68468978
OS -8.98348978 56.63681078
OS -9.00940032 56.57425566
OS -9.00940032 56.50654434
OS -8.98348978 56.44398922
OS -8.93561078 56.39611022
OS -8.87305566 56.37019968
OS -8.80534434 56.37019968
OS -8.74278922 56.39611022
OS -8.69491022 56.44398922
OS -8.66899968 56.50654434
OS -8.66899968 56.57425566
OS -8.69491022 56.63681078
OS -8.74278922 56.68468978
OS -8.80534434 56.71060032
OE
OB 3.10826912 56.60816466 H
OS 3.01024544 56.60816466
OS 2.91968428 56.5706514
OS 2.85037022 56.50133734
OS 2.81285696 56.41077618
OS 2.81285696 56.3127525
OS 2.85037022 56.22219134
OS 2.91968428 56.15287728
OS 3.01024544 56.11536402
OS 3.10826912 56.11536402
OS 3.19883028 56.15287728
OS 3.26814434 56.22219134
OS 3.3056576 56.3127525
OS 3.3056576 56.41077618
OS 3.26814434 56.50133734
OS 3.19883028 56.5706514
OS 3.10826912 56.60816466
OE
OB 0.10827004 56.60816466 H
OS 0.01024636 56.60816466
OS -0.0803148 56.5706514
OS -0.14962886 56.50133734
OS -0.18714212 56.41077618
OS -0.18714212 56.3127525
OS -0.14962886 56.22219134
OS -0.0803148 56.15287728
OS 0.01024636 56.11536402
OS 0.10827004 56.11536402
OS 0.1988312 56.15287728
OS 0.26814526 56.22219134
OS 0.30565852 56.3127525
OS 0.30565852 56.41077618
OS 0.26814526 56.50133734
OS 0.1988312 56.5706514
OS 0.10827004 56.60816466
OE
OB -2.89172904 56.60816466 H
OS -2.98975272 56.60816466
OS -3.08031388 56.5706514
OS -3.14962794 56.50133734
OS -3.1871412 56.41077618
OS -3.1871412 56.3127525
OS -3.14962794 56.22219134
OS -3.08031388 56.15287728
OS -2.98975272 56.11536402
OS -2.89172904 56.11536402
OS -2.80116788 56.15287728
OS -2.73185382 56.22219134
OS -2.69434056 56.3127525
OS -2.69434056 56.41077618
OS -2.73185382 56.50133734
OS -2.80116788 56.5706514
OS -2.89172904 56.60816466
OE
OB -5.89172812 56.60816466 H
OS -5.9897518 56.60816466
OS -6.08031296 56.5706514
OS -6.14962702 56.50133734
OS -6.18714028 56.41077618
OS -6.18714028 56.3127525
OS -6.14962702 56.22219134
OS -6.09317044 56.16573476
OS -6.0902215 56.05243552
OS -6.09258116 56.02851126
OS -6.14045762 55.9806348
OS -6.16636816 55.91807968
OS -6.16636816 55.85036836
OS -6.14045762 55.78781324
OS -6.09257862 55.73993424
OS -6.0300235 55.7140237
OS -5.96231218 55.7140237
OS -5.89975706 55.73993424
OS -5.85187806 55.78781324
OS -5.82596752 55.85036836
OS -5.82596752 55.91807968
OS -5.85187806 55.9806348
OS -5.86901544 55.99777218
OS -5.869178 55.99862054
OS -5.84919836 56.12192484
OS -5.84148438 56.13617678
OS -5.80116696 56.15287728
OS -5.7318529 56.22219134
OS -5.69433964 56.3127525
OS -5.69433964 56.41077618
OS -5.7318529 56.50133734
OS -5.80116696 56.5706514
OS -5.89172812 56.60816466
OE
OB 4.14865566 55.74540032 H
OS 4.08094434 55.74540032
OS 4.01838922 55.71948978
OS 3.97051022 55.67161078
OS 3.94459968 55.60905566
OS 3.94459968 55.54134434
OS 3.97051022 55.47878922
OS 4.01838922 55.43091022
OS 4.08094434 55.40499968
OS 4.14865566 55.40499968
OS 4.21121078 55.43091022
OS 4.25908978 55.47878922
OS 4.28500032 55.54134434
OS 4.28500032 55.60905566
OS 4.25908978 55.67161078
OS 4.21121078 55.71948978
OS 4.14865566 55.74540032
OE
OB 1.91345566 55.36440032 H
OS 1.84574434 55.36440032
OS 1.78318922 55.33848978
OS 1.73531022 55.29061078
OS 1.70939968 55.22805566
OS 1.70939968 55.16034434
OS 1.73531022 55.09778922
OS 1.78318922 55.04991022
OS 1.84574434 55.02399968
OS 1.91345566 55.02399968
OS 1.97601078 55.04991022
OS 2.02388978 55.09778922
OS 2.04980032 55.16034434
OS 2.04980032 55.22805566
OS 2.02388978 55.29061078
OS 1.97601078 55.33848978
OS 1.91345566 55.36440032
OE
OB 0.10827004 55.10816512 H
OS 0.01024636 55.10816512
OS -0.0803148 55.07065186
OS -0.14962886 55.0013378
OS -0.18714212 54.91077664
OS -0.18714212 54.81275296
OS -0.14962886 54.7221918
OS -0.0803148 54.65287774
OS 0.01024636 54.61536448
OS 0.10827004 54.61536448
OS 0.1988312 54.65287774
OS 0.26814526 54.7221918
OS 0.30565852 54.81275296
OS 0.30565852 54.91077664
OS 0.26814526 55.0013378
OS 0.1988312 55.07065186
OS 0.10827004 55.10816512
OE
OB 3.41205566 54.22140032 H
OS 3.34434434 54.22140032
OS 3.28178922 54.19548978
OS 3.23391022 54.14761078
OS 3.20799968 54.08505566
OS 3.20799968 54.01734434
OS 3.23391022 53.95478922
OS 3.28178922 53.90691022
OS 3.34434434 53.88099968
OS 3.41205566 53.88099968
OS 3.47461078 53.90691022
OS 3.52248978 53.95478922
OS 3.54840032 54.01734434
OS 3.54840032 54.08505566
OS 3.52248978 54.14761078
OS 3.47461078 54.19548978
OS 3.41205566 54.22140032
OE
OB -1.1451717 53.68469578 H
OS -1.21590562 53.68469578
OS -1.28125474 53.657627
OS -1.29648712 53.64239462
OS -1.37355072 53.64239462
OS -1.38484864 53.65369254
OS -1.45019776 53.68076132
OS -1.52093168 53.68076132
OS -1.5862808 53.65369254
OS -1.63629594 53.6036774
OS -1.66336472 53.53832828
OS -1.66336472 53.46759436
OS -1.63629594 53.40224524
OS -1.5862808 53.3522301
OS -1.52093168 53.32516132
OS -1.45019776 53.32516132
OS -1.38484864 53.3522301
OS -1.36961372 53.36746502
OS -1.2925552 53.36746502
OS -1.28125474 53.35616456
OS -1.21590562 53.32909578
OS -1.1451717 53.32909578
OS -1.07982258 53.35616456
OS -1.02980744 53.4061797
OS -1.00273866 53.47152882
OS -1.00273866 53.54226274
OS -1.02980744 53.60761186
OS -1.07982258 53.657627
OS -1.1451717 53.68469578
OE
OB -3.88497826 53.68469578 H
OS -3.95571218 53.68469578
OS -4.0210613 53.657627
OS -4.03629368 53.64239462
OS -4.11335728 53.64239462
OS -4.1246552 53.65369254
OS -4.19000432 53.68076132
OS -4.26073824 53.68076132
OS -4.32608736 53.65369254
OS -4.3761025 53.6036774
OS -4.40317128 53.53832828
OS -4.40317128 53.46759436
OS -4.3761025 53.40224524
OS -4.32608736 53.3522301
OS -4.26073824 53.32516132
OS -4.19000432 53.32516132
OS -4.1246552 53.3522301
OS -4.10942028 53.36746502
OS -4.03236176 53.36746502
OS -4.0210613 53.35616456
OS -3.95571218 53.32909578
OS -3.88497826 53.32909578
OS -3.81962914 53.35616456
OS -3.769614 53.4061797
OS -3.74254522 53.47152882
OS -3.74254522 53.54226274
OS -3.769614 53.60761186
OS -3.81962914 53.657627
OS -3.88497826 53.68469578
OE
OB -6.62478482 53.68469578 H
OS -6.69551874 53.68469578
OS -6.76086786 53.657627
OS -6.77610024 53.64239462
OS -6.85316384 53.64239462
OS -6.86446176 53.65369254
OS -6.92981088 53.68076132
OS -7.0005448 53.68076132
OS -7.06589392 53.65369254
OS -7.11590906 53.6036774
OS -7.14297784 53.53832828
OS -7.14297784 53.46759436
OS -7.11590906 53.40224524
OS -7.06589392 53.3522301
OS -7.0005448 53.32516132
OS -6.92981088 53.32516132
OS -6.86446176 53.3522301
OS -6.84922684 53.36746502
OS -6.77216832 53.36746502
OS -6.76086786 53.35616456
OS -6.69551874 53.32909578
OS -6.62478482 53.32909578
OS -6.5594357 53.35616456
OS -6.50942056 53.4061797
OS -6.48235178 53.47152882
OS -6.48235178 53.54226274
OS -6.50942056 53.60761186
OS -6.5594357 53.657627
OS -6.62478482 53.68469578
OE
OB -9.27420802 53.68469578 H
OS -9.34494194 53.68469578
OS -9.41029106 53.657627
OS -9.42552344 53.64239462
OS -9.50258704 53.64239462
OS -9.51388496 53.65369254
OS -9.57923408 53.68076132
OS -9.649968 53.68076132
OS -9.71531712 53.65369254
OS -9.76533226 53.6036774
OS -9.79240104 53.53832828
OS -9.79240104 53.46759436
OS -9.76533226 53.40224524
OS -9.71531712 53.3522301
OS -9.649968 53.32516132
OS -9.57923408 53.32516132
OS -9.51388496 53.3522301
OS -9.49865004 53.36746502
OS -9.42159152 53.36746502
OS -9.41029106 53.35616456
OS -9.34494194 53.32909578
OS -9.27421056 53.32909578
OS -9.1895676 53.31320808
OS -9.16076654 53.24908324
OS -9.1496261 53.22219226
OS -9.08031204 53.1528782
OS -8.98975088 53.11536494
OS -8.8917272 53.11536494
OS -8.80116604 53.1528782
OS -8.73185198 53.22219226
OS -8.69433872 53.31275342
OS -8.69433872 53.4107771
OS -8.73185198 53.50133826
OS -8.80116604 53.57065232
OS -8.8917272 53.60816558
OS -8.98975088 53.60816558
OS -9.01694158 53.59690322
OS -9.1588463 53.6076144
OS -9.2088589 53.657627
OS -9.27420802 53.68469578
OE
OB 9.98034326 53.64676596 H
OS 9.90960934 53.64676596
OS 9.84426022 53.61969718
OS 9.82902784 53.6044648
OS 9.75196424 53.6044648
OS 9.74066632 53.61576272
OS 9.6753172 53.6428315
OS 9.60458328 53.6428315
OS 9.53923416 53.61576272
OS 9.48921902 53.56574758
OS 9.46215024 53.50039846
OS 9.46215024 53.42966454
OS 9.48921902 53.36431542
OS 9.53923416 53.31430028
OS 9.60458328 53.2872315
OS 9.6753172 53.2872315
OS 9.74066632 53.31430028
OS 9.75590124 53.3295352
OS 9.83295976 53.3295352
OS 9.84426022 53.31823474
OS 9.90960934 53.29116596
OS 9.98034326 53.29116596
OS 10.04569238 53.31823474
OS 10.09570752 53.36824988
OS 10.1227763 53.433599
OS 10.1227763 53.50433292
OS 10.09570752 53.56968204
OS 10.04569238 53.61969718
OS 9.98034326 53.64676596
OE
OB 4.59791562 53.64676596 H
OS 4.5271817 53.64676596
OS 4.46183258 53.61969718
OS 4.4466002 53.6044648
OS 4.3695366 53.6044648
OS 4.35823868 53.61576272
OS 4.29288956 53.6428315
OS 4.22215564 53.6428315
OS 4.15680652 53.61576272
OS 4.10679138 53.56574758
OS 4.0797226 53.50039846
OS 4.0797226 53.42966454
OS 4.10679138 53.36431542
OS 4.15680652 53.31430028
OS 4.22215564 53.2872315
OS 4.29288956 53.2872315
OS 4.35823868 53.31430028
OS 4.3734736 53.3295352
OS 4.45053212 53.3295352
OS 4.46183258 53.31823474
OS 4.5271817 53.29116596
OS 4.59791562 53.29116596
OS 4.66326474 53.31823474
OS 4.71327988 53.36824988
OS 4.74034866 53.433599
OS 4.74034866 53.50433292
OS 4.71327988 53.56968204
OS 4.66326474 53.61969718
OS 4.59791562 53.64676596
OE
OB 7.01885566 53.78960032 H
OS 6.95114434 53.78960032
OS 6.88858922 53.76368978
OS 6.84071022 53.71581078
OS 6.81479968 53.65325566
OS 6.81479968 53.58554434
OS 6.84071022 53.52298922
OS 6.88858922 53.47511022
OS 6.95114434 53.44919968
OS 7.01885566 53.44919968
OS 7.08141078 53.47511022
OS 7.12928978 53.52298922
OS 7.15520032 53.58554434
OS 7.15520032 53.65325566
OS 7.12928978 53.71581078
OS 7.08141078 53.76368978
OS 7.01885566 53.78960032
OE
OB 8.66985566 53.71340032 H
OS 8.60214434 53.71340032
OS 8.53958922 53.68748978
OS 8.49171022 53.63961078
OS 8.46579968 53.57705566
OS 8.46579968 53.50934434
OS 8.49171022 53.44678922
OS 8.53958922 53.39891022
OS 8.60214434 53.37299968
OS 8.66985566 53.37299968
OS 8.73241078 53.39891022
OS 8.78028978 53.44678922
OS 8.80620032 53.50934434
OS 8.80620032 53.57705566
OS 8.78028978 53.63961078
OS 8.73241078 53.68748978
OS 8.66985566 53.71340032
OE
OB 1.60826958 53.60816558 H
OS 1.5102459 53.60816558
OS 1.41968474 53.57065232
OS 1.35037068 53.50133826
OS 1.31285742 53.4107771
OS 1.31285742 53.31275342
OS 1.35037068 53.22219226
OS 1.41968474 53.1528782
OS 1.5102459 53.11536494
OS 1.60826958 53.11536494
OS 1.69883074 53.1528782
OS 1.7681448 53.22219226
OS 1.80565806 53.31275342
OS 1.80565806 53.4107771
OS 1.7681448 53.50133826
OS 1.69883074 53.57065232
OS 1.60826958 53.60816558
OE
OB -2.89172904 53.60816558 H
OS -2.98975272 53.60816558
OS -3.08031388 53.57065232
OS -3.14962794 53.50133826
OS -3.1871412 53.4107771
OS -3.1871412 53.31275342
OS -3.14962794 53.22219226
OS -3.08031388 53.1528782
OS -2.98975272 53.11536494
OS -2.89172904 53.11536494
OS -2.80116788 53.1528782
OS -2.73185382 53.22219226
OS -2.69434056 53.31275342
OS -2.69434056 53.4107771
OS -2.73185382 53.50133826
OS -2.80116788 53.57065232
OS -2.89172904 53.60816558
OE
OB -5.89172812 53.60816558 H
OS -5.9897518 53.60816558
OS -6.08031296 53.57065232
OS -6.14962702 53.50133826
OS -6.18714028 53.4107771
OS -6.18714028 53.31275342
OS -6.14962702 53.22219226
OS -6.08031296 53.1528782
OS -5.9897518 53.11536494
OS -5.89172812 53.11536494
OS -5.80116696 53.1528782
OS -5.7318529 53.22219226
OS -5.69433964 53.31275342
OS -5.69433964 53.4107771
OS -5.7318529 53.50133826
OS -5.80116696 53.57065232
OS -5.89172812 53.60816558
OE
OB -2.28676708 53.14364784 H
OS -2.3544784 53.14364784
OS -2.41703352 53.1177373
OS -2.46491252 53.0698583
OS -2.49082306 53.00730318
OS -2.49082306 52.93959186
OS -2.46491252 52.87703674
OS -2.41703352 52.82915774
OS -2.3544784 52.8032472
OS -2.28676708 52.8032472
OS -2.22421196 52.82915774
OS -2.17633296 52.87703674
OS -2.15042242 52.93959186
OS -2.15042242 53.00730318
OS -2.17633296 53.0698583
OS -2.22421196 53.1177373
OS -2.28676708 53.14364784
OE
OB -5.02976642 53.13281728 H
OS -5.09747774 53.13281728
OS -5.16003286 53.10690674
OS -5.20791186 53.05902774
OS -5.2338224 52.99647262
OS -5.2338224 52.9287613
OS -5.20791186 52.86620618
OS -5.16003286 52.81832718
OS -5.09747774 52.79241664
OS -5.02976642 52.79241664
OS -4.9672113 52.81832718
OS -4.9193323 52.86620618
OS -4.89342176 52.9287613
OS -4.89342176 52.99647262
OS -4.9193323 53.05902774
OS -4.9672113 53.10690674
OS -5.02976642 53.13281728
OE
OB -7.77291054 53.12686352 H
OS -7.84062186 53.12686352
OS -7.90317698 53.10095298
OS -7.95105598 53.05307398
OS -7.97696652 52.99051886
OS -7.97696652 52.92280754
OS -7.95105598 52.86025242
OS -7.90317698 52.81237342
OS -7.84062186 52.78646288
OS -7.77291054 52.78646288
OS -7.71035542 52.81237342
OS -7.66247642 52.86025242
OS -7.63656588 52.92280754
OS -7.63656588 52.99051886
OS -7.66247642 53.05307398
OS -7.71035542 53.10095298
OS -7.77291054 53.12686352
OE
OB 7.88245566 53.12315766 H
OS 7.81474434 53.12315766
OS 7.75218922 53.09724712
OS 7.70431022 53.04936812
OS 7.67839968 52.986813
OS 7.67839968 52.91910168
OS 7.70431022 52.85654656
OS 7.75218922 52.80866756
OS 7.81474434 52.78275702
OS 7.88245566 52.78275702
OS 7.94501078 52.80866756
OS 7.99288978 52.85654656
OS 8.01880032 52.91910168
OS 8.01880032 52.986813
OS 7.99288978 53.04936812
OS 7.94501078 53.09724712
OS 7.88245566 53.12315766
OE
OB 5.14826758 53.12315766 H
OS 5.08055626 53.12315766
OS 5.01800114 53.09724712
OS 4.97012214 53.04936812
OS 4.9442116 52.986813
OS 4.9442116 52.91910168
OS 4.97012214 52.85654656
OS 5.01800114 52.80866756
OS 5.08055626 52.78275702
OS 5.14826758 52.78275702
OS 5.2108227 52.80866756
OS 5.2587017 52.85654656
OS 5.28461224 52.91910168
OS 5.28461224 52.986813
OS 5.2587017 53.04936812
OS 5.2108227 53.09724712
OS 5.14826758 53.12315766
OE
OB 2.4084915 53.12315766 H
OS 2.34078018 53.12315766
OS 2.27822506 53.09724712
OS 2.23034606 53.04936812
OS 2.20443552 52.986813
OS 2.20443552 52.91910168
OS 2.23034606 52.85654656
OS 2.27822506 52.80866756
OS 2.34078018 52.78275702
OS 2.4084915 52.78275702
OS 2.47104662 52.80866756
OS 2.51892562 52.85654656
OS 2.54483616 52.91910168
OS 2.54483616 52.986813
OS 2.51892562 53.04936812
OS 2.47104662 53.09724712
OS 2.4084915 53.12315766
OE
OB 10.53072316 53.08720142 H
OS 10.46301184 53.08720142
OS 10.40045672 53.06129088
OS 10.35257772 53.01341188
OS 10.32666718 52.95085676
OS 10.32666718 52.88314544
OS 10.35257772 52.82059032
OS 10.40045672 52.77271132
OS 10.46301184 52.74680078
OS 10.53072316 52.74680078
OS 10.59327828 52.77271132
OS 10.64115728 52.82059032
OS 10.66706782 52.88314544
OS 10.66706782 52.95085676
OS 10.64115728 53.01341188
OS 10.59327828 53.06129088
OS 10.53072316 53.08720142
OE
OB -8.62754434 52.67200032 H
OS -8.69525566 52.67200032
OS -8.75781078 52.64608978
OS -8.80568978 52.59821078
OS -8.83160032 52.53565566
OS -8.83160032 52.46794434
OS -8.80568978 52.40538922
OS -8.75781078 52.35751022
OS -8.69525566 52.33159968
OS -8.62754434 52.33159968
OS -8.56498922 52.35751022
OS -8.51711022 52.40538922
OS -8.49119968 52.46794434
OS -8.49119968 52.53565566
OS -8.51711022 52.59821078
OS -8.56498922 52.64608978
OS -8.62754434 52.67200032
OE
SE
S P 0
OB 20.1422 53.4416 I
OS 15.50500074 53.4416
OS 15.50500074 54.57080018
OS 15.56988504 54.57080018
OS 15.68977812 54.62046226
OS 15.78153816 54.7122223
OS 15.83120024 54.83211538
OS 15.83120024 54.96188398
OS 15.78153816 55.08177706
OS 15.68977812 55.1735371
OS 15.56988504 55.22319918
OS 15.50500074 55.22319918
OS 15.50500074 56.769
OS 20.1422 56.769
OS 20.1422 53.4416
OE
OB 45.36130374 65.57729328 I
OS 45.27150966 65.48747888
OS 36.1442 65.48747888
OS 36.08587906 65.46332094
OS 36.06172112 65.405
OS 36.06172112 59.4614
OS 36.08587906 59.40307906
OS 36.1442 59.37892112
OS 45.36264486 59.37892112
OS 45.36772232 35.87246318
OS 45.27792824 35.78265132
OS 23.85337368 35.78317456
OS 23.85335082 44.1044203
OS 17.43732098 44.1044203
OS 17.4383446 39.36250446
OS 16.65598396 38.58014382
OS 15.83091322 38.58016414
OS 15.8098363 38.60457862
OS 15.76295044 38.70716668
OS 15.78136036 38.75160906
OS 15.7897068 38.7717411
OS 15.74944018 38.86894944
OS 15.7293183 38.87728064
OS 15.65256458 38.90907382
OS 15.65256458 39.02653866
OS 15.72931068 39.0583293
OS 15.74944018 39.06666304
OS 15.7897068 39.16387138
OS 15.78136544 39.1839958
OS 15.7494351 39.2610721
OS 15.74746914 39.2630406
OS 15.65026588 39.30330468
OS 15.6502608 39.30330214
OS 15.45355558 39.30330214
OS 15.37640816 39.43030214
OS 15.38965172 39.46227058
OS 15.3493851 39.5594713
OS 15.34741914 39.5614398
OS 15.25021588 39.60170388
OS 15.2502108 39.60170134
OS 14.95341688 39.60170134
OS 14.94865692 39.60367492
OS 14.85145366 39.56341084
OS 14.72798172 39.59718776
OS 14.72002644 39.63717752
OS 14.6807301 39.69599122
OS 14.6705701 39.70278064
OS 14.6705701 39.80298364
OS 14.63030856 39.9001869
OS 14.57663582 39.95385964
OS 14.57902088 39.96584336
OS 14.56522106 40.03521584
OS 14.52592472 40.09402954
OS 14.46711102 40.13332588
OS 14.39773854 40.1471257
OS 14.32836606 40.13332588
OS 14.26955236 40.09402954
OS 14.23025602 40.03521584
OS 14.2250541 40.00906908
OS 14.11890242 39.952549
OS 14.09348972 39.94908444
OS 14.0716 39.9655411
OS 14.0716 40.1471257
OS 14.07159492 45.83505184
OS 14.07278618 45.83584686
OS 14.11208252 45.89466056
OS 14.12588234 45.96403304
OS 14.11208252 46.03340552
OS 14.07278618 46.09221922
OS 14.07159492 46.09301424
OS 14.07159492 46.55818984
OS 14.65578984 47.14239238
OS 14.65579492 47.14239238
OS 14.65579492 47.14239238
OS 14.77312768 47.11647168
OS 14.85452198 47.04079746
OS 14.87226388 46.95160536
OS 14.89336874 46.92002046
OS 14.89336874 46.82562898
OS 14.86972388 46.7902417
OS 14.85198198 46.70104706
OS 14.86972388 46.61185242
OS 14.92024956 46.53623662
OS 14.99586536 46.48571094
OS 15.08506 46.46796904
OS 15.17425464 46.48571094
OS 15.24987044 46.53623662
OS 15.30039612 46.61185242
OS 15.31813802 46.70104706
OS 15.30039612 46.7902417
OS 15.28183126 46.81802676
OS 15.28183126 46.92002046
OS 15.30293612 46.95160536
OS 15.32067802 47.04079746
OS 15.42995898 47.14239746
OS 16.82949136 47.1424
OS 17.4367952 46.535086
OS 23.85335082 46.53509108
OS 23.85335082 67.15758984
OS 45.36096338 67.15762032
OS 45.36130374 65.57729328
OE
OB 42.5704 8.0772 I
OS 37.9834648 8.0772
OS 37.9834648 8.75925858
OS 39.05400622 9.8298
OS 39.07276666 9.8298
OS 39.13811578 9.85686878
OS 39.18813092 9.90688392
OS 39.2151997 9.97223304
OS 39.2151997 10.04296696
OS 39.18813092 10.10831608
OS 39.13811578 10.15833122
OS 39.07276666 10.1854
OS 39.00203274 10.1854
OS 38.93668362 10.15833122
OS 38.88666848 10.10831608
OS 38.8595997 10.04296696
OS 38.8595997 10.02420652
OS 37.74879674 8.91340356
OS 37.70853266 8.8162003
OS 37.7085352 8.81619522
OS 37.7085352 8.0772
OS 30.9730648 8.0772
OS 30.9730648 10.78149228
OS 30.98999136 10.80016128
OS 31.10006734 10.85588888
OS 31.11932562 10.84791074
OS 31.18703694 10.84791074
OS 31.24959206 10.87382128
OS 31.29747106 10.92170028
OS 31.3233816 10.9842554
OS 31.3233816 11.05196672
OS 31.29747106 11.11452184
OS 31.24959206 11.16240084
OS 31.18703694 11.18831138
OS 31.11932816 11.18831138
OS 31.08714636 11.25996478
OS 31.18703948 11.34790974
OS 31.24959206 11.37382028
OS 31.29747106 11.42169928
OS 31.3233816 11.4842544
OS 31.3233816 11.55196572
OS 31.29747106 11.61452084
OS 31.24959206 11.66239984
OS 31.18703694 11.68831038
OS 31.11932562 11.68831038
OS 31.10006734 11.68033224
OS 30.98999136 11.73605984
OS 30.9730648 11.75472884
OS 30.9730648 14.36177722
OS 37.8863352 14.36177722
OS 37.8863352 14.04620508
OS 37.88633266 14.0462
OS 37.92659674 13.94899674
OS 38.8874 12.98819602
OS 38.8874 12.96943304
OS 38.91446878 12.90408392
OS 38.96448392 12.85406878
OS 39.02983304 12.827
OS 39.10056696 12.827
OS 39.16591608 12.85406878
OS 39.21593122 12.90408392
OS 39.243 12.96943304
OS 39.243 13.04016696
OS 39.21593122 13.10551608
OS 39.16591608 13.15553122
OS 39.10056696 13.1826
OS 39.08180398 13.1826
OS 38.1612648 14.10314172
OS 38.1612648 14.36177722
OS 42.5704 14.36177722
OS 42.5704 8.0772
OE
OB 30.6981352 8.0772 I
OS 29.99256384 8.0772
OS 29.99256384 14.36177722
OS 30.6981352 14.36177722
OS 30.6981352 8.0772
OE
OB 29.71763424 8.0772 I
OS 28.1195653 8.0772
OS 28.1195653 14.36177722
OS 29.71763424 14.36177722
OS 29.71763424 8.0772
OE
OB 27.8446357 8.0772 I
OS 26.31215464 8.0772
OS 26.31215464 14.36177722
OS 27.8446357 14.36177722
OS 27.8446357 8.0772
OE
OB 26.03722504 8.0772 I
OS 25.0444 8.0772
OS 25.0444 14.36177722
OS 26.03722504 14.36177722
OS 26.03722504 8.0772
OE
OB 17.23241664 54.74650214 H
OS 17.14147448 54.74650214
OS 17.05745382 54.71169906
OS 17.0266614 54.68090664
OS 16.96446188 54.66203952
OS 16.95169584 54.66078222
OS 16.90668704 54.67942582
OS 16.81574488 54.67942582
OS 16.73172422 54.64462274
OS 16.66741904 54.58031756
OS 16.63261596 54.4962969
OS 16.63261596 54.40535474
OS 16.66741904 54.32133408
OS 16.73172422 54.2570289
OS 16.81574488 54.22222582
OS 16.90668704 54.22222582
OS 16.9907077 54.2570289
OS 17.01201322 54.27833442
OS 17.1107354 54.30203516
OS 17.14147448 54.28930214
OS 17.23241664 54.28930214
OS 17.3164373 54.32410522
OS 17.38074248 54.3884104
OS 17.41554556 54.47243106
OS 17.41554556 54.56337322
OS 17.38074248 54.64739388
OS 17.3164373 54.71169906
OS 17.23241664 54.74650214
OE
OB 17.98040092 55.27431668 H
OS 17.830419 55.27431668
OS 17.69185692 55.21692284
OS 17.5858043 55.11087022
OS 17.52841046 54.97230814
OS 17.52841046 54.82232622
OS 17.5858043 54.68376414
OS 17.69185692 54.57771152
OS 17.830419 54.52031768
OS 17.98040092 54.52031768
OS 18.118963 54.57771152
OS 18.22501562 54.68376414
OS 18.28240946 54.82232622
OS 18.28240946 54.97230814
OS 18.22501562 55.11087022
OS 18.118963 55.21692284
OS 17.98040092 55.27431668
OE
OB 31.08779914 57.74947556 H
OS 31.0830341 57.7474969
OS 30.78625288 57.7474969
OS 30.78624272 57.74750452
OS 30.68903184 57.70724044
OS 30.68902168 57.70721758
OS 30.68708366 57.7052821
OS 30.68706588 57.70527448
OS 30.68181824 57.69259226
OS 30.6551457 57.62819818
OS 30.64689324 57.60828712
OS 30.64679926 57.60806614
OS 30.68706842 57.51086034
OS 30.70710394 57.50256216
OS 30.78427422 57.4705988
OS 30.78902656 57.4725673
OS 31.08581794 57.4725673
OS 31.08583064 57.47255714
OS 31.08648596 57.47283654
OS 31.1830339 57.51282884
OS 31.1849897 57.51478464
OS 31.18500748 57.51479226
OS 31.19029322 57.52756846
OS 31.21692766 57.5918711
OS 31.22527156 57.6120006
OS 31.18500748 57.70920894
OS 31.08779914 57.74947556
OE
OB 34.07279952 57.74447684 H
OS 34.06803448 57.74249818
OS 33.77125326 57.74249818
OS 33.7712431 57.7425058
OS 33.67403222 57.70224172
OS 33.67402206 57.70221886
OS 33.67208404 57.70028338
OS 33.67206626 57.70027576
OS 33.66681862 57.68759354
OS 33.64014608 57.62319946
OS 33.63189362 57.6032884
OS 33.63179964 57.60306742
OS 33.6720688 57.50586162
OS 33.7692746 57.465595
OS 33.77403202 57.46756858
OS 34.07081832 57.46756858
OS 34.07083102 57.46755842
OS 34.07148634 57.46783782
OS 34.16803428 57.50783012
OS 34.16999008 57.50978592
OS 34.17000786 57.50979354
OS 34.1752936 57.52256974
OS 34.20192804 57.58687238
OS 34.21027194 57.60700188
OS 34.17000786 57.70421022
OS 34.07279952 57.74447684
OE
OB 43.23080254 51.39885326 H
OS 43.23080254 51.05400762
OS 43.44037032 51.05400762
OS 43.41875492 51.1626739
OS 43.28526014 51.36246522
OS 43.23080254 51.39885326
OE
OB 42.8498 51.54283824 H
OS 42.61413118 51.49596
OS 42.41433986 51.36246522
OS 42.28084508 51.1626739
OS 42.25922968 51.05400762
OS 42.97680254 51.05400762
OS 42.97680254 51.5175754
OS 42.8498 51.54283824
OE
OB 41.57980254 51.36154828 H
OS 41.41350874 51.32846986
OS 41.27253112 51.23427142
OS 41.17833268 51.0932938
OS 41.14525426 50.927
OS 41.17833268 50.7607062
OS 41.27253112 50.61972858
OS 41.41350874 50.52553014
OS 41.57980254 50.49245172
OS 41.74609634 50.52553014
OS 41.88707396 50.61972858
OS 41.9812724 50.7607062
OS 42.01435082 50.927
OS 41.9812724 51.0932938
OS 41.88707396 51.23427142
OS 41.74609634 51.32846986
OS 41.57980254 51.36154828
OE
OB 43.44037032 50.80000762 H
OS 43.23080254 50.80000762
OS 43.23080254 50.4551569
OS 43.28526014 50.49154494
OS 43.41875492 50.69133626
OS 43.44037032 50.80000762
OE
OB 42.97680254 50.80000762 H
OS 42.25922968 50.80000762
OS 42.28084508 50.69133626
OS 42.41433986 50.49154494
OS 42.61413118 50.35805016
OS 42.8498 50.31117192
OS 42.97680254 50.33643476
OS 42.97680254 50.80000762
OE
OB 42.8498 50.09155082 H
OS 42.6835062 50.0584724
OS 42.54252858 49.96427396
OS 42.44833014 49.82329634
OS 42.41525172 49.65700254
OS 42.44833014 49.49070874
OS 42.54252858 49.34973112
OS 42.6835062 49.25553268
OS 42.8498 49.22245426
OS 43.0160938 49.25553268
OS 43.15707142 49.34973112
OS 43.25126986 49.49070874
OS 43.28434828 49.65700254
OS 43.25126986 49.82329634
OS 43.15707142 49.96427396
OS 43.0160938 50.0584724
OS 42.8498 50.09155082
OE
OB 41.5798 50.09155082 H
OS 41.4135062 50.0584724
OS 41.27252858 49.96427396
OS 41.17833014 49.82329634
OS 41.14525172 49.65700254
OS 41.17833014 49.49070874
OS 41.27252858 49.34973112
OS 41.4135062 49.25553268
OS 41.5798 49.22245426
OS 41.7460938 49.25553268
OS 41.88707142 49.34973112
OS 41.98126986 49.49070874
OS 42.01434828 49.65700254
OS 41.98126986 49.82329634
OS 41.88707142 49.96427396
OS 41.7460938 50.0584724
OS 41.5798 50.09155082
OE
OB 28.29740086 49.15947496 H
OS 28.29263582 49.1574963
OS 27.9958546 49.1574963
OS 27.99584444 49.15750392
OS 27.89863356 49.11723984
OS 27.8986234 49.11721698
OS 27.89668538 49.1152815
OS 27.8966676 49.11527388
OS 27.89141996 49.10259166
OS 27.86474742 49.03819758
OS 27.85649496 49.01828652
OS 27.85640098 49.01806554
OS 27.89667014 48.92085974
OS 27.91670566 48.91256156
OS 27.99387594 48.8805982
OS 27.99862828 48.8825667
OS 28.29541966 48.8825667
OS 28.29543236 48.88255654
OS 28.29608768 48.88283594
OS 28.39263562 48.92282824
OS 28.39459142 48.92478404
OS 28.3946092 48.92479166
OS 28.39989494 48.93756786
OS 28.42652938 49.0018705
OS 28.43487328 49.022
OS 28.3946092 49.11920834
OS 28.29740086 49.15947496
OE
OB 25.34739914 49.15947496 H
OS 25.3426341 49.1574963
OS 25.04585288 49.1574963
OS 25.04584272 49.15750392
OS 24.94863184 49.11723984
OS 24.94862168 49.11721698
OS 24.94668366 49.1152815
OS 24.94666588 49.11527388
OS 24.94141824 49.10259166
OS 24.9147457 49.03819758
OS 24.90649324 49.01828652
OS 24.90639926 49.01806554
OS 24.94666842 48.92085974
OS 24.96670394 48.91256156
OS 25.04387422 48.8805982
OS 25.04862656 48.8825667
OS 25.34541794 48.8825667
OS 25.34543064 48.88255654
OS 25.34608596 48.88283594
OS 25.4426339 48.92282824
OS 25.4445897 48.92478404
OS 25.44460748 48.92479166
OS 25.44989322 48.93756786
OS 25.47652766 49.0018705
OS 25.48487156 49.022
OS 25.44460748 49.11920834
OS 25.34739914 49.15947496
OE
OB 43.23079492 48.8588558 H
OS 43.23079492 48.51399746
OS 43.44037286 48.51399746
OS 43.41875492 48.62267136
OS 43.28526014 48.82246268
OS 43.23079492 48.8588558
OE
OB 42.8498 49.0028357 H
OS 42.61413118 48.95595746
OS 42.41433986 48.82246268
OS 42.28084508 48.62267136
OS 42.25922714 48.51399746
OS 42.97679492 48.51399746
OS 42.97679492 48.9775754
OS 42.8498 49.0028357
OE
OB 41.5798 48.82155082 H
OS 41.4135062 48.7884724
OS 41.27252858 48.69427396
OS 41.17833014 48.55329634
OS 41.14525172 48.38700254
OS 41.17833014 48.22070874
OS 41.27252858 48.07973112
OS 41.4135062 47.98553268
OS 41.5798 47.95245426
OS 41.7460938 47.98553268
OS 41.88707142 48.07973112
OS 41.98126986 48.22070874
OS 42.01434828 48.38700254
OS 41.98126986 48.55329634
OS 41.88707142 48.69427396
OS 41.7460938 48.7884724
OS 41.5798 48.82155082
OE
OB 43.44037032 48.25999746 H
OS 43.10379492 48.25999746
OS 42.25922968 48.25999746
OS 42.28084508 48.15133372
OS 42.41433986 47.9515424
OS 42.61413118 47.81804762
OS 42.62067676 47.8167446
OS 42.62067676 47.68725794
OS 42.61413118 47.68595492
OS 42.41433986 47.55246014
OS 42.28084508 47.35266882
OS 42.25922968 47.24399746
OS 43.10379746 47.24399746
OS 43.44037032 47.24399746
OS 43.41875492 47.35266882
OS 43.28526014 47.55246014
OS 43.08546882 47.68595492
OS 43.07892324 47.68725794
OS 43.07892324 47.8167446
OS 43.08546882 47.81804762
OS 43.28526014 47.9515424
OS 43.41875492 48.15133372
OS 43.44037032 48.25999746
OE
OB 41.57980254 47.55155336 H
OS 41.41350874 47.51847494
OS 41.27253112 47.4242765
OS 41.17833268 47.28329888
OS 41.14525426 47.11700508
OS 41.17833268 46.95071128
OS 41.27253112 46.80973366
OS 41.41350874 46.71553522
OS 41.57980254 46.6824568
OS 41.74609634 46.71553522
OS 41.88707396 46.80973366
OS 41.9812724 46.95071128
OS 42.01435082 47.11700508
OS 41.9812724 47.28329888
OS 41.88707396 47.4242765
OS 41.74609634 47.51847494
OS 41.57980254 47.55155336
OE
OB 43.44037032 46.98999746 H
OS 43.23079746 46.98999746
OS 43.23079746 46.64514928
OS 43.28526014 46.68153986
OS 43.41875492 46.88133118
OS 43.44037032 46.98999746
OE
OB 42.97679746 46.98999746 H
OS 42.25922968 46.98999746
OS 42.28084508 46.88133118
OS 42.41433986 46.68153986
OS 42.61413118 46.54804508
OS 42.8498 46.50116684
OS 42.97679746 46.52642968
OS 42.97679746 46.98999746
OE
OB 28.575 45.91893534 H
OS 28.5085917 45.9057248
OS 28.4522926 45.8681074
OS 28.4146752 45.8118083
OS 28.40146466 45.7454
OS 28.4146752 45.6789917
OS 28.4522926 45.6226926
OS 28.5085917 45.5850752
OS 28.575 45.57186466
OS 28.6414083 45.5850752
OS 28.6977074 45.6226926
OS 28.7353248 45.6789917
OS 28.74853534 45.7454
OS 28.7353248 45.8118083
OS 28.6977074 45.8681074
OS 28.6414083 45.9057248
OS 28.575 45.91893534
OE
OB 42.8498 46.28155082 H
OS 42.6835062 46.2484724
OS 42.54252858 46.15427396
OS 42.44833014 46.01329634
OS 42.41525172 45.84700254
OS 42.44833014 45.68070874
OS 42.54252858 45.53973112
OS 42.6835062 45.44553268
OS 42.8498 45.41245426
OS 43.0160938 45.44553268
OS 43.15707142 45.53973112
OS 43.25126986 45.68070874
OS 43.28434828 45.84700254
OS 43.25126986 46.01329634
OS 43.15707142 46.15427396
OS 43.0160938 46.2484724
OS 42.8498 46.28155082
OE
OB 41.57980254 46.28155082 H
OS 41.41350874 46.2484724
OS 41.27253112 46.15427396
OS 41.17833268 46.01329634
OS 41.14525426 45.84700254
OS 41.17833268 45.68070874
OS 41.27253112 45.53973112
OS 41.41350874 45.44553268
OS 41.57980254 45.41245426
OS 41.74609634 45.44553268
OS 41.88707396 45.53973112
OS 41.9812724 45.68070874
OS 42.01435082 45.84700254
OS 41.9812724 46.01329634
OS 41.88707396 46.15427396
OS 41.74609634 46.2484724
OS 41.57980254 46.28155082
OE
OB 26.12868282 44.19853492 H
OS 26.06227452 44.18532438
OS 26.00597542 44.14770698
OS 25.96835802 44.09140788
OS 25.95514748 44.02499958
OS 25.96835802 43.95859128
OS 26.00597542 43.90229218
OS 26.06227452 43.86467478
OS 26.12868282 43.85146424
OS 26.19509112 43.86467478
OS 26.25139022 43.90229218
OS 26.28900762 43.95859128
OS 26.30221816 44.02499958
OS 26.28900762 44.09140788
OS 26.25139022 44.14770698
OS 26.19509112 44.18532438
OS 26.12868282 44.19853492
OE
OB 15.15162578 40.10429622 H
OS 15.05441998 40.06403468
OS 15.01415082 39.96682888
OS 15.01469438 39.96553856
OS 15.05441744 39.86962054
OS 15.05443522 39.86961292
OS 15.0553928 39.86865788
OS 15.05540296 39.86863502
OS 15.15260876 39.8283684
OS 15.152624 39.82837856
OS 15.45334222 39.82837856
OS 15.4658568 39.82319442
OS 15.56306006 39.86345596
OS 15.60332922 39.96065922
OS 15.60321492 39.9609183
OS 15.56615378 40.05039996
OS 15.5630626 40.05786756
OS 15.56304482 40.05787518
OS 15.55788862 40.06303392
OS 15.557881 40.0630517
OS 15.46067266 40.10331832
OS 15.46065996 40.10330816
OS 15.15401084 40.10330816
OS 15.15162578 40.10429622
OE
OB 39.0652 37.86332534 H
OS 38.9987917 37.8501148
OS 38.9424926 37.8124974
OS 38.9048752 37.7561983
OS 38.89166466 37.68979
OS 38.9048752 37.6233817
OS 38.9424926 37.5670826
OS 38.9987917 37.5294652
OS 39.0652 37.51625466
OS 39.1316083 37.5294652
OS 39.1879074 37.5670826
OS 39.2255248 37.6233817
OS 39.23873534 37.68979
OS 39.2255248 37.7561983
OS 39.1879074 37.8124974
OS 39.1316083 37.8501148
OS 39.0652 37.86332534
OE
OB 34.06279954 37.3822849 H
OS 34.0580345 37.38030624
OS 33.76125328 37.38030624
OS 33.76124312 37.38031386
OS 33.66403224 37.34004978
OS 33.66402208 37.34002692
OS 33.66208406 37.33809144
OS 33.66206628 37.33808382
OS 33.65681864 37.3254016
OS 33.6301461 37.26100752
OS 33.62189364 37.24109646
OS 33.62179966 37.24087548
OS 33.66206882 37.14366968
OS 33.68210434 37.1353715
OS 33.75927462 37.10340814
OS 33.76402696 37.10537664
OS 34.06081834 37.10537664
OS 34.06083104 37.10536648
OS 34.06148636 37.10564588
OS 34.1580343 37.14563818
OS 34.1599901 37.14759398
OS 34.16000788 37.1476016
OS 34.16529362 37.1603778
OS 34.19192806 37.22468044
OS 34.20027196 37.24480994
OS 34.16000788 37.34201828
OS 34.06279954 37.3822849
OE
OB 31.05280048 37.29762162 H
OS 31.04803544 37.29564296
OS 30.75125422 37.29564296
OS 30.75124406 37.29565058
OS 30.65403318 37.2553865
OS 30.65402302 37.25536364
OS 30.652085 37.25342816
OS 30.65206722 37.25342054
OS 30.64681958 37.24073832
OS 30.62014704 37.17634424
OS 30.61189458 37.15643318
OS 30.6118006 37.1562122
OS 30.65206976 37.0590064
OS 30.67210528 37.05070822
OS 30.74927556 37.01874486
OS 30.7540279 37.02071336
OS 31.05081928 37.02071336
OS 31.05083198 37.0207032
OS 31.0514873 37.0209826
OS 31.14803524 37.0609749
OS 31.14999104 37.0629307
OS 31.15000882 37.06293832
OS 31.15529456 37.07571452
OS 31.181929 37.14001716
OS 31.1902729 37.16014666
OS 31.15000882 37.257355
OS 31.05280048 37.29762162
OE
OB 33.58725566 11.82880032 H
OS 33.51954434 11.82880032
OS 33.45698922 11.80288978
OS 33.40911022 11.75501078
OS 33.38319968 11.69245566
OS 33.38319968 11.62474434
OS 33.40911022 11.56218922
OS 33.45698922 11.51431022
OS 33.51954434 11.48839968
OS 33.58725566 11.48839968
OS 33.64981078 11.51431022
OS 33.69768978 11.56218922
OS 33.72360032 11.62474434
OS 33.72360032 11.69245566
OS 33.69768978 11.75501078
OS 33.64981078 11.80288978
OS 33.58725566 11.82880032
OE
OB 38.65498238 11.68300686 H
OS 38.58727106 11.68300686
OS 38.52471594 11.65709632
OS 38.47683694 11.60921732
OS 38.4509264 11.5466622
OS 38.4509264 11.47895088
OS 38.47683694 11.41639576
OS 38.52471594 11.36851676
OS 38.58727106 11.34260622
OS 38.65498238 11.34260622
OS 38.7175375 11.36851676
OS 38.7654165 11.41639576
OS 38.79132704 11.47895088
OS 38.79132704 11.5466622
OS 38.7654165 11.60921732
OS 38.7175375 11.65709632
OS 38.65498238 11.68300686
OE
OB 38.65498238 11.18300786 H
OS 38.58727106 11.18300786
OS 38.52471594 11.15709732
OS 38.47683694 11.10921832
OS 38.4509264 11.0466632
OS 38.4509264 10.97895188
OS 38.47683694 10.91639676
OS 38.52471594 10.86851776
OS 38.58727106 10.84260722
OS 38.65498238 10.84260722
OS 38.7175375 10.86851776
OS 38.7654165 10.91639676
OS 38.79132704 10.97895188
OS 38.79132704 11.0466632
OS 38.7654165 11.10921832
OS 38.7175375 11.15709732
OS 38.65498238 11.18300786
OE
OB 33.5902427 11.04140032 H
OS 33.52253138 11.04140032
OS 33.45997626 11.01548978
OS 33.41209726 10.96761078
OS 33.38618672 10.90505566
OS 33.38618672 10.83734434
OS 33.41209726 10.77478922
OS 33.45997626 10.72691022
OS 33.52253138 10.70099968
OS 33.5902427 10.70099968
OS 33.65279782 10.72691022
OS 33.70067682 10.77478922
OS 33.72658736 10.83734434
OS 33.72658736 10.90505566
OS 33.70067682 10.96761078
OS 33.65279782 11.01548978
OS 33.5902427 11.04140032
OE
SE
P -0.0048006 24.1046 6 P 0 0 ;0=5,1=1
P -0.12722606 29.1891339 6 P 0 0 ;0=3,1=1
P -0.12874244 2.9427678 6 P 0 0 ;0=3,1=1
P -0.13999972 18.99998486 6 P 0 0 ;0=5,1=1
P -0.1499997 41.09999908 6 P 0 0 ;0=5,1=1
P -0.1499997 43.79999876 6 P 0 0 ;0=5,1=1
P -0.1850009 1.524 6 P 0 0 ;0=5,1=1
P -0.20151344 25.26240058 6 P 0 0 ;0=5,1=1
P -0.2999994 21.4750015 6 P 0 0 ;0=5,1=1
P -0.3299714 1.95718938 6 P 0 0 ;0=3,1=1
P -0.3586099 24.10381006 6 P 0 0 ;0=3,1=1
P -0.4337685 2.93883334 6 P 0 0 ;0=5,1=1
P -0.4700016 18.9992 6 P 0 0 ;0=3,1=1
P -0.4826 18.4658 6 P 0 0 ;0=3,1=1
P -0.63408814 16.37922048 6 P 0 0 ;0=5,1=1
P -0.63499746 1.96112384 6 P 0 0 ;0=5,1=1
P -0.64255904 0.27644852 6 P 0 0 ;0=3,1=1
P -0.66363596 24.0998756 6 P 0 0 ;0=5,1=1
P -0.7112 13.1540377 6 P 0 0 ;0=3,1=1
P -0.7115048 17.43914978 6 P 0 0 ;0=3,1=1
P -0.87737442 31.97613366 6 P 0 0 ;0=3,1=1
P -0.87737442 32.77613206 6 P 0 0 ;0=3,1=1
P -0.89210388 12.77314184 6 P 0 0 ;0=5,1=1
P -0.894969 45.02393332 6 P 0 0 ;0=3,1=1
P -0.9391142 16.38315494 6 P 0 0 ;0=3,1=1
P -0.93957394 29.19333506 6 P 0 0 ;0=3,1=1
P -0.9475851 0.28038298 6 P 0 0 ;0=5,1=1
P -0.9946005 27.28519816 6 P 0 0 ;0=5,1=1
P -1.0508996 30.95990506 6 P 0 0 ;0=3,1=1
P -1.09587538 33.39463222 6 P 0 0 ;0=3,1=1
P -1.18053866 53.50689578 6 P 0 0 ;0=3,1=1
P -1.18053866 56.33706284 6 P 0 0 ;0=3,1=1
P -1.18240048 31.5722 6 P 0 0 ;0=5,1=1
P -1.18240048 31.9721992 6 P 0 0 ;0=5,1=1
P -1.18240048 32.3721984 6 P 0 0 ;0=5,1=1
P -1.18240048 32.7721976 6 P 0 0 ;0=5,1=1
P -1.19999506 45.01999886 6 P 0 0 ;0=5,1=1
P -1.2446 29.1894006 6 P 0 0 ;0=5,1=1
P -1.24628656 14.4812004 6 P 0 0 ;0=3,1=1
P -1.3945616 30.9576343 6 P 0 0 ;0=5,1=1
P -1.3956792 27.28308234 6 P 0 0 ;0=3,1=1
P -1.40000482 23.749 6 P 0 0 ;0=3,1=1
P -1.40090144 33.39069776 6 P 0 0 ;0=5,1=1
P -1.48556472 53.50296132 6 P 0 0 ;0=5,1=1
P -1.48556472 56.33312838 6 P 0 0 ;0=5,1=1
P -1.48742654 31.57613446 6 P 0 0 ;0=3,1=1
P -1.48742654 32.37613286 6 P 0 0 ;0=3,1=1
P -1.62248088 52.34343862 6 P 0 0 ;0=5,1=1
P -1.62248088 57.47052006 6 P 0 0 ;0=5,1=1
P -1.77791872 28.8580449 6 P 0 0 ;0=3,1=1
P -1.80090064 30.47999238 6 P 0 0 ;0=5,1=1
P -1.80317394 29.71406554 6 P 0 0 ;0=3,1=1
P -2.09372708 28.86253054 6 P 0 0 ;0=5,1=1
P -2.1082 29.718 6 P 0 0 ;0=5,1=1
P -2.2713061 27.73690668 6 P 0 0 ;0=3,1=1
P -2.3549991 23.749 6 P 0 0 ;0=5,1=1
P -2.38835692 0.50504852 6 P 0 0 ;0=3,1=1
P -2.40000028 13.55000084 8 P 0 0 ;0=1,1=1
P -2.42350036 13.0499993 6 P 0 0 ;0=5,1=1
P -2.4250015 12.5500003 6 P 0 0 ;0=5,1=1
P -2.5146 29.7115992 6 P 0 0 ;0=5,1=1
P -2.5539573 41.1123511 6 P 0 0 ;0=3,1=1
P -2.57633216 27.74084114 6 P 0 0 ;0=5,1=1
P -2.69338298 0.50898298 6 P 0 0 ;0=5,1=1
P -2.72852642 13.04606484 6 P 0 0 ;0=3,1=1
P -2.74497546 11.92893474 6 P 0 0 ;0=3,1=1
P -2.81962606 29.71553366 6 P 0 0 ;0=3,1=1
P -2.82368752 12.55046258 6 P 0 0 ;0=3,1=1
P -2.85898336 41.10841664 6 P 0 0 ;0=5,1=1
P -2.87093152 22.19120022 6 P 0 0 ;0=3,1=1
P -2.9718 1.8034 6 P 0 0 ;0=5,1=1
P -3.05000152 11.92500028 6 P 0 0 ;0=5,1=1
P -3.08357524 24.10613416 6 P 0 0 ;0=3,1=1
P -3.1735014 12.7 6 P 0 0 ;0=5,1=1
P -3.23385942 14.8336 6 P 0 0 ;0=5,1=1
P -3.24497446 15.67893486 6 P 0 0 ;0=3,1=1
P -3.3886013 24.1021997 6 P 0 0 ;0=5,1=1
P -3.3886013 24.60220124 6 P 0 0 ;0=5,1=1
P -3.47852746 12.69606554 6 P 0 0 ;0=3,1=1
P -3.48876112 19.27859746 6 P 0 0 ;0=3,1=1
P -3.48880176 15.9749998 6 P 0 0 ;0=3,1=1
P -3.49497396 13.8039348 6 P 0 0 ;0=3,1=1
P -3.53888548 14.83753446 6 P 0 0 ;0=3,1=1
P -3.55000052 15.6750004 6 P 0 0 ;0=5,1=1
P -3.56272592 20.82433986 6 P 0 0 ;0=3,1=1
P -3.5865181 29.0647882 6 P 0 0 ;0=3,1=1
P -3.6322 14.07806684 6 P 0 0 ;0=3,1=1
P -3.74480074 27.49719926 8 P 0 0 ;0=1,1=1
P -3.7650293 11.94268376 6 P 0 0 ;0=3,1=1
P -3.80000002 13.80000034 6 P 0 0 ;0=5,1=1
P -3.8354 21.75745458 6 P 0 0 ;0=3,1=1
P -3.8354 24.5872 6 P 0 0 ;0=3,1=1
P -3.9127176 29.07488724 6 P 0 0 ;0=5,1=1
P -3.92034522 53.50689578 6 P 0 0 ;0=3,1=1
P -3.92034522 56.33706284 6 P 0 0 ;0=3,1=1
P -4.04850092 15.6750004 6 P 0 0 ;0=5,1=1
P -4.07005536 11.9387493 6 P 0 0 ;0=5,1=1
P -4.1064688 14.82915754 6 P 0 0 ;0=3,1=1
P -4.11997398 12.69606554 6 P 0 0 ;0=3,1=1
P -4.22537128 53.50296132 6 P 0 0 ;0=5,1=1
P -4.22537128 56.33312838 6 P 0 0 ;0=5,1=1
P -4.24994324 30.96063404 6 P 0 0 ;0=3,1=1
P -4.31777394 29.96406504 6 P 0 0 ;0=3,1=1
P -4.33269898 27.8432641 6 P 0 0 ;0=3,1=1
P -4.34514244 24.03036596 6 P 0 0 ;0=3,1=1
P -4.34514244 24.55983404 6 P 0 0 ;0=3,1=1
P -4.35352698 15.67893486 6 P 0 0 ;0=3,1=1
P -4.3668188 52.34343862 6 P 0 0 ;0=5,1=1
P -4.3668188 57.47052006 6 P 0 0 ;0=5,1=1
P -4.39381392 33.96189042 6 P 0 0 ;0=3,1=1
P -4.42500004 12.7 6 P 0 0 ;0=5,1=1
P -4.43093856 14.82372194 6 P 0 0 ;0=5,1=1
P -4.54600056 20.828 6 P 0 0 ;0=5,1=1
P -4.54849992 11.92500028 6 P 0 0 ;0=5,1=1
P -4.5549693 30.9645685 6 P 0 0 ;0=5,1=1
P -4.6228 29.9679995 6 P 0 0 ;0=5,1=1
P -4.63772504 27.49719926 6 P 0 0 ;0=5,1=1
P -4.63772504 27.84719856 6 P 0 0 ;0=5,1=1
P -4.6501685 24.0264315 6 P 0 0 ;0=5,1=1
P -4.6501685 24.5637685 6 P 0 0 ;0=5,1=1
P -4.69666066 26.51795052 6 P 0 0 ;0=3,1=1
P -4.85352598 11.92893474 6 P 0 0 ;0=3,1=1
P -5.00168672 26.52188498 6 P 0 0 ;0=5,1=1
P -5.2664741 32.38503302 6 P 0 0 ;0=3,1=1
P -5.3529992 33.39959792 6 P 0 0 ;0=5,1=1
P -5.44760912 14.6336004 6 P 0 0 ;0=3,1=1
P -5.57150016 32.38109856 6 P 0 0 ;0=5,1=1
P -5.57150016 32.78109776 6 P 0 0 ;0=5,1=1
P -5.5807991 21.7496009 6 P 0 0 ;0=5,1=1
P -5.6134 31.9786 6 P 0 0 ;0=5,1=1
P -5.70300104 33.3908781 6 P 0 0 ;0=3,1=1
P -5.89129886 13.4112 6 P 0 0 ;0=3,1=1
P -5.89734152 9.51836552 6 P 0 0 ;0=3,1=1
P -5.91842606 31.98253446 6 P 0 0 ;0=3,1=1
P -5.95663274 23.6041692 6 P 0 0 ;0=5,1=1
P -6.0198 11.176 6 P 0 0 ;0=3,1=1
P -6.19700056 13.4112 6 P 0 0 ;0=5,1=1
P -6.20236758 9.51443106 6 P 0 0 ;0=5,1=1
P -6.2616588 23.60023474 6 P 0 0 ;0=3,1=1
P -6.26957344 16.02106524 6 P 0 0 ;0=3,1=1
P -6.35 11.176 6 P 0 0 ;0=5,1=1
P -6.41058154 18.67613486 6 P 0 0 ;0=3,1=1
P -6.41058154 19.06826514 6 P 0 0 ;0=3,1=1
P -6.47054078 25.63416514 6 P 0 0 ;0=3,1=1
P -6.5745995 16.0249997 6 P 0 0 ;0=5,1=1
P -6.66015178 53.50689578 6 P 0 0 ;0=3,1=1
P -6.66015178 56.33706284 6 P 0 0 ;0=3,1=1
P -6.73960552 28.86553536 6 P 0 0 ;0=3,1=1
P -6.77556684 25.63023068 6 P 0 0 ;0=5,1=1
P -6.8326 18.7738004 6 P 0 0 ;0=5,1=1
P -6.8326 19.1737996 6 P 0 0 ;0=5,1=1
P -6.93457338 27.93825502 6 P 0 0 ;0=3,1=1
P -6.96517784 53.50296132 6 P 0 0 ;0=5,1=1
P -6.96517784 56.33312838 6 P 0 0 ;0=5,1=1
P -7.04463158 28.8616009 6 P 0 0 ;0=5,1=1
P -7.07270366 30.40388128 6 P 0 0 ;0=5,1=1
P -7.11115672 52.34343862 6 P 0 0 ;0=5,1=1
P -7.11115672 57.47052006 6 P 0 0 ;0=5,1=1
P -7.112 11.03440008 6 P 0 0 ;0=5,1=1
P -7.22060024 19.34879798 6 P 0 0 ;0=5,1=1
P -7.23959944 27.93432056 6 P 0 0 ;0=5,1=1
P -7.37772972 30.40781574 6 P 0 0 ;0=3,1=1
P -7.39463088 28.8616009 6 P 0 0 ;0=5,1=1
P -7.39463088 29.7615991 6 P 0 0 ;0=5,1=1
P -7.39463088 33.7493991 6 P 0 0 ;0=5,1=1
P -7.4168 23.45236356 6 P 0 0 ;0=5,1=1
P -7.42448096 11.0354745 6 P 0 0 ;0=3,1=1
P -7.44157516 32.18319446 6 P 0 0 ;0=3,1=1
P -7.5256263 19.34486352 6 P 0 0 ;0=3,1=1
P -7.7216 16.6878 6 P 0 0 ;0=3,1=1
P -7.74660122 32.17926 6 P 0 0 ;0=5,1=1
P -7.80401792 23.44646314 6 P 0 0 ;0=3,1=1
P -7.81269202 19.00563128 8 P 0 0 ;0=1,1=1
P -8.001 16.3322 6 P 0 0 ;0=5,1=1
P -8.06120816 21.97335458 6 P 0 0 ;0=3,1=1
P -8.1788 26.2055991 6 P 0 0 ;0=5,1=1
P -8.3800315 19.7631685 6 P 0 0 ;0=5,1=1
P -8.41021432 30.45866654 6 P 0 0 ;0=3,1=1
P -8.50871552 26.2010525 6 P 0 0 ;0=3,1=1
P -8.52179906 24.16830066 6 P 0 0 ;0=3,1=1
P -8.5335745 17.75853446 6 P 0 0 ;0=3,1=1
P -8.5335745 18.43707006 6 P 0 0 ;0=5,1=1
P -8.54701364 18.78510594 6 P 0 0 ;0=3,1=1
P -8.68505756 19.75923404 6 P 0 0 ;0=3,1=1
P -8.71524038 30.462601 6 P 0 0 ;0=5,1=1
P -8.71524038 31.462599 6 P 0 0 ;0=5,1=1
P -8.83860056 17.7546 6 P 0 0 ;0=5,1=1
P -8.83860056 18.44100452 6 P 0 0 ;0=3,1=1
P -8.8520397 18.7890404 6 P 0 0 ;0=5,1=1
P -8.92007106 19.98707204 6 P 0 0 ;0=5,1=1
P -9.02026644 31.46653346 6 P 0 0 ;0=3,1=1
P -9.12754334 27.60553534 6 P 0 0 ;0=3,1=1
P -9.17898088 20.79100744 6 P 0 0 ;0=3,1=1
P -9.202039 18.7890404 6 P 0 0 ;0=5,1=1
P -9.22509712 19.9910065 6 P 0 0 ;0=3,1=1
P -9.29521382 29.08153442 6 P 0 0 ;0=3,1=1
P -9.30957498 53.50689578 6 P 0 0 ;0=3,1=1
P -9.30957498 56.33706284 6 P 0 0 ;0=3,1=1
P -9.32354244 26.31440254 6 P 0 0 ;0=3,1=1
P -9.37816768 24.60010066 6 P 0 0 ;0=3,1=1
P -9.39859944 17.0942 6 P 0 0 ;0=5,1=1
P -9.4325694 27.60160088 6 P 0 0 ;0=5,1=1
P -9.48400694 20.78707298 6 P 0 0 ;0=5,1=1
P -9.55204084 18.38795916 6 P 0 0 ;0=3,1=1
P -9.55204084 18.7890404 6 P 0 0 ;0=5,1=1
P -9.56314064 21.73556994 6 P 0 0 ;0=3,1=1
P -9.60023988 29.07759996 6 P 0 0 ;0=5,1=1
P -9.60023988 29.96259946 6 P 0 0 ;0=5,1=1
P -9.60023988 31.96260054 6 P 0 0 ;0=5,1=1
P -9.60023988 32.84760004 6 P 0 0 ;0=5,1=1
P -9.6012 24.01590066 6 P 0 0 ;0=3,1=1
P -9.61460104 53.50296132 6 P 0 0 ;0=5,1=1
P -9.61460104 56.33312838 6 P 0 0 ;0=5,1=1
P -9.6285685 26.318337 6 P 0 0 ;0=5,1=1
P -9.7036255 17.09813446 6 P 0 0 ;0=3,1=1
P -9.75556342 52.34343862 6 P 0 0 ;0=5,1=1
P -9.75556342 57.47052006 6 P 0 0 ;0=5,1=1
P -9.78877392 27.81139218 6 P 0 0 ;0=3,1=1
P -9.81334334 27.46496666 6 P 0 0 ;0=3,1=1
P -9.82825568 34.21157242 6 P 0 0 ;0=3,1=1
P -9.8570669 18.78510594 6 P 0 0 ;0=3,1=1
P -9.90526594 29.96653392 6 P 0 0 ;0=3,1=1
P -9.90526594 31.966535 6 P 0 0 ;0=3,1=1
P -9.90526594 32.8515345 6 P 0 0 ;0=3,1=1
P -10.06553486 23.1241473 6 P 0 0 ;0=3,1=1
P -10.1164009 27.813 6 P 0 0 ;0=5,1=1
P -10.1183694 27.4610322 6 P 0 0 ;0=5,1=1
P -10.13354336 21.73420088 6 P 0 0 ;0=5,1=1
P -10.16483616 18.67018618 6 P 0 0 ;0=5,1=1
P -10.1834315 26.3163685 6 P 0 0 ;0=5,1=1
P -10.2180009 34.20816882 6 P 0 0 ;0=5,1=1
P -10.29521436 30.96653446 6 P 0 0 ;0=3,1=1
P -10.4120315 17.34457034 6 P 0 0 ;0=5,1=1
P -10.4120315 20.7498315 6 P 0 0 ;0=5,1=1
P -10.46986222 18.67412064 6 P 0 0 ;0=3,1=1
P -10.48845756 26.31243404 6 P 0 0 ;0=3,1=1
P -10.60024042 30.9626 6 P 0 0 ;0=5,1=1
P -10.71334154 28.1649678 6 P 0 0 ;0=3,1=1
P -10.71705756 17.34063588 6 P 0 0 ;0=3,1=1
P -10.71705756 20.75376596 6 P 0 0 ;0=3,1=1
P -10.74167524 33.42387524 8 P 0 0 ;0=1,1=1
P -10.7757722 34.56194256 6 P 0 0 ;0=3,1=1
P -10.91552808 22.23422528 6 P 0 0 ;0=5,1=1
P -10.97454244 26.32303346 6 P 0 0 ;0=3,1=1
P -11.0183676 27.813 6 P 0 0 ;0=5,1=1
P -11.0183676 28.16103334 6 P 0 0 ;0=5,1=1
P -11.1179991 34.20816882 6 P 0 0 ;0=5,1=1
P -11.1179991 34.55816812 6 P 0 0 ;0=5,1=1
P -11.25993684 23.80000066 6 P 0 0 ;0=3,1=1
P -11.27315754 27.52520022 6 P 0 0 ;0=3,1=1
P -11.2795685 26.32696792 6 P 0 0 ;0=5,1=1
P -11.2952149 29.08153442 6 P 0 0 ;0=3,1=1
P -11.2952149 29.96653392 6 P 0 0 ;0=3,1=1
P -11.2952149 31.966535 6 P 0 0 ;0=3,1=1
P -11.37000012 15.40561562 6 P 0 0 ;0=3,1=1
P -11.38814334 28.1655393 6 P 0 0 ;0=3,1=1
P -11.39953778 17.915001 6 P 0 0 ;0=5,1=1
P -11.40000006 18.60385916 6 P 0 0 ;0=3,1=1
P -11.4046 22.225 6 P 0 0 ;0=3,1=1
P -11.48976112 34.20575074 6 P 0 0 ;0=3,1=1
P -11.5172744 24.37166322 6 P 0 0 ;0=3,1=1
P -11.60024096 29.07759996 6 P 0 0 ;0=5,1=1
P -11.60024096 29.96259946 6 P 0 0 ;0=5,1=1
P -11.60024096 31.96260054 6 P 0 0 ;0=5,1=1
P -11.6650008 15.28407916 6 P 0 0 ;0=5,1=1
P -11.6931694 28.16160484 6 P 0 0 ;0=5,1=1
P -11.70456384 17.91106654 6 P 0 0 ;0=3,1=1
P -11.8090315 26.32893642 6 P 0 0 ;0=5,1=1
P -11.81237414 34.96292728 6 P 0 0 ;0=3,1=1
P -11.89079918 17.5006 8 P 0 0 ;0=1,1=1
P -11.89522386 28.49645304 6 P 0 0 ;0=3,1=1
P -12.0396 14.3002 6 P 0 0 ;0=3,1=1
P -12.05827916 15.29752084 6 P 0 0 ;0=5,1=1
P -12.11405756 26.32500196 6 P 0 0 ;0=3,1=1
P -12.17547984 17.14457074 8 P 0 0 ;0=1,1=1
P -12.1802144 30.46653546 6 P 0 0 ;0=3,1=1
P -12.1802144 31.46653346 6 P 0 0 ;0=3,1=1
P -12.20024992 28.49251858 6 P 0 0 ;0=5,1=1
P -12.2174 34.6782009 6 P 0 0 ;0=5,1=1
P -12.2174 35.5781991 6 P 0 0 ;0=5,1=1
P -12.31356948 21.73224 6 P 0 0 ;0=5,1=1
P -12.31553798 23.23421058 6 P 0 0 ;0=5,1=1
P -12.37422976 15.27748786 6 P 0 0 ;0=3,1=1
P -12.3939808 34.9525209 6 P 0 0 ;0=5,1=1
P -12.4000006 25.3694565 6 P 0 0 ;0=3,1=1
P -12.44694488 18.15196522 6 P 0 0 ;0=3,1=1
P -12.44694488 19.45836596 6 P 0 0 ;0=3,1=1
P -12.46500174 14.8908008 6 P 0 0 ;0=5,1=1
P -12.48524046 30.462601 6 P 0 0 ;0=5,1=1
P -12.48524046 30.9626 6 P 0 0 ;0=5,1=1
P -12.48524046 31.462599 6 P 0 0 ;0=5,1=1
P -12.61859554 21.73617446 6 P 0 0 ;0=3,1=1
P -12.62056404 23.23027612 6 P 0 0 ;0=3,1=1
P -12.6746 31.96260054 6 P 0 0 ;0=5,1=1
P -12.7097536 14.45901096 6 P 0 0 ;0=3,1=1
P -12.75197094 18.14803076 6 P 0 0 ;0=5,1=1
P -12.75197094 19.4544315 6 P 0 0 ;0=5,1=1
P -12.79026652 30.96653446 6 P 0 0 ;0=3,1=1
P -12.97962606 31.966535 6 P 0 0 ;0=3,1=1
P -12.98477464 15.49073356 6 P 0 0 ;0=3,1=1
P -13.17572676 20.8489931 6 P 0 0 ;0=3,1=1
P -13.24600856 18.15196776 6 P 0 0 ;0=5,1=1
P -13.2531739 36.055935 6 P 0 0 ;0=3,1=1
P -13.2551424 35.05396596 6 P 0 0 ;0=3,1=1
P -13.2898007 15.4867991 6 P 0 0 ;0=5,1=1
P -13.55623146 35.5500305 6 P 0 0 ;0=5,1=1
P -13.55819996 36.05200054 6 P 0 0 ;0=5,1=1
P -13.56016846 35.0500315 6 P 0 0 ;0=5,1=1
P -13.56337394 37.51973446 6 P 0 0 ;0=3,1=1
P -13.62732352 15.85919104 8 P 0 0 ;0=1,1=1
P -13.67497138 26.5039348 6 P 0 0 ;0=3,1=1
P -13.73574596 20.66739326 6 P 0 0 ;0=5,1=1
P -13.75000298 18.15196776 6 P 0 0 ;0=5,1=1
P -13.75000298 19.956399 6 P 0 0 ;0=5,1=1
P -13.86125752 35.55396496 6 P 0 0 ;0=3,1=1
P -13.8684 37.5158 6 P 0 0 ;0=5,1=1
P -13.97999744 26.50000034 6 P 0 0 ;0=5,1=1
P -14.07682224 15.05608114 6 P 0 0 ;0=3,1=1
P -14.1381734 33.17093442 6 P 0 0 ;0=3,1=1
P -14.24803348 18.15196776 6 P 0 0 ;0=5,1=1
P -14.33447984 20.6736315 6 P 0 0 ;0=5,1=1
P -14.44319946 33.16699996 6 P 0 0 ;0=5,1=1
P -14.44319946 34.05199946 6 P 0 0 ;0=5,1=1
P -14.44319946 36.05200054 6 P 0 0 ;0=5,1=1
P -14.55305954 18.1480333 6 P 0 0 ;0=3,1=1
P -14.585188 19.70609724 6 P 0 0 ;0=5,1=1
P -14.6395059 20.67756596 6 P 0 0 ;0=3,1=1
P -14.65779898 15.9258 8 P 0 0 ;0=1,1=1
P -14.69497188 18.62887308 6 P 0 0 ;0=3,1=1
P -14.74822552 34.05593392 6 P 0 0 ;0=3,1=1
P -14.74822552 36.055935 6 P 0 0 ;0=3,1=1
P -14.8570315 17.3660308 6 P 0 0 ;0=5,1=1
P -14.89999814 24.83374764 6 P 0 0 ;0=3,1=1
P -14.9170009 31.8516 6 P 0 0 ;0=5,1=1
P -14.97450142 20.65295336 6 P 0 0 ;0=5,1=1
P -14.99999794 18.62493862 6 P 0 0 ;0=5,1=1
P -15.00965756 19.70843404 6 P 0 0 ;0=3,1=1
P -15.14694456 25.50000234 6 P 0 0 ;0=3,1=1
P -15.16205756 17.36996526 6 P 0 0 ;0=3,1=1
P -15.19694192 18.12690558 6 P 0 0 ;0=3,1=1
P -15.19694192 19.43330632 6 P 0 0 ;0=3,1=1
P -15.22538992 31.85817098 6 P 0 0 ;0=3,1=1
P -15.27952748 20.65688782 6 P 0 0 ;0=3,1=1
P -15.2908 13.4112 6 P 0 0 ;0=3,1=1
P -15.367 10.3378 6 P 0 0 ;0=5,1=1
P -15.367 10.668 6 P 0 0 ;0=5,1=1
P -15.367 12.4206 6 P 0 0 ;0=5,1=1
P -15.3689685 12.065 6 P 0 0 ;0=5,1=1
P -15.4432 33.16699996 6 P 0 0 ;0=5,1=1
P -15.4432 36.8706781 6 P 0 0 ;0=5,1=1
P -15.45197062 25.5039368 6 P 0 0 ;0=5,1=1
P -15.50196798 18.12297112 6 P 0 0 ;0=5,1=1
P -15.50196798 19.42937186 6 P 0 0 ;0=5,1=1
P -15.62462966 20.6496412 6 P 0 0 ;0=5,1=1
P -15.6464 13.41060056 6 P 0 0 ;0=5,1=1
P -15.67358816 10.66873914 6 P 0 0 ;0=3,1=1
P -15.67533822 12.42011486 6 P 0 0 ;0=3,1=1
P -15.67730672 12.07238378 6 P 0 0 ;0=3,1=1
P -15.68238672 10.35208242 6 P 0 0 ;0=3,1=1
P -15.77882544 36.8706781 6 P 0 0 ;0=3,1=1
P -15.81921144 31.49938836 6 P 0 0 ;0=3,1=1
P -15.81921144 31.8516 6 P 0 0 ;0=5,1=1
P -15.92965572 20.65357566 6 P 0 0 ;0=3,1=1
P -16.002 19.939 6 P 0 0 ;0=5,1=1
P -16.01827632 14.33479226 8 P 0 0 ;0=1,1=1
P -16.0254315 25.5019683 6 P 0 0 ;0=5,1=1
P -16.0998408 16.69905982 6 P 0 0 ;0=3,1=1
P -16.0998408 17.37238334 6 P 0 0 ;0=3,1=1
P -16.13635584 31.50648258 6 P 0 0 ;0=5,1=1
P -16.13817448 34.05593392 6 P 0 0 ;0=3,1=1
P -16.13817448 36.055935 6 P 0 0 ;0=3,1=1
P -16.13817448 36.85933446 6 P 0 0 ;0=3,1=1
P -16.33045756 25.49803384 6 P 0 0 ;0=3,1=1
P -16.3322 37.9528324 6 P 0 0 ;0=5,1=1
P -16.3322 38.8547991 6 P 0 0 ;0=5,1=1
P -16.40486686 16.69512536 6 P 0 0 ;0=5,1=1
P -16.40486686 17.3763178 6 P 0 0 ;0=5,1=1
P -16.44320054 34.05199946 6 P 0 0 ;0=5,1=1
P -16.44320054 36.05200054 6 P 0 0 ;0=5,1=1
P -16.44320054 36.8554 6 P 0 0 ;0=5,1=1
P -16.764 15.2327991 6 P 0 0 ;0=5,1=1
P -16.76682702 13.53780884 6 P 0 0 ;0=5,1=1
P -17.02317398 35.55593346 6 P 0 0 ;0=3,1=1
P -17.11335922 12.63584214 6 P 0 0 ;0=5,1=1
P -17.1196 36.8554 6 P 0 0 ;0=5,1=1
P -17.24803256 18.6019694 6 P 0 0 ;0=5,1=1
P -17.24999344 18.09998666 6 P 0 0 ;0=5,1=1
P -17.25000106 19.1008 6 P 0 0 ;0=5,1=1
P -17.32820004 35.551999 6 P 0 0 ;0=5,1=1
P -17.41838528 12.6397766 6 P 0 0 ;0=3,1=1
P -17.55305862 18.59803494 6 P 0 0 ;0=3,1=1
P -17.9578 36.8554 6 P 0 0 ;0=5,1=1
P -17.98494244 29.71996596 6 P 0 0 ;0=3,1=1
P -18.2860315 27.9888315 6 P 0 0 ;0=5,1=1
P -18.2899685 29.7160315 6 P 0 0 ;0=5,1=1
P -18.38647072 22.32280778 6 P 0 0 ;0=3,1=1
P -18.39636656 15.57794954 6 P 0 0 ;0=3,1=1
P -18.4031128 15.89549018 6 P 0 0 ;0=5,1=1
P -18.59105756 27.99276596 6 P 0 0 ;0=3,1=1
P -18.6469401 18.60196686 6 P 0 0 ;0=3,1=1
P -18.73333312 29.72599846 6 P 0 0 ;0=5,1=1
P -18.94802916 19.0980314 6 P 0 0 ;0=5,1=1
P -18.95196616 18.5980324 6 P 0 0 ;0=5,1=1
P -19.1262 27.7876 6 P 0 0 ;0=5,1=1
P -19.25305522 19.10196586 6 P 0 0 ;0=3,1=1
P -19.6088 25.0952 6 P 0 0 ;0=5,1=1
P 0.00502666 21.47893596 6 P 0 0 ;0=3,1=1
P 0.10351262 25.26633504 6 P 0 0 ;0=3,1=1
P 0.10412476 26.15947524 8 P 0 0 ;0=1,1=1
P 0.15502636 41.10393354 6 P 0 0 ;0=3,1=1
P 0.15502636 43.80393322 6 P 0 0 ;0=3,1=1
P 0.1778 29.18519944 6 P 0 0 ;0=5,1=1
P 0.20000214 22.6314 6 P 0 0 ;0=5,1=1
P 0.30022546 24.10853446 6 P 0 0 ;0=3,1=1
P 0.3556 13.56514432 6 P 0 0 ;0=5,1=1
P 0.41376854 27.66053142 6 P 0 0 ;0=3,1=1
P 0.49497742 39.29606568 6 P 0 0 ;0=3,1=1
P 0.51421538 0.76298298 6 P 0 0 ;0=5,1=1
P 0.56308498 29.21877824 6 P 0 0 ;0=3,1=1
P 0.65297304 27.28913262 6 P 0 0 ;0=3,1=1
P 0.70000114 21.4750015 6 P 0 0 ;0=5,1=1
P 0.76198476 20.92460636 6 P 0 0 ;0=3,1=1
P 0.78282546 22.83572522 6 P 0 0 ;0=3,1=1
P 0.78914244 30.76136596 6 P 0 0 ;0=3,1=1
P 0.80000348 39.30000014 6 P 0 0 ;0=5,1=1
P 0.81924144 0.75904852 6 P 0 0 ;0=3,1=1
P 0.86811104 29.21484378 6 P 0 0 ;0=5,1=1
P 0.89755726 1.87597034 6 P 0 0 ;0=5,1=1
P 0.92716858 30.10000076 6 P 0 0 ;0=3,1=1
P 0.9579991 27.28519816 6 P 0 0 ;0=5,1=1
P 1.0050272 21.47893596 6 P 0 0 ;0=3,1=1
P 1.0941685 30.7574315 6 P 0 0 ;0=5,1=1
P 1.10641384 -0.53241702 6 P 0 0 ;0=5,1=1
P 1.1156315 32.7640315 6 P 0 0 ;0=5,1=1
P 1.1969242 26.86334734 8 P 0 0 ;0=1,1=1
P 1.20258332 1.87203588 6 P 0 0 ;0=3,1=1
P 1.23219464 30.0960663 6 P 0 0 ;0=5,1=1
P 1.4114399 -0.53635148 6 P 0 0 ;0=3,1=1
P 1.42065756 32.76796596 6 P 0 0 ;0=3,1=1
P 1.50343108 56.3352315 6 P 0 0 ;0=5,1=1
P 1.66089076 52.34289506 6 P 0 0 ;0=5,1=1
P 1.66089076 57.46811976 6 P 0 0 ;0=5,1=1
P 1.6744315 41.0190315 6 P 0 0 ;0=5,1=1
P 1.6744315 43.3304315 6 P 0 0 ;0=5,1=1
P 1.73221904 17.75218954 8 P 0 0 ;0=1,1=1
P 1.73266608 36.61421176 6 P 0 0 ;0=5,1=1
P 1.73604428 17.23036686 6 P 0 0 ;0=3,1=1
P 1.78503072 18.44235834 8 P 0 0 ;0=1,1=1
P 1.8535904 56.34016418 6 P 0 0 ;0=3,1=1
P 1.9122009 23.749 6 P 0 0 ;0=5,1=1
P 1.95474336 2.9427678 6 P 0 0 ;0=3,1=1
P 1.97945756 41.02296596 6 P 0 0 ;0=3,1=1
P 1.97945756 43.33436596 6 P 0 0 ;0=3,1=1
P 2.03769214 36.61814622 6 P 0 0 ;0=3,1=1
P 2.04107034 17.2264324 6 P 0 0 ;0=5,1=1
P 2.25976942 2.93883334 6 P 0 0 ;0=5,1=1
P 2.2606 26.3144 6 P 0 0 ;0=3,1=1
P 2.286 45.6135994 6 P 0 0 ;0=5,1=1
P 2.52000512 37.9000004 6 P 0 0 ;0=5,1=1
P 2.59102606 45.61753386 6 P 0 0 ;0=3,1=1
P 2.64075926 26.53832386 6 P 0 0 ;0=3,1=1
P 2.73563334 18.1264306 6 P 0 0 ;0=5,1=1
P 2.74297394 38.73047118 6 P 0 0 ;0=3,1=1
P 2.82503118 37.90393486 6 P 0 0 ;0=3,1=1
P 2.86719518 23.749 6 P 0 0 ;0=3,1=1
P 2.8715208 27.28308234 6 P 0 0 ;0=3,1=1
P 3.02434244 32.76796596 6 P 0 0 ;0=3,1=1
P 3.048 38.73440564 6 P 0 0 ;0=5,1=1
P 3.0734 18.1264306 6 P 0 0 ;0=3,1=1
P 3.07514244 30.76136596 6 P 0 0 ;0=3,1=1
P 3.1496 1.9304 6 P 0 0 ;0=3,1=1
P 3.23219572 33.87713062 6 P 0 0 ;0=5,1=1
P 3.2725995 27.28519816 6 P 0 0 ;0=5,1=1
P 3.3274 18.9484 6 P 0 0 ;0=3,1=1
P 3.3293685 32.7640315 6 P 0 0 ;0=5,1=1
P 3.3801685 30.7574315 6 P 0 0 ;0=5,1=1
P 3.4038794 36.61959656 6 P 0 0 ;0=5,1=1
P 3.49497904 44.09446604 6 P 0 0 ;0=3,1=1
P 3.5306 1.9304 6 P 0 0 ;0=5,1=1
P 3.53722178 33.88106508 6 P 0 0 ;0=3,1=1
P 3.5814 28.5455995 6 P 0 0 ;0=5,1=1
P 3.59999788 21.50000018 6 P 0 0 ;0=5,1=1
P 3.6317682 24.10951744 6 P 0 0 ;0=5,1=1
P 3.6576 26.8224 6 P 0 0 ;0=3,1=1
P 3.683 18.9411991 6 P 0 0 ;0=5,1=1
P 3.70890546 36.62353102 6 P 0 0 ;0=3,1=1
P 3.8000051 44.09053158 6 P 0 0 ;0=5,1=1
P 3.88642606 28.54166504 6 P 0 0 ;0=3,1=1
P 3.90502394 21.50393464 6 P 0 0 ;0=3,1=1
P 3.9604315 43.3558315 6 P 0 0 ;0=5,1=1
P 3.96761208 24.11233938 6 P 0 0 ;0=3,1=1
P 3.9858315 40.9936315 6 P 0 0 ;0=5,1=1
P 4.09999942 22.55240092 6 P 0 0 ;0=5,1=1
P 4.13275526 25.53399262 6 P 0 0 ;0=5,1=1
P 4.2575226 53.4650315 6 P 0 0 ;0=5,1=1
P 4.2575226 56.34437296 6 P 0 0 ;0=5,1=1
P 4.26545756 43.35976596 6 P 0 0 ;0=3,1=1
P 4.28320454 14.2167991 6 P 0 0 ;0=5,1=1
P 4.28330614 24.1046 6 P 0 0 ;0=5,1=1
P 4.28788322 14.64997832 6 P 0 0 ;0=5,1=1
P 4.29085756 40.99756596 6 P 0 0 ;0=3,1=1
P 4.41029852 52.34289506 6 P 0 0 ;0=5,1=1
P 4.41029852 57.46811976 6 P 0 0 ;0=5,1=1
P 4.4152312 45.00752238 6 P 0 0 ;0=5,1=1
P 4.4474384 25.5234313 6 P 0 0 ;0=3,1=1
P 4.4749974 21.50000018 6 P 0 0 ;0=5,1=1
P 4.56254866 53.46896596 6 P 0 0 ;0=3,1=1
P 4.56254866 56.34830742 6 P 0 0 ;0=3,1=1
P 4.5883322 24.10853446 6 P 0 0 ;0=3,1=1
P 4.59408784 14.65447666 6 P 0 0 ;0=3,1=1
P 4.59884272 14.21876506 6 P 0 0 ;0=3,1=1
P 4.59999842 22.8607239 6 P 0 0 ;0=3,1=1
P 4.60766922 2.34449874 6 P 0 0 ;0=5,1=1
P 4.69052656 42.20001466 8 P 0 0 ;0=1,1=1
P 4.72025726 45.01145684 6 P 0 0 ;0=3,1=1
P 4.78002346 21.50393464 6 P 0 0 ;0=3,1=1
P 4.86325164 26.82432278 8 P 0 0 ;0=1,1=1
P 4.86681272 25.49133586 6 P 0 0 ;0=3,1=1
P 4.9987581 13.5986012 6 P 0 0 ;0=5,1=1
P 5.08563626 25.27105944 6 P 0 0 ;0=3,1=1
P 5.16306308 27.2843117 6 P 0 0 ;0=5,1=1
P 5.27833844 29.70584102 6 P 0 0 ;0=3,1=1
P 5.29497798 38.65893208 6 P 0 0 ;0=3,1=1
P 5.3154072 13.60802714 6 P 0 0 ;0=3,1=1
P 5.41966912 26.41192584 6 P 0 0 ;0=5,1=1
P 5.46808914 27.28824616 6 P 0 0 ;0=3,1=1
P 5.5372 21.9456 8 P 0 0 ;0=1,1=1
P 5.5833645 29.70977548 6 P 0 0 ;0=5,1=1
P 5.60000404 38.65499762 6 P 0 0 ;0=5,1=1
P 5.63589424 22.6441 6 P 0 0 ;0=3,1=1
P 5.79662544 17.7673 6 P 0 0 ;0=5,1=1
P 5.85099414 17.19209668 6 P 0 0 ;0=5,1=1
P 5.85179424 19.50826426 6 P 0 0 ;0=3,1=1
P 5.871972 39.70701482 6 P 0 0 ;0=3,1=1
P 5.8928 38.1 6 P 0 0 ;0=3,1=1
P 5.89317338 28.92666554 6 P 0 0 ;0=3,1=1
P 5.93776816 37.29106334 6 P 0 0 ;0=3,1=1
P 5.9436 18.415 6 P 0 0 ;0=5,1=1
P 5.95250016 35.2795586 6 P 0 0 ;0=3,1=1
P 5.99026996 29.96105514 6 P 0 0 ;0=3,1=1
P 6.0706 28.63347334 6 P 0 0 ;0=3,1=1
P 6.096 17.8562 6 P 0 0 ;0=3,1=1
P 6.1560202 17.19603114 6 P 0 0 ;0=3,1=1
P 6.16433616 42.71612234 6 P 0 0 ;0=5,1=1
P 6.19819944 28.9306 6 P 0 0 ;0=5,1=1
P 6.19887508 10.09472962 6 P 0 0 ;0=3,1=1
P 6.24279422 37.2949978 6 P 0 0 ;0=5,1=1
P 6.2992 18.3388 6 P 0 0 ;0=3,1=1
P 6.36711706 33.672653 6 P 0 0 ;0=3,1=1
P 6.3960629 39.28000018 6 P 0 0 ;0=5,1=1
P 6.43438896 46.7010877 6 P 0 0 ;0=3,1=1
P 6.46936222 42.7200568 6 P 0 0 ;0=3,1=1
P 6.48036296 29.44599902 6 P 0 0 ;0=3,1=1
P 6.5024 18.5928 6 P 0 0 ;0=3,1=1
P 6.50390114 10.09079516 6 P 0 0 ;0=5,1=1
P 6.67214312 33.66871854 6 P 0 0 ;0=5,1=1
P 6.70503104 39.25850162 6 P 0 0 ;0=3,1=1
P 6.73019736 8.24460124 6 P 0 0 ;0=5,1=1
P 6.80864272 8.64915466 6 P 0 0 ;0=3,1=1
P 6.85255424 18.5928 6 P 0 0 ;0=3,1=1
P 6.99220852 56.36062896 6 P 0 0 ;0=5,1=1
P 7.1301991 8.64460044 6 P 0 0 ;0=5,1=1
P 7.15970628 52.34289506 6 P 0 0 ;0=5,1=1
P 7.15970628 57.46811976 6 P 0 0 ;0=5,1=1
P 7.20764624 18.98297194 8 P 0 0 ;0=1,1=1
P 7.29723458 56.36456342 6 P 0 0 ;0=3,1=1
P 7.35649532 23.3426 6 P 0 0 ;0=3,1=1
P 7.45908592 18.7071 6 P 0 0 ;0=3,1=1
P 7.5301983 8.24460124 6 P 0 0 ;0=5,1=1
P 7.5301983 8.64460044 6 P 0 0 ;0=5,1=1
P 7.5365737 33.08360414 6 P 0 0 ;0=3,1=1
P 7.59652786 11.00284058 6 P 0 0 ;0=5,1=1
P 7.62 45.72 8 P 0 0 ;0=1,1=1
P 7.78788384 23.32437042 6 P 0 0 ;0=5,1=1
P 7.79584928 39.099998 6 P 0 0 ;0=3,1=1
P 7.7978 18.8722 6 P 0 0 ;0=3,1=1
P 7.84159976 33.0875386 6 P 0 0 ;0=5,1=1
P 7.89890978 39.44606538 6 P 0 0 ;0=3,1=1
P 7.9296006 31.61254028 6 P 0 0 ;0=5,1=1
P 7.9381985 8.24460124 6 P 0 0 ;0=3,1=1
P 7.95300162 9.67461108 6 P 0 0 ;0=5,1=1
P 7.99816282 35.3160838 6 P 0 0 ;0=3,1=1
P 8.03830752 10.13036074 6 P 0 0 ;0=5,1=1
P 8.09768256 9.4022037 6 P 0 0 ;0=3,1=1
P 8.09935642 23.31916596 6 P 0 0 ;0=3,1=1
P 8.1026 43.05000026 6 P 0 0 ;0=3,1=1
P 8.20393584 39.44999984 6 P 0 0 ;0=5,1=1
P 8.2296 32.51254102 6 P 0 0 ;0=5,1=1
P 8.2296 32.89992404 6 P 0 0 ;0=5,1=1
P 8.23462666 31.60860582 6 P 0 0 ;0=3,1=1
P 8.25940182 37.51855844 6 P 0 0 ;0=3,1=1
P 8.30103242 9.67264512 6 P 0 0 ;0=5,1=1
P 8.35625456 8.8383237 6 P 0 0 ;0=3,1=1
P 8.36187304 36.0704511 6 P 0 0 ;0=3,1=1
P 8.36978768 10.12405138 6 P 0 0 ;0=3,1=1
P 8.40762606 43.05393472 6 P 0 0 ;0=5,1=1
P 8.51539826 11.1824008 6 P 0 0 ;0=5,1=1
P 8.53462606 32.51647548 6 P 0 0 ;0=3,1=1
P 8.53462606 32.89598958 6 P 0 0 ;0=3,1=1
P 8.56442788 37.5224929 6 P 0 0 ;0=5,1=1
P 8.56843346 23.29845988 6 P 0 0 ;0=3,1=1
P 8.5852 28.194 8 P 0 0 ;0=1,1=1
P 8.59568512 21.80926042 6 P 0 0 ;0=3,1=1
P 8.60007424 11.58239746 6 P 0 0 ;0=3,1=1
P 8.60040952 20.066 6 P 0 0 ;0=3,1=1
P 8.60605848 9.67657958 6 P 0 0 ;0=3,1=1
P 8.6614 8.8392 6 P 0 0 ;0=5,1=1
P 8.6668991 36.07438556 6 P 0 0 ;0=5,1=1
P 8.8646 10.8458 6 P 0 0 ;0=3,1=1
P 8.87163072 13.7453497 6 P 0 0 ;0=3,1=1
P 8.88940056 28.62429886 6 P 0 0 ;0=5,1=1
P 8.89333502 28.92932492 6 P 0 0 ;0=3,1=1
P 8.89606298 43.05000026 6 P 0 0 ;0=5,1=1
P 8.89999998 23.29999912 6 P 0 0 ;0=5,1=1
P 8.90196848 21.79803108 6 P 0 0 ;0=5,1=1
P 8.9154 11.5824 6 P 0 0 ;0=5,1=1
P 8.9662 35.7124 6 P 0 0 ;0=5,1=1
P 8.972804 27.96516378 6 P 0 0 ;0=3,1=1
P 9.12619968 10.61630084 8 P 0 0 ;0=1,1=1
P 9.1694 37.338 6 P 0 0 ;0=3,1=1
P 9.20108904 43.05393472 6 P 0 0 ;0=3,1=1
P 9.25796218 36.09999892 6 P 0 0 ;0=5,1=1
P 9.3153992 11.1824008 6 P 0 0 ;0=5,1=1
P 9.3218 11.5843685 6 P 0 0 ;0=5,1=1
P 9.398 37.09999692 6 P 0 0 ;0=5,1=1
P 9.41500784 14.07933938 6 P 0 0 ;0=3,1=1
P 9.44851044 16.91681402 6 P 0 0 ;0=5,1=1
P 9.4635447 30.603063 6 P 0 0 ;0=3,1=1
P 9.49891166 37.90393232 6 P 0 0 ;0=3,1=1
P 9.49999878 46.68000062 6 P 0 0 ;0=5,1=1
P 9.525 19.75758304 6 P 0 0 ;0=3,1=1
P 9.60000112 18.09999936 6 P 0 0 ;0=5,1=1
P 9.61587104 45.29932266 6 P 0 0 ;0=3,1=1
P 9.63995024 53.4650315 6 P 0 0 ;0=5,1=1
P 9.63995024 56.3352315 6 P 0 0 ;0=5,1=1
P 9.64936348 36.03352458 8 P 0 0 ;0=1,1=1
P 9.7301685 14.08043158 6 P 0 0 ;0=5,1=1
P 9.7535365 16.92074848 6 P 0 0 ;0=3,1=1
P 9.7536 20.80426624 6 P 0 0 ;0=3,1=1
P 9.7536 34.6202 6 P 0 0 ;0=3,1=1
P 9.76660226 31.92380204 6 P 0 0 ;0=5,1=1
P 9.76857076 30.59912854 6 P 0 0 ;0=5,1=1
P 9.79984832 52.34289506 6 P 0 0 ;0=5,1=1
P 9.79984832 57.46991808 6 P 0 0 ;0=5,1=1
P 9.80000072 37.49999612 6 P 0 0 ;0=5,1=1
P 9.80393772 37.89999786 6 P 0 0 ;0=5,1=1
P 9.80393772 38.3032 6 P 0 0 ;0=5,1=1
P 9.87814128 27.51016596 6 P 0 0 ;0=3,1=1
P 9.8806 26.5938 6 P 0 0 ;0=3,1=1
P 9.9449763 53.46896596 6 P 0 0 ;0=3,1=1
P 9.9449763 56.33916596 6 P 0 0 ;0=3,1=1
P 9.95072432 20.55000208 6 P 0 0 ;0=5,1=1
P 9.95072432 22.05000162 6 P 0 0 ;0=5,1=1
P 9.95072432 23.55000116 6 P 0 0 ;0=5,1=1
P 9.95072432 24.5500017 6 P 0 0 ;0=5,1=1
P 9.95072432 25.0500007 6 P 0 0 ;0=5,1=1
P 9.95072686 21.54999246 6 P 0 0 ;0=5,1=1
P 9.95072686 22.55001586 6 P 0 0 ;0=5,1=1
P 9.9710621 43.0599977 6 P 0 0 ;0=5,1=1
P 9.9822 18.09897828 6 P 0 0 ;0=3,1=1
P 9.9874832 21.21407746 6 P 0 0 ;0=3,1=1
P 10.0677472 20.8796001 6 P 0 0 ;0=5,1=1
P 10.07162832 31.91986758 6 P 0 0 ;0=3,1=1
P 10.11732038 26.80210794 6 P 0 0 ;0=3,1=1
P 10.1326315 14.0696315 6 P 0 0 ;0=5,1=1
P 10.140569 20.30014228 6 P 0 0 ;0=5,1=1
P 10.14154944 23.30623736 6 P 0 0 ;0=5,1=1
P 10.14154944 23.7985173 6 P 0 0 ;0=5,1=1
P 10.14406912 21.80781262 6 P 0 0 ;0=5,1=1
P 10.14406912 22.30781416 6 P 0 0 ;0=5,1=1
P 10.14406912 22.79218962 6 P 0 0 ;0=5,1=1
P 10.14406912 24.3078 6 P 0 0 ;0=5,1=1
P 10.18316734 27.5062315 6 P 0 0 ;0=5,1=1
P 10.20000246 37.49999612 6 P 0 0 ;0=5,1=1
P 10.20000246 37.89999786 6 P 0 0 ;0=5,1=1
P 10.20000246 38.3032 6 P 0 0 ;0=5,1=1
P 10.2104317 13.5128 6 P 0 0 ;0=5,1=1
P 10.21999988 36.39999832 6 P 0 0 ;0=5,1=1
P 10.24344408 26.51968026 6 P 0 0 ;0=5,1=1
P 10.27608816 43.06393216 6 P 0 0 ;0=3,1=1
P 10.29891006 42.0260653 6 P 0 0 ;0=3,1=1
P 10.30390624 39.39999994 6 P 0 0 ;0=3,1=1
P 10.33832832 35.052 6 P 0 0 ;0=3,1=1
P 10.34046192 21.05001378 6 P 0 0 ;0=5,1=1
P 10.41877266 20.66922968 6 P 0 0 ;0=3,1=1
P 10.43520392 45.65293384 6 P 0 0 ;0=5,1=1
P 10.4471216 14.07033762 6 P 0 0 ;0=3,1=1
P 10.59446192 23.7985173 6 P 0 0 ;0=5,1=1
P 10.59557952 19.32607514 6 P 0 0 ;0=5,1=1
P 10.59599862 24.81792344 6 P 0 0 ;0=5,1=1
P 10.60393612 42.02999976 6 P 0 0 ;0=5,1=1
P 10.6089323 39.4039344 6 P 0 0 ;0=5,1=1
P 10.63032672 27.3930237 6 P 0 0 ;0=3,1=1
P 10.6615738 31.75773684 6 P 0 0 ;0=3,1=1
P 10.66462688 13.05100514 6 P 0 0 ;0=3,1=1
P 10.68504594 28.5018353 6 P 0 0 ;0=3,1=1
P 10.7051602 29.29700262 6 P 0 0 ;0=3,1=1
P 10.7188 34.0868 6 P 0 0 ;0=3,1=1
P 10.72140604 34.3916 6 P 0 0 ;0=5,1=1
P 10.74022998 45.6568683 6 P 0 0 ;0=3,1=1
P 10.81365376 45.3136 6 P 0 0 ;0=5,1=1
P 10.84846192 21.44501172 6 P 0 0 ;0=3,1=1
P 10.8491655 21.05080372 6 P 0 0 ;0=5,1=1
P 10.84999862 25.0500007 6 P 0 0 ;0=5,1=1
P 10.86357238 22.41568288 9 P 0 0 ;0=4,1=1
P 10.8837984 13.2969 6 P 0 0 ;0=3,1=1
P 10.9014768 19.06581404 6 P 0 0 ;0=3,1=1
P 10.9454315 14.7348321 6 P 0 0 ;0=5,1=1
P 10.96659986 31.75380238 6 P 0 0 ;0=5,1=1
P 10.98271616 22.74897914 6 P 0 0 ;0=3,1=1
P 10.990072 28.50576976 6 P 0 0 ;0=5,1=1
P 10.99490816 42.26007042 6 P 0 0 ;0=3,1=1
P 11.01018626 29.30093708 6 P 0 0 ;0=5,1=1
P 11.02676992 44.51934962 6 P 0 0 ;0=5,1=1
P 11.06099896 22.02857164 6 P 0 0 ;0=3,1=1
P 11.08879926 13.0277997 6 P 0 0 ;0=5,1=1
P 11.09218762 19.34407104 6 P 0 0 ;0=5,1=1
P 11.09285056 21.2593047 6 P 0 0 ;0=3,1=1
P 11.10399862 24.7904 6 P 0 0 ;0=3,1=1
P 11.1252 38.5826 6 P 0 0 ;0=5,1=1
P 11.1544227 20.955 6 P 0 0 ;0=3,1=1
P 11.16216208 22.30000112 9 P 0 0 ;0=2,1=1
P 11.19999538 18.09999936 6 P 0 0 ;0=5,1=1
P 11.25045756 14.73876656 6 P 0 0 ;0=3,1=1
P 11.29647474 16.70393408 6 P 0 0 ;0=3,1=1
P 11.3392966 44.51871208 6 P 0 0 ;0=3,1=1
P 11.35000016 19.15074656 6 P 0 0 ;0=5,1=1
P 11.35000016 21.55000008 6 P 0 0 ;0=5,1=1
P 11.35000016 22.05000162 6 P 0 0 ;0=5,1=1
P 11.35000016 23.55000116 6 P 0 0 ;0=5,1=1
P 11.35000016 36.64021882 6 P 0 0 ;0=3,1=1
P 11.35248682 24.54901618 6 P 0 0 ;0=5,1=1
P 11.35829072 22.54627698 6 P 0 0 ;0=5,1=1
P 11.40006864 31.15683888 6 P 0 0 ;0=3,1=1
P 11.46157474 29.20773432 6 P 0 0 ;0=3,1=1
P 11.49983984 15.3924 6 P 0 0 ;0=3,1=1
P 11.50976616 27.25965592 6 P 0 0 ;0=5,1=1
P 11.52012936 27.7133685 6 P 0 0 ;0=5,1=1
P 11.52773666 18.10667194 6 P 0 0 ;0=3,1=1
P 11.54251184 28.84596466 6 P 0 0 ;0=5,1=1
P 11.54273536 23.03518634 6 P 0 0 ;0=3,1=1
P 11.557 20.955 6 P 0 0 ;0=3,1=1
P 11.56633196 23.77686888 6 P 0 0 ;0=3,1=1
P 11.59218662 19.34407104 6 P 0 0 ;0=5,1=1
P 11.59218662 25.2559312 6 P 0 0 ;0=5,1=1
P 11.59999966 37.6174 6 P 0 0 ;0=5,1=1
P 11.6005864 21.81370034 6 P 0 0 ;0=5,1=1
P 11.6015008 16.69999962 6 P 0 0 ;0=5,1=1
P 11.62163284 24.26850366 6 P 0 0 ;0=3,1=1
P 11.63366736 22.3231329 6 P 0 0 ;0=3,1=1
P 11.67562816 28.37880024 6 P 0 0 ;0=3,1=1
P 11.73221936 14.27939994 6 P 0 0 ;0=5,1=1
P 11.7457093 39.27495828 6 P 0 0 ;0=3,1=1
P 11.7666008 29.20379986 6 P 0 0 ;0=5,1=1
P 11.80813488 15.3924 6 P 0 0 ;0=5,1=1
P 11.81479222 27.26359038 6 P 0 0 ;0=3,1=1
P 11.82515542 27.70943404 6 P 0 0 ;0=3,1=1
P 11.8364 12.85180056 6 P 0 0 ;0=5,1=1
P 11.84850056 24.05217186 6 P 0 0 ;0=5,1=1
P 11.84999916 19.15072624 6 P 0 0 ;0=5,1=1
P 11.84999916 21.55000008 6 P 0 0 ;0=5,1=1
P 11.84999916 22.55000062 6 P 0 0 ;0=5,1=1
P 11.84999916 23.05000216 6 P 0 0 ;0=5,1=1
P 11.85002456 20.54797516 6 P 0 0 ;0=5,1=1
P 11.85002456 23.54330826 6 P 0 0 ;0=5,1=1
P 11.8515003 21.05000108 6 P 0 0 ;0=5,1=1
P 11.86157394 29.99986634 6 P 0 0 ;0=3,1=1
P 11.87147232 17.0840654 6 P 0 0 ;0=3,1=1
P 11.99999886 16.69999962 6 P 0 0 ;0=5,1=1
P 12.03724542 14.2833344 6 P 0 0 ;0=3,1=1
P 12.05073536 39.27889274 6 P 0 0 ;0=5,1=1
P 12.06635636 20.77484288 6 P 0 0 ;0=3,1=1
P 12.09218562 19.34407104 6 P 0 0 ;0=5,1=1
P 12.09218562 25.2559312 6 P 0 0 ;0=5,1=1
P 12.12561964 24.27301216 6 P 0 0 ;0=3,1=1
P 12.14879968 26.54810032 8 P 0 0 ;0=1,1=1
P 12.15502522 21.54606562 6 P 0 0 ;0=3,1=1
P 12.1666 29.60379906 6 P 0 0 ;0=5,1=1
P 12.1666 30.0038008 6 P 0 0 ;0=5,1=1
P 12.1666 30.4038 6 P 0 0 ;0=5,1=1
P 12.17649838 17.08799986 6 P 0 0 ;0=5,1=1
P 12.19045314 37.99999766 6 P 0 0 ;0=5,1=1
P 12.30502492 16.70393408 6 P 0 0 ;0=3,1=1
P 12.319 23.5458 6 P 0 0 ;0=3,1=1
P 12.3444 33.6042 6 P 0 0 ;0=3,1=1
P 12.34999816 19.15072624 6 P 0 0 ;0=5,1=1
P 12.34999816 21.05000108 6 P 0 0 ;0=5,1=1
P 12.35248736 20.55001986 6 P 0 0 ;0=5,1=1
P 12.35248736 24.05668036 6 P 0 0 ;0=5,1=1
P 12.3952 27.305 6 P 0 0 ;0=3,1=1
P 12.4846334 27.70576882 6 P 0 0 ;0=5,1=1
P 12.4866019 28.50380126 6 P 0 0 ;0=5,1=1
P 12.5416056 22.55099122 6 P 0 0 ;0=3,1=1
P 12.54647478 22.05393608 6 P 0 0 ;0=3,1=1
P 12.55769904 23.30015914 6 P 0 0 ;0=5,1=1
P 12.5646434 29.2018212 6 P 0 0 ;0=5,1=1
P 12.5646434 29.60575994 6 P 0 0 ;0=5,1=1
P 12.56660174 30.0038008 6 P 0 0 ;0=5,1=1
P 12.56660174 30.4038 6 P 0 0 ;0=5,1=1
P 12.573 23.7744 6 P 0 0 ;0=3,1=1
P 12.58454176 20.74827194 6 P 0 0 ;0=3,1=1
P 12.59218716 19.34407104 6 P 0 0 ;0=5,1=1
P 12.6218315 55.2374308 6 P 0 0 ;0=5,1=1
P 12.65502422 21.04606662 6 P 0 0 ;0=3,1=1
P 12.66660154 33.98380046 6 P 0 0 ;0=5,1=1
P 12.7 37.99999766 8 P 0 0 ;0=1,1=1
P 12.7849757 25.84190666 6 P 0 0 ;0=5,1=1
P 12.78965946 27.70183436 6 P 0 0 ;0=3,1=1
P 12.8499997 19.15072624 6 P 0 0 ;0=5,1=1
P 12.8499997 22.55000062 6 P 0 0 ;0=5,1=1
P 12.8499997 23.55000116 6 P 0 0 ;0=5,1=1
P 12.85150084 22.05000162 6 P 0 0 ;0=5,1=1
P 12.85583662 20.55627334 6 P 0 0 ;0=5,1=1
P 12.86966946 29.20575566 6 P 0 0 ;0=3,1=1
P 12.86966946 29.60182548 6 P 0 0 ;0=3,1=1
P 12.8716278 30.39986554 6 P 0 0 ;0=3,1=1
P 12.8778 26.543 6 P 0 0 ;0=3,1=1
P 12.9569464 35.7503349 6 P 0 0 ;0=3,1=1
P 13.04497264 25.05393516 6 P 0 0 ;0=3,1=1
P 13.05370262 37.06315676 6 P 0 0 ;0=3,1=1
P 13.07216842 20.78314106 6 P 0 0 ;0=3,1=1
P 13.081 39.1922 8 P 0 0 ;0=1,1=1
P 13.09218362 19.34406596 6 P 0 0 ;0=5,1=1
P 13.12313098 24.26633196 6 P 0 0 ;0=3,1=1
P 13.15559472 27.95408938 6 P 0 0 ;0=3,1=1
P 13.1826 26.53949226 6 P 0 0 ;0=5,1=1
P 13.19686464 18.87221016 6 P 0 0 ;0=3,1=1
P 13.208 21.4122 6 P 0 0 ;0=5,1=1
P 13.24902608 23.23246306 6 P 0 0 ;0=3,1=1
P 13.26157368 31.75773684 6 P 0 0 ;0=3,1=1
P 13.2640324 11.72723334 6 P 0 0 ;0=5,1=1
P 13.34901572 24.54374822 6 P 0 0 ;0=5,1=1
P 13.34999616 20.55001986 6 P 0 0 ;0=5,1=1
P 13.34999616 21.0566 6 P 0 0 ;0=5,1=1
P 13.34999616 23.55001386 6 P 0 0 ;0=5,1=1
P 13.3499987 19.15072624 6 P 0 0 ;0=5,1=1
P 13.3499987 22.05000162 6 P 0 0 ;0=5,1=1
P 13.3499987 22.55000062 6 P 0 0 ;0=5,1=1
P 13.3499987 24.05000016 6 P 0 0 ;0=5,1=1
P 13.3499987 25.0500007 6 P 0 0 ;0=5,1=1
P 13.41482966 25.87500032 6 P 0 0 ;0=5,1=1
P 13.41556372 27.32436496 6 P 0 0 ;0=3,1=1
P 13.52256884 38.96780624 6 P 0 0 ;0=5,1=1
P 13.56534752 24.77061594 6 P 0 0 ;0=3,1=1
P 13.56632796 20.77688758 6 P 0 0 ;0=3,1=1
P 13.56659974 31.75380238 6 P 0 0 ;0=5,1=1
P 13.57026496 11.73743906 6 P 0 0 ;0=3,1=1
P 13.59853008 19.34155136 6 P 0 0 ;0=5,1=1
P 13.61500706 39.56780504 6 P 0 0 ;0=3,1=1
P 13.65502476 22.05393608 6 P 0 0 ;0=3,1=1
P 13.65502476 22.54606616 6 P 0 0 ;0=3,1=1
P 13.6587992 26.0858 6 P 0 0 ;0=5,1=1
P 13.6661398 23.24201346 6 P 0 0 ;0=5,1=1
P 13.7150983 21.04483726 6 P 0 0 ;0=3,1=1
P 13.78284518 38.67086246 6 P 0 0 ;0=3,1=1
P 13.85000024 19.15072624 6 P 0 0 ;0=5,1=1
P 13.91736104 38.9717407 6 P 0 0 ;0=3,1=1
P 13.9446 45.96403304 6 P 0 0 ;0=3,1=1
P 13.9646914 39.76093648 6 P 0 0 ;0=5,1=1
P 13.97 29.65958254 6 P 0 0 ;0=5,1=1
P 13.97872998 39.34900944 6 P 0 0 ;0=5,1=1
P 14.04647432 21.04606662 6 P 0 0 ;0=3,1=1
P 14.04647432 23.55393562 6 P 0 0 ;0=3,1=1
P 14.10183616 24.80455034 6 P 0 0 ;0=5,1=1
P 14.10236448 25.21581952 6 P 0 0 ;0=3,1=1
P 14.12311882 22.76634004 6 P 0 0 ;0=3,1=1
P 14.12313152 24.26633196 6 P 0 0 ;0=3,1=1
P 14.14839944 17.2974 6 P 0 0 ;0=5,1=1
P 14.15249392 37.9678057 6 P 0 0 ;0=5,1=1
P 14.1659991 12.4008007 6 P 0 0 ;0=5,1=1
P 14.1683994 16.637 6 P 0 0 ;0=5,1=1
P 14.17003262 13.08189154 6 P 0 0 ;0=5,1=1
P 14.25145486 38.7717411 6 P 0 0 ;0=3,1=1
P 14.25145486 39.16387138 6 P 0 0 ;0=3,1=1
P 14.26157168 31.8927353 6 P 0 0 ;0=3,1=1
P 14.263624 25.95000144 6 P 0 0 ;0=3,1=1
P 14.3002 18.09999936 6 P 0 0 ;0=5,1=1
P 14.34998654 22.55000824 6 P 0 0 ;0=5,1=1
P 14.34999924 19.15072624 6 P 0 0 ;0=5,1=1
P 14.34999924 20.05000054 6 P 0 0 ;0=5,1=1
P 14.34999924 21.55000008 6 P 0 0 ;0=5,1=1
P 14.34999924 23.05000216 6 P 0 0 ;0=5,1=1
P 14.34999924 24.05000016 6 P 0 0 ;0=5,1=1
P 14.34999924 25.449276 6 P 0 0 ;0=5,1=1
P 14.35150038 21.05000108 6 P 0 0 ;0=5,1=1
P 14.35150038 23.55000116 6 P 0 0 ;0=5,1=1
P 14.38336976 37.1950361 6 P 0 0 ;0=5,1=1
P 14.39773854 39.96584336 6 P 0 0 ;0=3,1=1
P 14.4534255 17.29346554 6 P 0 0 ;0=3,1=1
P 14.4758664 16.62297666 6 P 0 0 ;0=3,1=1
P 14.55254392 39.56780504 6 P 0 0 ;0=5,1=1
P 14.55648092 38.76780664 6 P 0 0 ;0=5,1=1
P 14.55648092 39.16780584 6 P 0 0 ;0=5,1=1
P 14.56659774 31.88880084 6 P 0 0 ;0=5,1=1
P 14.56659774 33.98380046 6 P 0 0 ;0=5,1=1
P 14.56660028 30.1038006 6 P 0 0 ;0=5,1=1
P 14.5796 36.576 6 P 0 0 ;0=3,1=1
P 14.5921857 19.34407104 6 P 0 0 ;0=5,1=1
P 14.599285 25.21581952 6 P 0 0 ;0=3,1=1
P 14.62313052 22.26633342 6 P 0 0 ;0=3,1=1
P 14.6236309 26.4941685 6 P 0 0 ;0=5,1=1
P 14.6312255 18.10626554 6 P 0 0 ;0=3,1=1
P 14.6550253 21.55393454 6 P 0 0 ;0=3,1=1
P 14.6550253 23.05393662 6 P 0 0 ;0=3,1=1
P 14.68412608 37.5678065 6 P 0 0 ;0=5,1=1
P 14.75256892 38.16288024 6 P 0 0 ;0=5,1=1
P 14.79253328 38.96788498 6 P 0 0 ;0=5,1=1
P 14.84999824 19.15072624 6 P 0 0 ;0=5,1=1
P 14.84999824 21.05000108 6 P 0 0 ;0=5,1=1
P 14.84999824 22.05000162 6 P 0 0 ;0=5,1=1
P 14.84999824 22.55000062 6 P 0 0 ;0=5,1=1
P 14.84999824 25.449276 6 P 0 0 ;0=5,1=1
P 14.88101418 37.8286518 6 P 0 0 ;0=3,1=1
P 14.92865696 26.49023404 6 P 0 0 ;0=3,1=1
P 14.94865692 39.46620504 6 P 0 0 ;0=5,1=1
P 14.95513392 37.36707538 6 P 0 0 ;0=5,1=1
P 14.95898456 40.4622 6 P 0 0 ;0=5,1=1
P 15.03505248 38.7758813 6 P 0 0 ;0=3,1=1
P 15.0368 35.44164616 6 P 0 0 ;0=3,1=1
P 15.0615777 33.98773238 6 P 0 0 ;0=3,1=1
P 15.06175296 38.47125402 6 P 0 0 ;0=5,1=1
P 15.0622 23.749 6 P 0 0 ;0=5,1=1
P 15.06633004 21.2768688 6 P 0 0 ;0=3,1=1
P 15.07686596 21.8152345 6 P 0 0 ;0=5,1=1
P 15.07686596 22.76633242 6 P 0 0 ;0=3,1=1
P 15.08506 46.70104706 6 P 0 0 ;0=3,1=1
P 15.0876 47.0408 6 P 0 0 ;0=5,1=1
P 15.099284 25.21581952 6 P 0 0 ;0=3,1=1
P 15.1014684 19.34155136 6 P 0 0 ;0=5,1=1
P 15.11226848 46.28424068 6 P 0 0 ;0=3,1=1
P 15.15162578 39.96682888 6 P 0 0 ;0=5,1=1
P 15.24160274 34.63399474 8 P 0 0 ;0=1,1=1
P 15.25368298 39.46227058 6 P 0 0 ;0=3,1=1
P 15.33908032 21.58149354 6 P 0 0 ;0=3,1=1
P 15.3416 26.2636 6 P 0 0 ;0=3,1=1
P 15.34182606 35.44558062 6 P 0 0 ;0=5,1=1
P 15.34625328 40.4622 6 P 0 0 ;0=5,1=1
P 15.34870692 38.76780664 6 P 0 0 ;0=5,1=1
P 15.34870692 39.16780584 6 P 0 0 ;0=5,1=1
P 15.34999978 19.15072624 6 P 0 0 ;0=5,1=1
P 15.34999978 23.55000116 6 P 0 0 ;0=5,1=1
P 15.34999978 24.05000016 6 P 0 0 ;0=5,1=1
P 15.3508456 29.66903642 6 P 0 0 ;0=3,1=1
P 15.35264392 38.36780744 6 P 0 0 ;0=5,1=1
P 15.36660376 33.98379792 6 P 0 0 ;0=5,1=1
P 15.4658568 39.96682888 6 P 0 0 ;0=3,1=1
P 15.50838656 37.19187634 6 P 0 0 ;0=5,1=1
P 15.58118296 23.33929038 6 P 0 0 ;0=5,1=1
P 15.621 23.82140016 6 P 0 0 ;0=3,1=1
P 15.6464 46.7614 6 P 0 0 ;0=3,1=1
P 15.65153334 29.83705234 6 P 0 0 ;0=5,1=1
P 15.65373298 38.7717411 6 P 0 0 ;0=3,1=1
P 15.65373298 39.16387138 6 P 0 0 ;0=3,1=1
P 15.72138842 19.59104286 6 P 0 0 ;0=3,1=1
P 15.7226 26.1366 8 P 0 0 ;0=1,1=1
P 15.80925464 43.61176952 2 P 0 0 ;0=1,1=1
P 15.84999878 23.05000216 6 P 0 0 ;0=5,1=1
P 15.84999878 24.5500017 6 P 0 0 ;0=5,1=1
P 15.85098176 19.15074656 6 P 0 0 ;0=5,1=1
P 15.94657212 23.46538614 6 P 0 0 ;0=3,1=1
P 16.01000862 29.8196 6 P 0 0 ;0=3,1=1
P 16.05592166 20.29218192 6 P 0 0 ;0=5,1=1
P 16.05592166 21.29220532 6 P 0 0 ;0=5,1=1
P 16.05592928 19.792188 6 P 0 0 ;0=5,1=1
P 16.05592928 20.79218854 6 P 0 0 ;0=5,1=1
P 16.06289904 16.11850218 6 P 0 0 ;0=3,1=1
P 16.08128864 15.69623226 6 P 0 0 ;0=3,1=1
P 16.236696 23.0474901 6 P 0 0 ;0=3,1=1
P 16.23895152 32.28702458 6 P 0 0 ;0=3,1=1
P 16.25025706 21.55001786 6 P 0 0 ;0=5,1=1
P 16.256 45.29639912 8 P 0 0 ;0=1,1=1
P 16.383 16.9418 6 P 0 0 ;0=5,1=1
P 16.383 17.3736 6 P 0 0 ;0=5,1=1
P 16.39431062 37.20074348 6 P 0 0 ;0=3,1=1
P 16.39711986 15.6972 6 P 0 0 ;0=5,1=1
P 16.39908836 16.129 6 P 0 0 ;0=5,1=1
P 16.46291094 34.89566554 6 P 0 0 ;0=3,1=1
P 16.5608 30.861 6 P 0 0 ;0=3,1=1
P 16.69527776 17.36527642 6 P 0 0 ;0=3,1=1
P 16.69933668 37.20467794 6 P 0 0 ;0=5,1=1
P 16.70712432 16.94573954 6 P 0 0 ;0=3,1=1
P 16.73172422 54.89699968 6 P 0 0 ;0=3,1=1
P 16.76409906 55.77849906 8 P 0 0 ;0=1,1=1
P 16.767937 34.8996 6 P 0 0 ;0=5,1=1
P 16.80746702 26.8273657 6 P 0 0 ;0=3,1=1
P 16.86121596 54.45082582 6 P 0 0 ;0=3,1=1
P 17.01025808 45.2257541 8 P 0 0 ;0=1,1=1
P 17.05745382 54.89731718 6 P 0 0 ;0=5,1=1
P 17.1196 54.1483042 6 P 0 0 ;0=3,1=1
P 17.13314328 46.35454026 8 P 0 0 ;0=1,1=1
P 17.15300608 22.03544234 6 P 0 0 ;0=3,1=1
P 17.18694556 54.51790214 6 P 0 0 ;0=5,1=1
P 17.242663 34.8996 6 P 0 0 ;0=5,1=1
P 17.30925418 43.61176952 2 P 0 0 ;0=1,1=1
P 17.31007968 35.8902381 6 P 0 0 ;0=3,1=1
P 17.42439238 9.19539944 6 P 0 0 ;0=5,1=1
P 17.4498 54.22031828 6 P 0 0 ;0=5,1=1
P 17.50196906 21.99803068 6 P 0 0 ;0=5,1=1
P 17.5104044 14.17320508 6 P 0 0 ;0=5,1=1
P 17.5104044 15.33228582 6 P 0 0 ;0=5,1=1
P 17.5166782 16.48584206 6 P 0 0 ;0=5,1=1
P 17.526 36.9316 6 P 0 0 ;0=3,1=1
P 17.54768906 34.89566554 6 P 0 0 ;0=3,1=1
P 17.60019594 36.57211634 6 P 0 0 ;0=3,1=1
P 17.6624488 27.06598346 6 P 0 0 ;0=3,1=1
P 17.83094732 54.01859148 8 P 0 0 ;0=1,1=1
P 17.83094732 55.7784 8 P 0 0 ;0=1,1=1
P 17.90554966 16.48584206 6 P 0 0 ;0=5,1=1
P 17.9104036 14.17320508 6 P 0 0 ;0=5,1=1
P 17.9147089 15.33031732 6 P 0 0 ;0=5,1=1
P 17.93664688 45.0980429 8 P 0 0 ;0=1,1=1
P 17.99999956 45.99999944 8 P 0 0 ;0=1,1=1
P 18.0130323 27.10196764 6 P 0 0 ;0=5,1=1
P 18.0520848 28.5271337 6 P 0 0 ;0=3,1=1
P 18.214848 16.49391418 6 P 0 0 ;0=3,1=1
P 18.22112688 14.17546314 6 P 0 0 ;0=3,1=1
P 18.23683424 15.3322909 6 P 0 0 ;0=3,1=1
P 18.29781456 29.4361997 6 P 0 0 ;0=3,1=1
P 18.30751736 16.8877996 6 P 0 0 ;0=5,1=1
P 18.31040534 14.57320428 6 P 0 0 ;0=5,1=1
P 18.31667914 15.73228502 6 P 0 0 ;0=5,1=1
P 18.32307232 27.1042257 6 P 0 0 ;0=3,1=1
P 18.52154284 28.5271337 6 P 0 0 ;0=5,1=1
P 18.5215657 29.1771197 6 P 0 0 ;0=5,1=1
P 18.84426 23.2703497 6 P 0 0 ;0=3,1=1
P 18.8976 54.01869054 8 P 0 0 ;0=1,1=1
P 18.8976 54.898544 8 P 0 0 ;0=1,1=1
P 18.8976 55.77849906 8 P 0 0 ;0=1,1=1
P 19.0000001 45.99999944 8 P 0 0 ;0=1,1=1
P 19.0416561 45.1292087 8 P 0 0 ;0=1,1=1
P 19.1789685 23.2937685 6 P 0 0 ;0=5,1=1
P 19.37666432 17.84947154 6 P 0 0 ;0=3,1=1
P 19.50173392 23.29180254 6 P 0 0 ;0=5,1=1
P 19.67143894 22.09442622 6 P 0 0 ;0=5,1=1
P 19.6869685 17.85756906 6 P 0 0 ;0=5,1=1
P 19.82108304 23.21951922 6 P 0 0 ;0=3,1=1
P 19.976465 22.09836068 6 P 0 0 ;0=3,1=1
P 20.00000064 45.99999944 8 P 0 0 ;0=1,1=1
P 20.04165664 45.1292087 8 P 0 0 ;0=1,1=1
P 20.41546082 22.17649362 6 P 0 0 ;0=5,1=1
P 20.72048688 22.18042808 6 P 0 0 ;0=3,1=1
P 21.00000118 45.99999944 8 P 0 0 ;0=1,1=1
P 21.04165718 45.1292087 8 P 0 0 ;0=1,1=1
P 21.99999918 45.99999944 8 P 0 0 ;0=1,1=1
P 22.04165518 45.1292087 8 P 0 0 ;0=1,1=1
P 22.99999972 45.99999944 8 P 0 0 ;0=1,1=1
P 23.04165572 45.1292087 8 P 0 0 ;0=1,1=1
P 24.00000026 45.99999944 8 P 0 0 ;0=1,1=1
P 24.07468896 45.1292087 8 P 0 0 ;0=1,1=1
P 24.4856 41.6814 8 P 0 0 ;0=1,1=1
P 24.9434096 45.99999944 8 P 0 0 ;0=1,1=1
P 25.04237308 49.01806554 6 P 0 0 ;0=3,1=1
P 25.04486736 45.1292087 8 P 0 0 ;0=1,1=1
P 25.1556012 -3.2862012 6 P 0 0 ;0=5,1=1
P 25.34739914 49.022 6 P 0 0 ;0=5,1=1
P 25.46062726 -3.29013566 6 P 0 0 ;0=3,1=1
P 25.7302 13.8176 8 P 0 0 ;0=1,1=1
P 25.9999988 46.10966902 8 P 0 0 ;0=1,1=1
P 25.9999988 50.92822936 8 P 0 0 ;0=1,1=1
P 25.9999988 52.00000014 8 P 0 0 ;0=1,1=1
P 25.9999988 53.00000068 8 P 0 0 ;0=1,1=1
P 25.9999988 54.00000122 8 P 0 0 ;0=1,1=1
P 25.9999988 54.99999922 8 P 0 0 ;0=1,1=1
P 25.9999988 55.99999976 8 P 0 0 ;0=1,1=1
P 25.9999988 57.0000003 8 P 0 0 ;0=1,1=1
P 25.9999988 58.00000084 8 P 0 0 ;0=1,1=1
P 25.9999988 58.99999884 8 P 0 0 ;0=1,1=1
P 25.9999988 59.99999938 8 P 0 0 ;0=1,1=1
P 25.9999988 60.99999992 8 P 0 0 ;0=1,1=1
P 25.9999988 62.00000046 8 P 0 0 ;0=1,1=1
P 26.05932304 65.86182154 8 P 0 0 ;0=1,1=1
P 26.13564496 45.1292087 8 P 0 0 ;0=1,1=1
P 26.16197968 5.94687914 6 P 0 0 ;0=5,1=1
P 26.17468984 18.73248984 6 P 0 0 ;0=5,1=1
P 26.4056749 12.72483358 6 P 0 0 ;0=3,1=1
P 26.50000034 62.93371716 8 P 0 0 ;0=1,1=1
P 26.71070096 12.72089912 6 P 0 0 ;0=5,1=1
P 26.83770096 8.64680008 6 P 0 0 ;0=5,1=1
P 26.83770096 11.89279816 6 P 0 0 ;0=5,1=1
P 27.12604176 45.8876273 8 P 0 0 ;0=1,1=1
P 27.14272702 8.65073454 6 P 0 0 ;0=3,1=1
P 27.14272702 11.89673262 6 P 0 0 ;0=3,1=1
P 27.2034 5.94668102 6 P 0 0 ;0=5,1=1
P 27.50000088 50.9999996 8 P 0 0 ;0=1,1=1
P 27.50000088 52.00000014 8 P 0 0 ;0=1,1=1
P 27.50000088 53.00000068 8 P 0 0 ;0=1,1=1
P 27.50000088 54.00000122 8 P 0 0 ;0=1,1=1
P 27.50000088 54.99999922 8 P 0 0 ;0=1,1=1
P 27.50000088 55.99999976 8 P 0 0 ;0=1,1=1
P 27.50000088 57.0000003 8 P 0 0 ;0=1,1=1
P 27.50000088 58.00000084 8 P 0 0 ;0=1,1=1
P 27.50000088 58.99999884 8 P 0 0 ;0=1,1=1
P 27.50000088 59.99999938 8 P 0 0 ;0=1,1=1
P 27.50000088 60.99999992 8 P 0 0 ;0=1,1=1
P 27.50003136 62.93371716 8 P 0 0 ;0=1,1=1
P 27.59613988 61.7678978 8 P 0 0 ;0=1,1=1
P 27.9821005 18.98657366 6 P 0 0 ;0=5,1=1
P 27.9923748 49.01806554 6 P 0 0 ;0=3,1=1
P 28.2107005 7.81869912 6 P 0 0 ;0=5,1=1
P 28.29740086 49.022 6 P 0 0 ;0=5,1=1
P 28.3464 13.5382 8 P 0 0 ;0=1,1=1
P 28.40567344 12.72483358 6 P 0 0 ;0=3,1=1
P 28.4607 10.26979912 6 P 0 0 ;0=5,1=1
P 28.49999888 62.00000046 8 P 0 0 ;0=1,1=1
P 28.50002936 62.93371716 8 P 0 0 ;0=1,1=1
P 28.51572656 7.82263358 6 P 0 0 ;0=3,1=1
P 28.55932312 50.86182106 8 P 0 0 ;0=1,1=1
P 28.55932312 55.86182122 8 P 0 0 ;0=1,1=1
P 28.55932312 65.86182154 8 P 0 0 ;0=1,1=1
P 28.70630784 5.95459058 6 P 0 0 ;0=5,1=1
P 28.7106995 12.72089912 6 P 0 0 ;0=5,1=1
P 28.76572606 10.27373358 6 P 0 0 ;0=3,1=1
P 28.94657406 27.1404715 6 P 0 0 ;0=3,1=1
P 29.25160012 27.14440596 6 P 0 0 ;0=5,1=1
P 29.49999942 62.00000046 8 P 0 0 ;0=1,1=1
P 29.5000299 62.93371716 8 P 0 0 ;0=1,1=1
P 29.57319968 5.9455177 6 P 0 0 ;0=5,1=1
P 30.08369904 8.64680008 6 P 0 0 ;0=5,1=1
P 30.08369904 11.89279816 6 P 0 0 ;0=5,1=1
P 30.21069904 12.72089912 6 P 0 0 ;0=5,1=1
P 30.3887251 8.65073454 6 P 0 0 ;0=3,1=1
P 30.3887251 11.89673262 6 P 0 0 ;0=3,1=1
P 30.49999996 62.00000046 8 P 0 0 ;0=1,1=1
P 30.50003044 62.93371716 8 P 0 0 ;0=1,1=1
P 30.5157251 12.72483358 6 P 0 0 ;0=3,1=1
P 30.74777442 37.1562122 6 P 0 0 ;0=3,1=1
P 30.78277308 57.60806614 6 P 0 0 ;0=3,1=1
P 30.90952924 18.87447076 6 P 0 0 ;0=5,1=1
P 31.05280048 37.16014666 6 P 0 0 ;0=5,1=1
P 31.0593232 35.86182058 8 P 0 0 ;0=1,1=1
P 31.0593232 43.36182082 8 P 0 0 ;0=1,1=1
P 31.0593232 45.8618209 8 P 0 0 ;0=1,1=1
P 31.0593232 48.36182098 8 P 0 0 ;0=1,1=1
P 31.0593232 50.86182106 8 P 0 0 ;0=1,1=1
P 31.0593232 53.36182114 8 P 0 0 ;0=1,1=1
P 31.0593232 55.86182122 8 P 0 0 ;0=1,1=1
P 31.0593232 65.86182154 8 P 0 0 ;0=1,1=1
P 31.08779914 57.6120006 6 P 0 0 ;0=5,1=1
P 31.5000005 62.00000046 8 P 0 0 ;0=1,1=1
P 31.50003098 62.93371716 8 P 0 0 ;0=1,1=1
P 31.58995968 10.67171094 8 P 0 0 ;0=1,1=1
P 31.80289296 11.86451018 8 P 0 0 ;0=0,1=1
P 32.1056 13.70080064 6 P 0 0 ;0=5,1=1
P 32.41062606 13.7047351 6 P 0 0 ;0=3,1=1
P 32.50000104 62.00000046 8 P 0 0 ;0=1,1=1
P 32.50003152 62.93371716 8 P 0 0 ;0=1,1=1
P 33.00599952 10.67171094 8 P 0 0 ;0=1,1=1
P 33.0095352 11.86451018 8 P 0 0 ;0=1,1=1
P 33.49999904 62.00000046 8 P 0 0 ;0=1,1=1
P 33.49999904 63.000001 8 P 0 0 ;0=1,1=1
P 33.55932328 35.86182058 8 P 0 0 ;0=1,1=1
P 33.55932328 43.36182082 8 P 0 0 ;0=1,1=1
P 33.55932328 45.8618209 8 P 0 0 ;0=1,1=1
P 33.55932328 48.36182098 8 P 0 0 ;0=1,1=1
P 33.55932328 50.86182106 8 P 0 0 ;0=1,1=1
P 33.55932328 53.36182114 8 P 0 0 ;0=1,1=1
P 33.55932328 55.86182122 8 P 0 0 ;0=1,1=1
P 33.55932328 65.86182154 8 P 0 0 ;0=1,1=1
P 33.75777348 37.24087548 6 P 0 0 ;0=3,1=1
P 33.76777346 57.60306742 6 P 0 0 ;0=3,1=1
P 33.92599514 18.85140502 6 P 0 0 ;0=5,1=1
P 34.06279954 37.24480994 6 P 0 0 ;0=5,1=1
P 34.07279952 57.60700188 6 P 0 0 ;0=5,1=1
P 34.14657382 27.1404715 6 P 0 0 ;0=3,1=1
P 34.45159988 27.14440596 6 P 0 0 ;0=5,1=1
P 34.49999958 62.00000046 8 P 0 0 ;0=1,1=1
P 34.49999958 63.000001 8 P 0 0 ;0=1,1=1
P 34.50789136 10.1375591 8 P 0 0 ;0=1,1=1
P 35.50000012 58.99999884 8 P 0 0 ;0=1,1=1
P 35.50000012 59.99999938 8 P 0 0 ;0=1,1=1
P 35.50000012 60.99999992 8 P 0 0 ;0=1,1=1
P 35.50000012 62.00000046 8 P 0 0 ;0=1,1=1
P 35.50000012 63.000001 8 P 0 0 ;0=1,1=1
P 35.50000012 63.999999 8 P 0 0 ;0=1,1=1
P 35.50000012 64.99999954 8 P 0 0 ;0=1,1=1
P 35.59977386 14.62646554 6 P 0 0 ;0=3,1=1
P 35.90479992 14.6304 6 P 0 0 ;0=5,1=1
P 35.99999912 65.50000108 8 P 0 0 ;0=1,1=1
P 36.05932336 35.86182058 8 P 0 0 ;0=1,1=1
P 36.05932336 38.36182066 8 P 0 0 ;0=1,1=1
P 36.05932336 40.86182074 8 P 0 0 ;0=1,1=1
P 36.05932336 43.36182082 8 P 0 0 ;0=1,1=1
P 36.05932336 45.8618209 8 P 0 0 ;0=1,1=1
P 36.05932336 48.36182098 8 P 0 0 ;0=1,1=1
P 36.05932336 50.86182106 8 P 0 0 ;0=1,1=1
P 36.05932336 53.36182114 8 P 0 0 ;0=1,1=1
P 36.05932336 55.86182122 8 P 0 0 ;0=1,1=1
P 36.05932336 58.3618213 8 P 0 0 ;0=1,1=1
P 36.50000066 58.99999884 8 P 0 0 ;0=1,1=1
P 36.50000066 66.00000008 8 P 0 0 ;0=1,1=1
P 36.95677394 8.0309339 6 P 0 0 ;0=3,1=1
P 37.2618 7.46700056 6 P 0 0 ;0=5,1=1
P 37.2618 8.02699944 6 P 0 0 ;0=5,1=1
P 37.2872 14.32500056 6 P 0 0 ;0=5,1=1
P 37.2872 14.88499944 6 P 0 0 ;0=5,1=1
P 37.30639986 12.96299922 6 P 0 0 ;0=5,1=1
P 37.5000012 58.99999884 8 P 0 0 ;0=1,1=1
P 37.5000012 66.00000008 8 P 0 0 ;0=1,1=1
P 37.59222606 14.3210661 6 P 0 0 ;0=3,1=1
P 37.61142592 12.95906476 6 P 0 0 ;0=3,1=1
P 37.973 11.85920666 8 P 0 0 ;0=1,1=1
P 38.1762 10.66640742 8 P 0 0 ;0=1,1=1
P 38.39899864 58.99999884 8 P 0 0 ;0=1,1=1
P 38.39922216 14.45906684 6 P 0 0 ;0=3,1=1
P 38.50617394 8.06890182 6 P 0 0 ;0=3,1=1
P 38.55932344 35.86182058 8 P 0 0 ;0=1,1=1
P 38.55932344 38.36182066 8 P 0 0 ;0=1,1=1
P 38.55932344 40.86182074 8 P 0 0 ;0=1,1=1
P 38.55932344 43.36182082 8 P 0 0 ;0=1,1=1
P 38.55932344 45.8618209 8 P 0 0 ;0=1,1=1
P 38.55932344 48.36182098 8 P 0 0 ;0=1,1=1
P 38.55932344 50.86182106 8 P 0 0 ;0=1,1=1
P 38.55932344 53.36182114 8 P 0 0 ;0=1,1=1
P 38.55932344 55.86182122 8 P 0 0 ;0=1,1=1
P 38.55932344 58.3618213 8 P 0 0 ;0=1,1=1
P 38.70424822 14.4630013 6 P 0 0 ;0=5,1=1
P 38.8112 8.06496736 6 P 0 0 ;0=5,1=1
P 39.0373997 10.0076 6 P 0 0 ;0=5,1=1
P 39.0555988 -3.2862012 6 P 0 0 ;0=5,1=1
P 39.0652 13.0048 6 P 0 0 ;0=5,1=1
P 39.1063988 20.14180122 6 P 0 0 ;0=5,1=1
P 39.2938 14.4610328 6 P 0 0 ;0=5,1=1
P 39.3192 8.06299886 6 P 0 0 ;0=5,1=1
P 39.36062486 -3.28226674 6 P 0 0 ;0=3,1=1
P 39.41142486 20.13786676 6 P 0 0 ;0=3,1=1
P 39.49999974 58.99999884 8 P 0 0 ;0=1,1=1
P 39.49999974 66.00000008 8 P 0 0 ;0=1,1=1
P 39.59882606 14.45709834 6 P 0 0 ;0=3,1=1
P 39.62422606 8.06693332 6 P 0 0 ;0=3,1=1
P 40.50000028 58.99999884 8 P 0 0 ;0=1,1=1
P 40.50000028 66.03535688 8 P 0 0 ;0=1,1=1
P 41.05932352 8.3618197 8 P 0 0 ;0=1,1=1
P 41.05932352 10.86181978 8 P 0 0 ;0=1,1=1
P 41.05932352 13.36181986 8 P 0 0 ;0=1,1=1
P 41.05932352 35.86182058 8 P 0 0 ;0=1,1=1
P 41.05932352 38.36182066 8 P 0 0 ;0=1,1=1
P 41.05932352 40.86182074 8 P 0 0 ;0=1,1=1
P 41.05932352 43.36182082 8 P 0 0 ;0=1,1=1
P 41.05932352 53.36182114 8 P 0 0 ;0=1,1=1
P 41.05932352 55.86182122 8 P 0 0 ;0=1,1=1
P 41.05932352 58.3618213 8 P 0 0 ;0=1,1=1
P 41.50000082 58.99999884 8 P 0 0 ;0=1,1=1
P 41.99999982 66.00000008 8 P 0 0 ;0=1,1=1
P 42.49999882 58.99999884 8 P 0 0 ;0=1,1=1
P 43.00000036 66.02214634 8 P 0 0 ;0=1,1=1
P 43.30677394 17.75126498 6 P 0 0 ;0=3,1=1
P 43.49999936 58.99999884 8 P 0 0 ;0=1,1=1
P 43.5593236 35.86182058 8 P 0 0 ;0=1,1=1
P 43.5593236 38.36182066 8 P 0 0 ;0=1,1=1
P 43.5593236 40.86182074 8 P 0 0 ;0=1,1=1
P 43.5593236 43.36182082 8 P 0 0 ;0=1,1=1
P 43.5593236 53.36182114 8 P 0 0 ;0=1,1=1
P 43.5593236 55.86182122 8 P 0 0 ;0=1,1=1
P 43.5593236 58.3618213 8 P 0 0 ;0=1,1=1
P 43.6118 17.75519944 6 P 0 0 ;0=5,1=1
P 44.0000009 65.98452894 8 P 0 0 ;0=1,1=1
P 44.4999999 58.99999884 8 P 0 0 ;0=1,1=1
P 44.9999989 66.00000008 8 P 0 0 ;0=1,1=1
