:020000040800F2
:1000000000000C20B11D0108E1120108E9120108ED
:10001000F1120108F912010801130108011E01087B
:1000200000000000000000000000000009130108AB
:1000300017130108000000002513010833130108FD
:10004000011E0108011E010841130108011E0108DB
:10005000011E0108011E0108011E0108011E010800
:10006000011E0108011E0108011E0108011E0108F0
:10007000011E0108011E010855130108011E010897
:10008000011E0108011E010863130108011E010879
:10009000011E0108011E0108011E0108011E0108C0
:1000A000011E0108011E0108011E0108711301084B
:1000B000011E01088513010899130108011E01089A
:1000C000011E0108011E0108011E0108011E010890
:1000D000011E0108AD130108011E0108011E0108DF
:1000E000011E0108011E0108011E0108011E010870
:1000F000011E0108011E0108C1130108D5130108E2
:10010000E9130108FD130108011E0108011E010881
:10011000011E0108011E0108011E0108011E01083F
:10012000011E0108111401082514010839140108E1
:10013000011E01084D140108011E0108011E0108DD
:10014000011E0108011E0108011E010861140108B9
:100150007514010889140108011E0108011E010817
:10016000011E0108011E0108011E0108011E0108EF
:10017000011E0108011E0108011E0108011E0108DF
:10018000011E0108011E0108011E0108011E0108CF
:10019000011E0108011E0108011E0108011E0108BF
:1001A0009D140108B1140108011E0108011E010877
:1001B000011E0108011E0108C5140108011E0108E5
:1001C000D9140108ED14010801150108011E0108E8
:1001D000011E0108011E0108011E0108011E01087F
:1001E000011E0108011E0108011E01081515010864
:1001F000011E0108011E010821150108011E010848
:10020000011E010835150108011E0108011E010823
:10021000011E0108011E0108011E0108011E01083E
:10022000011E0108011E0108011E0108011E01082E
:08023000011E0108011E010876
:1002380010B5054C237833B9044B13B10448AFF318
:1002480000800123237010BDD01A00200000000098
:1002580060C2020808B5034B1BB103490348AFF35A
:10026800008008BD00000000D41A002060C2020807
:10027800034613F8012B002AFBD1181A01387047DE
:1002880081F0004102E000BF83F0004330B54FEA3F
:1002980041044FEA430594EA050F08BF90EA020FAC
:1002A8001FBF54EA000C55EA020C7FEA645C7FEA3F
:1002B800655C00F0E2804FEA5454D4EB5555B8BF62
:1002C8006D420CDD2C4480EA020281EA030382EAD3
:1002D800000083EA010180EA020281EA0303362D65
:1002E80088BF30BD11F0004F4FEA01314FF4801C38
:1002F8004CEA113102D0404261EB410113F0004F4A
:100308004FEA03334CEA133302D0524263EB430300
:1003180094EA050F00F0A780A4F10104D5F1200E9E
:100328000DDB02FA0EFC22FA05F2801841F10001F9
:1003380003FA0EF2801843FA05F359410EE0A5F1CD
:1003480020050EF1200E012A03FA0EFC28BF4CF0FE
:10035800020C43FA05F3C01851EBE37101F00045B4
:1003680007D54FF0000EDCF1000C7EEB00006EEBC1
:100378000101B1F5801F1BD3B1F5001F0CD349084B
:100388005FEA30004FEA3C0C04F101044FEA4452A2
:1003980012F5800F80F09A80BCF1004F08BF5FEA29
:1003A800500C50F1000041EB045141EA050130BD09
:1003B8005FEA4C0C404141EB0101013C28BFB1F51B
:1003C800801FE9D291F0000F04BF01460020B1FA66
:1003D80081F308BF2033A3F10B03B3F120020CDA39
:1003E8000C3208DD02F1140CC2F10C0201FA0CF017
:1003F80021FA02F10CE002F11402D8BFC2F1200C7C
:1004080001FA02F120FA0CFCDCBF41EA0C01904031
:10041800E41AA2BF01EB0451294330BD6FEA04047A
:100428001F3C1CDA0C340EDC04F11404C4F1200265
:1004380020FA04F001FA02F340EA030021FA04F377
:1004480045EA030130BDC4F10C04C4F1200220FACE
:1004580002F001FA04F340EA0300294630BD21FA0C
:1004680004F0294630BD94F0000F83F4801306BFD2
:1004780081F480110134013D4EE77FEA645C18BFC6
:100488007FEA655C29D094EA050F08BF90EA020F5D
:1004980005D054EA000C04BF1946104630BD91EA55
:1004A800030F1EBF0021002030BD5FEA545C05D158
:1004B8004000494128BF41F0004130BD14F5800497
:1004C8003CBF01F5801130BD01F0004545F0FE410B
:1004D80041F470014FF0000030BD7FEA645C1ABF40
:1004E800194610467FEA655C1CBF0B46024650EA77
:1004F800013406BF52EA033591EA030F41F40021A3
:1005080030BD00BF90F0000F04BF0021704730B528
:100518004FF4806404F132044FF000054FF00001FD
:1005280050E700BF90F0000F04BF0021704730B5BE
:100538004FF4806404F1320410F0004548BF404293
:100548004FF000013EE700BF42004FEAE2014FEAE8
:1005580031014FEA02701FBF12F07F4393F07F4FC3
:1005680081F06051704732F07F4208BF704793F0C6
:100578007F4F04BF41F40021704730B54FF46074D9
:1005880001F0004521F000411CE700BF50EA0102DC
:1005980008BF704730B54FF000050AE050EA010285
:1005A80008BF704730B511F0004502D5404261EBF5
:1005B80041014FF4806404F132045FEA915C3FF436
:1005C800D8AE4FF003025FEADC0C18BF03325FEAD3
:1005D800DC0C18BF033202EBDC02C2F1200300FA84
:1005E80003FC20FA02F001FA03FE40EA0E0021FAA9
:1005F80002F11444BDE600BF70B54FF0FF0C4CF497
:10060800E06C1CEA11541DBF1CEA135594EA0C0F48
:1006180095EA0C0F00F0DEF82C4481EA030621EA83
:100628004C5123EA4C5350EA013518BF52EA0335BE
:1006380041F4801143F4801338D0A0FB02CE4FF070
:100648000005E1FB02E506F00042E0FB03E54FF0A0
:100658000006E1FB03569CF0000F18BF4EF0010E98
:10066800A4F1FF04B6F5007F64F5407404D25FEA94
:100678004E0E6D4146EB060642EAC62141EA555147
:100688004FEAC52040EA5E504FEACE2EB4F1FD0C89
:1006980088BFBCF5E06F1ED8BEF1004F08BF5FEA07
:1006A800500E50F1000041EB045170BD06F00046B9
:1006B80046EA010140EA020081EA0301B4EB5C0466
:1006C800C2BFD4EB0C0541EA045170BD41F480115E
:1006D8004FF0000E013C00F3AB8014F1360FDEBF83
:1006E800002001F0004170BDC4F10004203C35DA5F
:1006F8000C341BDC04F11404C4F1200500FA05F3E2
:1007080020FA04F001FA05F240EA020001F0004282
:1007180021F0004110EBD37021FA04F642EB0601F8
:100728005EEA430E08BF20EAD37070BDC4F10C0422
:10073800C4F1200500FA04F320FA05F001FA04F2E6
:1007480040EA020001F0004110EBD37041F10001D2
:100758005EEA430E08BF20EAD37070BDC4F12005DD
:1007680000FA05F24EEA020E20FA04F301FA05F245
:1007780043EA020321FA04F001F0004121FA04F2ED
:1007880020EA020000EBD3705EEA430E08BF20EABD
:10079800D37070BD94F0000F0FD101F000464000F7
:1007A80041EB010111F4801F08BF013CF7D041EA79
:1007B800060195F0000F18BF704703F0004652007D
:1007C80043EB030313F4801F08BF013DF7D043EA4E
:1007D8000603704794EA0C0F0CEA135518BF95EA04
:1007E8000C0F0CD050EA410618BF52EA4306D1D18B
:1007F80081EA030101F000414FF0000070BD50EAAA
:10080800410606BF1046194652EA430619D094EA33
:100818000C0F02D150EA013613D195EA0C0F05D11D
:1008280052EA03361CBF104619460AD181EA030171
:1008380001F0004141F0FE4141F470014FF0000029
:1008480070BD41F0FE4141F4780170BD70B54FF0C4
:10085800FF0C4CF4E06C1CEA11541DBF1CEA135544
:1008680094EA0C0F95EA0C0F00F0A7F8A4EB050426
:1008780081EA030E52EA03354FEA013100F088801D
:100888004FEA03334FF0805545EA131343EA1263E6
:100898004FEA022245EA111545EA10654FEA00269B
:1008A8000EF000419D4208BF964244F1FD0404F554
:1008B800407402D25B084FEA3202B61A65EB0305B0
:1008C8005B084FEA32024FF480104FF4002CB6EB6D
:1008D800020E75EB030E22BFB61A754640EA0C00ED
:1008E8005B084FEA3202B6EB020E75EB030E22BF2D
:1008F800B61A754640EA5C005B084FEA3202B6EB6E
:10090800020E75EB030E22BFB61A754640EA9C002C
:100918005B084FEA3202B6EB020E75EB030E22BFFC
:10092800B61A754640EADC0055EA060E18D04FEABA
:10093800051545EA16754FEA06164FEAC30343EA5A
:1009480052734FEAC2025FEA1C1CC0D111F4801F27
:100958000BD141EA00014FF000004FF0004CB6E720
:1009680011F4801F04BF01430020B4F1FD0C88BFBF
:10097800BCF5E06F3FF6AFAEB5EB030C04BFB6EBCA
:10098800020C5FEA500C50F1000041EB045170BDBD
:100998000EF0004E4EEA113114EB5C04C2BFD4EBEA
:1009A8000C0541EA045170BD41F480114FF0000E6E
:1009B800013C90E645EA060E8DE60CEA135594EAEA
:1009C8000C0F08BF95EA0C0F3FF43BAF94EA0C0FED
:1009D8000AD150EA01347FF434AF95EA0C0F7FF462
:1009E80025AF104619462CE795EA0C0F06D152EAB6
:1009F80003353FF4FDAE1046194622E750EA41069A
:100A080018BF52EA43067FF4C5AE50EA41047FF4AA
:100A18000DAF52EA43057FF4EBAE12E74FF0FF3C0F
:100A280006E000BF4FF0010C02E000BF4FF0010CE0
:100A38004DF804CD4FEA410C7FEA6C5C4FEA430C59
:100A480018BF7FEA6C5C1BD001B050EA410C0CBFA8
:100A580052EA430C91EA030F02BF90EA020F00200A
:100A6800704710F1000F91EA030F58BF994208BF71
:100A780090422CBFD8176FEAE37040F0010070472E
:100A88004FEA410C7FEA6C5C02D150EA013C07D185
:100A98004FEA430C7FEA6C5CD6D152EA033CD3D0D0
:100AA8005DF8040B704700BF8446104662468C46CA
:100AB8001946634600E000BF01B5FFF7B7FF0028FD
:100AC80048BF10F1000F01BD4DF808EDFFF7F4FF26
:100AD8000CBF012000205DF808FB00BF4DF808EDB1
:100AE800FFF7EAFF34BF012000205DF808FB00BFD4
:100AF8004DF808EDFFF7E0FF94BF012000205DF8F6
:100B080008FB00BF4DF808EDFFF7CEFF94BF0120AA
:100B180000205DF808FB00BF4DF808EDFFF7C4FFA3
:100B280034BF012000205DF808FB00BF4FEA4102F6
:100B380012F5001215D211D56FF47873B3EB625227
:100B480012D94FEAC12343F0004343EA505311F04E
:100B5800004F23FA02F018BF404270474FF00000E0
:100B6800704750EA013005D111F0004008BF6FF01E
:100B7800004070474FF00000704700BF4A0011D294
:100B880012F5001211D20DD56FF47873B3EB6252DF
:100B98000ED44FEAC12343F0004343EA505323FAEB
:100BA80002F070474FF00000704750EA013002D160
:100BB8004FF0FF3070474FF0000070474FEA410296
:100BC800B2F1E04324BFB3F5001CDCF1FE5C0DD9A3
:100BD80001F0004C4FEAC0024CEA5070B2F1004FED
:100BE80040EB830008BF20F00100704711F0804FF0
:100BF80021D113F13872BCBF01F00040704741F4B5
:100C080080114FEA5252C2F11802C2F1200C10FAB8
:100C18000CF320FA02F018BF40F001004FEAC1239C
:100C28004FEAD32303FA0CFC40EA0C0023FA02F340
:100C38004FEA4303CCE77FEA625307D150EA013316
:100C48001EBF4FF0FE4040F44000704701F00040E6
:100C580040F0FE4040F40000704700BF53B94AB965
:100C6800002908BF00281CBF4FF0FF314FF0FF30AC
:100C780000F0B2B9ADF1080C6DE904CE00F006F849
:100C8800DDF804E0DDE9022304B070472DE9F04FF8
:100C98008C46099E04460F46002B48D18A421546C9
:100CA8005ED9B2FA82F33BB1C3F120029F409D4066
:100CB8009C4020FA02F217434FEA154E1FFA85FCB2
:100CC800220CB7FBFEF10EFB117701FB0CF042EA98
:100CD8000742904207D9AA1801F1FF3702D2904281
:100CE80000F258813946121AA4B2B2FBFEF00EFB8C
:100CF800102200FB0CFC44EA0244A4450BD92C1931
:100D080000F1FF322CBF01270027A44502D9002F8C
:100D180000F04381104640EA0140A4EB0C04002196
:100D28001EB1DC400023C6E90043BDE8F08F8B42CA
:100D380006D90EB1C6E9000100210846BDE8F08FCA
:100D4800B3FA83F1002951D16345C0F0168182427C
:100D580040F213810846002EE7D0C6E90047E4E7D1
:100D6800002A00F0AF80B2FA82F3002B40F0C28074
:100D78008A1A4FEA154EAFB20121200CB2FBFEFCD5
:100D88000EFB1C2240EA024207FB0CF090420ED9EF
:100D9800AA180CF1FF382CBF4FF001094FF00009D9
:100DA800904203D9B9F1000F00F0F080C446121A3E
:100DB800A4B2B2FBFEF00EFB102200FB07F744EAD8
:100DC8000244A7420ED92C1900F1FF322CBF4FF074
:100DD800010E4FF0000EA74203D9BEF1000F00F03C
:100DE800D2801046E41B40EA0C4099E7C1F1200587
:100DF8008B400CFA01F400FA01F922FA05F72CFAF3
:100E080005FC8A401F4320FA05F3380C23431FFAD8
:100E180087FE1C0CBCFBF0F800FB18CC44EA0C4421
:100E280008FB0EFCA4450ED93C1908F1FF3A2CBF6B
:100E38004FF0010B4FF0000BA44503D9BBF1000F95
:100E480000F0B880D046A4EB0C041FFA83FCB4FB76
:100E5800F0F300FB134403FB0EFE4CEA0444A645E2
:100E68000ED93C1903F1FF302CBF4FF0010C4FF0A5
:100E7800000CA64503D9BCF1000F00F09F80034683
:100E880043EA0840A4EB0E04A0FB02EC6445734659
:100E9800E04602D307D1F14505D2BEEB02036CEB65
:100EA800070C0138E0465EB1B9EB030264EB0804B5
:100EB80004FA05F522FA01F3CC401D43C6E90054B3
:100EC800002132E742082F464B08AC4642EAC1727D
:100ED800AE46C407110C92B241EA034142EA01420C
:100EE800B1FBF5F1B3FBF5F01F23A2EB0C0241EACD
:100EF800004142E79D40C3F1200299409C402CFAF2
:100F080002FC4FEA154E20FA02F2AFB2BCFBFEF823
:100F18000A430EFB18CC110C41EA0C4108FB07FCF4
:100F28008C4550D9691808F1FF302CBF4FF00109E2
:100F38004FF000098C4502D9B9F1000F30D0A1EB70
:100F48000C01B1FBFEF808FB07FC0EFB181192B26E
:100F580042EA0142624534D2AA1808F1FF312CBF97
:100F68004FF001094FF000096245BED2B9F1000FF8
:100F7800BBD1A8F102012A44B7E7841A6CEB03023B
:100F880001201746E7E62C4402382BE7ACF1020CA7
:100F98002A440CE702392A44A5E62C440238BAE66A
:100FA800A5EB0C0CA8F102006144B1FBFEF808FBAC
:100FB80007FCCAE7A8F102083C4444E7023B3C446A
:100FC8005EE7414691E7A1EB0C014046B1FBFEF814
:100FD80008FB07FCB9E700BF704700BF80B586B0C3
:100FE80000AF78600B467B801CF09AFB78617B68C9
:100FF8001B689B6A01333B617A693B69B2FBF3F278
:101008007B88B2FBF3F3FB607B681B68FA68013AE4
:10101800DA62FB685A1E7B68DA6000BF1837BD4683
:1010280080BD80B582B000AF7860786812F064F94E
:10103800786811F095FE7B6800229A6200BF083735
:10104800BD4680BDB0B58CB000AFF860B9607A60BD
:1010580007F1100320220021184629F08AFD7B6839
:101068003B6104233B6200237B62BB68144A9342C2
:101078000BD10023BB614FF6FF73FB61104B9B6ADA
:10108800104A52F823307B6107E0BB680E4A93424E
:1010980003D101237B610023BB61BB689B6A5A1C97
:1010A800BB689A62FB681D4607F110040FCC0FC598
:1010B80094E80F0085E80F00F8683037BD46B0BDEA
:1010C800688E002000000020F48E002080B586B0D5
:1010D80000AFF860B9601346FB71F86811F076FB51
:1010E8000023FB750AE0FB7D5B01BA6813441946CF
:1010F800F86812F0E7FBFB7D0133FB75FA7DFB799D
:101108009A42F0D300BF00BF1837BD4680BD00002B
:1011180080B584B000AFF860B96011461A460B4636
:10112800FB801346BB802B4AFB681360294ABB68C7
:101138009360284AFB889381264ABB88D381254B34
:1011480001221A74234B00225A74224B1868214B2F
:101158009968204B9B891A46FB689B6A02FB03F33C
:101168001A4611F0BFFF1B4B1B681B4A934203D161
:10117800184B1A4A5A6007E0164B1B68184A9342E4
:1011880002D1144B174A5A60124B5B68114AD28934
:1011980011461846FFF722FF0E4B5B68184621F0F0
:1011A800E7FC00BF0B4B5B68184622F0B3FF034611
:1011B800022BF7D000BF074B5B7C83F00103DBB247
:1011C800002BF8D1034B00225A7400BF1037BD46DC
:1011D80080BD00BF343A0020688E0020A49400200F
:1011E800F48E0020F094002080B582B000AF7860C3
:1011F8000A4B01225A747B68094A934203D1094871
:1012080021F08FFC06E07B68074A934202D1074829
:1012180021F087FC00BF0837BD4680BD343A002066
:10122800688E0020A4940020F48E0020F094002002
:1012380080B58EB000AF6423BB8542F210737B8506
:10124800002387F8373059E097F83730304A52F89A
:1012580023307B62786AFFF7E4FE3B1D2D4A796AEA
:101268001846FFF7EFFE3B1D01221946786AFFF783
:101278002DFF4FF6FF724FF00111786A13F058FCFA
:101288000346002B01D00FF039FD7B8DBA8D224922
:10129800786AFFF73DFF00233B63002387F82F3070
:1012A8000CE097F82F301C4A52F823303A6B13445D
:1012B8003B6397F82F30013387F82F3097F82F309A
:1012C8009BB2BA8D9A42ECD8BB8D3A6BB2FBF3F362
:1012D8003B63124B1B881A4640F6B83303FB02F1F6
:1012E8003B6B9A0097F83730B1FBF2F20C4941F8A2
:1012F800232097F83730013387F8373097F837309D
:10130800012BA1D900BF00BF3837BD4680BD00BF43
:101318004000002001000080EC1A0020A507FA0B0D
:101328002C3A002080B58EB000AFB9607A601A46BA
:101338000346FB731346BB81FB7B254A52F82330D7
:101348003B63386BFFF76DFE07F11003BA68396B22
:101358001846FFF777FE07F1100301221946386B8C
:10136800FFF7B4FEB7F84030BA891A49386BFFF76F
:10137800CFFE0023FB8619E0FB8E164A52F8233075
:10138800FA7B154951F8222003FB02F2134BA3FB09
:101398000213D21A52081344D90AFB8E5B007A68EA
:1013A80013448AB21A80FB8E0133FB86FA8EBB89FE
:1013B8009A42E1D30A4A7B685361FB7B064A52F89A
:1013C8002330074A936100BF3837BD4680BD00BF50
:1013D80040000020EC1A00202C3A002001011000E7
:1013E800343A002080B582B000AF0346FB71114A41
:1013F800FB7913740F4B00225A740E4B18680D4B6F
:1014080099680C4B9B891A460A4B1B7C02FB03F319
:101418001A46084B1B689B6A02FB03F31A4611F035
:1014280061FE044B5B68184621F0A2FB00BF083739
:10143800BD4680BD343A002080B485B000AF034675
:10144800FB710023FB731DE0154B9A68FB7BF97950
:1014580001FB03F39B0013441B68114A926903FBC9
:1014680002F2104BA3FB0213D21A52081344D90AF2
:101478000B4B5A69FB7B5B0013448AB21A80FB7BD7
:101488000133FB73FB7B9AB2054B9B899A42DBD3F2
:1014980000BF00BF1437BD465DF8047B704700BF2E
:1014A800343A00200101100080B400AF034B5B7C8C
:1014B8001846BD465DF8047B704700BF343A0020EB
:1014C80080B582B000AF7860074A7B68136001225C
:1014D8004FF48071054816F0AFFA012010F040FD76
:1014E80000BF0837BD4680BD543A002000000242C4
:1014F80080B500AF00E000BF00F00EFB0346002BF4
:10150800F9D100224FF48071024816F095FA00BF15
:1015180080BD00BF0000024280B584B000AFF86013
:10152800B96011461A460B46FB8013467B714FF48F
:101538008071114816F068FA0346002B18D00F4B3B
:1015480000221A70FB881A46B968F86800F0FEF99C
:101558007B79002B0DD000E000BF084B1B7883F08F
:101568000103DBB2002BF7D1012010F0F9FC00E0F9
:1015780000BF1037BD4680BD00000242503A00202F
:1015880080B584B000AFF860B9601346FB80FB8873
:101598001A46B968F86800F013FA00BF1037BD465C
:1015A80080BD80B582B000AF7860396039687868EE
:1015B80000F03EFA00BF0837BD4680BD80B582B056
:1015C80000AF78600B467B80064B1B687A88114613
:1015D80078689847044B01221A7000BF0837BD4647
:1015E80080BD00BF543A0020503A002080B483B038
:1015F80000AF7860044A7B68136000BF0C37BD46B3
:101608005DF8047B704700BF583A002080B400AFF3
:10161800064B1B68002B04DB044B1B680133034A91
:10162800136000BFBD465DF8047B7047480000208A
:1016380080B584B000AF0346FB71FB79002B0BD05B
:10164800134B00221A60134819F076FE0346002B4C
:101658001AD00FF053FB17E00E4819F0B6FE0346F8
:10166800002B01D00FF04AFB094B1B68FB73084B9A
:101678004FF0FF321A60084B1B68002B04D0064B52
:101688001B68FA7B1046984700BF1037BD4680BDDF
:1016980048000020E4910020583A002080B582B02C
:1016A80000AF0346FB80FB88082B03D10120FFF71E
:1016B800BFFF05E0FB88802B02D1002003F080FEED
:1016C80000BF0837BD4680BD80B582B000AF034675
:1016D800FB80FB88082B03D10020FFF7A9FF05E05A
:1016E800FB88802B02D1012003F06AFE00BF083777
:1016F800BD4680BD80B582B000AF786039604FF4D8
:10170800007200211F4829F034FA4FF400720021BA
:101718001D4829F02EFA4FF4807200211B4829F049
:1017280028FA1B4A7B6813601A4A3B681360012237
:101738001021194816F080F901222021174816F0C7
:101748007BF9174B1B7883F00103DBB2002B0BD01E
:1017580014480FF0E7FC14480EF098FE134810F0F8
:101768008FFA0F4B01221A70FF2211490F4825F0FA
:1017780086FE0346002B01D00FF0C0FA00BF0837E1
:10178800BD4680BD5C3A00205C3D00205C3C0020EA
:10179800604100206441002000000242001802421B
:1017A8004C00002030930020D89000203C95002069
:1017B8005C3E002080B500AF174820F0D7FA0346FA
:1017C800002B01D00FF09AFA144823F045FC034689
:1017D800002B01D00FF092FA114B1B78002B0BD085
:1017E8000D480FF011FD0F480EF02AFF0B4810F0BE
:1017F800B7FA0B4B00221A70002210210A4816F083
:101808001BF900222021094816F016F9084B00227E
:101818001A7000BF80BD00BF309300203C950020A7
:101828004C000020D890002000000242001802421C
:101838005C3F002080B582B000AF78600B46FB703B
:10184800FB781A467968054829F0D6F9034AFB78E7
:1018580082F8FF3000BF0837BD4680BD5C3C0020E1
:1018680080B586B004AF03463960FB71FB799AB244
:1018780005230293022301933B68009301239021DF
:10188800034817F00BF8034618460837BD4680BDD5
:10189800D890002080B586B004AF03463960FB714C
:1018A800FB799AB205230293022301933B680093C4
:1018B80001239021034817F005F903461846083715
:1018C800BD4680BDD890002080B584B002AF0346E5
:1018D8003960FB710B4AFB7913703B681B889AB21D
:1018E800094B1A80074B1B781A4602230193064BB3
:1018F800009301239021054817F0FEF900BF08372F
:10190800BD4680BD684100206C410020D890002071
:1019180080B588B004AF03460A46FB8013467B7146
:101928007B79FB73FA88052302930123019307F15E
:101938000F0300930123A021034816F0AFFF0346CD
:1019480018461037BD4680BDD890002080B584B0B9
:1019580000AFF860B9601346FB80FB88BA68F96885
:10196800104828F0C3FE03461A460F4B1A800E4B48
:101978001B88043B9AB20D4B1A800D4AFB68136012
:101988000C4B06221A70002210210B4816F054F84E
:1019980001220849094820F017F900BF1037BD4651
:1019A80080BD00BF603F0020544100205C41002002
:1019B800584100205C3F0020000002423093002084
:1019C80080B586B000AFF860B9601346FB8000238D
:1019D8007B6107F11403F968184628F0BDFE002260
:1019E8001021114816F028F807F1140105230422E4
:1019F8000E481FF03BFC0346002B01D00FF07EF988
:101A0800FA880523B96809481FF044FE0346002BED
:101A180001D00FF073F901221021034816F00CF8D9
:101A280000BF1837BD4680BD000002423093002039
:101A380080B588B000AF7860396007F110030022E4
:101A48001A601A710023FB7307F10F0207F11000E7
:101A58000123796828F04AFE0623BB73002210216F
:101A68002A4815F0E9FF07F10E010523012228484D
:101A78001FF0FCFB0346002B01D00FF03FF90122B9
:101A88001021224815F0D8FF1BF04AFE0346214AD0
:101A9800A2FB03231B0DFB6102E0FB69013BFB6119
:101AA800FB69002BF9D100221021184815F0C4FF5A
:101AB80007F110010523052215481FF0D7FB03463F
:101AC800002B01D00FF01AF97B680133BB610EE0DF
:101AD80007F10F01052301220D481FF0C7FB03463C
:101AE800002B01D00FF00AF9BB690133BB617A689A
:101AF8003B681344BA699A42EAD301221021034889
:101B080015F09AFF00BF2037BD4680BD0000024295
:101B18003093002083DE1B4380B483B000AF0023E2
:101B2800FB71064B1B78002B01D00123FB71FB795D
:101B380018460C37BD465DF8047B70475C3F0020B3
:101B480080B582B000AF78600B467B8000222021F0
:101B58000B4815F071FF7A880A23796809481FF045
:101B680085FB0346002B01D00FF0C8F80122202185
:101B7800034815F061FF00BF0837BD4680BD00BFB0
:101B8800001802423093002080B584B000AF78601E
:101B98000023FB7300222021134815F04DFF07F1A5
:101BA8000F010523012211481FF074FD0346002B85
:101BB80001D00FF0A3F8FB7B002B0BD0FB7B1A4660
:101BC8000A23796809481FF065FD0346002B01D0F8
:101BD8000FF094F801222021034815F02DFFFB7B1C
:101BE80018461037BD4680BD0018024230930020C9
:101BF80080B582B000AF0346FB71174B1B78FA79AA
:101C08009A4225D000224FF48061144815F014FF41
:101C180000224FF40071114815F00EFF0A2010F051
:101C28009FF9FB791A464FF480610C4815F004FFC0
:101C3800FB7983F00103DBB21A464FF400710748C1
:101C480015F0FAFE642010F08BF9034AFB79137043
:101C580000BF0837BD4680BD6E4100200018024213
:101C680080B586B004AF3A601A460346FB710B464E
:101C7800BB711346BB80FB7999B2BB799AB20A2330
:101C88000293BB8801933B6800930123034816F035
:101C980005FE034618460837BD4680BD2C91002036
:101CA80080B586B004AF3A601A460346FB710B460E
:101CB800BB711346BB80FB7999B2BB799AB20A23F0
:101CC8000293BB8801933B6800930123034816F0F5
:101CD800F9FE034618460837BD4680BD2C91002002
:101CE80080B582B000AF0023FB7100E000BFFFF7B2
:101CF80013FF0346002BF9D11021464815F084FE46
:101D08000346012B0AD1012010F02AF94248FFF7B7
:101D18003BFF0346DAB2414B83F8FF213F4B93F870
:101D2800FF31002B0ED03E4B1B683C4A3D493A48D8
:101D3800984703461A46394B83F8FF200123FB7165
:101D480000E000BFFFF7E8FE0346002BF9D14FF48F
:101D58008051304815F058FE0346012B29D1102137
:101D68002C4815F051FE0346002B22D12B4B93F83B
:101D7800FF30002B0BD0294B93F8FF30194627482A
:101D8800FFF7DEFE254B002283F8FF2011E0264BEB
:101D980093F8FF30002B0BD0234B93F8FF301946F4
:101DA8002148FFF7CDFE204B002283F8FF2000E0FA
:101DB80000BF1E4B93F8FF31002B0CD0184B1B684B
:101DC8001A4A1B491B48984703461A46174B83F87B
:101DD800FF200123FB71154B93F8FF30002B10D027
:101DE800124B93F8FF301A461049134823F090F825
:101DF8000346002B01D00EF081FF0C4B002283F824
:101E0800FF20012010F0ACF8FB7918460837BD46D2
:101E180080BD00BF001802425C3B00205C3A0020F5
:101E2800604100205B3C00205C3C00205C3D0020C1
:101E38005B3F00205C3E00203C95002080B582B0CE
:101E480000AF7860786820F087F80346002B01D04F
:101E58000EF054FF00BF0837BD4680BD80B582B084
:101E680000AF78607B680D4A934212D14FF400723C
:101E780000210B4828F07DFE01222021094815F099
:101E8800DBFD01221021084815F0D6FD074B002282
:101E98001A7000BF0837BD4680BD00BF30930020D0
:101EA8005C3A002000180242000002425C3F002019
:101EB80080B584B000AF78607B68284A934247D1E8
:101EC8001021274815F0A0FD0346002B41D101221F
:101ED8001021234815F0B0FD224B1B78062B23D187
:101EE800204B02221A701BF01BFC03461E4AA2FB61
:101EF80003231B0DFB6002E0FB68013BFB60FB68F2
:101F0800002BF9D100221021154815F095FD174B2B
:101F18001B881A46164911481FF056FE0346002B27
:101F280017D00EF0EBFE14E00E4B1B78022B0BD1F2
:101F38000C4B00221A700F4B1B680F4A12680F498E
:101F480009881046984704E0064B00221A7000E002
:101F580000BF00BF1037BD4680BD00BF30930020D2
:101F6800000002425C3F002083DE1B4354410020F6
:101F7800603F002064410020584100205C4100205F
:101F880080B582B000AF7860786823F03FF90346E7
:101F9800002B01D00EF0B2FE00BF0837BD4680BD51
:101FA80080B582B000AF78607B680A4A93420DD151
:101FB800094B002283F8FF21FF220849054825F034
:101FC8005EFA0346002B01D00EF098FE00BF0837DA
:101FD800BD4680BD3C9500205C3D00205C3E002055
:101FE80080B582B000AF78600B467B807B680B4A77
:101FF80093420ED17B88DAB2094B83F8FF21FF2286
:102008000849064825F03BFA0346002B01D00EF09C
:1020180075FE00BF0837BD4680BD00BF3C95002057
:102028005C3D00205C3E002080B582B000AF0346D6
:10203800FB71074819F055F80346002B01D00EF044
:102048005DFE044AFB79137000BF0837BD4680BDAA
:10205800809100206F41002080B500AF044819F03E
:1020680040F80346002B01D00EF048FE00BF80BDAB
:102078008091002080B582B000AF7860094B1B7852
:1020880083F00103DBB2002B07D0786819F029F838
:102098000346002B01D00EF031FE00BF0837BD46C5
:1020A80080BD00BF6F41002084B0B0B582B000AFE2
:1020B80007F1180484E80F000023FB71354B002258
:1020C8001A70354B1B68354A1360354B1B68334A09
:1020D8005360344B1B68314A9360304B07F1180248
:1020E8005A622E4A07F1380393622C4A07F15803C3
:1020F800D3622A4B2C4ADA61284B2C4A1A6241F2E5
:10210800883226492A4819F00CFC0346002B01D0D6
:102118000EF0F4FD264819F018FC0346012B2ED1C9
:10212800244B1D4607F1180420686168A268E3681B
:102138000FC520696169A269E3690FC51D4B03F1E9
:10214800200407F1380528686968AA68EB680FC495
:1021580028696969AA69EB690FC4164B03F1400441
:1021680007F1580528686968AA68EB680FC42869E8
:102178006969AA69EB690FC40123FB7101E00023B7
:10218800FB71FB7918460837BD46BDE8B04004B07E
:10219800704700BF78420020D8C7020850000020CE
:1021A80050C7020874C70208C4C50208E4C502087B
:1021B800D49200201842002080B586B002AF786023
:1021C8007B68002B71D03E4B00221A603D4A7B6829
:1021D80013607B68013BFB608023BB6023E0FFF753
:1021E8003BFF374B1B6803F58023BA6892B2364928
:1021F8001846FFF7C5F900E000BF344815F0EEFCBB
:102208000346012BF8D1BA682F49304816F081FAF5
:102218000346002B01D00EF071FD294B1A68BB68EC
:102228001344274A1360264B1B68FA68D31ABA6806
:102238009A42D4D3224B1B687A68D31ABB60204BCE
:102248001B6803F58023BA6892B21F491846FFF746
:1022580097F90A2300931E4BBA681B491B4816F0CE
:102268006AFA0346002B01D00EF048FD20221849D7
:10227800184828F055FC0346002B03D1164B0022C2
:102288001A700AE0242200210E4828F072FC124B32
:102298001B780133DAB2104B1A7001232422094942
:1022A8004FF40020FFF738F905E00B4B1B7801339A
:1022B800DAB2094B1A70084B18461037BD4680BD74
:1022C80070410020F44100207441002094900020C7
:1022D800F8410020584200207842002080B58CB098
:1022E80002AF7860396007F1080320220021184600
:1022F80028F03FFC1A4B1B884FF6FF7293420ED012
:10230800174B1B88002B07D0154B1B889B025B08BB
:1023180003F10063194604E04FF0016101E04FF05A
:10232800016107F108030A2200927A680D4816F045
:10233800D9F90346002B01D00EF0E0FC07F10803A1
:1023480020223968184628F0EBFB0346002B01D100
:10235800012300E0002318462837BD4680BD00BF92
:10236800A007FA0B9490002084B0B0B590B000AFED
:1023780007F1500484E80F00464B1B68464A136077
:10238800464B1B68444A5360454B1B68424A93605E
:10239800414B07F150025A623F4A07F170039362BA
:1023A8003D4A07F19003D3623E4B3C461D460FCD94
:1023B8000FC495E80F0084E80F003A4B07F120049A
:1023C80003F120050FCD0FC495E80F0084E80F0036
:1023D800314A3B46D361304A3B462033136241F2CF
:1023E80088322D49304819F09CFA0346002B01D059
:1023F8000EF084FC2C4819F0A8FA0346012B01D1F1
:10240800FF2340E03B4640221946284802F0D7FB0C
:10241800214A3B46D361204A3B462033136241F2AE
:1024280088321D49204819F07CFA0346002B01D058
:102438000EF064FC1C4819F088FA0346012B01D100
:10244800022320E03B4640221946194802F0B7FB18
:10245800114A3B46D361104A3B462033136241F28E
:1024680088320D49104819F05CFA0346002B01D058
:102478000EF044FC0C4819F068FA0346012B01D110
:10248800012300E0002318464037BD46BDE8B040B0
:1024980004B07047D8C702085000002050C702088F
:1024A80074C70208C4C50208D492002078C2020882
:1024B80080C2020880B586B000AF3B1D83E80700E4
:1024C8000023FB750023BB753B79503B052B00F2BD
:1024D8008F8001A252F823F0F92400083B25000858
:1024E8006125000887250008AD250008D3250008C8
:1024F8007B79002B7ED10123FB750223BB753B7BC7
:10250800FA7D9A4276D83B7BBA7D9A4272D3BB68F1
:102518001B787B757B7D184600F022F93B7B022BEC
:1025280068D1BB685B783B753B7D184600F03AF98B
:1025380060E07B79002B5FD10023FB750023BB751E
:102548003B7BFA7D9A4257D83B7BBA7D9A4253D35C
:10255800012000F005F94FE07B79002B4ED10023D4
:10256800FB750023BB753B7BFA7D9A4246D83B7BC3
:10257800BA7D9A4242D3002000F0F2F83EE07B791F
:10258800002B3DD10023FB750023BB753B7BFA7DF7
:102598009A4235D83B7BBA7D9A4231D3002000F06D
:1025A800DFF82DE07B79002B2CD10023FB7500236D
:1025B800BB753B7BFA7D9A4224D83B7BBA7D9A4215
:1025C80020D3144B01221A701CE07B79002B1BD1FD
:1025D8000023FB750023BB753B7BFA7D9A4213D819
:1025E8003B7BBA7D9A420FD30B4B01221A700BE04A
:1025F80000BF0AE000BF08E000BF06E000BF04E03B
:1026080000BF02E000BF00E000BF00BF1837BD46B2
:1026180080BD00BF7B4200207C42002080B584B092
:1026280000AF0346FB71354BFF221A70FFF714FD0C
:10263800FFF7C0F801224FF40061314815F0FCF9AA
:10264800002240212F4815F0F7F964200FF088FC8C
:10265800FB79002B4DD02C4800F080FA0122402154
:10266800284815F0E9F900224FF40061244815F0D4
:10267800E3F964200FF074FC24492548FFF73AF881
:102688000A200FF06DFCFFF7E7FC0023FB732CE03A
:10269800002240211B4815F0CFF932200FF060FCD2
:1026A80001224021174815F0C7F9C8200FF058FC3F
:1026B800FFF7D2FC4FF48051124815F0A5F90346F4
:1026C800002BE5D000F082F80023FB7302E0FB7BCF
:1026D8000133FB73FFF704FB034683F00103DBB20E
:1026E800002B02D0FB7B632BF1D9044B1B78FF2B0B
:1026F800E0D000BF1037BD4680BD00BF8400002079
:102708000000024200180242BD240008C515000856
:10271800852B000880B586B000AF786051233B73E5
:102728007B683B6129233B7507F10C0393E807009D
:1027380000F0AEFA00BF1837BD4680BD80B584B042
:1027480000AF53233B710023BB6000233B733B1D49
:1027580093E8070000F09CFA00BF1037BD4680BD23
:1027680080B483B000AF0346FB71074B1B78FA793E
:102778009A4202D0044AFB79137000BF0C37BD4659
:102788005DF8047B704700BF8400002080B400AF70
:10279800034B1B781846BD465DF8047B704700BFA5
:1027A8008400002080B483B000AF0346FB71FB793E
:1027B800002B02D0044AFB79137000BF0C37BD46CA
:1027C8005DF8047B704700BF7942002080B584B073
:1027D80000AF50233B710023BB6000233B733B1DBC
:1027E80093E8070000F054FA00BF1037BD4680BDDB
:1027F80080B584B000AF094B00221A7055233B7195
:102808000023BB6000233B733B1D93E8070000F0E7
:102818003FFA00BF1037BD4680BD00BF7C42002094
:1028280080B500AF0E4B1B68002B04DD0C4B1B68FA
:10283800013B0B4A13600A4B1B68002B0ED1094859
:1028480018F0C3FD0346002B01D00EF057FA044BD5
:102858004FF0FF321A60044B00221A7000BF80BD8F
:1028680088000020349200207A42002080B400AF13
:10287800074B1B68002B05DD064B1B78042B01D981
:10288800012300E000231846BD465DF8047B70472D
:10289800880000207A42002080B588B000AF034647
:1028A800FB714FF000024FF00003C7E9042307F162
:1028B800100308221946264802F081F9D7E90423B3
:1028C80010461946FEF75AF90346FB774FF0000207
:1028D8004FF00003C7E9022307F10803082219464D
:1028E8001C4802F06CF9D7E9022310461946FEF796
:1028F80045F90346BB77FA79FB7F9A4224D3FA79E4
:10290800BB7F9A4220D80021134800F0DFFB134B0D
:102918001B780133DAB2114B1A70104B1B78012B5C
:102928000BD10F4B0A221A600E4818F005FD03461A
:10293800002B09D00EF0E2F906E0084B1B78052BB6
:1029480002D1074B0A221A6000BF2037BD4680BD5E
:1029580088C2020890C2020898C202087A4200207F
:10296800880000203492002080B584B000AF7860E1
:102978000B46FB700023FB7300237B81FB78023B33
:102988001A467968104828F037F9FB78023B7A68CC
:1029980013441B889BB27B81FB78023B1A460A4989
:1029A8000A4812F0CDFC0346BB817B89BA899A425A
:1029B80002D10123FB7301E00023FB73FB7B184664
:1029C8001037BD4680BD00BF8842002070900020AF
:1029D80090B583B000AF78600B46FB70124B1B6854
:1029E800002B1CD07B681A78104B1A707B689A7879
:1029F8000E4B5A700D4B00225A607B685A780B4B6D
:102A08001A720A4B1B7A002B03D07B680333074AE0
:102A18005360054B1C68054B93E80700A04700BFAF
:102A28000C37BD4690BD00BF844200207C43002087
:102A3800B0B58AB000AFF8610B467A61FB76FB69E6
:102A48001A78394B1A70384BF2225A70364B0022DA
:102A58005A60354B00221A72344B1B68002B1FD06A
:102A6800FB691A78324B1A70314B00225A60FB69A5
:102A78005A782F4B1A722E4B1B7A002B03D0FB6906
:102A880002332B4A5360294B1C68274D3846284B84
:102A98000ECBA0472C463B4693E8070084E8070086
:102AA800214B1B7A053387F827301F4B1A787B692F
:102AB8001A707B6901331C4A127A1A707B690233D7
:102AC800194A52781A70184B1B7A002B0CD0164BE7
:102AD8005B68002B08D07B690333134A5168124A9C
:102AE800127A184628F088F897F82730023B1A46D9
:102AF8007969104828F080F897F82730023B1A4681
:102B08000C490D4812F01CFC03469BB2BB8497F895
:102B18002730023B7A691344BA8C1A8097F8273019
:102B280018462837BD46B0BD7C43002080420020AF
:102B380088430020884200207090002080B483B031
:102B480000AF7860044A7B68136000BF0C37BD464D
:102B58005DF8047B704700BF8042002080B483B0DA
:102B680000AF7860044A7B68136000BF0C37BD462D
:102B78005DF8047B704700BF8442002080B586B0B2
:102B880000AFF860B9607A600023FB750023BB755D
:102B9800FB685B787B757B7DEF2B23D87B7D0533CA
:102BA800DBB21946F868FFF7DFFE0346002B19D0A1
:102BB8007B7D0533BB75BB7D1946F868FFF708FFB9
:102BC800BB7DFA68D118BB7DC3F1FF031A46F868CC
:102BD80027F0B6FFBB681A78BB7DD31ADAB2BB6898
:102BE8001A704BE07B7DF02B26D87B7D0433DBB25B
:102BF8001946F868FFF7B8FE0346002B1CD07B7D0A
:102C08000433BB75BB7D7A681946F868FFF710FF77
:102C18000346FB75BB7DFA68D118BB7DC3F1FF0382
:102C28001A46F86827F08CFFBB681A78BB7DD31A60
:102C3800DAB2BB681A7021E0FB681A787B681A70F0
:102C48007B68013300221A707B680233F0221A7005
:102C5800032279680C4827F0CFFF03220A490B4862
:102C680012F06EFB03469BB27B827B6803337A8A41
:102C78001A800523FB75BB6800221A70FB7D184675
:102C88001837BD4680BD00BF8842002070900020E4
:102C980080B5C2B000AF07F58473A3F5827383E8EB
:102CA800070007F58473A3F582731B783B7507F556
:102CB8008473A3F582731B7A7B7507F58473A3F578
:102CC80082731B7A002B17D007F58473A3F58273E0
:102CD8005B68002B10D007F58473A3F582735968DD
:102CE80007F58473A3F582731B7A1A4607F1140358
:102CF8000233184627F080FF07F58473A3F5827323
:102D08001B7A9A1C07F114031946174827F074FF19
:102D180007F58473A3F582731B7A02331A461249A6
:102D2800124812F00DFB03469BB27B8207F58473B1
:102D3800A3F582731B7A023307F1140213447A8ACB
:102D48001A8007F58473A3F582731B7A0433DAB209
:102D580007F1140311461846FEF76CFD00BF07F58E
:102D68008477BD4680BD00BF884200207090002057
:102D780080B5C2B000AF07F58473A3F5827383E80A
:102D8800070007F58473A3F582731B783B7507F575
:102D98008473A3F582731B7A7B7507F58473A3F597
:102DA80082735B78BB7507F58473A3F582731B7A0E
:102DB800002B17D007F58473A3F582735B68002B8B
:102DC80010D007F58473A3F58273596807F58473E7
:102DD800A3F582731B7A1A4607F1140303331846C6
:102DE80027F00AFF07F58473A3F582731B7ADA1CB0
:102DF80007F114031946174827F0FEFE07F58473F8
:102E0800A3F582731B7A03331A461249124812F04B
:102E180097FA03469BB27B8207F58473A3F5827306
:102E28001B7A033307F1140213447A8A1A8007F5D0
:102E38008473A3F582731B7A0533DAB207F114039E
:102E480011461846FEF7F6FC00BF07F58477BD4625
:102E580080BD00BF8842002070900020B0B596B0B9
:102E680000AF786007F13C030022194672481DF054
:102E780067FD0346002B01D00DF040FF07F1380332
:102E8800002219466C481DF053FE0346002B01D062
:102E98000DF034FF97F83B3087F8303097F8393029
:102EA80087F8313097F83A3087F8323097F83C3065
:102EB80087F8333097F83D3087F8343097F83E304C
:102EC80087F835303B6CDBB2DB43DBB287F8363052
:102ED8007B68002B0BD07A6807F130031068186004
:102EE8009188927999809A71544B7B6507E04FF4E9
:102EF80000720021524827F03CFE514B7B65514B34
:102F080007F114041D460FCD0FC495E8070084E8A7
:102F180007004D4A07F10C0392E8030018600433D8
:102F2800198002330A0C1A70002387F853303EE0E8
:102F380097F8533007F10C021A4407F114031146AD
:102F4800184627F01EFE034687F8523097F853308C
:102F580058333B4413F8283C3C4AA2FB0323DB08C4
:102F6800DAB297F852303032D2B258333B4403F8D1
:102F7800442C97F8533058333B4413F8282C334BE0
:102F8800A3FB0213D9080B469B000B445B00D31A22
:102F9800DAB297F8523001333032D2B258333B4468
:102FA80003F8442C97F85330013387F8533097F8D7
:102FB8005330062BBCD997F83630254AA2FB032399
:102FC8005B09DBB23033DBB287F82A3097F836304A
:102FD8001F4AA2FB03125209642101FB02F29B1A49
:102FE800DBB21A4AA2FB0323DB08DBB23033DBB2C5
:102FF80087F82B3097F83620144BA3FB0213D90817
:103008000B469B000B445B00D31ADBB23033DBB2B8
:1030180087F82C307B6D1D4607F114040FCC28600F
:103028006960AA60EB6007CC28616961AA611B230B
:1030380018465837BD46B0BD00930020984500207B
:1030480098430020A0C20208BCC20208CDCCCCCC58
:103058001F85EB5180B584B000AF78600B467B804C
:103068007B68FB600A4B1A687B881344B3F5003F02
:1030780002D3074B00221A60054B18687A88002390
:10308800F968FEF749FA00BF1037BD4680BD00BF9A
:103098009443002080B500AF04220B494FF4003060
:1030A800FEF76EFA084B1B68B3F5003F09D3064BD1
:1030B80000221A600023042203494FF40030FEF76F
:1030C8002BFA00BF80BD00BF9443002080B584B0B8
:1030D80000AF786039600020FFF7C0FE0346FB812F
:1030E800FB89144A134404221349184627F084FD27
:1030F800FB890433FB81FB890E4A13440522796856
:10310800184627F079FDFB890533FB81FB89094ABD
:1031180013440A4A1188927819809A70FB890333FC
:10312800FB81FB8919460348FFF794FF00BF10375E
:10313800BD4680BD98430020C4C2020804C60208E8
:1031480090B589B000AF03460A46FB801346BB80A2
:103158000020FFF783FE0346FB83FB8B5F4A134483
:1031680004225F49184627F047FDFB8B0433FB8395
:103178005C4B07F10C040FCB07C4238002341B0CF3
:103188002370594A07F1080312681146198002335F
:10319800120C1A7007F1080207F10C0311461846C1
:1031A80027F0EFFC03467B77FB88504AA2FB03120B
:1031B800520B42F2107101FB02F29B1A9BB24C4A6D
:1031C800A2FB03239B099BB2DAB27B7F3032D2B2D7
:1031D80020333B4403F8142CFB88454AA2FB031216
:1031E80092094FF47A7101FB02F29B1A9BB2414A91
:1031F800A2FB03235B099BB2DAB27B7F0233303236
:10320800D2B220333B4403F8142C07F108035A1CAC
:1032180007F10C031146184627F0B3FC03467B77E9
:10322800BB88324AA2FB0312520B42F2107101FB17
:1032380002F29B1A9BB22E4AA2FB03239B099BB264
:10324800DAB27B7F3032D2B220333B4403F8142CFD
:10325800BB88274AA2FB031292094FF47A7101FB3B
:1032680002F29B1A9BB2234AA2FB03235B099BB27F
:10327800DAB27B7F02333032D2B220333B4403F8D8
:10328800142CFB8B154A9C1807F10C031846FCF705
:10329800EFFF024607F10C031946204627F0ACFC65
:1032A80007F10C031846FCF7E3FF03469AB2FB8BC1
:1032B8001344FB83FB8B094A13440F4A1188927805
:1032C80019809A70FB8B0333FB83FB8B19460348E9
:1032D800FFF7C0FE00BF2437BD4690BD98430020CD
:1032E800CCC20208D4C20208E4C202085917B7D1F6
:1032F800D34D62101F85EB5104C60208B0B588B0E3
:1033080000AF78600020FFF7A9FD0346BB83BB8BA5
:103318007D4A134404227D49184627F06DFCBB8B77
:103328000433BB837A4B07F10C040FCB07C423701B
:1033380058233B8107F1080207F10C031146184690
:1033480027F01FFC0346FB767A68724BA3FB021337
:103358009B0D714901FB03F3D31A704AA2FB0323A7
:103368009B0CDAB2FB7E3032D2B220333B4403F8F6
:10337800142C7A68694BA3FB02139B0C684901FB68
:1033880003F3D31A5B09674AA2FB0323DB09DAB20A
:10339800FB7E02333032D2B220333B4403F8142C84
:1033A8007A6853095F49A1FB0313DB095E4901FBF6
:1033B80003F3D31A5D4AA2FB03235B0BDAB2FB7E4D
:1033C80003333032D2B220333B4403F8142C7A68EA
:1033D800564BA3FB02135B0B42F2107101FB03F384
:1033E800D31A534AA2FB03239B09DAB2FB7E0433A8
:1033F8003032D2B220333B4403F8142C7A684C4B59
:10340800A3FB02139B094FF47A7101FB03F3D31A50
:10341800484AA2FB03235B09DAB2FB7E063330324B
:10342800D2B220333B4403F8142C7A68414BA3FBF7
:1034380002135B09642101FB03F3D31A3E4AA2FB82
:103448000323DB08DAB2FB7E07333032D2B22033F3
:103458003B4403F8142C7968374BA3FB0123DA08A3
:1034680013469B0013445B00CA1AD2B2FB7E083392
:103478003032D2B220333B4403F8142C0023FB77BC
:1034880002E0FB7F0133FB77FB7F20333B4413F8DB
:10349800143C302BF5D0FB7F20333B4413F8143C0D
:1034A8002C2BEED0BB8B184A9C18FB7F07F10C0223
:1034B800D51807F10C031846FCF7DAFE0246FB7F25
:1034C800D31A1A462946204627F096FB07F10C0323
:1034D8001846FCF7CDFE03469AB2BB8B1344BB8358
:1034E800BB8B094A1344154A1188927819809A703F
:1034F800BB8B0333BB83BB8B19460348FFF7AAFD7D
:1035080000BF2037BD46B0BD98430020E8C202087E
:10351800F0C202086BCA5F6B8096980083DE1B437B
:1035280040420F00C55A7C0AA08601005917B7D13E
:10353800D34D62101F85EB51CDCCCCCC04C602080C
:10354800B0B594B000AFF8607A601A460B46FB72CB
:1035580013463B810020FFF781FC0346A7F84E3055
:10356800B7F84E30B04A13440422B049184627F041
:1035780043FBB7F84E300433A7F84E30AC4A07F196
:10358800400392E8030018600433198002330A0CE0
:103598001A70FB681B68C7F84130B7F84E30A24A6A
:1035A800134407F140010622184627F025FBB7F817
:1035B8004E300633A7F84E30FB7A022B40F0DA8003
:1035C8004FF000024FF00003C7E90E237B681C6828
:1035D8005D6822462B46C7E90E23D7E90E014FF056
:1035E8000002944BFDF708F802460B46C7E90E2384
:1035F800D7E90E2310461946FDF7C0FA0346A7F887
:103608004A308D4A07F12C0307CA03C31A800233D4
:10361800120C1A7078233B8507F1280207F12C0356
:103628001146184627F0ADFA034687F84930B7F82F
:103638004A2053098149A1FB0313DB09804901FB97
:1036480003F3D31A7F4AA2FB03235B0BDAB297F882
:1036580049303032D2B250333B4403F8242CB7F807
:103668004A30784AA2FB0312520B42F2107101FB56
:1036780002F29B1A9BB2744AA2FB03239B099BB2DA
:10368800DAB297F8493001333032D2B250333B4482
:1036980003F8242CB7F84A306B4AA2FB03129209AC
:1036A8004FF47A7101FB02F29B1A9BB2674AA2FBA4
:1036B80003235B099BB2DAB297F849300233303200
:1036C800D2B250333B4403F8242CB7F84A305F4A4F
:1036D800A2FB03125209642101FB02F29B1A9BB25E
:1036E8005B4AA2FB0323DB089BB2DAB297F84930A6
:1036F80003333032D2B250333B4403F8242C97F8CA
:103708004930043350333B442E2203F8242CB7F8B5
:103718004A204F4BA3FB0213D9080B469B000B44CE
:103728005B00D31A9BB2DAB297F8493005333032CE
:10373800D2B250333B4403F8242CB7F84E303A4AFF
:103748009C1807F12C031846FCF792FD024607F176
:103758002C031946204627F04FFA07F12C03184688
:10376800FCF786FD03469AB2B7F84E301344A7F823
:103778004E3041E0374B07F114041D460FCD0FC4FE
:103788002B682370344A07F1100312681146198018
:103798000233120C1A700023A7F84C3027E0B7F850
:1037A8004C307A6813441B781B09DBB250333B4416
:1037B80013F83C3C3B74B7F84C307A6813441B78D8
:1037C80003F00F0350333B4413F83C3C7B74B7F8C9
:1037D8004E30154A13443A8A1A80B7F84E300233ED
:1037E800A7F84E30B7F84C300133A7F84C30B7F88B
:1037F8004C203B899A42D2D3B7F84E300A4A134438
:10380800164A1188927819809A70B7F84E300333A7
:10381800A7F84E30B7F84E3019460348FFF71AFCA0
:1038280000BF5037BD46B0BD9843002000C3020812
:1038380008C302080000244010C30208C55A7C0AC5
:10384800A08601005917B7D1D34D62101F85EB51DF
:10385800CDCCCCCC1CC3020830C3020804C6020875
:1038680080B586B000AF78600023FB754FF4007216
:103878000021204827F07DF90023FB811D4BBB6008
:10388800FB89BA68134404221B49184627F0B4F987
:10389800FB890433FB81FB89BA68134405227968E4
:1038A800184627F0A9F9FB890533FB8100233B6102
:1038B80016E0FB891A4611493869FDF761FEFB8954
:1038C8001A460E49B86827F02BF90346002B02D197
:1038D8000123FB7508E0FEF7BFFB3B6901333B6141
:1038E8003B69B3F5003FE4D3FB7D18461837BD4666
:1038F80080BD00BF98430020C4C20208984500203C
:1039080080B588B000AF786039600023FB777868AD
:10391800FFF7A4FA03463B823D4BFB603D4B1B6817
:10392800BB613B8A1A46F9683B4827F0F9F8034619
:10393800002B02D1394B1B68BB610023BB600023FD
:103948007B615CE0BA697B691344C3F31003BB6015
:1039580001223968B868FDF713FE3B681B785B2BBA
:1039680048D13B8A1A463968B868FDF709FE3B8A90
:10397800013B3A6813441B785D2B3BD13B8A1A46BE
:10398800F968386827F0CCF80346002B32DD3B8A0B
:10399800FB770023FB742AE0FEF75EFBFA7FBB6827
:1039A800D018FB7F3A68134401221946FDF7E8FD59
:1039B800FB7F3A6813441B780A2B05D0FB7F3A68D3
:1039C80013441B78002B0CD13B8A1A4639681248DD
:1039D80027F012F9114ABB681360FB7F0133DBB291
:1039E80012E0FB7F0133FB77FB7C0133FB74FB7C2C
:1039F800EE2BD1D9FEF730FB7B6901337B617B6904
:103A0800B3F5003F9ED3002318462037BD4680BD3E
:103A180098450020944300208C00002098470020FF
:103A280080B500AFFEF718FB4FF400310020FDF71A
:103A3800B8FD04214FF40030FDF7B3FD0422002146
:103A4800034827F096F8024B00221A6000BF80BD99
:103A58009443002080B582B000AF78600B467B802D
:103A68007B68B3F5003F0DD2084B1A687B88134476
:103A7800013B064A13600023042204494FF4003036
:103A8800FDF74AFD00BF0837BD4680BD94430020BE
:103A980080B582B000AF0346FB71FB791A4604215A
:103AA800034813F0C9FF00BF0837BD4680BD00BFFB
:103AB8000000024280B588B002AF786039606423A4
:103AC80000936423224A23490020FDF72BFC64233A
:103AD80000936423204A21490020FDF723FC00239A
:103AE8007B6100233B610023FB7312E0FB7B184AD8
:103AF80032F813301A467B6913447B61FB7B164A04
:103B080032F813301A463B6913443B61FB7B01339F
:103B1800FB73FB7B632BE9D97B69114AA2FB032367
:103B28005B097B613B690E4AA2FB03235B093B618E
:103B38007B699BB25B009AB27B681A803B699BB237
:103B48005B009AB23B681A8000BF1837BD4680BD3B
:103B58009C47002020000014644800204000001802
:103B68001F85EB5180B582B000AF0346FB71FB792E
:103B78001A460421034813F05FFF00BF0837BD460B
:103B880080BD00BF0014024290B583B000AF044668
:103B9800084611461A462346FB710346BB710B467D
:103BA8007B7113463B71FB791A4602210C4813F0CE
:103BB80043FFBB791A460821094813F03DFF7B797A
:103BC8001A461021064813F037FF3B791A4601219F
:103BD800034813F031FF00BF0C37BD4690BD00BF4E
:103BE800001402420000000080B586B000AF786083
:103BF80039603868FCF786FC1AA3D3E90023FCF780
:103C0800FBFC02460B46C7E902237868FCF77AFCFE
:103C1800D7E90223FCF7F0FC02460B46104619468A
:103C28004FF000020E4BFCF731FB02460B461046E4
:103C38001946FCF7A3FF03467B617B69002B02D181
:103C480001237B6106E07B69B3F5FA6F02D94FF473
:103C5800FA637B617B699BB218461837BD4680BD05
:103C68000000E03F8DEDB5A0F7C6B03E80B586B048
:103C780002AFF860B96011461A460B46FB8013463E
:103C8800BB80FA88BB8800931346BA68F96801209C
:103C9800FDF748FB00BF1037BD4680BD000000009F
:103CA80080B58AB000AF78600B467B8013463B80B6
:103CB8007B687B614FF000024FF00003C7E90823DF
:103CC8000223FB747B885B083B823B885B08FB8193
:103CD8000023FB7644E00023FB834FF6FF73BB838E
:103CE800FB7E9BB23A8A12FB03F39AB2FB89134418
:103CF800BB813B8A5B089AB2BB8913447B81BB8931
:103D08003B8316E03B8B5B007A6913441B88FA8B74
:103D1800934238BF1346FB833B8B5B007A6913449D
:103D28001B88BA8B934228BF1346BB833B8B013356
:103D38003B833A8B7B899A42E4D3FA8BBB8BD31AA9
:103D48001846FCF7EFFB02460B46D7E90801FCF7DB
:103D58009DFA02460B46C7E90823FB7E0133FB7632
:103D6800FA7EFB7C9A42B6D3FB7C1846FCF7CAFB6A
:103D780002460B46D7E90801FCF768FD02460B46E8
:103D8800C7E9082308A3D3E90023D7E90801FCF70A
:103D980033FC02460B4643EC172BB0EE470AF0EE15
:103DA800670A2837BD4680BDAAAAAAAAAAAAEA3FD6
:103DB8002DE9B04F90B000AF87ED020B87ED001BE7
:103DC8004FF000027A4BD7E90201FCF73FFD0246AB
:103DD8000B46104619466CA3D3E90023FCF736FDC1
:103DE80002460B46C7E90A234FF000024FF00003D2
:103DF800D7E90A01FCF77CFE0346002B04D04FF0FC
:103E080000024FF00003B3E061A3D3E90023D7E930
:103E18000A01FCF7F1FB02460B46C7E90E23002313
:103E280087F837308EE0D7E90E23D7E90A01FCF787
:103E38000DFD02460B4610461946FCF7BFFE034629
:103E480000EE103A26F0E6FEF0EE407A9FED597A41
:103E580067EE877A17EE900AFCF776FB804689466C
:103E68004DA3D3E90023D7E90E01FCF7C5FB0246B1
:103E78000B4692469B464FF000024D4BD7E90A018C
:103E8800FCF7BAFB02460B4650465946FCF7FCF9CC
:103E980002460B4640464946FCF7F6F902460B46F1
:103EA800C7E90823D7E90E233DA1D1E90001FCF7B2
:103EB800CDFC02460B46144683F0004536A3D3E9F1
:103EC800002320462946FCF7DFF902460B46C7E9DE
:103ED8000623D7E90623D7E90801FCF7B7FC024611
:103EE8000B46C7E90423D7E90423D7E90E01FCF7F9
:103EF800CBF902460B46C7E90E23D7E90401FCF7C4
:103F08005DFE07EE900AF0EEE77A9FED2B7AF4EE6D
:103F1800C77AF1EE10FA1BD44FF000024FF00003FD
:103F2800D7E90E01FCF7E4FD0346002B05D01EA3DC
:103F3800D3E90023C7E90E230BE097F837300133A4
:103F480087F8373097F83730132B7FF66CAF00E0DF
:103F580000BF4FF00002164BD7E90E01FCF74CFBEF
:103F680002460B46D7E90001FCF770FC02460B46F7
:103F780043EC172BB0EE470AF0EE670A4037BD4610
:103F8800BDE8B08FAFF300800000000000E0A5405E
:103F9800000000A0AAAA1A400000000000C0624069
:103FA800000000206C789A3F000000809997713DCE
:103FB80000408F4061C3D33CCCBC8C2B80B582B011
:103FC80000AF0346FB71FB791A464FF48061034842
:103FD80013F032FD00BF0837BD4680BD0004024221
:103FE80080B582B000AF03460A46FB711346BB7129
:103FF800FB79013B032B35D801A252F823F000BF0F
:1040080019400008334000084F4000085F4000088E
:10401800BB791A462021164813F00EFDBB791A46C3
:104028001021134813F008FD1DE0BB791A464FF420
:104038008051104813F000FDBB791A4610210C4836
:1040480013F0FAFC0FE0BB791A464FF48071084868
:1040580013F0F2FC07E0BB791A460421064813F076
:10406800EBFC00E000BF00BF0837BD4680BD00BFC5
:1040780000040242000802420018024280B586B0DD
:1040880002AF396011461A460346FB710B46BB71F5
:104098001346BB80BB795B08DBB2FB81FB79013B34
:1040A800032B33D801A252F823F000BFC540000803
:1040B800D9400008ED40000801410008FA89BB8892
:1040C800009313463A6814490020FDF72BF91EE0C7
:1040D800FA89BB88009313463A6810490020FDF717
:1040E80021F914E0FA89BB88009313463A680C4911
:1040F8000020FDF717F90AE0FA89BB8800931346F8
:104108003A6808490120FDF70DF900E000BF00BF3B
:104118001037BD4680BD00BF0080003E0000014250
:10412800000002468000001C80B584B000AF034642
:10413800B96087ED010AFB731346BB737868FCF717
:1041480003FA4FF000020B4BFCF756FA02460B46F7
:1041580010461946FCF712FD03469BB2BA7BF87B62
:10416800B968FFF78BFF0A20FDF73CF900BF10374D
:10417800BD4680BD0000244080B500AF0A20FDF791
:104188005BF90A20FDF72EF900BF80BD80B582B02B
:1041980000AF0346FB71FB791A464FF48061034870
:1041A80013F04AFC00BF0837BD4680BD0008024234
:1041B80080B586B002AF78600B46FB7013463B8033
:1041C800FB785B08DBB2FB81FA893B8800931346D6
:1041D8007A6804490120FDF7A5F800BF1037BD46ED
:1041E80080BD00BF0000405A80B582B000AF0346D2
:1041F800FB71FB791A462021034813F01DFC00BF10
:104208000837BD4680BD00BF0008024280B586B0B1
:1042180002AF396011461A460346FB710B46BB7163
:104228001346BB80BB795B08DBB2FB81FB79032BB0
:104238001AD0032B22DC012B02D0022B0AD01DE05E
:10424800FA89BB88009313463A680F490120FDF7A5
:1042580069F814E0FA89BB88009313463A680B4959
:104268000120FDF75FF80AE0FA89BB88009313463E
:104278003A6807490120FDF755F800E000BF00BF84
:104288001037BD4680BD00BF0800000C04000008C0
:104298000200000480B500AF0020FFF7F9FB002002
:1042A800FFF760FC0020FFF789FE00210120FFF7DF
:1042B80097FE00210220FFF793FE00210320FFF75D
:1042C8008FFE00210420FFF78BFE0020FFF75EFF22
:1042D8000020FFF789FF00BF80BD80B58AB000AF1E
:1042E800B9607A601A460346FB8113467B73FB89E3
:1042F800FB84082387F82230BB681B68BB61002356
:10430800BB84002387F8233049E04FF000024FF0C8
:104318000003C7E904237A7B97F82330D31A87F878
:10432800213097F8212097F822309A420BD297F83B
:1043380023307A68D11897F8212007F1100318461E
:1043480026F05AFC0AE097F823307A68D11897F8D3
:10435800222007F11003184626F04EFC07F1100240
:10436800FB8C1146184624F069FC0346BB84BB8CC1
:1043780003F48073002B03D024F07AFC0346BB843B
:10438800BB8C002B01D00CF0B9FCFB8C0133FB84F7
:1043980097F8232097F82230134487F8233097F8AA
:1043A80023207B7B9A42B0D316F0A0FD0346002B56
:1043B80001D00CF0A3FCFB8C18462837BD4680BD05
:1043C80080B58AB000AFB9607A601A460346FB81AF
:1043D80013467B73FB89FB8407F1100300221A60E4
:1043E8005A609A60DA60082387F8243000237B84B7
:1043F800002387F8253048E007F11002FB8C1146AE
:10440800184624F0FDFB03467B847B8CDBB2FF2B34
:1044180001D10CF073FC7A7B97F82530D31A87F812
:1044280021307A7B97F824309A4207D27A7B07F1B9
:1044380010031946786826F0DFFB1CE097F8212066
:1044480097F824309A420BD297F825307A681344AB
:1044580097F8212007F11001184626F0CDFB0AE055
:1044680097F825307A68134497F8242007F110014B
:10447800184626F0C1FBFB8C0133FB8497F82520F6
:1044880097F82430134487F8253097F825207B7B4C
:104498009A42B1D3BB68002B02D0BA69BB681A60D4
:1044A800FB8C18462837BD4680BD000080B584B017
:1044B80000AF78600023FB607B68002B1DD03F2392
:1044C8003B8100237B8114E07B891B010D4A134447
:1044D80004227968184626F023FB0346002B05D1F1
:1044E8007B891B01074A1344FB6006E07B89013383
:1044F8007B817A893B899A42E6D3FB681846103754
:10450800BD4680BDA007002080B594B000AF002351
:104518007B620023A7F84E30B44B1B681B699BB223
:104528007B84002387F84D30B04B1B689A68AF4BEB
:104538001B6842F001029A600023A7F84A3048E05D
:10454800B7F84A301B01AA4A1344184600F0CDFABE
:10455800034687F82B3097F82B3003F00703DBB2BC
:10456800002B07D097F82B30DB08DBB2013387F834
:104578004D3004E097F82B30DB0887F84D300023E6
:1045880087F849301AE0B7F84A301B01984A1344B3
:104598001B687B6207F1240304221946934810F034
:1045A8008BFE03469BB27B84B7F84E300133A7F8E5
:1045B8004E3097F84930013387F8493097F8492049
:1045C80097F84D309A42DED3B7F84A300133A7F84E
:1045D8004A303F22B7F84A309342B1D312F0FAF981
:1045E8000346002B01D00CF089FB0023A7F84630C6
:1045F800002023F02DF80346A7F84630B7F84630D8
:10460800002B01D00CF07AFB0023A7F846300023DA
:10461800A7F84430754B1B681B699BB2FB81734B31
:104628001B689A68714B1B6842F001029A6000236C
:10463800A7F842302DE0B7F842300133A7F84230EE
:1046480007F11002B7F842301146184624F0D8FA9C
:104658000346A7F84630B7F84630002B19D1BB6996
:104668007B62FA89614B1B681A6107F124030422F3
:1046780019465E4810F020FE03469BB2FB815B4B57
:104688001B685A4A12691A61B7F844300133A7F80F
:104698004430B7F84630002BCDD0B7F84230012B64
:1046A80003D1B7F84630072B10D007F10E0107F1F8
:1046B80022030222184626F033FA0346002B05D1BE
:1046C800B7F84E20B7F844309A4261D0002024F061
:1046D80093F90346A7F84630B7F84630002B01D0C7
:1046E8000CF00CFB0123A7F842300023A7F8403058
:1046F80048E0B7F840303E4A1B0113440433B7F88A
:1047080042201A800023FB63002387F83B30B7F868
:104718004030374A1B01134408331B68002B0FD065
:10472800B7F84030324A1B01134408331B68FB6258
:10473800FB6A1B68FB63FB6A1B7987F83B300DE05B
:10474800B7F840302A4A1B0113440C331B683B63FB
:104758003B6B1033FB63082387F83B30B7F84030D6
:104768001B01234A991897F83B30B7F84200FA6BB7
:10477800FFF7B3FD0346A7F84230B7F840300133DE
:10478800A7F840303F22B7F840309342B1D377E1E1
:104798000123A7F8423000233B8734E03B8F144ABB
:1047A8001B0113440433B7F842201A803B8F1B01C6
:1047B8000F4A1344184600F098F9034687F8373033
:1047C80097F83730DB08DBB2BB8697F8373003F051
:1047D8000703DBB2002B0DD0B7F84220BB8E134481
:1047E8009BB20133A7F842300AE000BF7090002066
:1047F800A0070020B7F84220BB8E1344A7F8423028
:104808003B8F01333B873F223B8F9342C6D33223F2
:10481800A3F1300213469B0013445B001A4636236B
:10482800303B13449C4A82FB03129210DB17D31AC5
:10483800DBB23033DBB23B723223A3F130021346D2
:104848009B0013445B001A463623303B1A44924BB4
:1048580083FB02139910D317C91A0B469B000B440C
:104868005B00D11ACBB23033DBB27B7253234A2BB5
:1048780005D16523612B02D170236E2B37D05323CA
:10488800462B34D053234D2B05D16523612B02D100
:104898007023722B2BD05323412B02D16523702B0D
:1048A80025D053234D2B05D16523612B02D17023CD
:1048B800792B1CD053234A2B05D16523752B02D1A4
:1048C80070236E2B13D053234A2B05D16523752BE8
:1048D80002D170236C2B0AD05323412B02D16523BC
:1048E800752B04D05323532B01D0012300E0002360
:1048F800DBB23033DBB2BB7253234A2B05D16523BD
:10490800612B02D170236E2B51D05323462B4CD0F0
:1049180053234D2B05D16523612B02D17023722BB4
:1049280041D05323412B02D16523702B39D0532317
:104938004D2B05D16523612B02D17023792B2ED005
:1049480053234A2B05D16523752B02D170236E2B77
:1049580023D053234A2B05D16523752B02D170230D
:104968006C2B18D05323412B02D16523752B10D003
:104978005323532B0BD053234F2B06D053234E2BAB
:1049880001D1312314E0322312E0302310E039231F
:104998000EE038230CE037230AE0362308E03523FD
:1049A80006E0342304E0332302E0322300E031231D
:1049B800FB722023202B0BD13223303B364A82FB5B
:1049C80003129210DB17D31ADBB23033DBB213E0D9
:1049D8002023A3F1300213469B0013445B001A46C0
:1049E8003223303B13442C4A82FB03129210DB170C
:1049F800D31ADBB23033DBB23B732023202B11D127
:104A08003223A3F13002244B83FB02139910D317EE
:104A1800C91A0B469B000B445B00D11ACBB230334A
:104A2800DBB218E02023A3F1300213469B001344A5
:104A38005B001A463223303B1A44174B83FB0213A0
:104A48009910D317C91A0B469B000B445B00D11A67
:104A5800CBB23033DBB27B733B46062219460F4894
:104A680000F0ADF807F108013B460622184626F08B
:104A780057F80346002B03D00021084800F057F8E8
:104A880011F0CAFF0346002B01D00CF037F900BF24
:104A98005037BD4680BD00BF6766666634C30208EE
:104AA80080B584B000AF78600023FB737B68002B6F
:104AB80016D07868FFF7FAFCB860BB68002B0FD0F7
:104AC800BB689B68002B02D00123FB7308E0BB681E
:104AD800DB68002B02D00223FB7301E00023FB7389
:104AE800FB7B18461037BD4680BD80B586B000AF49
:104AF80078600023FB757B68002B13D07868FFF77C
:104B0800D5FC38613B69002B0CD03B699B68002BB6
:104B180006D03B699B68FB60FB681B79FB7501E06D
:104B28000823FB75FB7D18461837BD4680BD80B548
:104B380088B000AF786039607B68002B3BD078681C
:104B4800FFF7B4FC78617B69002B34D00023FB7736
:104B58003B68BB617B699B68002B0CD07B699B68B9
:104B6800FB60FB681B79FB77BB69002B0ED1FB68E8
:104B78001B68BB610AE00823FB77BB69002B05D1E2
:104B88007B69DB683B613B691033BB6111F022FF35
:104B98000346002B01D00CF0B1F87B699888FB7FA5
:104BA800BA697968FFF799FB11F036FF0346002BC5
:104BB80001D00CF0A3F800BF2037BD4680BD80B5FA
:104BC80088B000AFF860B9601346FB71FB68002B32
:104BD80025D0BB68002B22D0F868FFF767FCB861C6
:104BE800BB69002B1BD00023FB77BB699B68002B9C
:104BF80006D0BB699B687B617B691B79FB7701E009
:104C08000823FB77FA79FB7F9A4201D2FB79FB777D
:104C1800BB699888FB7FBA680021FFF7D1FB00BF0A
:104C28002037BD4680BD80B586B000AF786039605A
:104C38007B68002B23D03B68002B20D07868FFF7D7
:104C480035FC78617B69002B19D07B699B68002B48
:104C58000BD07B699B68FB60FB681968FB681B7954
:104C68001A46386825F0C8FF09E07B69DB683B61B4
:104C78003B69103308221946386825F0BDFF00BF8C
:104C88001837BD4680BD80B586B000AF78604FF05C
:104C980000024FF00003C7E904237B68002B12D001
:104CA8007868FFF703FCF860FB68002B0BD0FB6803
:104CB800DB68002B07D0FB68DB68BB60BB68D3E907
:104CC8000623C7E90423D7E9042343EC172BB0EEE6
:104CD800470AF0EE670A1837BD4680BD80B588B030
:104CE80000AFF86087ED000B0023FB77FB68002B13
:104CF80023D0F868FFF7DAFBB861BB69002B1CD03A
:104D0800BB69DB68002B18D0BB69DB687B617B69FA
:104D1800D3E90223D7E90001FBF7EAFE0346002B9B
:104D28000BD07B69D3E90023D7E90001FBF7EAFE42
:104D38000346002B01D00123FB77FB7F1846203761
:104D4800BD4680BD80B588B000AFF86087ED000B28
:104D5800FB68002B48D0F868FFF7A8FBF861FB69EF
:104D6800002B41D0FB69DB68002B3DD0FB69DB6879
:104D7800BB61BB69D3E90623D7E90001FBF766FDF0
:104D880002460B4643EC172BB0EE470AF0EE670AD3
:104D980025F0BAFF51EC100BBB69D3E90623FBF7EA
:104DA8002BFC02460B46C7E90423BB69D3E9002361
:104DB800D7E90401FBF792FE0346002B03D0BB6939
:104DC800D3E9002314E0BB69D3E90223D7E904013E
:104DD800FBF7A2FE0346002B03D0BB69D3E90223ED
:104DE80006E0D7E9042303E04FF000024FF0000388
:104DF80043EC172BB0EE470AF0EE670A2037BD46A2
:104E080080BD000080B483B000AF0346FB80044A35
:104E1800FB88138000BF0C37BD465DF8047B7047E4
:104E28004449002080B400AF034B1B881846BD4698
:104E38005DF8047B704700BF4449002080B582B00C
:104E480000AF4FF000024FF00003C7E900233B46D4
:104E5800082219460748FFF7B2FED7E90023104693
:104E68001946FBF763FE0346034A136000BF083781
:104E7800BD4680BD9CC30208900B002080B582B05F
:104E880000AF4FF000024FF00003C7E900233B4694
:104E9800082219460748FFF792FED7E90023104673
:104EA8001946FBF743FE0346034A136000BF083761
:104EB800BD4680BD9CC30208940B002080B588B015
:104EC80000AF04227A494FF42020FCF759FB784BB5
:104ED8001B88002B03D0764B5B88002B13D1744BB7
:104EE80040F201221A80724B40F201225A800123BB
:104EF80004226F494FF42020FCF70EFB6D4B40F263
:104F080001221A801DE06A4B1B8840F2012293425D
:104F180013D0674B40F201221A80654B40F2012200
:104F28005A800123042262494FF42020FCF7F4FA46
:104F3800604B40F201221A8003E05D4B5A885D4BBA
:104F48001A805D4BD3F8F43003F00053002B03D0E4
:104F580000215A48FEF7BAF8574BD3F8F43003F05B
:104F68000073002B08D0534B1B88B3F5027F03D086
:104F7800504B4FF400721A804F4BD3F8F4304E4A1E
:104F880043F40003C2F8F4304A4B1B88B3F5027FA0
:104F980062D0484B1B884FF6FF7293425CD00221C7
:104FA80047481CF009F8F861FB69022B54D94FF007
:104FB80000024FF00003C7E9022307F108030822A3
:104FC80019464048FFF7FBFD0023FB800023BB8008
:104FD8000120FEF75DFD0A200CF0C2FF3A1DBB1D43
:104FE80011461846FEF766FD0020FEF751FDFA88C7
:104FF800BB889A420BD3FB881846FBF783FA4FF01D
:105008000002314BFBF722FC02460B460AE0BB8844
:105018001846FBF777FA4FF000022B4BFBF716FC0C
:1050280002460B46C7E90423D7E90223D7E904015E
:10503800FBF772FD0346002B0AD00022012120480D
:105048001BF0A2FF002202211D481BF09DFF03E078
:10505800184B4FF480721A80FFF7F0FEFFF70EFF2F
:10506800144B1B88B3F5027F14D0B3F5027F1ADC0A
:10507800B3F5017F04D040F20522934205D012E037
:10508800124B4FF0FF321A600EE0114B4FF0FF3217
:105098001A6009E00D4B4FF0FF321A600C4B4FF0CD
:1050A800FF321A6000E000BF00BF2037BD4680BD58
:1050B8004049002044490020000C0246A4C30208CD
:1050C80000930020ACC3020800408F40900B0020E2
:1050D800940B002080B58AB000AF0346FB71334AB9
:1050E800FB791370314B1B78002B5AD04FF000021C
:1050F8004FF00003C7E9062307F1180308221946F1
:105108002B48FFF75CFDD7E9062310461946FBF745
:1051180035FD034687F8273097F82730002B3DD018
:1051280097F82730062B39D84FF000024FF00003CC
:10513800C7E9042397F82730013B1E4A52F8233069
:1051480007F1100108221846FFF739FDD7E90423B3
:1051580010461946FBF712FD03469AB2164B1A8001
:105168004FF000024FF00003C7E9022397F82730F9
:10517800013B124A52F8233007F108010822184669
:10518800FFF71DFDD7E9022310461946FBF7F6FC89
:1051980003469AB20A4B1A8000BF02E0034B002272
:1051A8001A7000BF2837BD4680BD00BF4A4900209D
:1051B800B4C30208980B002046490020B00B002019
:1051C8004849002080B400AF0B4B1B68002B04DD5E
:1051D800094B1B68013B084A1360084B1B68002BEE
:1051E80004DD064B1B68013B044A136000BFBD4643
:1051F8005DF8047B704700BF900B0020940B0020E3
:1052080080B58CB000AF0CF09FFE7862644B1B68D1
:105218007A6AD31A47F22F52934240F2B880604A12
:105228007B6A13605F4B1B8840F20922934200F0AF
:10523800B0805C4B1B8840F20A22934200F0A980A0
:10524800584B1B88B3F5027F00F0A380554B1B8891
:10525800B3F5807F00F09D80524B1B884FF6FF729C
:10526800934200F096804FF400714F4812F0CCFB47
:105278000346012B00F08F804FF000024FF000032F
:10528800C7E904234FF000024FF00003C7E90223E7
:1052980007F11003082219464448FFF790FC07F16C
:1052A8000803082219464248FFF789FC0023FB80BF
:1052B8000023BB800120FEF7EBFB0A200CF050FE18
:1052C8003A1DBB1D11461846FEF7F4FB0020FEF7F9
:1052D800DFFBFA88BB889A420BD3FB881846FBF79A
:1052E80011F94FF00002334BFBF7B0FA02460B46B8
:1052F8000AE0BB881846FBF705F94FF000022D4B72
:10530800FBF7A4FA02460B46C7E9062301212A48FF
:105318001BF052FEF862022127481BF04DFEB862CE
:10532800D7E90423D7E90601FBF7F6FB0346002B70
:1053380004D00023FB620023BB621DE0D7E90223EF
:10534800D7E90601FBF7E8FB0346002B03D0FB6A0D
:105358000133FB6210E0FB6A0133FB62BB6A013375
:10536800BB62BB6A022B07D900211448FDF7AEFEC9
:105378000C4B4FF480721A80FA6A01210E481BF018
:1053880003FEBA6A02210C481BF0FEFD04E000BFD0
:1053980002E000BF00E000BF3037BD4680BD00BF5F
:1053A8004C4900204449002000080242ACC30208CE
:1053B800BCC3020800408F4000930020C4C3020809
:1053C80080B483B000AF0346FB71FB79002B23D078
:1053D8001C4B1B88B3F5807F04D01A4B1B88B3F590
:1053E800007F29D3174B1B884FF6FF72934223D0B7
:1053F800144B1B88B3F5027F1ED0124B1B88B3F5E4
:10540800807F04D10F4B40F201221A8014E00D4B2B
:1054180040F209221A800FE00A4B1B8840F2092249
:10542800934205D0074B1B8840F20A22934203D1CE
:10543800044B40F201221A8000BF0C37BD465DF8CC
:10544800047B70474449002080B588B000AF364BD4
:105458001B8840F20922934262D0334B1B8840F2EA
:105468000A2293425CD007F10803002219462F480C
:105478001BF066FA0346002B01D00BF03FFC3B1DE6
:105488000022194629481BF053FB0346002B01D084
:105498000BF034FC3B7A1A461201D31A9B009BB2DC
:1054A8007A7A1344FB83204B1B88B3F5807F27D17E
:1054B8001F4B1B68002B08D11B4B4FF401721A803D
:1054C8001B4B4FF0FF321A602BE01A4B1B68002B66
:1054D80008D1154B40F205221A80164B4FF0FF32C7
:1054E8001A601EE0144B1B78002B1AD0134B1B8834
:1054F800FA8B9A4215D10C4B40F203221A8010E025
:10550800094B1B8840F2032293420AD10C4B1B889B
:10551800FA8B9A4205D1044B4FF400721A8000E0CE
:1055280000BF2037BD4680BD4449002000930020BD
:10553800900B0020940B00204A4900204649002087
:105548004849002080B588B000AF0346FB712C4B5A
:105558001B884FF6FF7293424DD0294B1B88B3F539
:10556800027F48D04FF000024FF00003C7E9042340
:1055780007F11003082219462248FFF720FBD7E954
:10558800042310461946FBF7F9FA0346FB774FF058
:1055980000024FF00003C7E9022307F108030822BD
:1055A80019461948FFF70BFBD7E90223104619469D
:1055B800FBF7E4FA0346BB77FA79FB7F9A421AD3E2
:1055C800FA79BB7F9A4216D800211048FDF77EFD74
:1055D8000B4B1B88B3F5807F04D1094B40F20122A5
:1055E8001A8008E0064B1B88B3F5007F03D3044BF1
:1055F8004FF480721A8000BF2037BD4680BD00BFBF
:1056080044490020CCC30208D4C30208DCC3020802
:10561800B0B586B000AFF860B96087ED000BBA6826
:10562800FB689A4204D94FF000024FF0000324E0CF
:10563800B868FAF767FF16A3D3E90023FAF7DCFF87
:1056480002460B4614461D46F868FAF75BFF024609
:105658000B4620462946FBF7F9F802460B46C7E9F0
:10566800042397ED040B25F00BFB51EC100BD7E945
:105678000023FAF7C1FF02460B4643EC172BB0EEA6
:10568800470AF0EE670A1837BD46B0BDAFF3008091
:10569800182D4454FB21194080B584B000AF07F1A0
:1056A800080383E803001346FB717B7A002B13D0B1
:1056B800364B1B7883F00103DBB2002B06D0FB7955
:1056C8001A460121324812F0B7F905E0FB791A466B
:1056D80004212F4812F0B0F9BB7A002B13D02B4BC2
:1056E8001B7883F00103DBB2002B06D0FB791A4646
:1056F8000121274812F0A0F905E0FB791A46042198
:10570800234812F099F9FB7A002B10D01F4B5B78D5
:10571800002B06D0FB791A4601211D4812F08CF99E
:1057280005E0FB791A460421194812F085F93B7BFC
:10573800002B10D0154B5B78002B06D0FB791A464E
:105748000121134812F078F905E0FB791A46042183
:105758000F4812F071F93B7A002B13D00B4B1B78D2
:1057680083F00103DBB2002B06D0FB791A46012136
:10577800074812F061F905E0FB791A46042104484C
:1057880012F05AF900BF1037BD4680BD484D0020C1
:10579800000C024280B584B000AF07F1080383E82B
:1057A80003001346FB717B7A002B05D0FB791A4660
:1057B8000221154812F040F9BB7A002B05D0FB797D
:1057C8001A460821104812F037F9FB7A002B05D049
:1057D800FB791A4610210C4812F02EF93B7B002B5E
:1057E80005D0FB791A462021074812F025F93B7AA3
:1057F800002B05D0FB791A464021034812F01CF90A
:1058080000BF1037BD4680BD000C024290B585B080
:1058180000AF07F1080484E80300394681E80C006A
:105828007B78002B0BD07B7A83F00103DBB21A461E
:105838008021254812F000F97A7A244BDA70BB7877
:10584800002B0CD0BB7A83F00103DBB21A464FF46D
:1058580080711D4812F0F0F8BA7A1C4B1A71FB7867
:10586800002B0CD0FB7A83F00103DBB21A464FF40D
:105878000071154812F0E0F8FA7A144B5A713B7926
:10588800002B0CD03B7B83F00103DBB21A464FF4AC
:1058980080610D4812F0D0F83A7B0C4B9A713B7836
:1058A800002B0CD03B7A83F00103DBB21A464FF48D
:1058B8000061054812F0C0F83A7A044B9A7000BFAC
:1058C8001437BD4690BD00BF000C0242484D002071
:1058D80090B585B000AF07F1080484E803003946A5
:1058E80081E80C0000223B4693E80300FFF7D4FE52
:1058F80000223B4693E80300FFF74CFF3B460CCBE6
:1059080007F1080103C9FFF781FF01223B4693E82D
:105918000300FFF73FFF01223B4693E80300FFF730
:10592800BBFE00BF1437BD4690BD000090B587B0E0
:1059380000AF07F1080484E80300394681E80C0049
:10594800FF23FB750023BB7500237B7500233B7584
:105958007B78002B07D07B7A83F00103DBB2002B26
:1059680001D00123FB75BB78002B07D0BB7A83F0ED
:105978000103DBB2002B01D00223FB75FB78002B5F
:1059880007D0FB7A83F00103DBB2002B01D003239D
:10599800FB753B79002B07D03B7B83F00103DBB21F
:1059A800002B01D00423FB753B78002B07D03B7AF2
:1059B80083F00103DBB2002B01D00523FB75FB7DCF
:1059C800052B28D8FB7D013BBB75BB7D03F001038C
:1059D800BB75FB7D013B5B107B757B7D03F0010391
:1059E8007B75FB7D013B9B103B753B7D03F0010301
:1059F8003B75BB7D1A460221094812F01DF87B7DD4
:105A08001A460821064812F017F83B7D1A4610215D
:105A1800034812F011F800BF1C37BD4690BD00BF07
:105A28000014024280B582B000AF03460A46FB71FB
:105A38001346BB71FB791A464FF400610E4811F00A
:105A4800FBFF0A200CF08CFABB791A464FF4805100
:105A5800094811F0F1FF0A200CF082FABB791A46C6
:105A68004FF40041044811F0E7FF0A200CF078FADF
:105A780000BF0837BD4680BD000402420000000098
:105A880080B58AB000AF0346FB8001224FF48051F5
:105A98001F4811F0D1FF0A200CF062FAFB88184663
:105AA800FAF730FD4FF000021A4BFAF7CFFE024624
:105AB8000B46C7E9082397ED081B9FED110B24F04F
:105AC8006FFF87ED060B10A3D3E90023D7E9060182
:105AD800FAF7DAFB02460B46C7E9042397ED040BF5
:105AE80024F0F6FE0346FB73FB7B19460020FBF708
:105AF8000FFF034618462837BD4680BDAFF3008028
:105B08000000000080C014410000000000A1E34034
:105B18000004024200408F4080B582B000AF0346C7
:105B2800FB71FB791A464FF40071034811F084FFAA
:105B380000BF0837BD4680BD0004024280B582B070
:105B480000AF0023FB712E4B1B683B603B88194656
:105B5800052024F029FE02462A4B11461970C2F38B
:105B680007215970C2F307429A70264B1B782649C1
:105B78001846FBF775FE03461A46FB791343FB717B
:105B880005200CF0EDF97B881946042024F00CFE62
:105B980002461C4B11461970C2F307215970C2F313
:105BA80007429A70174B1B7817491846FBF758FE9F
:105BB80003461A46FB791343FB7105200CF0D0F914
:105BC800104B1A78114B1A70104B1B781049184655
:105BD800FBF760FE03461A46FB791343FB71032269
:105BE8000A49084824F09CFF0346002B03D0FB79A0
:105BF80043F00103FB71FB7918460837BD4680BDA9
:105C0800E4C302085C4D00205D4D0020604D00207B
:105C1800614D002080B584B000AF03460A46FB8082
:105C28001346BB800023BB810023FB73F888022343
:105C3800022240F6C41124F0E3FD0346BB81BB8970
:105C48001946082024F0B0FD0246394B1146197058
:105C5800C2F307215970C2F307429A70344B1B787C
:105C680034491846FBF7FCFD03461A46FB7B1343F1
:105C7800FB732F4B1A78304B1A702F4B1B782F4918
:105C88001846FBF707FE03461A46FB7B1343FB73D4
:105C980003222949264824F043FF0346002B03D05A
:105CA800FB7B43F00103FB73B8880223022240F612
:105CB800C41124F0A5FD0346BB81BB891946092000
:105CC80024F072FD02461A4B11461970C2F30721DF
:105CD8005970C2F307429A70154B1B78154918463C
:105CE800FBF7BEFD03461A46FB7B1343FB73104BC1
:105CF8001A78114B1A70104B1B7810491846FBF78D
:105D0800C9FD03461A46FB7B1343FB7303220A496A
:105D1800074824F005FF0346002B03D0FB7B43F024
:105D28000103FB73FB7B18461037BD4680BD00BFDF
:105D38005C4D00205D4D0020604D0020614D00202D
:105D480080B485B000AFF860B9601346FB80FB688B
:105D58004FF47A7202FB03F3174AD362BB684FF41D
:105D68007A7202FB03F3144A1363134AFB88A2F8FE
:105D78004C30114B0022A3F84E200F4B00225A63DF
:105D88000D4B5A6B0C4BDB6A13440B4A93630A4B5B
:105D9800DA68094B1B6BD31A074AD363064BDB68D7
:105DA800054A1364044B9B68034A536400BF1437C5
:105DB800BD465DF8047B7047504900200000000094
:105DC800B0B590B000AF87ED000B4FF00002844BE8
:105DD800D7E90001FAF73AFD02460B46C7E90A235C
:105DE8004FF000024FF00003D7E90A01FAF780FEEE
:105DF8000346002B04D04FF000024FF00003CCE024
:105E08006BA3D3E90023D7E90A01FAF7F5FB0246A9
:105E18000B461046194668A3D3E90023FAF7ECFBB2
:105E280002460B46C7E90E2300237B6397E064A371
:105E3800D3E90023D7E90E01FAF7DEFB02460B4649
:105E4800C7E9082360A3D3E90023D7E90A01FAF7D1
:105E5800D3FB02460B4614461D46D7E90A23D7E969
:105E68000801FAF7F3FC02460B4610461946FAF702
:105E7800A5FE034600EE103A24F0CCFEF0EE407A80
:105E88009FED587A67EE877A17EE900AFAF75CFB6F
:105E980002460B4620462946FAF7F6F902460B4613
:105EA80014461D464FF000024D4BD7E90801FAF79A
:105EB800A3FB02460B4620462946FAF7E5F90246B7
:105EC8000B46C7E90623D7E90E2341A1D1E9000112
:105ED800FAF7BCFC02460B46104619463EA3D3E926
:105EE8000023FAF7D1F902460B46C7E90423D7E99C
:105EF8000423D7E90601FAF7A9FC02460B46C7E9CD
:105F08000223D7E90223D7E90E01FAF7BDF90246C1
:105F18000B46C7E90E23D7E90201FAF74FFE07EE51
:105F2800900AF0EEE77A9FED307AF4EEC77AF1EE58
:105F380010FA19D44FF000024FF00003D7E90E0110
:105F4800FAF7D6FD0346002B06D04FF000024FF0BB
:105F58000003C7E90E2308E07B6B01337B637B6B8F
:105F6800132B7FF764AF00E000BF4FF000021F4B18
:105F7800D7E90E01FAF7D0FD0346002B04D04FF005
:105F880000021A4BC7E90E234FF00002144BD7E961
:105F98000E01FAF731FB02460B4643EC172BB0EE25
:105FA800470AF0EE670A4037BD46B0BDAFF3008040
:105FB800000000403333C33F0000000000E0A5406C
:105FC800B1A934E4DC67373F0000000000C062403C
:105FD800000000206C789ABFB76DDBB66DDBD63F4A
:105FE80000408F4061C3D33CCCBC8C2B00000440E4
:105FF80080B582B000AF0346FB71FB791A460221D7
:10600800034811F019FD00BF0837BD4680BD00BF29
:106018000010024280B582B000AF0346FB71FB79E5
:106028001A460421034811F007FD00BF0837BD4692
:1060380080BD00BF0010024280B582B000AF0346A9
:10604800FB71FB7983F00103DBB21A468021034818
:1060580011F0F2FC00BF0837BD4680BD00100242B7
:1060680080B582B000AF3B4683E803003B7883F0FD
:106078000103DBB21A464FF48051264811F0DCFCCC
:106088007B7883F00103DBB21A464FF400512148B4
:1060980011F0D2FCFB7883F00103DBB21A468021B1
:1060A8001C4811F0C9FC3B7983F00103DBB21A46A6
:1060B8004FF48071174811F0BFFC7B7983F001031E
:1060C800DBB21A464FF40071124811F0B5FCBB79E7
:1060D80083F00103DBB21A464FF480610D4811F0DA
:1060E800ABFCBB7883F00103DBB21A464FF40061C6
:1060F800084811F0A1FC084B3A4692E803001860E2
:106108000433198002330A0C1A7000BF0837BD46E1
:1061180080BD00BF000C0242484D002080B582B00F
:1061280000AF3B4683E80300264B3A4692E803005B
:1061380018600433198002330A0C1A70224B5B7DF5
:1061480083F00103DBB2002B37D0204B5B7D83F05B
:106158000103DBB2002B30D01D4B1B7F83F0010302
:10616800DBB2002B29D03B781A460121194811F0DF
:1061780063FC7B781A460421164811F05DFCBB7855
:106188001A460221134811F057FCFB781A460821D9
:10619800104811F051FC3B791A4610210D4811F0B6
:1061A8004BFC7B791A4620210A4811F045FCBB7943
:1061B8001A464021074811F03FFC00BF0837BD468A
:1061C80080BD00BF504D002050490020A04900204C
:1061D800F0490020000C024290B585B000AF3C4663
:1061E80084E80F003B68184A13607B685B08164A0E
:1061F8005360BA68FB6813444FF47A7202FB03F3E6
:10620800114A9360BB684FF47A7202FB03F30E4A9B
:10621800D3600D4B5B7D002B11D00B4B5A680B4B99
:106228001B68013ADA62084B5B68013B074AD36096
:10623800064B1B68044A12685A6301F017F800BF3E
:106248001437BD4690BD00BF50490020C0930020C0
:1062580090B585B000AF3C4684E80F003B68184A0B
:1062680013607B685B08164A5360BA68FB6813447E
:106278004FF47A7202FB03F3114A9360BB684FF440
:106288007A7202FB03F30E4AD3600D4B5B7D002B41
:1062980011D00B4B5A680B4B1B68013ADA62084B5A
:1062A8005B68013B074AD360064B1B68044A1268C7
:1062B8005A6300F0DBFF00BF1437BD4690BD00BF36
:1062C800A04900205894002080B584B000AF034650
:1062D800FB717F4B5B7D002B40F0F6807C4B0022EE
:1062E8001A617B4B00229A64794B01221A75784B0C
:1062F800002283F82A20764AFB7982F82B30744BE7
:1063080093F82B30002B03D0714BDB68704A9360F5
:106318006F4B704A163302321168196012791A717C
:106328006B4BDB7D002B14BF01230023DBB283F012
:106338000103DBB203F00103DAB2654B1A77644B51
:106348001B7E002B14BF01230023DBB283F0010363
:10635800DBB203F00103DAB25D4B5A775C4B5B7E2C
:10636800002B14BF01230023DBB283F00103DBB24F
:1063780003F00103DAB2564B9A77554B9B7E002BFC
:1063880014BF01230023DBB283F00103DBB203F067
:106398000103DAB24E4BDA774D4B9B7D002B14BFCD
:1063A80001230023DBB283F00103DBB203F0010316
:1063B800DAB2474BDA76464B002283F82120444B69
:1063C800002283F82220424B002283F82320404BEE
:1063D800002283F824203E4B002283F82020052247
:1063E80000213D4824F0C5FB3C4B1B78002B23D0F3
:1063F800384B1B7883F00103DBB2002B0ED0374BF0
:106408009A78334B83F82620344BDA78304B83F86C
:106418002720324B9A792E4B83F825202D4B5B7819
:10642800002B09D02D4B1A79294B83F828202B4BA8
:106438005A79274B83F829200023FB60244B5B689B
:10644800092B0BD9224B5B680A3BFB60204B1B686E
:10645800FA689A4202D21E4B1B68FB601C4B5A68B2
:106468001F4B1B68013ADA62194B5B68013B1C4AF7
:10647800D3601B481CF07CFB0346002B01D00AF0BC
:106488003DFC174B1B68124A12685A6300211448D6
:106498001CF0A6FF0346002B01D00AF02FFC104B7E
:1064A8001B68FA689A6304210D481CF091FC0346A6
:1064B800002B01D00AF022FC094B1B6800225A620B
:1064C800034B01225A7500E000BF1037BD4680BD5E
:1064D80050490020484D002075490020504D0020AB
:1064E800C093002080B582B000AF7B4B5B7D002B52
:1064F80040F0ED80784B00221A61774B00229A64B5
:10650800754B01221A75744B002283F82A20724BAE
:10651800002283F82B20704B704A16330232116820
:10652800196012791A716C4BDB7D002B14BF0123A3
:106538000023DBB283F00103DBB203F00103DAB21C
:10654800654B1A77644B1B7E002B14BF0123002375
:10655800DBB283F00103DBB203F00103DAB25E4B76
:106568005A775D4B5B7E002B14BF01230023DBB2FF
:1065780083F00103DBB203F00103DAB2564B9A77DA
:10658800554B9B7E002B14BF01230023DBB283F005
:106598000103DBB203F00103DAB24F4BDA774E4B5B
:1065A8009B7D002B14BF01230023DBB283F0010382
:1065B800DBB203F00103DAB2474BDA76464B00222E
:1065C80083F82120444B002283F82220424B0022EA
:1065D80083F82320404B002283F824203E4B0022DE
:1065E80083F82020052200213D4824F0C2FA3D4BC3
:1065F8005B78002B23D0394B1B78002B0ED0394BFE
:106608009A78354B83F82620364BDA78324B83F864
:106618002720344B9A79304B83F825202F4B5B7811
:1066280083F00103DBB2002B09D02E4B1A792A4BD9
:1066380083F828202B4B5A79274B83F829200023ED
:106648007B60254B5B68092B0BD9234B5B680A3BA6
:106658007B60214B1B687A689A4202D21E4B1B68EA
:106668007B601D4B5A68204B1B68013ADA621A4B53
:106678005B68013B1C4AD3601B481CF079FA03464F
:10668800002B01D00AF03AFB174B1B68124A12681C
:106698005A63002114481CF0A3FE0346002B01D0C6
:1066A8000AF02CFB104B1B687A689A6304210E4889
:1066B8001CF08EFB0346002B01D00AF01FFB0A4B8F
:1066C8001B6800225A62044B01225A7500E000BF81
:1066D8000837BD4680BD00BFA0490020484D0020B6
:1066E800C5490020504D00205894002080B500AFC7
:1066F800124B5B7D002B1ED011481CF0D9FA0346C3
:10670800002B01D00AF0FAFA00210D481DF008F814
:106718000346002B01D00AF0F1FA042108481CF0C6
:10672800F7FC0346002B01D00AF0E8FA50220021BA
:10673800024824F01EFA00BF80BD00BF5049002067
:10674800C093002080B500AF124B5B7D002B1ED09C
:1067580011481CF0ADFA0346002B01D00AF0CEFA1E
:1067680000210D481CF0DCFF0346002B01D00AF085
:10677800C5FA042108481CF0CBFC0346002B01D0C5
:106788000AF0BCFA50220021024824F0F2F900BFB6
:1067980080BD00BFA04900205894002090B593B058
:1067A80000AF0346FB71FB79002B40F0A180B04B92
:1067B8001B68DB6A01337B63AD4B1B685B6A3B6319
:1067C800AC4B1A693B6B1344AA4A9268B3FBF2F1CB
:1067D80001FB02F29B1AFB62A64B1A697B6B1344FE
:1067E800A44A9268B3FBF2F101FB02F29B1AA14A98
:1067F8001361A04BDB68FA6A9A4269D29D4B93F801
:106808002A3083F00103DBB2002B61D0994B1B7D4A
:10681800002B2ED0974B974AD3F825100C4693F8A7
:106828002910002361F30703D2F816100846927E58
:10683800002162F307012246FFF74AF88D4B93F8CF
:106848002B30002B00F04B818A4B8A4AD3F8251055
:106858000C4693F82910002361F30703D2F81610A9
:106868000846927E002162F307012246FFF75EF890
:1068780035E1804B7F4AD3F825100C4693F8291050
:10688800002361F30703D2F81B100846D27F0021CA
:1068980062F307012246FFF71BF8764B93F82B307B
:1068A800002B00F01C81734B724AD3F825100C465C
:1068B80093F82910002361F30703D2F81B10084648
:1068C800D27F002162F307012246FFF72FF806E185
:1068D800684B6849D3F82520104693F829200023EF
:1068E80062F307030246203103C9FEF7F1FFF7E020
:1068F800FB79012B00F0F480FB79022B40F0F0804B
:106908005C4B93F82B3083F00103DBB2002B0ED0E5
:10691800584B5849D3F82520104693F829200023CE
:1069280062F307030246203103C9FEF7D1FF514B3A
:106938001B7D002B14BF01230023DBB283F001036E
:10694800DBB203F00103DAB24A4B1A7507F1080308
:1069580024220021184624F00CF907F10803242208
:106968001946454824F0DCF80346002B00F0B880AF
:106978003F4B1B68DB6A01337B643E4B9A6C7B6C34
:1069880013443C4A526CB3FBF2F101FB02F29B1A2E
:10699800384A9364374B9A6C364B5B6B9A4224D3D4
:1069A800344B9A6C334B9B6B9A421ED2314B9B6C87
:1069B8003B64304BDB6A9C002E4BB3F84C301846D6
:1069C800F9F7A0FD02460B4643EC102B396C204624
:1069D800FEF71EFE53EC102B10461946FAF7CEF8B8
:1069E80003469AB2254B1A804DE0224B9A6C214BF4
:1069F8009B6B9A420BD31F4B9A6C1E4BDB6B9A42D4
:106A080005D21C4BB3F84C201C4B1A803BE0194BA9
:106A18009A6C184BDB6B9A4232D3164B9A6C154B17
:106A28001B6C9A422CD2134B9A6C124BDB6BD21A0A
:106A3800104B1B6B1344FB630E4B1B6B9C000D4BE5
:106A4800B3F84C301846F9F75DFD02460B4643ECA7
:106A5800102BF96B2046FEF7DBFD53EC102B10468C
:106A68001946FAF78BF803469AB2044B1A800AE0E3
:106A7800C0930020504900207C490020584D002038
:106A8800194B00221A80194BB3F84E20164B1B885D
:106A98009A4225D0144B1A88144BA3F84E20124B57
:106AA80018880223022240F6C41123F0A9FE0346E7
:106AB8007B877B8F1946082023F076FE02460C4B15
:106AC80011461970C2F307215970C2F307429A7030
:106AD800074B1B7807491846FAF7F6FE00E000BF97
:106AE80000BF4C37BD4690BD584D0020504900208E
:106AF8005C4D00205D4D002090B587B000AF034687
:106B0800FB71FB79002B6CD1504B1B68DB6A01339E
:106B18007B614E4B1B685B6A3B614D4B1A693B6955
:106B280013444B4A9268B3FBF2F101FB02F29B1A41
:106B3800FB60474B1A697B691344454A9268B3FB6B
:106B4800F2F101FB02F29B1A414A1361404BDB68E8
:106B5800FA689A4235D23E4B93F82A3083F0010303
:106B6800DBB2002B2DD03A4B1B7D002B14D0384BB9
:106B7800374AD3F825100C4693F82910002361F3FF
:106B88000703D2F816100846927E002162F3070127
:106B98002246FEF79DFE54E02D4B2D4AD3F82510D2
:106BA8000C4693F82910002361F30703D2F81B1051
:106BB8000846D27F002162F307012246FEF788FECD
:106BC8003FE0234B2249D3F82520104693F829208B
:106BD800002362F307030246203103C9FEF778FE5B
:106BE8002FE0FB79012B05D101220221194810F071
:106BF80023FF26E0FB79022B23D10022022115482E
:106C080010F01AFF124B1249D3F82520104693F8BA
:106C18002920002362F307030246203103C9FEF747
:106C280057FE0B4B1B7D002B14BF01230023DBB247
:106C380083F00103DBB203F00103DAB2044B1A75E7
:106C4800FFE700BF1C37BD4690BD00BF5894002029
:106C5800A04900200010024284B0F0B587B000AF10
:106C680007F1300686E80F003B6B524A13603B6B16
:106C7800514AA2FB03235B094E4A93607B6B3A6B34
:106C8800B3FBF2F101FB02F29B1A4A4A53603A8FB6
:106C9800484B9A81FA6B3B6C13444FF47A7202FBAF
:106CA80003F3444A1361FB6B4FF47A7202FB03F35C
:106CB800404A53613F4B5B683E4A1268B3FBF2F1AE
:106CC80001FB02F29A1A3B4B9B68B2FBF3F39BB2AF
:106CD80001339AB2374BA3F85423364BB3F85433E5
:106CE800354AA2FB03125209642101FB02F29B1AE6
:106CF8009AB2304BA3F8542300237B613EE02D4B1E
:106D08009B687A6903FB02F22A497B690633DB0038
:106D18000B445A60274B1E68264A7B690633DB0002
:106D280013445B687B60234B9B891846F9F7EAFBA1
:106D380002460B4643EC102B79683046FEF768FC98
:106D480087ED020BBC68FB6823F000452046294606
:106D5800F9F714FF034698B20223022240F6C41141
:106D680023F04EFD03461946124A7B690633DB00C1
:106D780013440A461A817B6901337B617B69632B63
:106D8800BDD90C4B1B7F002B0DD00A4BB3F85433E5
:106D980018460A4B1A680749831DDB000B445B68D9
:106DA800936300F063FA00BF1C37BD46BDE8F040AE
:106DB80004B07047F04900201F85EB510C94002067
:106DC80080B582B000AF974B00229A61954B0022A4
:106DD80083F83120934B944A1D33023211681960AD
:106DE80012791A718F4B9B7F002B14BF012300234C
:106DF800DBB283F00103DBB203F00103DAB2894BA3
:106E080083F82320874BDB7F002B14BF012300234B
:106E1800DBB283F00103DBB203F00103DAB2814B8A
:106E280083F824207F4B93F82030002B14BF0123D4
:106E38000023DBB283F00103DBB203F00103DAB213
:106E4800784B83F82520774B93F82130002B14BF1B
:106E580001230023DBB283F00103DBB203F001035B
:106E6800DAB2704B83F826206E4B5B7F002B14BF81
:106E780001230023DBB283F00103DBB203F001033B
:106E8800DAB2684B83F82220664B002283F8282068
:106E9800644B002283F82920624B002283F82A20C1
:106EA800604B002283F82B205E4B002283F82720BA
:106EB800052200215D4823F05CFE5D4B5B78002BCA
:106EC80023D0594B1B78002B0ED0594B9A78554B31
:106ED80083F82D20564BDA78524B83F82E20544BEA
:106EE8009A79504B83F82C204F4B5B7883F0010341
:106EF800DBB2002B09D04E4B1A794A4B83F82F206E
:106F08004B4B5A79474B83F83020012202214948DC
:106F180010F092FD0223022240F6C411002023F053
:106F28006FFC0346FB80FB881946092023F03CFCD4
:106F38000246414B11461970C2F307215970C2F33A
:106F480007429A703C4B1B783C491846FAF788FC74
:106F5800344B5A68334B1B685B089A420FD2314A4C
:106F6800304BD3F81D10084693F82130002163F305
:106F7800070102F12C030CCBFEF7AAFC0EE0294A0C
:106F8800284BD3F82210084693F82630002163F3E3
:106F9800070102F12C030CCBFEF79AFC214B1A686F
:106FA800274B1B68013ADA621E4B1B68013B244AD7
:106FB800D36023481BF0DCFD0346002B01D009F009
:106FC8009DFE184B1A681E4B1B6852085A63002115
:106FD8001B481CF005FA0346002B01D009F08EFE71
:106FE800104BB3F854331846154B1A680D49831DD6
:106FF800DB000B445B689363042111481BF0E8FE37
:107008000346002B01D009F079FE0D4B1B68054A99
:1070180052685A62034B01221A7700BF0837BD46EF
:1070280080BD00BFF0490020484D00201C4A0020C8
:10703800504D0020001002425C4D00205D4D0020A4
:107048000C94002080B500AF124B1B7F002B1FD083
:1070580011481BF02DFE0346002B01D009F04EFE0F
:1070680000210D481CF05CFB0346002B01D009F001
:1070780045FE042108481CF04BF80346002B01D0BC
:1070880009F03CFE4FF456720021024823F071FDCE
:1070980000BF80BDF04900200C94002080B586B068
:1070A80000AF0346FB71FB79002B40F081806A4BEF
:1070B8001B68DB6A01337B61674B1B685B6A3B615A
:1070C800664BB3F854335A1C654BA3FB02135B0998
:1070D800642101FB03F3D31A9AB2604BA3F854233B
:1070E8005E4BB3F8543318465B4B1A685B49831DF3
:1070F800DB000B445B689363584B9A693B69134404
:10710800564A1269B3FBF2F101FB02F29B1AFB60CB
:10711800524BB3F85433514A0633DB0013445B68CF
:10712800002B0CD14D4B9A697B6913444B4A126969
:10713800B3FBF2F101FB02F29B1A484A9361474BF9
:107148005B69FA689A421AD2444B002283F83120CC
:10715800424BB3F85433414A0633DB0013441B89CE
:107168001946092023F020FB02463E4B11461970B0
:10717800C2F307215970C2F307429A7011E0374BE6
:10718800012283F831200021092023F00DFB02465B
:10719800344B11461970C2F307215970C2F30742E4
:1071A8009A70304B1B7830491846FAF78DFB4EE041
:1071B800FB79012B24D1294B93F83130002B0FD0C8
:1071C800264A264BD3F82710084693F82B3000217F
:1071D80063F3070102F12C030CCBFEF779FB36E0D1
:1071E8001E4A1E4BD3F81D10084693F82130002183
:1071F80063F3070102F12C030CCBFEF769FB26E0D1
:10720800FB79022B23D1154B93F83130002B0FD08B
:10721800124A124BD3F82710084693F82B30002156
:1072280063F3070102F12C030CCBFEF751FB0EE0D0
:107238000A4A0A4BD3F82210084693F82630002150
:1072480063F3070102F12C030CCBFEF741FB00BFEF
:107258001837BD4680BD00BF0C940020F0490020BF
:107268001F85EB515C4D00205D4D002080B400AFC0
:10727800134B00221A61124B00229A64104B012210
:107288001A75104B00221A610E4B00229A640D4B9E
:1072980001221A750C4B00229A610C4B1B680022C4
:1072A8005A620B4B1B6800225A620A4B1B68064A3B
:1072B80052685A6200BFBD465DF8047B704700BF44
:1072C80050490020A0490020F0490020C093002028
:1072D800589400200C94002080B582B000AFFFF7CE
:1072E80005FAFFF72FFAFFF7ADFE0020FEF792FE32
:1072F8000020FEF7A1FE0020FEF77AFE0020FEF730
:107308000BFC00210020FEF78DFB3B4600221A6093
:10731800C3F803203B4693E80300FEF7FFFE00BFD7
:107328000837BD4680BD80B584B000AFF860B9604D
:107338001346FB80FB881A46B968F86823F05CFCA2
:10734800FB88FA68134418461037BD4680BD80B5DF
:1073580084B000AFF860B9601346FB80FB881A461A
:10736800F968B86823F048FCFB88FA6813441846A3
:107378001037BD4680BD000090B5ADF2444D02AF58
:1073880007F58764A4F22C44206007F58760A0F510
:10739800876080E80E0007F58763A3F587631B788D
:1073A80087F84C33002387F84D330023C7F8503350
:1073B800002387F8543307F58763A3F587631B78A1
:1073C800F62B02F2428401A252F823F05978000801
:1073D8007D7800080379000857790008BF7900080C
:1073E800E3790008337A0008997A0008E97A0008F6
:1073F800157B0008557B0008B77B0008E37B000875
:107408006B7C0008777E0008517F0008EB7F00083E
:107418001D8000084F8000087B800008E581000877
:10742800C98200081F8300084B830008EB8400080A
:10743800C5850008F3850008218600084F860008E6
:107448007D860008EF860008618700084D880008DF
:107458005B89000887890008B38900089D8A0008AD
:10746800178B0008918B0008038C0008358C0008E6
:10747800678C0008F18C0008638D0008DF8D000818
:10748800118E00084D8E0008BF8E00083B8F000843
:10749800678F0008938F00087F9000086B910008A1
:1074A8005B92000889920008B7920008E5920008EC
:1074B8001393000883930008F3930008DD940008F1
:1074C800C595000839960008679600089596000843
:1074D8004D970008CF9700087D990008C9990008C2
:1074E800059A0008759A00089D9A00081F9B0008D5
:1074F8008B9B0008F79B0008259C0008539C0008FC
:10750800539C0008539C0008539C0008539C000897
:10751800539C0008539C0008539C0008539C000887
:10752800539C0008539C0008539C0008539C000877
:10753800539C0008539C0008539C0008539C000867
:10754800539C0008539C0008539C0008539C000857
:10755800539C0008539C0008539C0008539C000847
:10756800539C0008539C0008539C0008539C000837
:10757800539C0008539C0008539C0008539C000827
:10758800539C0008539C0008539C0008539C000817
:10759800539C0008539C0008539C0008539C000807
:1075A800539C0008539C0008539C0008539C0008F7
:1075B800539C0008539C0008539C0008539C0008E7
:1075C800539C0008539C0008539C0008539C0008D7
:1075D800539C0008539C0008539C0008539C0008C7
:1075E800539C0008539C0008539C0008539C0008B7
:1075F800539C0008539C0008539C0008539C0008A7
:10760800539C0008539C0008539C0008539C000896
:10761800539C0008539C0008539C0008539C000886
:10762800539C0008539C0008539C0008539C000876
:10763800539C0008539C0008539C0008539C000866
:10764800539C0008539C0008539C0008539C000856
:10765800539C0008539C0008539C0008539C000846
:10766800539C0008539C0008539C0008539C000836
:10767800539C0008539C0008539C0008539C000826
:10768800539C0008539C0008539C0008539C000816
:10769800539C0008539C0008539C0008539C000806
:1076A800539C0008539C0008539C0008539C0008F6
:1076B800539C0008539C0008539C0008539C0008E6
:1076C800539C0008539C0008539C0008539C0008D6
:1076D800539C0008539C0008539C0008539C0008C6
:1076E800539C0008539C0008539C0008539C0008B6
:1076F800539C0008539C0008539C0008539C0008A6
:10770800539C0008539C0008539C0008539C000895
:10771800539C0008539C0008539C0008539C000885
:10772800539C0008539C0008539C0008539C000875
:10773800539C0008539C0008539C0008539C000865
:10774800539C0008539C0008539C0008539C000855
:10775800539C0008539C0008539C0008539C000845
:10776800539C0008539C0008539C0008539C000835
:10777800539C0008539C0008539C0008539C000825
:10778800539C0008539C0008539C0008539C000815
:10779800539C0008539C0008539C0008539C000805
:1077A800539C0008B1770008022387F8373407F59F
:1077B8008763A3F587631B7A97F837249A4204D026
:1077C800F12387F84D3302F04BBA0023A7F84A3368
:1077D80007F58763A3F587635B681B889BB2A7F8E7
:1077E8004A33B7F84A33B3F5807F17D0B3F5807FB3
:1077F80028DBB3F5027F25DCB3F5007F22DBA3F598
:10780800007340F23B1222FA03F303F00103002B4A
:1078180014BF01230023DBB2002B13D040F2012355
:10782800A7F84433B7F84A33A7F8463307F5517138
:10783800012304224FF42020F9F76EFECC4B0122DD
:107848001A7003E0012387F84D3300BF02F008BA2D
:10785800002387F8373407F58763A3F587631B7A16
:1078680097F837249A4202F0F481F12387F84D33D0
:1078780002F0EFB9002387F8373407F58763A3F5DB
:1078880087631B7A97F837249A4204D0F12387F844
:107898004D3302F0E5B907F54F73C7F858330122A5
:1078A800B449D7F85803FFF73EFDC7F8580301223B
:1078B800B149D7F85803FFF736FDC7F85803012236
:1078C800AE49D7F85803FFF72EFDC7F8580305222D
:1078D800AB49D7F85803FFF726FDC7F8580307F553
:1078E8004F73D7F85823D31ADBB287F8543307F508
:1078F8004F73C7F8503302F0B3B9022387F837340F
:1079080007F58763A3F587631B7A97F837249A42AC
:1079180004D0F12387F84D3302F0A2B907F5876345
:10792800A3F587635B68C7F85C3307F54E730222DB
:107938001946D7F85C03FFF70AFDC7F85C0307F59B
:107948004E7319468F48FDF7F2F802F089B9002303
:1079580087F8373407F58763A3F587631B7A97F8A9
:1079680037249A4204D0F12387F84D3302F078B9CE
:1079780007F54D73022219468248FDF720F907F5ED
:107988004C73C7F8603307F54D7302221946D7F8D0
:107998006003FFF7C8FCC7F8600307F54C73D7F816
:1079A8006023D31ADBB287F8543307F54C73C7F852
:1079B800503302F055B9012387F8373407F5876348
:1079C800A3F587631B7A97F837249A4202F043811C
:1079D800F12387F84D3302F03EB9002387F8373496
:1079E80007F58763A3F587631B7A97F837249A42CC
:1079F80004D0F12387F84D3302F032B9624B0122EB
:107A08001A70614B1B78002B14BF01230023DAB2D4
:107A1800584B1B78002B14BF01230023DBB21946F7
:107A28001046FDF7FFFF02F01BB9022387F8373431
:107A380007F58763A3F587631B7A97F837249A427B
:107A480004D0F12387F84D3302F007B907F58763AF
:107A5800A3F587635B68C7F8643307F54B730222A5
:107A68001946D7F86403FFF772FCC7F8640307F5F3
:107A78008763A3F586731B881846FEF701F803464B
:107A8800002B02F0EA80012387F84D3302F0E5B8B5
:107A9800002387F8373407F58763A3F587631B7AD4
:107AA80097F837249A4204D0F12387F84D3302F02F
:107AB800D7B8304B01221A70334B1B78002B14BFF8
:107AC80001230023DAB22B4B1B78002B14BF0123B0
:107AD8000023DBB219461046FDF7A4FF02F0C0B838
:107AE800002387F8373407F58763A3F587631B7A84
:107AF80097F837249A4204D0F12387F84D3302F0DF
:107B0800AFB8224B01221A7002F0AAB8002387F8F6
:107B1800373407F58763A3F587631B7A97F837240B
:107B28009A4204D0F12387F84D3302F099B8114BEB
:107B380001225A700F4B5B78002B14BF01230023DE
:107B4800DBB21846FDF7E8FF02F08AB8002387F891
:107B5800373407F58763A3F587631B7A97F83724CB
:107B68009A4215D0F12387F84D3302F079B800BF57
:107B7800654D00206C4D00206D4D00206E4D00209D
:107B88006F4D0020E8C30208634D0020644D0020BB
:107B9800C14B01229A70C04B9B78002B14BF012364
:107BA8000023DBB21846FCF709FA02F059B80023A3
:107BB80087F8373407F58763A3F587631B7A97F847
:107BC80037249A4204D0F12387F84D3302F048B89D
:107BD8000120FBF75DFF02F043B8002387F8373434
:107BE80007F58763A3F587631B7A97F837249A42CA
:107BF80004D0F12387F84D3302F032B807F54A7301
:107C08009A1C07F54A7311461846FBF753FF0020E4
:107C1800FBF73EFF07F54973C7F8683307F54A7362
:107C280002221946D7F86803FFF77DFBC7F86803F7
:107C380007F54A73023302221946D7F86803FFF79B
:107C480072FBC7F8680307F54973D7F86823D31A96
:107C5800DBB287F8543307F54973C7F8503301F09E
:107C6800FFBF0D2387F8373407F58763A3F58763CC
:107C78001B7A97F837249A4204D0F12387F84D33BA
:107C880001F0EEBF07F58763A3F587635B68C7F864
:107C98006C3307F5457302221946D7F86C03FFF7D2
:107CA80056FBC7F86C0307F54573023301221946E2
:107CB800D7F86C03FFF74BFBC7F86C0307F5457360
:107CC800043302221946D7F86C03FFF740FBC7F8C4
:107CD8006C0307F54573063302221946D7F86C037F
:107CE800FFF735FBC7F86C0307F545730833012226
:107CF8001946D7F86C03FFF72AFBC7F86C0307F59A
:107D080045730A3302221946D7F86C03FFF71FFBA5
:107D1800C7F86C0307F545730C3301221946D7F8E9
:107D28006C03FFF714FBC7F86C0307F545730E33B4
:107D380002221946D7F86C03FFF709FBC7F86C0352
:107D4800564A07F58763A3F5927314460FCB84E868
:107D58000F00524B1B881A4607F58763A3F59A73E1
:107D68001A604E4B9B881A4607F58763A3F59A73EA
:107D78005A604A4B9B781A4607F58763A3F59A73AE
:107D88009A60464B9B781A4607F58763A3F59A7362
:107D9800DA60424BDB881A4607F58763A3F5A273BE
:107DA8001A603E4B5B891A4607F58763A3F5A273F1
:107DB8005A603A4B1B7A1A4607F58763A3F5A273F4
:107DC8009A60364B1B7A1A4607F58763A3F5A273A8
:107DD800DA60324B1B7B1846F8F794FB02460B46D9
:107DE8002BA1D1E90001F8F731FD02460B461046F8
:107DF8001946F8F7C3FE024607F58763A3F5AC7387
:107E08001A6007F58763A3F5AC7300225A60244B08
:107E18005A8807F58763A3F5AC731A811F4BDB8972
:107E28001A4607F58763A3F5AC73DA601B4BDB8949
:107E38001A4607F58763A3F5AC731A6107F58763DC
:107E4800A3F59A730FCBFEF7C7F907F58763A3F578
:107E5800A2730FCBFEF7FCF907F58763A3F5AC73A4
:107E68001A6900920FCBFEF7F7FE01F0F9BE002366
:107E780087F8373407F58763A3F587631B7A97F884
:107E880037249A420ED0F12387F84D3301F0E8BE2B
:107E98000000000080842E416C4D0020C80B00209B
:107EA800744D002007F53473C7F870330222D449A3
:107EB800D7F87003FFF737FAC7F870030122D149E2
:107EC800D7F87003FFF72FFAC7F870030222CE49DC
:107ED800D7F87003FFF727FAC7F870030222CB49D7
:107EE800D7F87003FFF71FFAC7F870030122C849D3
:107EF800D7F87003FFF717FAC7F870030222C549CD
:107F0800D7F87003FFF70FFAC7F870030122C249C8
:107F1800D7F87003FFF707FAC7F870030222BF49C2
:107F2800D7F87003FFF7FFF9C7F8700307F5347344
:107F3800D7F87023D31ADBB287F8543307F53473B4
:107F4800C7F8503301F08CBE042387F8373407F59F
:107F58008763A3F587631B7A97F837249A4204D07E
:107F6800F12387F84D3301F07ABE07F58763A3F54F
:107F780087635B68C7F8743307F5337302221946C1
:107F8800D7F87403FFF7E3F9C7F8740307F53373F9
:107F9800023302221946D7F87403FFF7D8F9C7F855
:107FA800740307F58763A3F5B6731B689C4A1360CF
:107FB800FDF7C4FD0346002B02D0012387F84D339B
:107FC800974B1B88964A528811461846FDF722FEA1
:107FD8000346002B01F04386012387F84D3301F057
:107FE8003EBE002387F8373407F58763A3F5876318
:107FF8001B7A97F837249A4204D0F12387F84D3337
:1080080001F02EBE0120FDF7F3FF864B01229A7086
:1080180001F026BE002387F8373407F58763A3F5F8
:1080280087631B7A97F837249A4204D0F12387F89C
:108038004D3301F015BE0020FDF7DAFF794B002221
:108048009A7001F00DBE002387F8373407F587636F
:10805800A3F587631B7A97F837249A4204D0F12353
:1080680087F84D3301F0FCBD0120FDF7D3FF01F087
:10807800F7BD072387F8373407F58763A3F58763C8
:108088001B7A97F837249A4204D0F12387F84D33A6
:1080980001F0E6BD07F58763A3F587635B68C7F85A
:1080A800783307F5317301221946D7F87803FFF7BB
:1080B8004EF9C7F8780307F53173013301221946E1
:1080C800D7F87803FFF743F9C7F8780307F5317352
:1080D800023301221946D7F87803FFF738F9C7F8B1
:1080E800780307F53173033301221946D7F878036B
:1080F800FFF72DF9C7F8780307F531730433012228
:108108001946D7F87803FFF722F9C7F8780307F577
:108118003173053301221946D7F87803FFF717F9A9
:10812800C7F8780307F53173063301221946D7F8E3
:108138007803FFF70CF9C7F878033B4907F587631D
:10814800A3F5BA720B4692E803001860043319804D
:1081580002330A0C1A70344B1A7807F58763A3F5B3
:10816800BE731A70304B5A7807F58763A3F5BE7350
:108178005A702D4B9A7807F58763A3F5BE739A70EA
:10818800294BDA7807F58763A3F5BE73DA70264BB7
:108198001A7907F58763A3F5BE731A71224B5A79CA
:1081A80007F58763A3F5BE735A711F4B9A7907F5D4
:1081B8008763A3F5BE739A7107F58763A3F5BE734A
:1081C80093E80300FDF7AAFF174B1A78154B1A70AE
:1081D800154B5A78134B5A7001F042BD002387F8AB
:1081E800373407F58763A3F587631B7A97F8372435
:1081F8009A421BD0F12387F84D3301F031BD00BFFF
:10820800C80B0020CA0B0020CC0B0020CE0B00208E
:10821800D00B0020D20B0020D40B0020D60B00205E
:10822800744D0020684D0020784D002007F52D730F
:10823800C7F87C330122B349D7F87C03FFF773F8FA
:10824800C7F87C030122B049D7F87C03FFF76BF825
:10825800C7F87C030122AD49D7F87C03FFF763F820
:10826800C7F87C030122AA49D7F87C03FFF75BF81B
:10827800C7F87C030122A749D7F87C03FFF753F816
:10828800C7F87C030122A449D7F87C03FFF74BF811
:10829800C7F87C030122A149D7F87C03FFF743F80C
:1082A800C7F87C0307F52D73D7F87C23D31ADBB204
:1082B80087F8543307F52D73C7F8503301F0D0BC55
:1082C800002387F8373407F58763A3F587631B7A9C
:1082D80097F837249A4204D0F12387F84D3301F0F8
:1082E800BFBC8F4B1B78002B04D08D4BDB78184616
:1082F800FDF7EAFF8A4B5B78002B08D0884B9B7808
:10830800002B02D0FEF75CFD01E0FEF7EBF8FEF76C
:10831800ADFF01F0A5BC002387F8373407F5876364
:10832800A3F587631B7A97F837249A4204D0F12380
:1083380087F84D3301F094BC0120FDF77DFE01F074
:108348008FBC072387F8373407F58763A3F587635E
:108358001B7A97F837249A4204D0F12387F84D33D3
:1083680001F07EBC07F58763A3F587635B68C7F8F0
:10837800803307F52B7301221946D7F88003FEF7DF
:10838800E6FFC7F8800307F52B730133012219466E
:10839800D7F88003FEF7DBFFC7F8800307F52B73D8
:1083A800023301221946D7F88003FEF7D0FFC7F839
:1083B800800307F52B73033301221946D7F880038E
:1083C800FEF7C5FFC7F8800307F52B7304330122B6
:1083D8001946D7F88003FEF7BAFFC7F8800307F5F8
:1083E8002B73053301221946D7F88003FEF7AFFF38
:1083F800C7F8800307F52B73063301221946D7F80F
:108408008003FEF7A4FFC7F88003464907F5876392
:10841800A3F5C6720B4692E803001860043319806E
:1084280002330A0C1A703F4B1B78002B14BF012330
:108438000023DAB207F58763A3F5CA731A70394BBC
:108448005B78002B14BF01230023DAB207F587639A
:10845800A3F5CA735A70334B9B78002B14BF0123C2
:108468000023DAB207F58763A3F5CA739A702D4B18
:10847800DB78002B14BF01230023DAB207F58763EA
:10848800A3F5CA73DA70274B1B79002B14BF01239D
:108498000023DAB207F58763A3F5CA731A71214B73
:1084A8005B79002B14BF01230023DAB207F5876339
:1084B800A3F5CA735A711B4B9B79002B14BF012378
:1084C8000023DAB207F58763A3F5CA739A7107F533
:1084D8008763A3F5CA7393E80300FDF7C1FD01F0B4
:1084E800BFBB002387F8373407F58763A3F5876395
:1084F8001B7A97F837249A4216D0F12387F84D3320
:1085080001F0AEBB784D0020794D00207A4D002057
:108518007B4D00207C4D00207D4D00207E4D0020AD
:10852800684D0020804D002007F52773C7F8843375
:108538000122CD49D7F88403FEF7F5FEC7F8840376
:108548000122CA49D7F88403FEF7EDFEC7F8840371
:108558000122C749D7F88403FEF7E5FEC7F884036C
:108568000122C449D7F88403FEF7DDFEC7F8840367
:108578000122C149D7F88403FEF7D5FEC7F8840362
:108588000122BE49D7F88403FEF7CDFEC7F884035D
:108598000122BB49D7F88403FEF7C5FEC7F8840358
:1085A80007F52773D7F88423D31ADBB287F8543337
:1085B80007F52773C7F8503301F052BB002387F83B
:1085C800373407F58763A3F587631B7A97F8372451
:1085D8009A4204D0F12387F84D3301F041BB0021C2
:1085E8000120FBF7FDFC01F03BBB002387F8373483
:1085F80007F58763A3F587631B7A97F837249A42B0
:1086080004D0F12387F84D3301F02ABB0021022062
:10861800FBF7E6FC01F024BB002387F8373407F5A5
:108628008763A3F587631B7A97F837249A4204D0A7
:10863800F12387F84D3301F013BB01210120FBF72B
:10864800CFFC01F00DBB002387F8373407F58763AB
:10865800A3F587631B7A97F837249A4204D0F1234D
:1086680087F84D3301F0FCBA01210220FBF7B8FC72
:1086780001F0F6BA002387F8373407F58763A3F5C6
:1086880087631B7A97F837249A4204D0F12387F836
:108698004D3301F0E5BA4FF400517A480FF0B4F9C0
:1086A80003461A4607F58763A3F5D0731A7007F5D2
:1086B8002573C7F8883307F5267301221946D7F8BA
:1086C8008803FEF730FEC7F8880307F52573D7F847
:1086D8008823D31ADBB287F8543307F52573C7F814
:1086E800503301F0BDBA002387F8373407F58763A4
:1086F800A3F587631B7A97F837249A4204D0F123AD
:1087080087F84D3301F0ACBA4FF400615D480FF0C3
:108718007BF903461A4607F58763A3F5D4731A70E5
:1087280007F52373C7F88C3307F52473012219461C
:10873800D7F88C03FEF7F7FDC7F88C0307F523730A
:10874800D7F88C23D31ADBB287F8543307F5237391
:10875800C7F8503301F084BA032387F8373407F594
:108768008763A3F587631B7A97F837249A4204D066
:10877800F12387F84D3301F073BA07F58763A3F542
:1087880087635B68C7F8903307F52273012219469F
:10879800D7F89003FEF7DBFDC7F8900307F52273BF
:1087A800023302221946D7F89003FEF7D0FDC7F826
:1087B800900307F11003EF220021184622F0D9F99F
:1087C80007F58763A3F5D8731A7807F58763A3F5C8
:1087D80085631A7007F58763A3F585631A7807F52B
:1087E8008763A3F5D873588807F11003591C03460B
:1087F8000120FBF743FC07F58073C7F8903307F1B6
:10880800100301221946D7F89003FEF78CFDC7F82C
:10881800900307F110030133EE221946D7F89003AD
:10882800FEF781FDC7F8900307F58073D7F890230A
:10883800D31ADBB287F8543307F58073C7F850337F
:1088480001F00EBA032387F8373407F58763A3F5D9
:1088580087631B7A97F837249A4215D0F12387F853
:108868004D3301F0FDB900BF804D0020814D00203F
:10887800824D0020834D0020844D0020854D00202E
:10888800864D00200008024207F58763A3F5876339
:108898005B68C7F8943307F5217301221946D7F8A6
:1088A8009403FEF754FDC7F8940307F521730233C8
:1088B80002221946D7F89403FEF749FDC7F8940336
:1088C80007F11003EF220021184622F052F907F5AC
:1088D8008763A3F5DA731A7807F58763A3F58563C9
:1088E8001A7007F58763A3F585631A7807F5876318
:1088F800A3F5DA73588807F11003591C03460220C0
:10890800FBF7BCFB07F58073C7F8943307F1100336
:1089180001221946D7F89403FEF705FDC7F894031A
:1089280007F110030133EE221946D7F89403FEF736
:10893800FAFCC7F8940307F58073D7F89423D31A81
:10894800DBB287F8543307F58073C7F8503301F06A
:1089580087B9002387F8373407F58763A3F587635A
:108968001B7A97F837249A4204D0F12387F84D33BD
:1089780001F076B90120FBF709FC01F071B9002379
:1089880087F8373407F58763A3F587631B7A97F869
:1089980037249A4204D0F12387F84D3301F060B9A7
:1089A8000020FBF7F3FB01F05BB9032387F83734AA
:1089B80007F58763A3F587631B7A97F837249A42EC
:1089C80004D0F12387F84D3301F04AB907F58763DE
:1089D800A3F587635B68C7F8983307F5207301220E
:1089E8001946D7F89803FEF7B2FCC7F8980307F5BD
:1089F8002073023302221946D7F89803FEF7A7FC22
:108A0800C7F8980307F11003EF220021184622F057
:108A1800B0F807F58763A3F5DC731A7807F5876361
:108A2800A3F585631A7007F58763A3F5856319783D
:108A380007F58763A3F5DC735A8807F11003013340
:108A48001846FBF7B5FB07F58073C7F8983307F1AD
:108A5800100301221946D7F89803FEF764FCC7F8FB
:108A6800980307F110030133EE221946D7F898034B
:108A7800FEF759FCC7F8980307F58073D7F89823D1
:108A8800D31ADBB287F8543307F58073C7F850332D
:108A980001F0E6B8002387F8373407F58763A3F5B4
:108AA80087631B7A97F837249A4204D0F12387F812
:108AB8004D3301F0D5B88021DC480EF0A5FF034600
:108AC800002B0CBF01230023DBB21A4607F587638E
:108AD800A3F5DE731A7007F51E73C7F89C3307F504
:108AE8001F7301221946D7F89C03FEF71CFCC7F830
:108AF8009C0307F51E73D7F89C23D31ADBB287F8BB
:108B0800543307F51E73C7F8503301F0A9B8002392
:108B180087F8373407F58763A3F587631B7A97F8D7
:108B280037249A4204D0F12387F84D3301F098B8DE
:108B38004021BE480EF068FF0346002B0CBF0123FE
:108B48000023DBB21A4607F58763A3F5E2731A70B0
:108B580007F51C73C7F8A03307F51D7301221946E2
:108B6800D7F8A003FEF7DFFBC7F8A00307F51C73CF
:108B7800D7F8A023D31ADBB287F8543307F51C7350
:108B8800C7F8503301F06CB8002387F8373407F57D
:108B98008763A3F587631B7A97F837249A4204D032
:108BA800F12387F84D3301F05BB84FF400719F480B
:108BB8000EF02AFF03461A4607F58763A3F5E67306
:108BC8001A7007F51A73C7F8A43307F51B73012247
:108BD8001946D7F8A403FEF7A6FBC7F8A40307F5C0
:108BE8001A73D7F8A423D31ADBB287F8543307F5DE
:108BF8001A73C7F8503301F033B8002387F83734B5
:108C080007F58763A3F587631B7A97F837249A4299
:108C180004D0F12387F84D3301F022B801224FF434
:108C2800806183480EF008FF01F01AB8002387F826
:108C3800373407F58763A3F587631B7A97F83724DA
:108C48009A4204D0F12387F84D3301F009B8002285
:108C58004FF4806176480EF0EFFE01F001B8022370
:108C680087F8373407F58763A3F587631B7A97F886
:108C780037249A4204D0F12387F84D3300F0F0BF2F
:108C880007F58763A3F587635B68C7F8A83307F51B
:108C9800197301221946D7F8A803FEF758FBC7F83D
:108CA800A80307F51973013301221946D7F8A80359
:108CB800FEF74DFBC7F8A80307F58763A3F5EA732A
:108CC8001B781A464FF4807159480EF0B5FE07F527
:108CD8008763A3F5EA735B781A464FF4007154482A
:108CE8000EF0AAFE00F0BCBF002387F8373407F562
:108CF8008763A3F587631B7A97F837249A4204D0D1
:108D0800F12387F84D3300F0ABBF4FF4804148485A
:108D18000EF07AFE03461A4607F58763A3F5EC734F
:108D28001A7007F51773C7F8AC3307F518730122E3
:108D38001946D7F8AC03FEF7F6FAC7F8AC0307F5FF
:108D48001773D7F8AC23D31ADBB287F8543307F577
:108D58001773C7F8503300F083BF002387F8373400
:108D680007F58763A3F587631B7A97F837249A4238
:108D780004D0F12387F84D3300F072BF4FF48051CF
:108D88002B480EF041FE0346002B0CBF01230023A5
:108D9800DBB21A4607F58763A3F5F0731A7007F577
:108DA8001573C7F8B03307F5167301221946D7F8BB
:108DB800B003FEF7B8FAC7F8B00307F51573D7F88C
:108DC800B023D31ADBB287F8543307F51573C7F805
:108DD800503300F045BF002387F8373407F5876321
:108DE800A3F587631B7A97F837249A4204D0F123B6
:108DF80087F84D3300F034BF01224FF400610C486E
:108E08000EF01AFE00F02CBF002387F8373407F560
:108E18008763A3F587631B7A97F837249A4209D0AA
:108E2800F12387F84D3300F01BBF00BF0008024252
:108E38000010024200224FF40061D2480EF0FCFDFF
:108E480000F00EBF002387F8373407F58763A3F5D2
:108E580087631B7A97F837249A4204D0F12387F85E
:108E68004D3300F0FDBE4FF40041C6480EF0CCFD76
:108E780003461A4607F58763A3F5F4731A7007F5D6
:108E88001373C7F8B43307F5147301221946D7F8DA
:108E9800B403FEF748FAC7F8B40307F51373D7F815
:108EA800B423D31ADBB287F8543307F51373C7F822
:108EB800503300F0D5BE002387F8373407F58763B1
:108EC800A3F587631B7A97F837249A4204D0F123D5
:108ED80087F84D3300F0C4BE4FF40051A9480EF096
:108EE80093FD0346002B0CBF01230023DBB21A4677
:108EF80007F58763A3F5F8731A7007F51173C7F8B8
:108F0800B83307F5127301221946D7F8B803FEF7EC
:108F18000AFAC7F8B80307F51173D7F8B823D31AB4
:108F2800DBB287F8543307F51173C7F8503300F0F4
:108F380097BE002387F8373407F58763A3F587635F
:108F48001B7A97F837249A4204D0F12387F84D33D7
:108F580000F086BE0120FBF747F900F081BE002330
:108F680087F8373407F58763A3F587631B7A97F883
:108F780037249A4204D0F12387F84D3300F070BEAD
:108F88000020FBF731F900F06BBE032387F8373474
:108F980007F58763A3F587631B7A97F837249A4206
:108FA80004D0F12387F84D3300F05ABE07F58763E4
:108FB800A3F587635B68C7F8BC3307F51073012214
:108FC8001946D7F8BC03FEF7C2F9C7F8BC0307F582
:108FD8001073023302221946D7F8BC03FEF7B7F91B
:108FE800C7F8BC0307F11003EF220021184621F04F
:108FF800C0FD07F58763A3F5FC731A7807F5876347
:10900800A3F585631A7007F58763A3F585631A7856
:1090180007F58763A3F5FC73588807F11003591CFB
:1090280003460120FBF7F2F807F58073C7F8BC3355
:1090380007F1100301221946D7F8BC03FEF773F9AC
:10904800C7F8BC0307F110030133EE221946D7F81D
:10905800BC03FEF768F9C7F8BC0307F58073D7F8B7
:10906800BC23D31ADBB287F8543307F58073C7F8EB
:10907800503300F0F5BD032387F8373407F58763CD
:10908800A3F587631B7A97F837249A4204D0F12313
:1090980087F84D3300F0E4BD07F58763A3F58763D0
:1090A8005B68C7F8C03307F50F7301221946D7F874
:1090B800C003FEF74CF9C7F8C00307F50F73023376
:1090C80002221946D7F8C003FEF741F9C7F8C003D2
:1090D80007F11003EF220021184621F04AFD07F599
:1090E8008763A3F5FE731A7807F58763A3F585638D
:1090F8001A7007F58763A3F585631A7807F5876300
:10910800A3F5FE73588807F11003591C0346022083
:10911800FBF77CF807F58073C7F8C03307F1100335
:1091280001221946D7F8C003FEF7FDF8C7F8C003B7
:1091380007F110030133EE221946D7F8C003FEF7F2
:10914800F2F8C7F8C00307F58073D7F8C023D31A1D
:10915800DBB287F8543307F58073C7F8503300F053
:109168007FBD032387F8373407F58763A3F5876343
:109178001B7A97F837249A4206D0F12387F84D33A3
:1091880000F06EBD0010024207F58763A3F5876300
:109198005B68C7F8C43307F50E7301221946D7F880
:1091A800C403FEF7D4F8C7F8C40307F50E730233F7
:1091B80002221946D7F8C403FEF7C9F8C7F8C40352
:1091C80007F11003EF220021184621F0D2FC07F521
:1091D8008763A3F500731A7807F58763A3F585639A
:1091E8001A7007F58763A3F585631A7807F587630F
:1091F800A3F50073588807F11003591C0346032090
:10920800FBF704F807F58073C7F8C43307F11003B8
:1092180001221946D7F8C403FEF785F8C7F8C40336
:1092280007F110030133EE221946D7F8C403FEF7FD
:109238007AF8C7F8C40307F58073D7F8C423D31A9C
:10924800DBB287F8543307F58073C7F8503300F062
:1092580007BD002387F8373407F58763A3F58763CD
:109268001B7A97F837249A4204D0F12387F84D33B4
:1092780000F0F6BC00210320FAF7B2FE00F0F0BCC3
:10928800002387F8373407F58763A3F587631B7ACC
:1092980097F837249A4204D0F12387F84D3300F029
:1092A800DFBC00210420FAF79BFE00F0D9BC0023A4
:1092B80087F8373407F58763A3F587631B7A97F830
:1092C80037249A4204D0F12387F84D3300F0C8BC04
:1092D80001210320FAF784FE00F0C2BC002387F8BE
:1092E800373407F58763A3F587631B7A97F8372424
:1092F8009A4204D0F12387F84D3300F0B1BC012124
:109308000420FAF76DFE00F0ABBC002387F8373471
:1093180007F58763A3F587631B7A97F837249A4282
:1093280004D0F12387F84D3300F09ABC4021DF4880
:109338000EF06AFB03461A4607F58763A3F5017327
:109348001A7007F50C73C7F8C83307F50D730122B7
:109358001946D7F8C803FDF7E6FFC7F8C80307F5AD
:109368000C73D7F8C823D31ADBB287F8543307F540
:109378000C73C7F8503300F073BC002387F83734F8
:1093880007F58763A3F587631B7A97F837249A4212
:1093980004D0F12387F84D3300F062BC0221C448A1
:1093A8000EF032FB03461A4607F58763A3F50373ED
:1093B8001A7007F50A73C7F8CC3307F50B73012247
:1093C8001946D7F8CC03FDF7AEFFC7F8CC0307F56D
:1093D8000A73D7F8CC23D31ADBB287F8543307F5CE
:1093E8000A73C7F8503300F03BBC032387F83734BF
:1093F80007F58763A3F587631B7A97F837249A42A2
:1094080004D0F12387F84D3300F02ABC07F58763B1
:10941800A3F587635B68C7F8D03307F509730122A2
:109428001946D7F8D003FDF792FFC7F8D00307F520
:109438000973023302221946D7F8D003FDF787FFD4
:10944800C7F8D00307F11003EF220021184621F0D6
:1094580090FB07F58763A3F505731A7807F587630B
:10946800A3F585631A7007F58763A3F585631A78F2
:1094780007F58763A3F50573588807F11003591C8E
:1094880003460320FAF7FAFD07F58073C7F8D033CF
:1094980007F1100301221946D7F8D003FDF743FF5F
:1094A800C7F8D00307F110030133EE221946D7F8A5
:1094B800D003FDF738FFC7F8D00307F58073D7F856
:1094C800D023D31ADBB287F8543307F58073C7F873
:1094D8005033C5E3032387F8373407F58763A3F5CB
:1094E80087631B7A97F837249A4203D0F12387F8C9
:1094F8004D33B5E307F58763A3F587635B68C7F862
:10950800D43307F5087301221946D7F8D403FDF7B9
:109518001EFFC7F8D40307F5087302330222194661
:10952800D7F8D403FDF713FFC7F8D40307F11003E6
:10953800EF220021184621F01CFB07F58763A3F5ED
:1095480006731A7807F58763A3F585631A7007F51C
:109558008763A3F585631A7807F58763A3F5067310
:10956800588807F11003591C03460420FAF786FDB2
:1095780007F58073C7F8D43307F1100301221946A1
:10958800D7F8D403FDF7CFFEC7F8D40307F11003CB
:109598000133EE221946D7F8D403FDF7C4FEC7F805
:1095A800D40307F58073D7F8D423D31ADBB287F82E
:1095B800543307F58073C7F8503351E3002387F815
:1095C800373407F58763A3F587631B7A97F8372441
:1095D8009A4203D0F12387F84D3341E308213548F7
:1095E8000EF012FA0346002B14BF01230023DAB24F
:1095F80007F58763A3F507731A7007F50673C7F8AD
:10960800D83307F5077301221946D7F8D803FDF7B1
:109618008AFEC7F8D80307F50673D7F8D823D31AF4
:10962800DBB287F8543307F50673C7F8503317E3EE
:10963800002387F8373407F58763A3F587631B7A18
:1096480097F837249A4203D0F12387F84D3307E37C
:109658000120FAF787FA184B0122DA7000E3002399
:1096680087F8373407F58763A3F587631B7A97F87C
:1096780037249A4203D0F12387F84D33F0E20020D3
:10968800FAF770FA0C4B0022DA70E9E2042387F843
:10969800373407F58763A3F587631B7A97F8372470
:1096A8009A420BD0F12387F84D33D9E200040242E5
:1096B8000018024200000242684D002007F5876347
:1096C800A3F587635B68C7F8DC3307F505730122E8
:1096D8001946D7F8DC03FDF73AFEC7F8DC0307F5AF
:1096E8000573013301221946D7F8DC03FDF72FFE75
:1096F800C7F8DC0307F50573023301221946D7F8CA
:10970800DC03FDF724FEC7F8DC0307F50573033314
:1097180001221946D7F8DC03FDF719FEC7F8DC0368
:1097280007F58763A3F509731B68BC4A1360BB4B35
:109738001878BA4B5978B94B9A78B84BDB78FAF75E
:1097480023FA8DE2002387F8373407F58763A3F5FA
:1097580087631B7A97F837249A4203D0F12387F856
:109768004D337DE207F50473C7F8E0330122AB49B6
:10977800D7F8E003FDF7D7FDC7F8E0030122A849B1
:10978800D7F8E003FDF7CFFDC7F8E0030122A549AC
:10979800D7F8E003FDF7C7FDC7F8E0030122A249A7
:1097A800D7F8E003FDF7BFFDC7F8E00307F504733A
:1097B800D7F8E023D31ADBB287F8543307F50473DC
:1097C800C7F850334CE2002387F8373407F587632E
:1097D800A3F587631B7A97F837249A4203D0F123BD
:1097E80087F84D333CE24CF25033A7F82634B7F8EB
:1097F80026348E4A928811461846FAF7F5F9034638
:10980800A7F82434B7F82634884A1288114618462F
:10981800FAF7EAF90346A7F82234844B9B781846EE
:1098280008F09EFBFDF722FDB7F82634B7F824248C
:109838007F498048FAF71AFAFDF718FDB7F8263479
:10984800B7F824247C497D48FAF710FAB7F822249F
:10985800B7F8243419467648FAF722FA07F58363ED
:1098680083ED000BB7F82224B7F824341946724860
:10987800FAF716FA07F5826383ED000B07F58263A2
:10988800D3E9002307F58361D1E90001F6F7FEFC6F
:1098980002460B4607F58161C1E90023684B1B7836
:1098A800002B07D1674B1B881846F6F72BFE02469C
:1098B8000B4606E0634B5B881846F6F723FE024624
:1098C8000B4607F58061C1E900235D4B5B78012BEE
:1098D80007D15C4B1B881846F6F714FE02460B4668
:1098E80006E0584B5B881846F6F70CFE02460B4616
:1098F800C7E9FE23494BDB7883F00103DBB2002B79
:1099080004D007F58063D3E9002301E0D7E9FE23FB
:10991800C7E9FC2307F5816393ED001B97EDFC0B6A
:10992800FAF746FA87EDFA0BD7E9FA01F7F726F9BD
:1099380003469AB207F58763A3F50B731A8007F5F8
:109948000273C7F8E43307F5037302221946D7F800
:10995800E403FDF7E8FCC7F8E40307F50273D7F85A
:10996800E423D31ADBB287F8543307F50273C7F838
:10997800503375E1002387F8373407F58763A3F57B
:1099880087631B7A97F837249A4203D0F12387F824
:109998004D3365E12C4B00221A702C4B1B78002BA1
:1099A80014BF01230023DAB2274B1B78002B14BF06
:1099B80001230023DBB219461046FCF733F84FE1C8
:1099C800002387F8373407F58763A3F587631B7A85
:1099D80097F837249A4203D0F12387F84D333FE1B3
:1099E800194B00225A70184B5B78002B14BF0123C7
:1099F8000023DBB21846FCF78FF831E1002387F823
:109A0800373407F58763A3F587631B7A97F83724FC
:109A18009A421DD0F12387F84D3321E1884D00206B
:109A2800894D00208A4D00208B4D0020C80B002056
:109A3800904D002020000014305D002040000018E8
:109A4800804D0020744D00206C4D0020634D002097
:109A58008E4B00229A708D4B9B78002B14BF0123EC
:109A68000023DBB21846FAF7A9FAF9E0002387F8D1
:109A7800373407F58763A3F587631B7A97F837248C
:109A88009A4203D0F12387F84D33E9E00020FCF730
:109A9800C1FAE5E0022387F8373407F58763A3F5B1
:109AA80087631B7A97F837249A4203D0F12387F803
:109AB8004D33D5E007F58763A3F587635B68C7F87F
:109AC800283407F5017301221946D7F82804FDF751
:109AD8003EFCC7F8280407F5017301330122194633
:109AE800D7F82804FDF733FCC7F8280407F55373A3
:109AF80003F1080207F5FE7107F58763A3F50D73F7
:109B0800186800F0F5FA034687F84D3307F5FE7339
:109B1800C7F85033A4E0012387F8373407F5876383
:109B2800A3F587631B7A97F837249A4203D0F12369
:109B380087F84D3394E007F58763A3F587635B687F
:109B4800C7F82C3407F5FC7301221946D7F82C0402
:109B5800FDF7FDFBC7F82C0407F5537303F1080262
:109B680007F5807107F58763A3F51073187800F07F
:109B7800CBFD034687F84D3307F58073C7F850339C
:109B88006EE0012387F8373407F58763A3F5876309
:109B98001B7A97F837249A4203D0F12387F84D337C
:109BA8005EE007F58763A3F587635B68C7F8303421
:109BB80007F5FA7301221946D7F83004FDF7C7FBF9
:109BC800C7F8300407F5537303F1080207F5F87175
:109BD80007F58763A3F51173187801F02BF903468D
:109BE80087F84D3307F5F873C7F8503338E000238A
:109BF80087F8373407F58763A3F587631B7A97F8E7
:109C080037249A4203D0F12387F84D3328E0002205
:109C18004FF480711E480DF00FFF21E0002387F8F4
:109C2800373407F58763A3F587631B7A97F83724DA
:109C38009A4203D0F12387F84D3311E001224FF403
:109C4800807113480DF0F8FE0AE0F22387F84D33CF
:109C580006E000BF04E000BF02E000BF00E000BF74
:109C680007F58763A3F22C431B681C4607F553735B
:109C780093E8070084E8070007F58763A3F22C43FD
:109C8800186807F23C47BD4690BD00BF6C4D0020E8
:109C9800000802420000000080B590B002AF4FF407
:109CA8000061AB480DF0B0FE03461A46A94B1A7086
:109CB8004FF40041A6480DF0A7FE03461A46A64BEE
:109CC8001A704FF40071A2480DF09EFE03461A4622
:109CD800A14B5A704FF480619D480DF095FE0346E4
:109CE8001A469D4B9A7001219C480DF08DFE034643
:109CF800002B14BF01230023DAB2994B1A700421F8
:109D080096480DF081FE0346002B14BF0123002363
:109D1800DAB2934B5A70022190480DF075FE034653
:109D2800002B14BF01230023DAB28D4B9A7008214F
:109D38008A480DF069FE0346002B14BF0123002357
:109D4800DAB2874BDA70102184480DF05DFE0346C5
:109D5800002B14BF01230023DAB2814B1A71202192
:109D68007E480DF051FE0346002B14BF012300234B
:109D7800DAB27B4B5A71402178480DF045FE034614
:109D8800002B14BF01230023DAB2754B9A714FF4EC
:109D9800805172480DF038FE0346002B0CBF01239A
:109DA8000023DBB21A466F4B1A704FF400516B4810
:109DB8000DF02AFE0346002B0CBF01230023DBB263
:109DC8001A46684B5A704FF4006164480DF01CFE47
:109DD8000346002B0CBF01230023DBB21A46614B5C
:109DE8009A7080215D480DF00FFE0346002B0CBFD2
:109DF80001230023DBB21A465A4BDA704FF4807104
:109E080056480DF001FE0346002B0CBF012300232A
:109E1800DBB21A46534B1A714FF400714F480DF0DC
:109E2800F3FD0346002B0CBF01230023DBB21A46C7
:109E38004C4B5A714FF4806148480DF0E5FD0346DC
:109E4800002B0CBF01230023DBB21A46454B9A7145
:109E5800022145480DF0D8FD0346002B14BF01230D
:109E68000023DAB2414B1A7008213F480DF0CCFDAF
:109E78000346002B14BF01230023DAB23B4B5A7070
:109E8800102139480DF0C0FD0346002B14BF0123F3
:109E98000023DAB2354B9A70012133480DF0B4FD36
:109EA8000346002B14BF01230023DAB22F4BDA70CC
:109EB80001212A480DF0A8FD0346002B14BF0123F9
:109EC8000023DAB22A4B1A70042124480DF09CFDB5
:109ED8000346002B14BF01230023DAB2244B5A7027
:109EE800022124480DF090FD0346002B14BF0123E6
:109EF8000023DAB21E4B9A7004211B480DF084FD32
:109F08000346002B14BF01230023DAB2184BDA7082
:109F1800FBF714FE184B1B88174A5288114618463F
:109F2800FBF778FE154B1B88BB62144B9B88FB62C2
:109F3800124B9B783B63114B9B787B630F4BDB8801
:109F4800BB610E4B5B89FB610C4B1B7A18E000BFB1
:109F580000040242634D00206C4D0020000C0242B8
:109F6800784D0020804D002000140242884D0020CA
:109F7800684D002000100242744D0020C80B0020DC
:109F88003B621D4B1B7A7B621B4B1B7B1846F6F70B
:109F9800B9FA02460B4616A1D1E90001F6F756FCBC
:109FA80002460B4610461946F6F7E8FD03467B6065
:109FB8000023BB60114B5B88BB810F4BDB893B6186
:109FC8000D4BDB897B6107F128030FCBFCF704F904
:109FD80007F118030FCBFCF73BF97B6900933B1D96
:109FE8000FCBFCF739FE00BF3837BD4680BD00BF38
:109FF8000000000080842E41C80B0020744D002012
:10A0080080B582B000AF0020F8F70EF8FFF744FEE5
:10A018002F48F8F793FDF8F7B9FB0346FB71FB7976
:10A02800FF2B06D10120F8F7F9FAF8F7AFFB034642
:10A03800FB71FB79002B13D1264B1B7883F00103AE
:10A04800DBB2002B05D0F8F7D3FB224B01221A70A4
:10A058000CE0214801F0DAFC2048F8F75BFB05E04A
:10A06800F8F7B4FB02E0012007F07AFFF7F738FEB3
:10A07800034683F00103DBB2002BF4D1F8F786FB2B
:10A088000346FB71164B1B78002B05D001224FF4B9
:10A09800805114480DF0D0FC134B1B78002BC8D00E
:10A0A8000020F8F7BBFA0120F8F7B8FAF8F7A0FB98
:10A0B80004E0F7F715FEC82007F052FF0B4B1B789A
:10A0C80083F00103DBB2002BF3D10AF0D8FFB0E72D
:10A0D800817300088C4D0020191A0020081A0020EE
:10A0E800644D002000000242654D00207C420020A3
:10A0F80090B58BB000AFB881B9607A607B7BDB0923
:10A1080087F823307B7B03F07F0387F8223097F8AA
:10A1180022305B0087F82130BB6897F822201A703C
:10A128007B6801221A703B7B0A2B0DD03B7B192BD5
:10A138000AD03B7B322B07D03B7B642B04D03B7B84
:10A14800C82B01D00423D9E297F82130302B05D051
:10A1580097F82130322B01D00423CFE20120F7F702
:10A1680047FD00237B62C4E2CA4A7B6A4FF4E3617D
:10A1780001FB03F313441B7897F821209A4240F01F
:10A18800B582C44A7B6A4FF4E36101FB03F31344CD
:10A1980003F2167301221A70BE4A7B6A4FF4E36118
:10A1A80001FB03F313441B78194605230322BA481D
:10A1B8000EF02CFE0346002B40F09682002387F811
:10A1C8002030B44A7B6A4FF4E36101FB03F3134484
:10A1D80003F2127300221A701C23FB77AD4A7B6AC4
:10A1E8004FF4E36101FB03F3134401330F221A70A8
:10A1F800A84A7B6A4FF4E36101FB03F31344187820
:10A20800A44A7B6A4FF4E36101FB03F3134401336F
:10A2180019787B6A4FF4E36202FB03F39D4A134407
:10A228009A1C0123F7F73CFD9A4A7B6A4FF4E361D5
:10A2380001FB03F3134402331B78332B40F05282A3
:10A24800944A7B6A4FF4E36101FB03F3134401333F
:10A2580020221A70002020F0E5FB034618468D4A9C
:10A268007B6A4FF4E36101FB03F3134402330246B4
:10A278001A70884A7B6A4FF4E36101FB03F31344C5
:10A288001878844A7B6A4FF4E36101FB03F31344B3
:10A29800013319787B6A4FF4E36202FB03F37D4ACA
:10A2A80013449A1C0123F7F7DBFC7A4A7B6A4FF4C4
:10A2B800E36101FB03F31344013324221A70754A46
:10A2C8007B6A4FF4E36101FB03F31344023340223A
:10A2D8001A70704A7B6A4FF4E36101FB03F313447D
:10A2E80018786C4A7B6A4FF4E36101FB03F313446B
:10A2F800013319787B6A4FF4E36202FB03F3654A82
:10A3080013449A1C0123F7F7ABFC624A7B6A4FF4AB
:10A31800E36101FB03F3134401332E221A70FB7F20
:10A32800803BD8B25B4A7B6A4FF4E36101FB03F3DD
:10A338001344023302461A70564A7B6A4FF4E361AB
:10A3480001FB03F3134418787B6A4FF4E36202FBC2
:10A3580003F3504A13449A1C01232E21F7F780FC7B
:10A368004C4A7B6A4FF4E36101FB03F31344013366
:10A378002F221A70474A7B6A4FF4E36101FB03F30B
:10A3880013441878434A7B6A4FF4E36101FB03F3F3
:10A398001344013319787B6A4FF4E36202FB03F339
:10A3A800C0333C4A13441A1D0123F7F779FC394A94
:10A3B8007B6A4FF4E36101FB03F31344C4331B7856
:10A3C80003F02003002B39D1324A7B6A4FF4E36152
:10A3D80001FB03F31344C4331B7803F01F03DBB200
:10A3E8000133BB772B4A7B6A4FF4E36101FB03F32C
:10A3F80013440133A8221A70264A7B6A4FF4E3619A
:10A4080001FB03F313441878224A7B6A4FF4E36193
:10A4180001FB03F31344013319787B6A4FF4E362B9
:10A4280002FB03F31B4A13441A1DBB7F9BB21C4655
:10A43800640023445B009BB2F7F732FC154A7B6A41
:10A448004FF4E36101FB03F31344013320221A7034
:10A458003B7B184620F0E6FA034618460D4A7B6A0D
:10A468004FF4E36101FB03F31344023302461A700D
:10A47800084A7B6A4FF4E36101FB03F3134418783D
:10A48800044A7B6A4FF4E36101FB03F3134401338D
:10A4980004E000BFD80B00202C91002019787B6ABB
:10A4A8004FF4E36202FB03F3964A13449A1C012318
:10A4B800F7F7D6FB03461A4697F82030134487F877
:10A4C800203097F82030002B01D0022316E18D4A66
:10A4D8007B6A4FF4E36101FB03F3134403F20C734B
:10A4E80000221A80874A7B6A4FF4E36101FB03F379
:10A4F800134403F20E7300221A80824A7B6A4FF4D7
:10A50800E36101FB03F3134403F5E26300221A80BD
:10A518007C4A7B6A4FF4E36101FB03F3134403F2C3
:10A52800147300221A70774A7B6A4FF4E36101FBC7
:10A5380003F3134403F2137301221A70714A7B6AFE
:10A548004FF4E36101FB03F3134401332F221A7024
:10A558006C4A7B6A4FF4E36101FB03F313441878F8
:10A56800684A7B6A4FF4E36101FB03F31344013348
:10A5780019787B6A4FF4E36202FB03F3C033614A44
:10A5880013441A1D0123F7F78BFB5E4A7B6A4FF4CD
:10A59800E36101FB03F31344C4331B785B1103F03D
:10A5A8000103DBB2002BC9D1564A7B6A4FF4E36141
:10A5B80001FB03F31344C4331B7803F01F03DBB21E
:10A5C80001337B774F4A7B6A4FF4E36101FB03F366
:10A5D80013440133A8221A704A4A7B6A4FF4E36194
:10A5E80001FB03F313441878464A7B6A4FF4E3618E
:10A5F80001FB03F31344013319787B6A4FF4E362D8
:10A6080002FB03F33F4A13441A1D7B7F9BB21C468F
:10A61800640023445B009BB2F7F742FB07F094FC0D
:10A62800024638497B6A4FF4E36000FB03F30B44AE
:10A6380003F5E1631A60334A7B6A4FF4E36101FB77
:10A6480003F3134403F2127397F823201A7007F1E7
:10A65800100300221A605A6097F822303B747B7FFF
:10A668005A1E13465B0013445B007A6A4FF4E36199
:10A6780001FB02F21344234A1344191D07F1100386
:10A6880002330622184620F0B7FABB68BB6107F10F
:10A69800100301221946B869FCF745FEB86107F1B5
:10A6A8001003023302221946B869FCF73CFEB86170
:10A6B80007F11003043302221946B869FCF733FE88
:10A6C800B86107F11003063302221946B869FCF78E
:10A6D8002AFEB861BA69BB68D31ADAB27B681A7005
:10A6E80000230BE0032309E0032307E07B6A01331F
:10A6F8007B627B6A012B7FF737AD032318462C3723
:10A70800BD4690BDD80B002090B5C3B000AF3873DC
:10A7180007F58473A3F58073196007F58473A3F5AF
:10A7280082731A603B7B5B0087F8E7303A7B07F55A
:10A738008473A3F580731B681A7007F58473A3F5F7
:10A7480082731B6801221A7097F8E730302B05D006
:10A7580097F8E730322B01D0042366E30023C7F8CB
:10A7680004315CE3CB4AD7F804314FF4E36101FBD1
:10A7780003F313441B7897F8E7209A4240F04A8382
:10A78800C44AD7F804314FF4E36101FB03F31344DF
:10A7980003F213731B7883F00103DBB2002B01D0A3
:10A7A800032342E3BB4AD7F804314FF4E36101FBCA
:10A7B80003F3134403F212731B78DBB2002B40F04F
:10A7C8006B81B44AD7F804314FF4E36101FB03F31A
:10A7D800134401332F221A70AE4AD7F804314FF4CC
:10A7E800E36101FB03F313441878AA4AD7F804314C
:10A7F8004FF4E36101FB03F3134401331978D7F8ED
:10A8080004314FF4E36202FB03F3C033A14A13445B
:10A818001A1D0123F7F744FA034687F8E33097F83F
:10A82800E330002B01D00423FFE29A4AD7F8043121
:10A838004FF4E36101FB03F31344C4331B785B114A
:10A8480003F00103DBB2002B01D00223EDE2002369
:10A8580087F803318F4AD7F804314FF4E36101FBDD
:10A8680003F31344C4331B789B1103F00103DBB2D9
:10A87800002B02D0012387F80331864AD7F8043128
:10A888004FF4E36101FB03F31344C4331B7803F073
:10A898001F03DBB2013387F8E2307E4AD7F8043170
:10A8A8004FF4E36101FB03F313440133A8221A7048
:10A8B800784AD7F804314FF4E36101FB03F31344FA
:10A8C8001878744AD7F804314FF4E36101FB03F3B5
:10A8D800134401331978D7F804314FF4E36202FBCB
:10A8E80003F36C4A13441A1D97F8E2309BB21C46D6
:10A8F800640023445B009BB2F7F7D2F907F1140315
:10A90800CC220021184620F034F93B7B3B7507F038
:10A918001BFB0346BB615F4AD7F804314FF4E36180
:10A9280001FB03F3134403F5E2631B88BB83D7F8E9
:10A9380004314FF4E36202FB03F3564A1344191D32
:10A9480097F8E22013465B0013445B001A4607F1B0
:10A9580014030A33184620F04FF94E4AD7F8043149
:10A968004FF4E36101FB03F3134403F5E2631A8830
:10A9780097F8E2309BB2134498B2464AD7F80431AC
:10A988004FF4E36101FB03F3134403F5E26302466A
:10A998001A8007F58473A3F580731B68C7F8FC3029
:10A9A80007F1140301221946D7F8FC00FCF7BBFC99
:10A9B800C7F8FC0007F11403043304221946D7F83A
:10A9C800FC00FCF7B0FCC7F8FC0007F114030833DF
:10A9D80002221946D7F8FC00FCF7A5FCC7F8FC00D2
:10A9E8000023C7F8F8303DE007F11401D7F8F82044
:10A9F80013465B0013445B0008330B440233022206
:10AA08001946D7F8FC00FCF78EFCC7F8FC0007F1E4
:10AA18001401D7F8F82013465B0013445B00083391
:10AA28000B44043302221946D7F8FC00FCF77BFCE0
:10AA3800C7F8FC0007F11401D7F8F82013465B00AB
:10AA480013445B0008330B44063302221946D7F837
:10AA5800FC00FCF768FCC7F8FC00D7F8F8300133B5
:10AA6800C7F8F83097F8E230D7F8F8209A42BBDBFD
:10AA780007F58473A3F58073D7F8FC201B68D31AF5
:10AA8800DAB207F58473A3F582731B681A7097F816
:10AA98000331CAE1D80B0020DC4AD7F804314FF45F
:10AAA800E36101FB03F3134403F212731B78DBB277
:10AAB800012B40F0AF81D54AD7F804314FF4E36158
:10AAC80001FB03F3134403F2157301221A70CF4AF2
:10AAD800D7F804314FF4E36101FB03F3134403F2A5
:10AAE80014731B78DBB283F00103DBB2002B27D091
:10AAF800C64AD7F804314FF4E36101FB03F313446A
:10AB080003F20E731B889AB2C049D7F804314FF488
:10AB1800E36000FB03F30B4403F20C731B889BB246
:10AB28009A420DD1B94AD7F804314FF4E36101FBD9
:10AB380003F3134403F2157300221A70022374E11D
:10AB4800002387F8F730B14AD7F804314FF4E361AE
:10AB580001FB03F3134403F214731B78DBB2002BDD
:10AB680002D0012387F8F73007F11403CC22002123
:10AB780018461FF0FEFF3B7B3B75A44AD7F804310B
:10AB88004FF4E36101FB03F3134403F20E731B88D4
:10AB98009BB218469D4AD7F804314FF4E37101FB84
:10ABA80003F3034403F5917352F82330BB61974ACA
:10ABB800D7F804314FF4E36101FB03F3134403F2C4
:10ABC8000E731B889BB2BB832023A7F8E430B7F829
:10ABD800E430A7F8F4300023A7F8F23077E0B7F8AC
:10ABE800F22007F1140113465B0013445B0008339D
:10ABF8000B44981C854AD7F804314FF4E36101FBF4
:10AC080003F3134403F20E731B889BB21A461346D0
:10AC18005B0013445B00D7F804214FF4E36101FBA8
:10AC280002F21344C033794A134406330622194604
:10AC38001FF0E2FF754AD7F804314FF4E36101FBD6
:10AC480003F3134403F20E731B889BB25A1C704B18
:10AC580083FB02139911D317C91A0B469B000B44A7
:10AC68005B01D11A88B2694AD7F804314FF4E3611D
:10AC780001FB03F3134403F20E7302461A80634A7E
:10AC8800D7F804314FF4E36101FB03F3134403F2F3
:10AC98000E731B889AB25D49D7F804314FF4E3600C
:10ACA80000FB03F30B4403F20C731B889BB29A421C
:10ACB80008D1B7F8F2300133A7F8F430B7F8E43028
:10ACC800A7F8F230B7F8F2300133A7F8F230B7F846
:10ACD800F220B7F8E4309A4281D34C4AD7F80431CD
:10ACE8004FF4E36101FB03F3134403F214730022EE
:10ACF8001A7007F58473A3F580731B68C7F8EC30E6
:10AD080007F1140301221946D7F8EC00FCF70BFBF6
:10AD1800C7F8EC0007F11403043304221946D7F8E6
:10AD2800EC00FCF700FBC7F8EC0007F1140308334C
:10AD380002221946D7F8EC00FCF7F5FAC7F8EC0040
:10AD48000023C7F8E8303DE007F11401D7F8E82000
:10AD580013465B0013445B0008330B4402330222A2
:10AD68001946D7F8EC00FCF7DEFAC7F8EC0007F153
:10AD78001401D7F8E82013465B0013445B0008333E
:10AD88000B44043302221946D7F8EC00FCF7CBFA3F
:10AD9800C7F8EC0007F11401D7F8E82013465B0068
:10ADA80013445B0008330B44063302221946D7F8D4
:10ADB800EC00FCF7B8FAC7F8EC00D7F8E830013334
:10ADC800C7F8E830B7F8F430D7F8E8209A42BBDB88
:10ADD80007F58473A3F58073D7F8EC201B68D31AA2
:10ADE800DAB207F58473A3F582731B681A70074AF1
:10ADF800D7F804314FF4E36101FB03F3134403F282
:10AE0800157300221A7097F8F7300EE0D80B00205F
:10AE180067666666D7F804310133C7F80431D7F896
:10AE28000431012B7FF79EAC0423184607F586777B
:10AE3800BD4690BD80B586B000AF3873B9607A6002
:10AE48003B7B5B00FB743A7BBB681A707B68012212
:10AE58001A7000237B616FE0464A7B694FF4E36117
:10AE680001FB03F313441B78FA7C9A4261D1414AEF
:10AE78007B694FF4E36101FB03F3134403F2167398
:10AE880000221A703B4A7B694FF4E36101FB03F32C
:10AE9800134403F2127300221A70364A7B694FF486
:10AEA800E36101FB03F3134403F213731B78002BD4
:10AEB8003FD0304A7B694FF4E36101FB03F313444D
:10AEC800013320221A7000201FF0ACFD03461846FB
:10AED800284A7B694FF4E36101FB03F3134402330F
:10AEE80002461A70234A7B694FF4E36101FB03F3BE
:10AEF800134418781F4A7B694FF4E36101FB03F39D
:10AF08001344013319787B694FF4E36202FB03F3BE
:10AF1800184A13449A1C0123F6F7A2FE154A7B69C6
:10AF28004FF4E36101FB03F3134403F213730022AC
:10AF38001A707B6901337B617B69012B8CDD0D4BBA
:10AF480093F81637DBB283F00103DBB2002B0BD08A
:10AF5800084B93F82E3EDBB283F00103DBB2002BE3
:10AF680002D00020F6F744FE002318461837BD46E5
:10AF780080BD00BFD80B002090B587B000AF00237C
:10AF88007B618CE1564A7B694FF4E36101FB03F373
:10AF9800134403F212731B78DBB2012B40F07C815F
:10AFA8004F4A7B694FF4E36101FB03F3134403F257
:10AFB80015731B78DBB283F00103DBB2002B00F0C2
:10AFC8006B81474A7B694FF4E36101FB03F3134448
:10AFD80001332F221A70424A7B694FF4E36101FB67
:10AFE80003F3134418783E4A7B694FF4E36101FB8D
:10AFF80003F31344013319787B694FF4E36202FBCE
:10B0080003F3C033364A13441A1D0123F6F748FEEA
:10B0180003467B747B7C002B40F03E81304A7B6981
:10B028004FF4E36101FB03F31344C4331B785BB2B1
:10B03800DB115BB203F00103DBB2002B00F02C81C3
:10B04800274A7B694FF4E36101FB03F31344C433DC
:10B058001B7803F01F033B74214A7B694FF4E361BB
:10B0680001FB03F313440133A8221A701C4A7B69BD
:10B078004FF4E36101FB03F313441878184A7B6922
:10B088004FF4E36101FB03F31344013319787B693F
:10B098004FF4E36202FB03F3114A13441A1D3B7C8D
:10B0A8009BB21C46640023445B009BB2F6F7F8FD94
:10B0B80003467B747B7C002B40F0EE80084A7B695A
:10B0C8004FF4E36101FB03F3134403F5E1631B68E9
:10B0D800FB6006F039FFB86000237B82D6E000BF32
:10B0E800D80B0020724A7B694FF4E36101FB03F33C
:10B0F800134403F20C731B889BB25A1C6D4B83FBE1
:10B1080002139911D317C91A0B469B000B445B0114
:10B11800D11A0B46FB80664A7B694FF4E36101FB59
:10B1280003F3134403F20E731B889BB2FA889A4206
:10B138002DD15F4A7B694FF4E36101FB03F31344AC
:10B1480003F2147301221A70594A7B694FF4E361C0
:10B1580001FB03F3134403F20E731B889BB25A1CC2
:10B16800544B83FB02139911D317C91A0B469B0042
:10B178000B445B01D11A88B24D4A7B694FF4E361F5
:10B1880001FB03F3134403F20E7302461A807A8A12
:10B1980047497B694FF4E36000FB03F30B4403F278
:10B1A8000C731B889BB21C464148796923465B0097
:10B1B80023445B004FF4E36404FB01F10B440344B4
:10B1C80003F1C6043A48796913465B0013445B00EF
:10B1D8004FF4E36201FB02F21344034422460433B2
:10B1E800196811609B889380BA68FB68D31A7A8AB9
:10B1F800013203FB02F23B7CB2FBF3F22C497B6980
:10B208004FF4E36000FB03F30B4403F20C731B8859
:10B218009BB21C46FB681A4425497B694FF4E370CE
:10B2280000FB03F3234403F5917341F82320204ADC
:10B238007B694FF4E36101FB03F3134403F20C73DE
:10B248001B889BB218461A4A7B694FF4E37101FBCD
:10B2580003F3034403F5917352F8232014497B69DF
:10B268004FF4E36000FB03F30B4403F5E1631A605A
:10B278000F4A7B694FF4E36101FB03F3134403F2C4
:10B288000C73FA881A807B8A01337B823B7C9BB2E1
:10B298007A8A9A42FFF426AF7B6901337B617B6926
:10B2A800012B7FF76FAE00BF00BF1C37BD4690BDB6
:10B2B800D80B00206766666680B582B000AF03468B
:10B2C800FB71FB791846FAF73DF9FB791846F7F751
:10B2D800E3FA00BF0837BD4680BD000080B500AF67
:10B2E800FA2006F03DFE17480FF0FBFEFA2006F0A4
:10B2F80037FE802114480CF087FB0346012B05D14B
:10B3080001224FF4807110480CF096FB0F49104849
:10B31800F6F7F0F90F48F6F7D3F80F48F6F766F99D
:10B32800F5F786FFF7F7B6FEF9F7EEF8F9F7C6FD79
:10B3380000210A48F7F7CAFE0120F6F775FE00BF9C
:10B3480080BD00BF8091002000080242C51500089A
:10B35800852B00085D3A0008C1B20008F0C3020856
:10B3680080B500AFF6F778FEF9F75CFD03464FF6B7
:10B37800FF7293422CD0B3F5803F4DDAB3F5807F4E
:10B3880029D0B3F5807F47DB40F20A22934243DCA1
:10B39800B3F5007F40DBA3F500730A2B3CD801A26C
:10B3A80052F823F0E5B30008EBB30008F1B3000846
:10B3B800F7B30008FDB3000803B4000809B4000897
:10B3C8000FB4000815B400081BB400081BB400082B
:10B3D80003F052FF21E003F061FF1EE004F0CCF916
:10B3E8001BE000F00FFD18E002F058F915E003F03B
:10B3F800ABFA12E002F080FD0FE000F015F90CE066
:10B4080002F0FAFE09E002F08DFA06E0FEF7F8FD18
:10B4180003E003F0F1FB00E000BF00BF80BD00BF08
:10B4280080B500AF084B1B781A46084B1B681344BD
:10B43800064A136000F038FE02F04CFAFFF79CFD54
:10B4480003F0BCFB00BF80BD581A0020D095002037
:10B4580080B582B000AF78607B680F4A934202D112
:10B46800F9F7B0FE13E07B680C4A934202D1F6F775
:10B47800CDF80CE07B680A4A934202D1F7F7D0F97D
:10B4880005E07B68074A934201D1F6F7E5FD00BF66
:10B498000837BD4680BD00BF94910020E49100208C
:10B4A800349200208492002080B582B000AF78608A
:10B4B800F9F7CAFF00BF0837BD4680BD80B582B026
:10B4C80000AF78607B68134A934207D17B681B7F83
:10B4D800012B03D10220FBF761F917E07B680E4AC4
:10B4E800934207D17B681B7F012B03D10220FBF716
:10B4F80003FB0BE07B68094A934207D17B681B7FFB
:10B50800012B03D10220FBF7C9FDFFE700BF083775
:10B51800BD4680BDC0930020589400200C940020A4
:10B5280080B582B000AF78607B68124A934203D13D
:10B538000120FBF733F919E07B680F4A934203D1E6
:10B548000120FBF7D9FA11E07B680C4A934203D13A
:10B558000120FBF7A3FD09E07B68094A934203D069
:10B568007B68084A934201D1F6F776FD00BF083799
:10B57800BD4680BDC0930020589400200C94002044
:10B58800A4940020F094002080B582B000AF7860C9
:10B598007B68134A934207D17B681B7F022B03D138
:10B5A8000020FBF77BFD17E07B680E4A934207D12A
:10B5B8007B681B7F022B03D10020FBF7EFF80BE021
:10B5C8007B68094A934207D17B681B7F022B03D112
:10B5D8000020FBF791FAFFE700BF0837BD4680BDA2
:10B5E8000C940020C09300205894002080B582B0AD
:10B5F80000AF786039600120F8F74AFA0A2006F0AF
:10B60800AFFC39687868F8F755FA0020F8F740FA7F
:10B618007B681A883B681B8819461046F7F790FD27
:10B6280000BF0837BD4680BD80B58EB000AFF9F7C2
:10B63800F9FB0346FB864FF400716C480CF0E4F903
:10B648000346012B00F0CE804FF000024FF00003BC
:10B65800C7E904234FF000024FF00003C7E90223B3
:10B6680007F11003082219466148F9F7A8FA07F10B
:10B678000803082219465F48F9F7A1FA0023FB805E
:10B688000023BB804FF000024FF00003C7E90A23F4
:10B698004FF000024FF00003C7E908234FF0000203
:10B6A8004FF00003C7E906233A1DBB1D1146184693
:10B6B800FFF79CFFFB881846F4F724FF4FF00002C1
:10B6C8004D4BF5F7C3F802460B46C7E90823BB887C
:10B6D8001846F4F717FF4FF00002474BF5F7B6F896
:10B6E80002460B46C7E906230121444815F064FCCD
:10B6F8000346434A13600221404815F05DFC0346A7
:10B70800404A1360D7E90623D7E90801F5F7FAF9A3
:10B718000346002B04D0D7E90823C7E90A2303E02E
:10B72800D7E90623C7E90A23D7E90423D7E90A0199
:10B73800F5F7F2F90346002B06D0314B00221A60C8
:10B74800304B00221A6021E0D7E90423D7E90A0127
:10B75800F5F7CEF90346002B0ED0D7E90223D7E937
:10B768000A01F5F7D9F90346002B05D0244B1B68CD
:10B778000133234A136009E0214B1B680133204A37
:10B788001360204B1B6801331E4A13601C4B1B6857
:10B79800022B03D900211C48F7F798FC194B1B68AA
:10B7A800022B07D900211948F7F790FC4FF4807352
:10B7B800FB8602E04FF40073FB86FB8E1846F9F710
:10B7C80021FBF9F75BFB0E4B1B681A4601210B485E
:10B7D80015F0DAFB0B4B1B681A460221074815F0D7
:10B7E800D3FB00E000BF3837BD4680BD00080242E9
:10B7F800F8C3020800C4020800408F4000930020EC
:10B80800D06C0020D46C002008C4020810C40208C0
:10B8180080B588B000AFF860B9607A603B60FB68BB
:10B82800002B02D03B68002B01D101233CE07B6850
:10B83800DB08FB617B6803F00703BB61FA69BB683F
:10B848009A4201D301232FE03B8D194638680CF04A
:10B85800DBF80346FB75FB7D012B11D1FA68FB6908
:10B8680013441B785AB20121BB6901FA03F35BB296
:10B87800134359B2FA68FB691344CAB21A7012E04A
:10B88800FA68FB6913441B785AB20121BB6901FAB3
:10B8980003F35BB2DB435BB2134059B2FA68FB694E
:10B8A8001344CAB21A70002318462037BD4680BD1B
:10B8B80090B5B5B014AFF860384680E80E003B7814
:10B8C80087F87030002387F8713000237B670023E6
:10B8D80087F878303B78F02B7AD14548F9F705F9A5
:10B8E800034687F87F304348F9F7FFF8034687F89F
:10B8F8007E3097F87F2097F87E301344DBB26033B0
:10B9080087F87D3097F87F2097F87E301344DBB2B4
:10B91800603387F87C303B7A97F87D209A4204D8C8
:10B928003B7A97F87C209A4203D2F12387F871304A
:10B9380052E007F110036022002118461FF019F9A0
:10B948007A6807F110031146602218461FF054F96F
:10B95800684607F12003502219461FF04DF907F1F8
:10B9680010030FCBF6F700FD03461A46224B1A7058
:10B97800214B1B78002B06D1012387F871301F4B10
:10B9880001221A701EE01C4B1B78022B03D01A4BA5
:10B998001B78012B0ED17B68603319461848F9F7DC
:10B9A800C6F87A6897F87F3060331344194615480B
:10B9B800F9F7BDF840F20220F9F724FA00211248FD
:10B9C800F7F784FB012387F878300B4B7B6703E09C
:10B9D800F32387F8713000BFFB681C4607F170033A
:10B9E80093E8070084E80700F8688437BD4690BDEF
:10B9F80018C4020820C40208DC6C0020DD6C00209A
:10BA080028C4020830C4020838C4020880B58AB0C5
:10BA180002AF78604FF47A7300930123364A3749AE
:10BA28000020F5F77FFC0120F8F732F80A2006F02D
:10BA380097FA33493348F8F73DF84FF47A7300938F
:10BA48000123314A31490120F5F76CFC4FF47A7330
:10BA5800009301232E4A2F490120F5F763FC4FF488
:10BA68007A7302222C490120F8F7D0FB4FF47A733D
:10BA780002222A490220F8F7C9FB4FF47A730222FE
:10BA880027490320F8F7C2FB1B4B1B88254A82FB7A
:10BA98000312D210DB17D31AFB771A4B1B88214AE3
:10BAA800A2FB03235B099BB2BB77164B5B881D4A3D
:10BAB800A2FB03235B099BB27B77134B1B881A4AB3
:10BAC800A2FB0323DB089BB23B770F4B5B88164A2C
:10BAD800A2FB0323DB089BB2FB760F4B1B8840F6C7
:10BAE800F612934222D80C4B1B880F4AA2FB032361
:10BAF800DB089BB2DBB21AE0DE6C0020000004CA4F
:10BB0800E26C0020E06C0020E46C002020000014AF
:10BB1800E66C002040000018E86C0020EA6C002069
:10BB2800EC6C00201F85EB51CDCCCCCCFF23BB7631
:10BB3800A74B5B88A74AA2FB0323DB089BB27B7653
:10BB4800A34B9B88A34AA2FB0323DB089BB23B764B
:10BB58007B687B617B695A1C7A61FA7F1A707B6902
:10BB68005A1C7A61BA7F1A707B695A1C7A617A7F8B
:10BB78001A707B695A1C7A613A7F1A707B695A1C61
:10BB88007A61FA7E1A707B695A1C7A61BA7E1A70D9
:10BB98007B695A1C7A617A7E1A707B695A1C7A61B1
:10BBA8003A7E1A707A697B68D31ADBB2C3F118033C
:10BBB800FB74F97C80230093874B00227869FFF798
:10BBC80027FE0346002B01D005F098F8F97C4023A6
:10BBD8000093814B01227869FFF71AFE0346002B78
:10BBE80001D005F08BF8F97C4FF4007300937A4B81
:10BBF80002227869FFF70CFE0346002B01D005F0FE
:10BC08007DF8F97C4FF480430093744B03227869E4
:10BC1800FFF7FEFD0346002B01D005F06FF8F97C15
:10BC28004FF4805300936D4B04227869FFF7F0FDC1
:10BC38000346002B01D005F061F8F97C4FF400436E
:10BC48000093664B05227869FFF7E2FD0346002B57
:10BC580001D005F053F8F97C4FF4005300935F4B83
:10BC680006227869FFF7D4FD0346002B01D005F0C2
:10BC780045F8F97C04230093594B07227869FFF7AC
:10BC8800C7FD0346002B01D005F038F8F97C4FF4C6
:10BC980080730093534B08227869FFF7B9FD034678
:10BCA800002B01D005F02AF8F97C102300934D4BA6
:10BCB80009227869FFF7ACFD0346002B01D005F097
:10BCC8001DF8F97C20230093464B0A227869FFF778
:10BCD8009FFD0346002B01D005F010F8F97C4FF4C6
:10BCE800805300933C4B0B227869FFF791FD034684
:10BCF800002B01D005F002F8F97C20230093364B85
:10BD08000C227869FFF784FD0346002B01D004F06C
:10BD1800F5FFF97C04230093334B0D227869FFF774
:10BD280077FD0346002B01D004F0E8FFF9F77AF815
:10BD380003463B823B8A40F20922934204D03B8A65
:10BD480040F20A22934201D1012300E00023FB7351
:10BD5800FB7B03F00103FB733B8A40F20A22934208
:10BD68000CBF01230023BB73FB7B002B09D07B692D
:10BD780001331A787B69013342F04002D2B21A705B
:10BD880008E07B6901331A787B69013322F04002AD
:10BD9800D2B21A70BB7B002B09D07B6901331A78A9
:10BDA8007B69013362F07F02D2B21A7008E07B69C6
:10BDB80001331A787B69013302F07F02D2B21A701C
:10BDC8007A697B68D31ADBB218462037BD4680BD36
:10BDD800E86C0020CDCCCCCC000802420010024216
:10BDE80000180242000402420014024280B400AF6C
:10BDF800034B1B781846BD465DF8047B704700BFAF
:10BE0800DC6C002080B592B000AFF9F70BF8034660
:10BE1800A7F846309A48F6F791FE9A4B00221A7016
:10BE28000120F8F7E1F90120F7F732FE07F11003D6
:10BE38002922002118461EF09CFE4FF000024FF008
:10BE48000003C7E902239048F8F74FFE034687F836
:10BE5800443007F1100311331846FFF7D7FD0346A6
:10BE680087F8433007F11003062219468748F8F788
:10BE7800A6FE07F110030633012219468448F8F795
:10BE88009EFE07F10803082219468248F8F797FE34
:10BE980097F8433007F1100210331344013397F831
:10BEA800442019467848F8F78AFE07F110030F3343
:10BEB800022219467848F8F782FED7E9022310468D
:10BEC8001946F4F75BFE0346FB63FB6B5B087B607C
:10BED8007B68C7F81B300123C7F81730152387F88C
:10BEE8003830F6F7C3FC0346002B07D007F11003E0
:10BEF80019466648F8F797FE0023BB750120F6F748
:10BF08008DFBF6F743FC034687F8453007F110032D
:10BF180011331846FFF77AFD07F110031846F6F7B4
:10BF2800F9FB02E0012006F01BF8F5F7D9FE0346FD
:10BF380083F00103DBB2002BF4D1FB6B4FF47A7270
:10BF480002FB03F3554A136014E0F6F785F8F6F799
:10BF58003DFC02E0012006F003F8F5F7C1FE0346B8
:10BF680083F00103DBB2002BF4D1F6F70FFC034694
:10BF780087F8453097F84530012B76D0474B1B683A
:10BF8800002BE2D171E0F6F767F8802144480BF006
:10BF98003BFD0346002B03D140F20920F8F732FF9E
:10BFA8003E4B1B68002B07D14FF40070F8F72AFFAF
:10BFB8000020F6F733FB51E03A4B1B78002B08D0F2
:10BFC800322005F0CDFFF6F7B9FB364B00221A7088
:10BFD80001E0F6F7FBFBF5F783FE322005F0C0FF22
:10BFE800F6F7D4FB034687F8453097F84530002B21
:10BFF80034D107F1100311331846FFF707FD07F195
:10C0080010031846F6F786FB02E0012005F0A8FFAA
:10C01800F5F766FE034683F00103DBB2002BF4D18B
:10C0280014E0F6F719F8F6F7D1FB02E0012005F065
:10C0380097FFF5F755FE034683F00103DBB2002BAB
:10C04800F4D1F6F7A3FB034687F8453097F8453057
:10C05800012B03D0114B1B68002BE2D1F9F7D0F864
:10C06800F8F7E0FE0346A7F84630B7F8463040F246
:10C078000122934287D000BF00BF4837BD4680BD2C
:10C08800B9B80008DC6C002020C4020840C40208CB
:10C0980048C4020850C4020858C40208D86C0020DA
:10C0A80000080242DD6C002080B400AF064B1B681C
:10C0B800002B04D0044B1B68013B034A136000BFEC
:10C0C800BD465DF8047B7047D86C002090B5FDB084
:10C0D80014AF07F5D074A4F5CA74206007F5D070C2
:10C0E800A0F5D07080E80E0007F5D073A3F5D073E3
:10C0F8001B7887F83431002387F835310023C7F8D7
:10C108003831002387F83C31002387F89B3100231E
:10C1180087F89A31002387F89F31FFF767FE0346B7
:10C1280087F899310822D849D848F8F748FDD64BFE
:10C13800D3E900014FF00002D54BF4F75DFA02464F
:10C148000B46D149C1E90023CF4BD3E90023104660
:10C158001946F4F7EBFC0346CE4A136007F5D07393
:10C16800A3F5D0731B78473BAF2B01F27A8201A26B
:10C1780052F823F0B7D400084FD50008E3D50008DB
:10C188006BD600086BD600086BD600086BD6000883
:10C198006BD600086BD600086BD600086BD6000873
:10C1A8006BD600086BD600086BD600086BD6000863
:10C1B8006BD600086BD600086BD600086BD6000853
:10C1C8006BD600086BD600086BD600086BD6000843
:10C1D8006BD600086BD600086BD600086BD6000833
:10C1E8006BD600086BD600086BD600086BD6000823
:10C1F8006BD600086BD600086BD600086BD6000813
:10C208006BD600086BD600086BD600086BD6000802
:10C218006BD600086BD600086BD600086BD60008F2
:10C228006BD600086BD600086BD600086BD60008E2
:10C238006BD600086BD600086BD600086BD60008D2
:10C248006BD600086BD600086BD600086BD60008C2
:10C258006BD600086BD600086BD600086BD60008B2
:10C268006BD600086BD600086BD600086BD60008A2
:10C278006BD600086BD600086BD600086BD6000892
:10C288006BD600086BD600086BD600086BD6000882
:10C298006BD600086BD600086BD600086BD6000872
:10C2A8006BD600086BD600086BD600086BD6000862
:10C2B8006BD600086BD600086BD600086BD6000852
:10C2C8006BD600086BD600086BD600086BD6000842
:10C2D8006BD600086BD60008F3C600085DC70008D7
:10C2E800BFC700087DC8000811C9000871C9000847
:10C2F80025CA000889CA000827CB0008BBCB00085C
:10C30800A3CD000837CF0008A3CD000837CF000819
:10C3180089D10008FBD1000853D200081DD30008BA
:10C328006BD600086BD600086BD600086BD60008E1
:10C338006BD600086BD600086BD600086BD60008D1
:10C348006BD600086BD600086BD600086BD60008C1
:10C358006BD600086BD600086BD600086BD60008B1
:10C368006BD600086BD600086BD600086BD60008A1
:10C378006BD600086BD600086BD600086BD6000891
:10C388006BD600086BD600086BD600086BD6000881
:10C398006BD600086BD600086BD600086BD6000871
:10C3A8006BD600086BD600086BD600086BD6000861
:10C3B8006BD600086BD600086BD600086BD6000851
:10C3C8006BD600086BD600086BD600086BD6000841
:10C3D8006BD600086BD600086BD600086BD6000831
:10C3E8006BD600086BD600086BD600086BD6000821
:10C3F8006BD600086BD600086BD600086BD6000811
:10C408006BD600086BD600086BD600086BD6000800
:10C418006BD600086BD600086BD6000827C5000845
:10C42800B1C500083FC600086BD600086BD60008E7
:10C438003DC40008022387F89B31022387F89A310C
:10C44800FF2387F89F3107F5D073A3F5D0731B7AC4
:10C4580097F89B219A4208D807F5D073A3F5D073B3
:10C468001B7A97F89A219A4203D2F12387F835313B
:10C4780053E097F8992197F89F319A420CD2F32309
:10C4880087F8353101F0F2B8F06C002060C402087A
:10C4980000408F40341A00200023A7F8323107F5F6
:10C4A800D073A3F5D0735B681B889BB2A7F83231B1
:10C4B800B7F83231B3F5807F17D0B3F5807F28DB2A
:10C4C800B3F5027F25DCB3F5007F22DBA3F500730B
:10C4D80040F23B1222FA03F303F00103002B14BFCE
:10C4E80001230023DBB2002B13D040F20123A7F86D
:10C4F8002C31B7F83231A7F82E3107F596710123A0
:10C5080004224FF42020F5F707F8D24B01221A70C5
:10C5180003E0012387F8353100BF01F0A7B80023F5
:10C5280087F89B31002387F89A31FF2387F89F31DA
:10C5380007F5D073A3F5D0731B7A97F89B219A421D
:10C5480008D807F5D073A3F5D0731B7A97F89A210A
:10C558009A4204D2F12387F8353101F087B897F869
:10C56800992197F89F319A4204D2F32387F83531FD
:10C5780001F07CB8B84BC7F89431D7F8943106224B
:10C588001946B648F8F71BFBD7F894310633012251
:10C598001946B348F8F713FB072387F83C31AE4B2D
:10C5A800C7F8383101F062B8072387F89B310723B1
:10C5B80087F89A31FF2387F89F3107F5D073A3F5E1
:10C5C800D0731B7A97F89B219A4208D807F5D07345
:10C5D800A3F5D0731B7A97F89A219A4204D2F123D3
:10C5E80087F8353101F042B897F8992197F89F31CB
:10C5F8009A4204D2F32387F8353101F037B807F5AA
:10C60800D073A3F5D0735A6807F592731068186051
:10C618009188927999809A7107F5927319468F4893
:10C62800F8F785FA07F59273063319468C48F8F738
:10C638007EFA01F01BB8602387F89B31602387F8E6
:10C648009A31FF2387F89F3107F5D073A3F5D0738C
:10C658001B7A97F89B219A4208D807F5D073A3F55F
:10C66800D0731B7A97F89A219A4204D2F12387F85B
:10C67800353100F0FBBF97F8992197F89F319A421E
:10C6880004D2F32387F8353100F0F0BF07F5D073F3
:10C69800A3F5D0735A6807F5D073A3F5C873184685
:10C6A800114660231A461EF0A7FA07F5D073A3F5C2
:10C6B800C874684604F11003502219461EF09CFA0B
:10C6C80094E80F00F5F7F0FC034683F00103DBB2B2
:10C6D800002B04D0012387F8353100F0C7BF40F2A2
:10C6E8000620F8F78FFB00F0C1BF002387F89B31C5
:10C6F800002387F89A31FF2387F89F3107F5D07315
:10C70800A3F5D0731B7A97F89B219A4208D807F5AE
:10C71800D073A3F5D0731B7A97F89A219A4204D262
:10C72800F12387F8353100F0A1BF97F8992197F8E0
:10C738009F319A4204D2F32387F8353100F096BF2F
:10C7480000214848F6F7C2FC4FF6FF70F8F75AFB8D
:10C7580000F08CBF002387F89B31002387F89A31BB
:10C76800FF2387F89F3107F5D073A3F5D0731B7AA1
:10C7780097F89B219A4208D807F5D073A3F5D07390
:10C788001B7A97F89A219A4204D2F12387F8353117
:10C7980000F06CBF97F8992197F89F319A4204D21C
:10C7A800F32387F8353100F061BF40F20720F8F72E
:10C7B80029FB00F05BBF002387F89B31002387F833
:10C7C8009A31FF2387F89F3107F5D073A3F5D0730B
:10C7D8001B7A97F89B219A4208D807F5D073A3F5DE
:10C7E800D0731B7A97F89A219A4204D2F12387F8DA
:10C7F800353100F03BBF97F8992197F89F319A425D
:10C8080004D2F32387F8353100F030BF4FF000022F
:10C818004FF00003C7E9462307F58C730822194631
:10C828001148F8F7CCF9D7E946014FF000020F4B51
:10C83800F3F7E2FE02460B46C7E94623D7E946234B
:10C8480010461946F4F772F90346094A136000F0D6
:10C858000DBF00BFF86C0020F86D002068C4020806
:10C8680070C4020878C4020880C4020800408F40DF
:10C87800381A0020002387F89B31012387F89A3162
:10C88800012387F89F3107F5D073A3F5D0731B7A7E
:10C8980097F89B219A4208D807F5D073A3F5D0736F
:10C8A8001B7A97F89A219A4204D2F12387F83531F6
:10C8B80000F0DCBE97F8992197F89F319A4204D28C
:10C8C800F32387F8353100F0D1BE07F5D073A3F50F
:10C8D800D0731B7A97F89A219A420DD107F5D07335
:10C8E800A3F5D0735B681B78002B14BF01230023CA
:10C8F800DAB2C54B1A7002E0C34B00221A7001204D
:10C90800F8F7E8FB00F0B2BE002387F89B3100235C
:10C9180087F89A31012387F89F3107F5D073A3F57B
:10C92800D0731B7A97F89B219A4208D807F5D073E1
:10C93800A3F5D0731B7A97F89A219A4204D2F1236F
:10C9480087F8353100F092BE97F8992197F89F3112
:10C958009A4204D2F32387F8353100F087BE0020CD
:10C96800F8F7B8FB00F082BE002387F89B3101235B
:10C9780087F89A31FF2387F89F3107F5D073A3F51D
:10C98800D0731B7A97F89B219A4208D807F5D07381
:10C99800A3F5D0731B7A97F89A219A4204D2F1230F
:10C9A80087F8353100F062BE97F8992197F89F31E2
:10C9B8009A4204D2F32387F8353100F057BE07F5C1
:10C9C800D073A3F5D0731B7A97F89A219A420DD1A8
:10C9D80007F5D073A3F5D0735B681B78002B14BFE1
:10C9E80001230023DAB2884B1A7002E0864B00223A
:10C9F8001A7001F051FC034683F00103DBB2002BEF
:10CA080004D0012387F8353100F030BE0020F8F754
:10CA180061FB7E4B01221A7000F028BE002387F8C4
:10CA28009B31002387F89A31FF2387F89F3107F558
:10CA3800D073A3F5D0731B7A97F89B219A4208D834
:10CA480007F5D073A3F5D0731B7A97F89A219A4209
:10CA580004D2F12387F8353100F008BE97F8992100
:10CA680097F89F319A4204D2F32387F8353100F0C2
:10CA7800FDBD01F04BFF654B00221A7000F0F6BDBA
:10CA8800002387F89B31002387F89A31FF2387F822
:10CA98009F3107F5D073A3F5D0731B7A97F89B21C4
:10CAA8009A4208D807F5D073A3F5D0731B7A97F884
:10CAB8009A219A4204D2F12387F8353100F0D6BD85
:10CAC80097F8992197F89F319A4204D2F32387F86F
:10CAD800353100F0CBBD4E4B1B78002B04D0012321
:10CAE80087F8353100F0C2BD0020F8F7F3FA494B5A
:10CAF800C7F8403101F010F853EC102B10461946D6
:10CB0800F4F73CF803469AB2D7F840311A8002236A
:10CB180087F83C313F4BC7F8383100F0A7BD0023F8
:10CB280087F89B31002387F89A31FF2387F89F31D4
:10CB380007F5D073A3F5D0731B7A97F89B219A4217
:10CB480008D807F5D073A3F5D0731B7A97F89A2104
:10CB58009A4204D2F12387F8353100F087BD97F85F
:10CB6800992197F89F319A4204D2F32387F83531F7
:10CB780000F07CBD264B1B78002B04D0012387F8DE
:10CB8800353100F073BD234BC7F84831D7F8483129
:10CB98000233C7F84431D7F84411D7F84801FEF7F3
:10CBA80025FD042387F83C311A4BC7F8383100F0CB
:10CBB8005DBD012387F89B31052387F89A31FF2350
:10CBC80087F89F3107F5D073A3F5D0731B7A97F8D0
:10CBD8009B219A420CD007F5D073A3F5D0731B7A2A
:10CBE80097F89A219A4203D0F12387F83531D2E099
:10CBF80097F8992197F89F319A420FD2F32387F833
:10CC0800353100F033BD00BF598E0020F96C00208B
:10CC1800FA6C0020F86D002000CCCC4507F5D073E5
:10CC2800A3F5D0735B681B7887F857314FF0000382
:10CC3800C7F8143107F5D073A3F5D0731B7A97F8AA
:10CC48009A219A421FD107F5D073A3F5D0735B6878
:10CC580001331B68C7F81431D7ED457AB7EE087A67
:10CC6800F4EEC77AF1EE10FA08D4D7ED457A1FED45
:10CC7800167AF4EEC77AF1EE10FA04DD012387F88C
:10CC8800353100F0F3BCC34BC7F85031C24B00221A
:10CC98001A70C82387F84F3197F85731012B0BD0FA
:10CCA80097F85731022B07D097F85731032B03D049
:10CCB80097F85731042B4DD1B84B01221A70D7ED94
:10CCC800457AF5EE407AF1EE10FA0FD197F8573120
:10CCD800032B03D097F85731042B02D141F2883344
:10CCE80001E04FF48073A7F89C3107E0D7ED457A4F
:10CCF800FCEEE77A17EE903AA7F89C310120F7F797
:10CD08005DF997F8573101211846F7F769F9B7F82F
:10CD18009C3107EE903AF8EE677A97F84F2197F82A
:10CD28005731B0EE670AD7F850111846F7F7FCF9F3
:10CD380097F84F310133DBB287F83C31964BC7F88F
:10CD48003831974B1C4607F59A7393E8070084E837
:10CD5800070020E097F85731002B17D18F4B00229E
:10CD68001A700020F7F72AF900210120F7F738F99F
:10CD780000210220F7F734F900210320F7F730F9F2
:10CD880000210420F7F72CF900F070BC012387F884
:10CD9800353100F06BBC00F069BC042387F89B3187
:10CDA800042387F89A31FF2387F89F3107F5D0735A
:10CDB800A3F5D0731B78AC2B02D1022387F89F31DF
:10CDC80007F5D073A3F5D0731B7A97F89B219A4285
:10CDD80008D807F5D073A3F5D0731B7A97F89A2172
:10CDE8009A4203D2F12387F835319FE097F89921C9
:10CDF80097F89F319A4204D2F32387F8353100F02F
:10CE080035BC07F5D073A3F5D0735B68C7F87031EC
:10CE1800D7F870311B681A46624B1A6007F5D07351
:10CE2800A3F5D0731B78AA2B0CD102225E49D7F840
:10CE380070011DF075FE0346002B03D0012387F80F
:10CE4800353173E007F5D073A3F5D0731B78AC2B9D
:10CE580015D102225549D7F870011DF061FE03462D
:10CE6800002B0CD002225249D7F870011DF058FE51
:10CE78000346002B03D0012387F8353156E0D7F855
:10CE88007001F7F70DFE034687F86F3197F86F3199
:10CE9800012B12D1EB224749D7F87001F7F78FFE23
:10CEA800D7F87001F7F721FE03460433DBB287F8A1
:10CEB8003C313C4BC7F83831D8E397F86F31022B37
:10CEC80030D14FF000024FF00003C7E9422307F5C5
:10CED800847308221946D7F87001F7F770FED7F85F
:10CEE8007001F7F7D0FE87ED580BD7E94201D7E973
:10CEF8005823F3F7ABFC02460B46C7E95623D7E99C
:10CF08005601F3F73BFE03469BB2A7F80631B7F884
:10CF18000621244B9A80062387F83C31214BC7F819
:10CF28003831A3E3012387F835319FE39EE30423D7
:10CF380087F89B31F02387F89A31FF2387F89F31D0
:10CF480007F5D073A3F5D0731B78AD2B02D102235C
:10CF580087F89F3107F5D073A3F5D0731B7A97F83C
:10CF68009B219A4208D807F5D073A3F5D0731B7A92
:10CF780097F89A219A4203D2F12387F83531FEE0D7
:10CF880097F8992197F89F319A4215D2F32387F899
:10CF980035316BE3FD6C0020FC6C0020FA6C00203E
:10CFA800EC6D0020F86D002088C402088CC40208CB
:10CFB80090C40208FC6D002007F5D073A3F5D07368
:10CFC8005B68C7F890310023C7F88C3107F5D07338
:10CFD800A3F5D0731B78AB2B0CD10222AF49D7F83D
:10CFE80090011DF09DFD0346002B03D0012387F817
:10CFF8003531C4E007F5D073A3F5D0731B78AD2B9A
:10D0080015D10222A649D7F890011DF089FD0346E3
:10D01800002B0CD00222A349D7F890011DF080FD07
:10D028000346002B03D0012387F83531A7E0D7F852
:10D038009001F7F735FD034687F88B3107F5D07374
:10D04800A3F5D0731B7A042B05D10021D7F89001E2
:10D05800F7F76DFD0AE397F88B31012B2ED1D7F83E
:10D068009001F7F742FD034687F8773107F5D0734B
:10D07800A3F5D0731B7A1A4697F8773104339A428E
:10D0880003D0F12387F83531F0E207F5D073A3F523
:10D09800D0735B680433C7F88C31D7F88C11D7F894
:10D0A8009001F7F744FD97F877319BB2D7F88C21B8
:10D0B8000121D7F89001F6F743FAD7E297F88B31B8
:10D0C800022B58D107F5D073A3F5D0731B7A062B22
:10D0D80003D0F12387F83531C8E207F5D073A3F5FB
:10D0E800D0735B680433C7F88C310023A7F8043188
:10D0F800D7F88C311B889BB2A7F80431B7F80431F4
:10D108001846F3F7FFF902460B46C7E96023D7F83C
:10D118009001F7F7B8FD87ED5E0BD7E95E23D7E9F5
:10D128006001F3F769FA02460B46C7E93E2397ED1B
:10D138003E7BB0EE470AF0EE670AD7F89001F7F7A2
:10D14800CDFD034683F00103DBB2002B03D001239E
:10D1580087F835318AE207F1F8031946D7F89001C4
:10D16800F7F7E5FC07F1F80208230221D7F8900148
:10D17800F6F7E6F97AE2012387F8353176E275E2C7
:10D18800072387F89B31072387F89A31FF2387F80D
:10D198009F3107F5D073A3F5D0731B7A97F89B21BD
:10D1A8009A4208D807F5D073A3F5D0731B7A97F87D
:10D1B8009A219A4203D2F12387F8353156E297F83B
:10D1C800992197F89F319A4203D2F32387F8353192
:10D1D8004CE207F5D073A3F5D0735B683249184663
:10D1E800F6F78EFB034687F83C312F4BC7F83831EA
:10D1F8003CE2002387F89B31002387F89A31FF230C
:10D2080087F89F3107F5D073A3F5D0731B7A97F889
:10D218009B219A4208D807F5D073A3F5D0731B7ADF
:10D2280097F89A219A4203D2F12387F835311DE203
:10D2380097F8992197F89F319A4203D2F32387F8F8
:10D24800353113E2F6F7ECFB10E2002387F89B3147
:10D25800002387F89A31FF2387F89F3107F5D073A9
:10D26800A3F5D0731B7A97F89B219A4208D807F543
:10D27800D073A3F5D0731B7A97F89A219A4203D2F8
:10D28800F12387F83531F1E197F8992197F89F3123
:10D298009A420BD2F32387F83531E7E188C40208B4
:10D2A8008CC4020890C40208F86D00200022BA4914
:10D2B800BA4813F045FB0346002B01D003F01EFDCE
:10D2C8000022B749B54813F033FC0346002B01D0C0
:10D2D80003F014FDB24BDB7887F8F030B04B5B7885
:10D2E80087F8F130AE4B9B7887F8F230AA4B1B7861
:10D2F80087F8F330A84B5B7887F8F430A64B9B7817
:10D3080087F8F530062387F83C3107F1F003C7F8B2
:10D318003831ABE1062387F89B31062387F89A3129
:10D32800FF2387F89F3107F5D073A3F5D0731B7AD5
:10D3380097F89B219A4208D807F5D073A3F5D073C4
:10D348001B7A97F89A219A4203D2F12387F835314C
:10D358008BE197F8992197F89F319A4203D2F323EA
:10D3680087F8353181E107F5D073A3F5D0735B6891
:10D378001B78632B02D9012387F8353107F5D07361
:10D38800A3F5D0735B6801331B78002B08D007F531
:10D39800D073A3F5D0735B6801331B780C2B02D9CB
:10D3A800012387F8353107F5D073A3F5D0735B688F
:10D3B80002331B78002B08D007F5D073A3F5D07380
:10D3C8005B6802331B781F2B02D9012387F835319C
:10D3D80007F5D073A3F5D0735B6803331B78172B5D
:10D3E80002D9012387F8353107F5D073A3F5D07337
:10D3F8005B6804331B783B2B02D9012387F835314E
:10D4080007F5D073A3F5D0735B6805331B783B2B06
:10D4180002D9012387F8353197F83531002B40F0D0
:10D42800248107F5D073A3F5D0735B681A785C4B39
:10D43800DA7007F5D073A3F5D0735B685A78584B48
:10D448005A7007F5D073A3F5D0735B689A78544B7C
:10D458009A7007F5D073A3F5D0735B68DA784E4BF2
:10D468001A7007F5D073A3F5D0735B681A794A4B25
:10D478005A7007F5D073A3F5D0735B685A79464B99
:10D488009A7000224449454813F0BEF90346002B20
:10D4980001D003F033FC00224149404813F0C2FA9E
:10D4A8000346002B00F0E18003F028FCDDE00223B6
:10D4B80087F89B31022387F89A31FF2387F89F3139
:10D4C80007F5D073A3F5D0731B7A97F89B219A427E
:10D4D80008D807F5D073A3F5D0731B7A97F89A216B
:10D4E8009A4203D2F12387F83531BFE097F89921A2
:10D4F80097F89F319A4203D2F32387F83531B5E084
:10D5080007F5D073A3F5D0735B681B7887F8EC3008
:10D5180007F5D073A3F5D0735B685B7887F8ED30B7
:10D5280007F59A7303F1080207F1E4031946D7F8DF
:10D53800EC00FCF7DDFD034687F8353107F1E4031D
:10D54800C7F8383192E0012387F89B31012387F827
:10D558009A31FF2387F89F3107F5D073A3F5D0736D
:10D568001B7A97F89B219A4208D807F5D073A3F540
:10D57800D0731B7A97F89A219A4203D2F12387F83D
:10D58800353173E097F8992197F89F319A4209D27B
:10D59800F32387F8353169E0E86E00200093002016
:10D5A800FC6E002007F5D073A3F5D0735B681B7879
:10D5B80087F8E03007F59A7303F1080207F11003C2
:10D5C800194697F8E000FDF79FF8034687F83531CC
:10D5D80007F11003C7F8383148E0012387F89B3179
:10D5E800012387F89A31FF2387F89F3107F5D07315
:10D5F800A3F5D0731B7A97F89B219A4208D807F5B0
:10D60800D073A3F5D0731B7A97F89A219A4203D264
:10D61800F12387F8353129E097F8992197F89F3158
:10D628009A4203D2F32387F835311FE007F5D07308
:10D63800A3F5D0735B681B7887F8DC30012387F883
:10D648003C3107F59A7308331A46134997F8DC00FA
:10D65800FDF7F0FB034687F835310F4BC7F8383133
:10D6680004E0F22387F8353100E000BF07F5D073F6
:10D67800A3F5CA731B681C4607F59A7393E807005D
:10D6880084E8070007F5D073A3F5CA73186807F58F
:10D69800D277BD4690BD00BFF86D002080B582B03E
:10D6A80000AFF7F7BFFB0346FB807C48F5F746FA67
:10D6B800F5F76CF803467B71082279497948F7F742
:10D6C8007EFA774BD3E900014FF00002764BF2F770
:10D6D80093FF02460B467249C1E90023704BD3E918
:10D6E800002310461946F3F721FA03466F4A1360E0
:10D6F8006F4B4FF0FF321A606E4B4FF47A721A601C
:10D708008EE0F4F7A9FC694B1B68002B03D0684B2B
:10D718001B68002B1AD101F00BF9034683F00103B3
:10D72800DBB2002B12D0F5F709F800216248F5F7B3
:10D73800CDFC5E4B4FF0FF321A605D4B4FF0FF326D
:10D748001A604FF40070F7F75DFB40E05B4B1B7805
:10D75800002B26D0F3F7A8FE0346002B21D0F6F7BE
:10D768000BFD574B1B785A1C564BA3FB02135B0946
:10D77800642101FB03F3D31ADAB2514B1A70524BEE
:10D7880093E80700F5F7F4FA454BD3E90023104670
:10D798001946F3F7CBF90346444A1360F4F7A0FAA5
:10D7A80015E0444B1B68002B11D1F5F70FF802E088
:10D7B800012004F0D5FBF4F793FA034683F0010344
:10D7C800DBB2002BF4D13B4B4FF47A721A603F4B1B
:10D7D8001B78002B01D007F052FCF4F7D7FF034663
:10D7E8007B71FB8840F20222934205D0F4F734FCA7
:10D7F800642004F0B5FB0DE07B79002B0AD10021F1
:10D808002D48F5F763FC2D4B00221A7040F20120D9
:10D81800F7F7F8FAF7F7F4FCF7F704FB0346FB8091
:10D82800FB8840F2022293423FF46BAFF7F7FAFA13
:10D838000346FB80FB8840F20922934204D0FB8810
:10D8480040F20A22934225D1214B1B78002B04D0A9
:10D8580001F05CF81E4B00221A70184B1B78002B45
:10D8680015D0164B00221A700020F6F7A7FB0021EE
:10D878000120F6F7B5FB00210220F6F7B1FB0021E5
:10D888000320F6F7ADFB00210420F6F7A9FB0020E2
:10D89800F4F7C4FE00BF0837BD4680BDD5C00008F8
:10D8A800F06C002060C4020800408F40341A002049
:10D8B800381A00203C1A002094C40208FA6C002090
:10D8C800FC6C00201F85EB51EC6D0020F86C0020EB
:10D8D800F96C002080B400AF0F4B1B68002B04DDEF
:10D8E8000D4B1B68013B0C4A13600C4B1B68002B4B
:10D8F80004DD0A4B1B68013B084A1360084B1B6890
:10D90800002B04DD064B1B68013B054A136000BF72
:10D91800BD465DF8047B7047341A0020381A002091
:10D928003C1A002080B5A0B000AF07F13C031846B0
:10D9380009F066FA07F12C0300221A605A609A600F
:10D94800DA600223FB62724B1B884FF6FF72934228
:10D958000BD06F4B1B88002B05D06D4B1B889B028F
:10D968005B085B0B02E0802300E08023BB63BB6D98
:10D9780003F48013002B05D102233B634FF480137B
:10D98800BB6503E001233B630023BB650423FB6302
:10D998004FF400737B650023FB6700237B60002343
:10D9A80087F87B309FE0F4F757FB09F013F803463C
:10D9B800002B01D003F0A2F907F10803242219462D
:10D9C8004FF40020F3F7DCFD00237B603A1D07F1DC
:10D9D8002C031146184609F02BF90346002B01D0F9
:10D9E80003F08CF94B4B7B67494B1B884FF6FF7252
:10D9F80093420DD0464B1B88002B06D0444B1B8806
:10DA08009B025B0803F1006304E04FF0016301E04F
:10DA18004FF001633B670023FB6719E0F4F71CFB39
:10DA2800FB6F03F5802310223A491846F3F7A8FD47
:10DA38003A6FFB6F13447A6F1946012008F080FF94
:10DA48000346002B01D003F059F9FB6F1033FB6735
:10DA5800BB68FA6F9A42E1D30DF048FA0346002BEF
:10DA680001D003F04BF908F0D7FF0346002B01D093
:10DA780003F044F9F4F7F0FABA6807F1080304333D
:10DA880019461046F4F72AFC0346002B26D008F066
:10DA9800A1FF0346002B01D003F030F90DF026FA60
:10DAA8000346002B01D003F029F908F0CFFF034605
:10DAB800002B01D003F022F907F13C03184609F0C6
:10DAC80027F90346002B01D003F018F908F0E0FF0E
:10DAD8000346002B07D003F011F904E097F87B30D8
:10DAE800013387F87B3097F87B30022B7FF65BAFEA
:10DAF80008F092FF0346002B01D003F0FFF84FF423
:10DB08000070F7F77FF900BF8037BD4680BD00BFC2
:10DB1800A007FA0B006F002080B594B000AF4FF05B
:10DB280000024FF00003C7E908234FF000024FF04E
:10DB38000003C7E906234FF000024FF00003C7E9CE
:10DB4800042307F1200308221946E248F7F737F8BB
:10DB580007F1180308221946DF48F7F730F807F1EC
:10DB6800100308221946DD48F7F729F897ED047BDA
:10DB7800B0EE470AF0EE670AF8F722F953EC102BDB
:10DB880010461946F2F7FAFF0346A7F84C30D7E9D2
:10DB9800062310461946F2F7F1FF034687F84B3083
:10DBA800D7E9082310461946F2F7E8FF034687F835
:10DBB8004A3001233B7200237B720023BB7200238F
:10DBC800FB7200233B7300237B730023BB7300238A
:10DBD8003B7001237B700023BB700023FB70002384
:10DBE8003B7100237B710023BB7197F84A30013BDE
:10DBF80087F8493097F8493003F0010387F849302E
:10DC080097F84A30013B5B1087F8483097F848305E
:10DC180003F0010387F8483097F84A30013B9B101E
:10DC280087F8473097F8473003F0010387F8473003
:10DC3800002387F84F3097F84B30013B042B49D825
:10DC480001A252F823F000BF65DC00087DDC000863
:10DC580095DC0008ADDC0008C5DC00080123BB72B8
:10DC680000233B7000237B700123FB70002387F89F
:10DC78004F302FE00123FB7200233B7000237B70A1
:10DC880001233B71002387F84F3023E001233B73C6
:10DC980001233B7001237B7001237B71012387F8EB
:10DCA8004F3017E001237B7301233B7001237B7006
:10DCB8000123BB71012387F84F300BE00123BB73AD
:10DCC80000233B7000237B700123BB70002387F87F
:10DCD8004F3000BF97F84A30013B042B1BD801A2F4
:10DCE80052F823F001DD000807DD00080DDD00080B
:10DCF80013DD000819DD00080123BB720BE00123C6
:10DD0800FB7208E001233B7305E001237B7302E00B
:10DD18000123BB7300BF4CF25033A7F84430B7F867
:10DD280044306F4A526811461846F5F75DFF0346BE
:10DD3800A7F84230B7F84430694A126811461846C5
:10DD4800F5F752FF0346A7F840304FF47A620021F6
:10DD580064481CF00EFF4FF47A62002162481CF000
:10DD680008FFF4F779F9F9F7B7FA642004F0F8F83E
:10DD780007F1080393E80300F8F7D0F9584B0FCBE5
:10DD8800F8F72AFA01210120F7F74CFE41F2680062
:10DD9800F7F776FE0346002B01D002F0AFFF012013
:10DDA800F7F7BAFE642004F0DBF8F7F7C7FE03467E
:10DDB800002B01D002F0A2FFB7F84C300021184622
:10DDC800F7F728FF0346002B01D002F097FF3B46E8
:10DDD80093E80300F8F744F90120F8F71BF997F8DE
:10DDE8004F3097F8472097F8481097F84900F5F70B
:10DDF800CBFE0120F5F7B6FE642004F0B1F8F4F785
:10DE08002BF90120F8F718F90120F8F75DFA344BDF
:10DE18009B68184604F0A4F8F9F728FAB7F84430D4
:10DE2800B7F842202F493148F5F720FFF9F71EFAD5
:10DE3800B7F84430B7F842202B492D48F5F716FFBC
:10DE4800F9F74AFA0020F5F78DFEB7F84020B7F841
:10DE5800423019462348F5F723FF87ED0E0BB7F834
:10DE68004020B7F8423019461F48F5F719FF87EDEB
:10DE78000C0BD7E90C23D7E90E01F2F707FA024693
:10DE88000B461C49C1E90023B7F84C301846F2F795
:10DE980039FB184B93ED007BB0EE471AF0EE671A8A
:10DEA80041EC100BF5F784FF87ED0A0BD7E90A015F
:10DEB800F2F764FE03461846F5F720FAD7E90A2375
:10DEC80043EC172BB0EE470AF0EE670A5037BD4611
:10DED80080BD00BF9CC40208A4C40208ACC40208E8
:10DEE800401A0020106F0020B07E0020200000148F
:10DEF80040000018508E002080B588B000AF4FF069
:10DF080000024FF00003C7E902234FF000024FF070
:10DF18000003C7E9002307F108030822194632481D
:10DF2800F6F74DFE3B46082219463048F6F747FEFD
:10DF3800FFF7F2FD87ED060BD7E90023D7E90601C5
:10DF4800F2F7CCFD0346002B03D000212848F5F753
:10DF5800BDF8284BD3E90001D7E90623F2F776FC90
:10DF680002460B46C7E9042397ED040B1E48F6F753
:10DF7800E9FE87ED040BD7E90223D7E90401F2F79C
:10DF8800A3FD0346002B24D1D7E90223D7E90401D6
:10DF9800F2F7A4FD0346002B04D000211648F5F73C
:10DFA80095F80CE0D7E90223D7E90401F2F7B4FDAC
:10DFB8000346002B03D000211048F5F787F8D7E96E
:10DFC8000423C7E9022307F1080319460648F6F7B0
:10DFD800AEFD4FF40070F6F715FFF6F72FFF00BF00
:10DFE8002037BD4680BD00BFACC40208B4C40208D7
:10DFF800BCC40208508E0020C4C40208CCC4020865
:10E0080090B5CDB000AF07F59874A4F59274206070
:10E0180007F59870A0F5987080E80E0007F59873DA
:10E02800A3F598731B7887F81C31002387F81D31F6
:10E038000023C7F82031002387F82431002387F80C
:10E048002F31002387F82E3107F59873A3F59873BD
:10E058001B78F42B02D0F52B66D0B1E0842387F827
:10E068002F31842387F82E3107F59873A3F5987319
:10E078001B7A97F82F219A4208D807F59873A3F5C9
:10E0880098731B7A97F82E219A4203D2F12387F8C6
:10E098001D3199E007F59873A3F59873596807F14E
:10E0A8001003842218461CF0A7FD07F59873A3F502
:10E0B80090731B688033B3F5802F03D9012387F849
:10E0C8001D3181E007F59873A3F59873596807F136
:10E0D8009403842218461CF08FFDD7F8943003F57A
:10E0E800802007F19403043380221946F3F748FA95
:10E0F80007F11003191D07F1940304338022184611
:10E108001CF00EFD0346002B5ED007F59873A3F5AF
:10E1180090731B6803F5802007F11003191D012374
:10E128008022F3F7F9F94FE0042387F82F3104230D
:10E1380087F82E3107F59873A3F598731B7A97F82B
:10E148002F219A4208D807F59873A3F598731B7A7C
:10E1580097F82E219A4203D2F12387F81D3135E032
:10E168000123C7F8183107F59873A3F598735B680E
:10E178001B68C7F81831D7F818311846F4F71CF897
:10E18800C7F82801D7F828311B78002B04D140F2B2
:10E198000720F6F737FE19E0012387F81D31012320
:10E1A80087F82431D7F82831C7F82031D7F8283133
:10E1B8001B78022B0AD940F20220F6F723FE05E06D
:10E1C800F22387F81D3102E000BF00E000BF07F529
:10E1D8009873A3F592731B681C4607F58E7393E832
:10E1E800070084E8070007F59873A3F59273186889
:10E1F80007F59A77BD4690BD80B582B000AFF6F7B7
:10E2080011FE0346FB802348F4F798FCF4F7BEFAA6
:10E2180003463B71FF237B7132E0F3F71DFF7B79E7
:10E22800002B03D1F4F7D2FAFF237B71F3F758FDE3
:10E23800322003F095FEF4F7A9FA03463B71F6F78E
:10E24800F1FD0346FB80FB8840F20622934207D08B
:10E25800F3F702FFF3F744FD642003F081FE0CE0BE
:10E268003B79002B08D140F20120F6F7CBFDF6F7F9
:10E27800D9FD0346FB8000E000BF7B79013B7B7141
:10E28800FB8840F206229342C7D000BF00BF083780
:10E29800BD4680BD09E0000880B5BEB002AFC24BE4
:10E2A80000221A70C148F5F7DBFA034683F0010330
:10E2B800DBB2002B00F012834FF000024FF0000396
:10E2C800C7E92A234FF000024FF00003C7E92823CB
:10E2D8004FF000024FF00003C7E926234FF0000279
:10E2E8004FF00003C7E924234FF000024FF000036A
:10E2F800C7E922234FF000024FF00003C7E92023AB
:10E308004FF000024FF00003C7E91E234FF0000250
:10E318004FF00003C7E91C234FF000024FF0000341
:10E32800C7E91A234FF000024FF00003C7E918238A
:10E338004FF000024FF00003C7E916234FF0000228
:10E348004FF00003C7E914234FF000024FF0000319
:10E35800C7E912234FF000024FF00003C7E910236A
:10E368004FF000024FF00003C7E90E2307F1A8039E
:10E37800082219468E48F6F722FC07F1A003082266
:10E3880019468C48F6F71BFC07F198030822194632
:10E398008948F6F714FC07F19003082219468748C4
:10E3A800F6F70DFC07F18803082219468448F6F7AA
:10E3B80006FC07F18003082219468248F6F7FFFB9E
:10E3C80007F17803082219467F48F6F7F8FB07F1AA
:10E3D8007003082219467D48F6F7F1FB07F1680338
:10E3E800082219467A48F6F7EAFB07F16003082283
:10E3F80019467848F6F7E3FB07F15803082219464F
:10E408007548F6F7DCFB07F15003082219467348F4
:10E41800F6F7D5FB07F14803082219467048F6F7C6
:10E42800CEFB07F14003082219466E48F6F7C7FBF2
:10E4380007F13803082219466B48F6F7C0FBD7E9FD
:10E448002A01D7E91823F2F767FB0346002B0DD002
:10E45800D7E91823C7E92A2307F1A803194654481E
:10E46800F6F765FB00216148F4F730FE97ED2A7B4B
:10E47800B0EE470AF0EE670AF7F7A2FC53EC102B50
:10E4880010461946F2F77AFB0346A7F8EE30D7E9AB
:10E4980026234FF000005649F2F7D8F902460B46FA
:10E4A800104619463EA3D3E90023F2F7A5F8024621
:10E4B8000B46C7E938234FF000024FF08043D7E9F5
:10E4C8003801F2F7C3F902460B46C7E93623D7E904
:10E4D8002823D7E93601F2F701FB0346002B09D0C0
:10E4E800D7E93623C7E9282307F1A003194631489D
:10E4F800F6F71DFBD7E9282310461946F2F73EFB2D
:10E508000346BB62D7E93801F2F738FB0346FB62E2
:10E51800D7E920014FF00002364BF2F76DF80246BA
:10E528000B4610461946F2F729FB03463B63D7E929
:10E538001E014FF000022F4BF2F75EF802460B4621
:10E5480010461946F2F71AFB03467B63D7E9240104
:10E558004FF00002274BF2F74FF802460B461046E1
:10E568001946F2F70BFB0346C7F8D430D7E9220166
:10E578004FF000021F4BF2F73FF802460B461046D9
:10E588001946F2F7FBFA0346C7F8D030D7E9160167
:10E59800D7E91423F2F7C0FA0346002B36D02BE054
:10E5A8000000000080842E41588E0020D4C4020848
:10E5B800DCC40208E4C40208ECC40208F4C402087B
:10E5C800FCC4020804C502080CC5020814C50208E8
:10E5D8001CC5020824C502082CC5020834C5020857
:10E5E8003CC5020844C502084CC5020854C50208C7
:10E5F8000000F03F00408F40D7E91423C7E91623F5
:10E6080007F158031946BC48F6F791FA97ED167BBF
:10E61800B0EE470AF0EE670AF7F7D2FB53EC102B7F
:10E6280010461946F2F7AAFA0346A7F8CE30D7E9FA
:10E638001223ADA1D1E90001F2F708F902460B4611
:10E64800C7E93023AAA3D3E90023D7E93001F1F7BA
:10E65800D3FF02460B46D7E93801F1F717FE024609
:10E668000B46C7E92E23D7E93001F2F787FA0346AC
:10E678007B61D7E92E01F2F781FA0346BB61B7F84F
:10E68800CE30BB83D7E910014FF000029B4BF1F766
:10E69800B3FF02460B4610461946F2F76FFA0346D7
:10E6A8003B62D7E90E014FF00002944BF1F7A4FF4B
:10E6B80002460B4610461946F2F760FA03467B629B
:10E6C80001233B7300237B730023BB730023FB737D
:10E6D80000233B7400237B740023BB7400233B712D
:10E6E80001237B710023BB710023FB7100233B7264
:10E6F80000237B720023BB72814B1B78002B12D046
:10E7080001237B730123BB730123FB7301233B7438
:10E7180001237B7400233B7100237B710123FB7170
:10E7280001237B7273E0D7E91A2310461946F2F7E2
:10E7380025FA034687F8B730D7E91C23104619464F
:10E74800F2F71CFA034687F8B63097F8B730013B62
:10E75800042B3AD801A252F823F000BF79E7000849
:10E768008BE700089DE70008AFE70008C1E700084D
:10E778000123BB7300233B7100237B710123FB71D1
:10E7880023E00123FB7300233B7100237B710123EA
:10E798003B721AE001233B7401233B7101237B7117
:10E7A80001237B7211E001237B7401233B71012358
:10E7B8007B710123BB7208E00123BB7400233B710A
:10E7C80000237B710123BB7100BF97F8B630013B72
:10E7D800042B1CD801A252F823F000BFF9E7000867
:10E7E800FFE7000805E800080BE8000811E8000842
:10E7F8000123BB730BE00123FB7308E001233B7487
:10E8080005E001237B7402E00123BB7400BFF3F72A
:10E8180023FCF8F761FD642003F0A2FB07F10C0369
:10E8280093E80300F7F77AFC07F128030FCBF7F713
:10E83800D3FC7B6A009307F114030FCBF8F70CFAAB
:10E8480001210120F7F7EEF842F67150F7F718F9B1
:10E858000346002B01D002F051FA0120F7F75CF9CA
:10E86800642003F07DFBF7F769F90346002B01D01C
:10E8780002F044FA00210020F7F7CCF90346002BF8
:10E8880001D002F03BFAB7F8EE301A46D7F8D010AC
:10E89800D7F8D400F7F754FA3B1D93E80300F7F7CD
:10E8A800DFFB0120F7F7B6FB642003F059FBF3F711
:10E8B800D3FB0120F7F7C0FB0020F7F705FD104B4D
:10E8C8001B78002B03D0F8F77BFAF8F7CFFC0D4B39
:10E8D80001221A7000210C48F4F7F8FB094B1B7849
:10E8E8001846F037BD4680BD0000000080842E41E8
:10E8F800333333333333C33F2CC5020800408F40D2
:10E90800598E0020588E00205CC5020880B500AFE3
:10E9180000210548F4F7DAFBF8F7DEFC034B002288
:10E928001A7000BF80BD00BF64C50208588E002061
:10E9380080B400AF034B1B781846BD465DF8047BD6
:10E94800704700BF588E002080B584B000AFFFF735
:10E95800A3FC0346002B38D04FF000024FF0000311
:10E96800C7E900233B46082219461C48F6F727F951
:10E97800D7E9002310461946F2F700F90346FB6071
:10E98800FB68002B0BD0FB68591E00230422144897
:10E9980012F046FA0346002B01D002F0AFF901202D
:10E9A800F6F798FB03E0F3F757FBF6F729FCF6F7C1
:10E9B80039FA03461A4640F203239A42F3D000205C
:10E9C800F6F788FBFFF7A2FF03E04FF40070F6F7B5
:10E9D80019FA00BF1037BD4680BD00BF6CC50208DC
:10E9E8000093002080B48DB000AF0346FB800B4637
:10E9F800BB8013467B80BB8807EE903AB8EE677AF7
:10EA08007B8807EE903AF8EE677A77EE677AC7ED7B
:10EA18000A7AFB8807EE903AB8EE677ABB8807EE69
:10EA2800903AF8EE677A77EE677AC7ED097AD7ED0C
:10EA3800097AF5EEC07AF1EE10FA06D9D7ED0A7A1E
:10EA4800F5EEC07AF1EE10FA02D8DFED557A9FE0C4
:10EA580097ED097ADFED536AC7EE267AC7ED087A93
:10EA6800D7ED0A6A97ED087AC6EE877AC7ED077A76
:10EA7800DFED4D7AF8EE677A97ED077AB4EEE77A2C
:10EA8800F1EE10FA04DBDFED497AF8EEE77A7FE081
:10EA9800DFED477AF8EE677A97ED077AB4EEE77A12
:10EAA800F1EE10FA04D8DFED437AF8EEE77A6FE07A
:10EAB800002387F82F3065E097F82F303E4ADB00B7
:10EAC80013445B6807EE903AF8EE677AC7ED067A6A
:10EAD80097F82F300133384ADB0013445B6807EEA0
:10EAE800903AF8EE677AC7ED057A97ED077AD7ED91
:10EAF800067AB4EEE77AF1EE10FA3ED897ED077A87
:10EB0800D7ED057AB4EEE77AF1EE10FA35DB97ED3A
:10EB1800067AD7ED077A77EE676A97ED067AD7ED2A
:10EB2800057A37EE677AC6EE877AC7ED047A97F8E2
:10EB38002F30214A32F9333007EE903AF8EEE77A6F
:10EB4800C7ED037A97F82F3001331B4A32F9333077
:10EB580007EE903AF8EEE77AC7ED027A97ED027A77
:10EB6800D7ED037A37EE677AD7ED047A27EE277A5E
:10EB7800D7ED037A77EE277A0AE097F82F3001333A
:10EB880087F82F3097F82F30032B95D9DFED047ACB
:10EB9800B0EE670A3437BD465DF8047B704700BFA6
:10EBA8000000000000EC4247C0ED01001400000026
:10EBB800FE8300003200000008C6020880B400AFDF
:10EBC8000B4B1B68002B04D0094B1B68013B084A00
:10EBD8001360084B1B68002B04D0064B1B68013BD5
:10EBE800044A136000BFBD465DF8047B704700BF50
:10EBF800608E0020648E002080B59EB000AFF6F7CE
:10EC080011F90346A7F8683001224FF4807198483B
:10EC180008F012FF01224FF40071954808F00CFF2C
:10EC280001224FF48061934808F006FF00224FF458
:10EC38008071904808F000FF0120F5F7D5FA01200F
:10EC4800F4F726FF0023A7F854300023A7F856301E
:10EC580007F154039A1C07F1540311461846F4F7B8
:10EC680029FF854B01221A70844B01221A70844BAC
:10EC780000221A70834B00221A70834B00221A60FC
:10EC88007D4B1B78002B05D001224FF4806178481A
:10EC980008F0D2FE794B1B78002B05D001224FF4E7
:10ECA8000061734808F0C8FE07F1280329220021F3
:10ECB80018461BF05EFF4FF000024FF00003C7E953
:10ECC80008237248F5F711FF034687F8673007F104
:10ECD800280311331846FCF799FE034687F8663077
:10ECE80007F12803062219466948F5F768FF07F176
:10ECF80028030633012219466648F5F760FF07F135
:10ED08002003082219466448F5F759FF97F866303A
:10ED180007F1280210331344013397F86720194686
:10ED28005A48F5F74CFF07F128030F33022219461A
:10ED38005A48F5F744FF0123FB61D7E90823104639
:10ED48001946F1F71BFF03465B08BB61BB69C7F8AF
:10ED58003330FB69C7F82F30152387F85030F3F7A5
:10ED680085FD0346002B08D007F1280319464848BB
:10ED7800F5F759FF002387F82E300120F3F74EFCF2
:10ED8800F3F704FD034687F86B3097F86B3003F010
:10ED98000203002B29D040F6B833FB6620E0F3F7D6
:10EDA8005BF9F3F713FD02E0012003F0D9F8F2F75D
:10EDB80097FF034683F00103DBB2002BF4D1F3F78E
:10EDC800E5FC034687F86B3097F86B3003F00203D5
:10EDD800002B09D0012003F0C3F8FB6E013BFB6652
:10EDE800FB6E002BDBD100E000BF07F128031133D5
:10EDF8001846FCF70BFE07F128031846F3F78AFCC0
:10EE080002E0012003F0ACF8F2F76AFF034683F052
:10EE18000103DBB2002BF4D14FF47A733B671AE09D
:10EE2800F3F71AF9F3F7D2FC02E0012003F098F89F
:10EE3800F2F756FF034683F00103DBB2002BF4D14F
:10EE4800F3F7A4FC034687F86B30012003F088F839
:10EE58003B6F013B3B6797F86B30012B02D03B6F50
:10EE6800002BDDD10E4B4FF47A721A6074E100BFAB
:10EE780000100242000802425A8E00205B8E0020D9
:10EE88005C8E00205D8E0020648E002074C5020810
:10EE98007CC5020884C502088CC5020894C502080E
:10EEA800608E0020F3F7D8F8914B1B68002B40F0D8
:10EEB800EF808F4B4FF47A721A6007F154039A1C53
:10EEC80007F1540311461846F4F7F4FD00233B827A
:10EED80000237B820023BB8207F110014FF47A7371
:10EEE80002220120F5F792F907F11003991C4FF45B
:10EEF8007A7302220220F5F789F907F11003191D28
:10EF08004FF47A7302220320F5F780F93B8A798A55
:10EF1800BA8A1846FFF766FD87ED170A754B002277
:10EF28001A70754B00221A704FF48051734808F01C
:10EF38006BFD0346002B0CBF0123002387F85B30D1
:10EF48004FF400516D4808F05FFD0346002B0CBFDD
:10EF58000123002387F85A304021694808F054FDFE
:10EF68000346002B0CBF0123002387F85930B7F85C
:10EF7800683040F2092293424AD1624B1B78002B39
:10EF880003D097F85B30002B14D15F4B1B78002B14
:10EF980003D097F85A30002B0CD1D7ED177A9FED94
:10EFA8005B7AF4EEC77AF1EE10FA03DC97F8593081
:10EFB800002B01D0012300E0002387F8583097F890
:10EFC800583003F0010387F8583097F85830002B71
:10EFD80058D001224FF48071494808F02DFD0022D5
:10EFE8004FF48061454808F027FD00224FF4006186
:10EFF800424808F021FD97F85930002B03D0444BC4
:10F0080041F288321A6040F20A20F5F7FBFE39E037
:10F018003C4B1B78002B03D13B4B1B78002B31D08A
:10F02800D7ED177A9FED397AF4EEC77AF1EE10FA38
:10F0380028D597F8593083F00103DBB2002B21D093
:10F04800334B1B68002B1DD100224FF480712C48D4
:10F0580008F0F2FC2B4B1B78002B05D001224FF453
:10F068008061264808F0E8FC274B1B78002B05D068
:10F0780001224FF40061214808F0DEFC40F209202B
:10F08800F5F7C0FE07F1280311331846FCF7BEFC5C
:10F09800F3F79CFBF2F724FE322002F061FFF3F74E
:10F0A80075FB034687F86B3097F86B30002B4ED111
:10F0B80007F1280311331846FCF7A8FC07F12803C9
:10F0C8001846F3F727FB02E0012002F049FFF2F7A8
:10F0D80007FE034683F00103DBB2002BF4D14FF4A3
:10F0E8007A737B672CE0F2F7B7FFF3F76FFB14E056
:10F0F800608E00205C8E00205D8E00200010024291
:10F10800000802425A8E00205B8E00200000284230
:10F11800648E0020012002F023FFF2F7E1FD034690
:10F1280083F00103DBB2002BF4D1F3F72FFB034686
:10F1380087F86B30012002F013FF7B6F013B7B6780
:10F1480097F86B30012B02D07B6F002BCBD1F5F7F2
:10F1580069FE0346A7F86830B7F8683040F209221C
:10F1680093423FF49FAEB7F8683040F20A229342C8
:10F178003FF498AE01224FF480712F4808F05CFCF0
:10F1880000224FF480612D4808F056FC00224FF40D
:10F1980000612A4808F050FC00224FF4806126489C
:10F1A80008F04AFC4FF000024FF00003C7E90223C1
:10F1B80007F10803082219462148F5F700FDD7E9A9
:10F1C80002014FF000021F4BF1F716FA02460B46F8
:10F1D80010461946F1F7D2FC0346A7F8643000231D
:10F1E800BB800023FB803B1D9A1C3B1D1146184623
:10F1F800F4F760FCBA88FB88934238BF1346A7F837
:10F208006230B7F86220B7F864309A4209D9002210
:10F2180001210D4811F0B8FE002202210A4811F020
:10F22800B3FE0020F4F734FC0020F3F7F7F900BF31
:10F238007837BD4680BD00BF000802420010024278
:10F248009CC5020800408F400093002080B500AFA5
:10F25800FFF76EFB0346002B03D000210548F3F7A8
:10F2680035FFF8F739F8F5F715F80020F3F7D6F970
:10F2780000BF80BDA4C5020880B500AFF2F738F919
:10F28800F2F798FAFFF7E2FF01224FF480510248A3
:10F2980008F0D2FB00BF80BD0000024280B58EB0EE
:10F2A80000AFF2F7D9FEF2F723F9F2F783FAFFF786
:10F2B800CDFF00222021984808F0BEFB07F1140377
:10F2C80000221A605A609A60DA601A610323BB61EF
:10F2D8000023FB614FF480537B6107F11403194647
:10F2E8008E4808F0DBF810237B6107F114031946F8
:10F2F8008A4808F0D3F820237B6107F114031946E4
:10F30800864808F0CBF820237B6107F114031946DF
:10F31800814808F0C3F810237B6107F114031946EC
:10F328007D4808F0BBF880237B6107F11403194678
:10F33800794808F0B3F802237B6107F114031946F2
:10F34800774808F0ABF808237B6107F114031946E6
:10F35800734808F0A3F810237B6107F114031946DA
:10F368006F4808F09BF820237B6107F114031946C6
:10F378006B4808F093F840237B6107F114031946A2
:10F38800674808F08BF880237B6107F1140319465E
:10F39800634808F083F84FF480737B6107F1140326
:10F3A80019465F4808F07AF84FF400737B6107F15B
:10F3B800140319465A4808F071F84FF480637B61CA
:10F3C80007F114031946564808F068F84FF400632B
:10F3D8007B6107F114031946514808F05FF84FF4B0
:10F3E80080537B6107F1140319464D4808F056F81D
:10F3F8004FF400537B6107F114031946484808F09D
:10F408004DF804237B6107F114031946454808F0B9
:10F4180045F801237B6107F114031946414808F0B8
:10F428003DF802237B6107F1140319463D4808F0B3
:10F4380035F808237B6107F114031946394808F0A9
:10F448002DF810237B6107F114031946354808F09D
:10F4580025F802F0A9FD344BD3F8D830324A43F4EA
:10F468000063C2F8D830304BD3F8D8302E4A43F472
:10F478008053C2F8D8302C4BD3F8D8302A4A43F4FA
:10F488000053C2F8D83029480BF056FF0346002B2A
:10F4980001D001F033FC26480BF04EFF0346002B49
:10F4A80001D001F02BFC4FF000024FF00003C7E938
:10F4B8000A2307F12803082219461E48F5F77FFB9F
:10F4C800D7E90A2310461946F1F758FB03463B6370
:10F4D8003B6B002B0BD03B6B591E002304221648B4
:10F4E80011F09EFC0346002B01D001F007FC134BE2
:10F4F8001B781846F5F7EEFD8021114808F084FACC
:10F508000346002B02D10120F5F75AFFF5F78AFCD4
:10F518000346FB861EE000BF0010024200180242AC
:10F52800000C024200140242000C02469491002092
:10F5380084920020ACC50208009300204A490020AC
:10F5480000080242012100200CF0E2FEF5F76AFCF7
:10F558000346FB86FB8EB3F5807FF3D07A480BF029
:10F5680034FF0346002B01D001F0C8FB77480BF0AD
:10F578002CFF0346002B01D001F0C0FB744811F0AA
:10F58800BBFC0346002B01D001F0B8FB0020F5F7C7
:10F59800A1FD01F0B1FA01F021FB6E4B9B6B6D4AA6
:10F5A80043F00103936302F00FFD3B4600221A600B
:10F5B8005A609A60DA601A610023FB6000237B605E
:10F5C8000123BB6041F210033B603B461946624889
:10F5D80007F064FF01237B600023BB6020233B60AE
:10F5E8003B4619465C4807F059FF20233B603B46E1
:10F5F80019465A4807F052FF01222021574808F0BF
:10F608001BFA10233B603B461946544807F046FF57
:10F6180080233B603B461946504807F03FFF0122D4
:10F6280080214E4808F008FA0123BB6002233B60A2
:10F638003B4619464A4807F031FF08233B603B46E2
:10F648001946474807F02AFF10233B603B461946F6
:10F65800434807F023FF20233B603B4619464048B8
:10F6680007F01CFF40233B603B4619463C4807F027
:10F6780015FF80233B603B461946394807F00EFFCB
:10F688004FF480733B603B461946354807F006FF48
:10F698004FF400733B603B461946314807F0FEFEC5
:10F6A8004FF480633B603B4619462D4807F0F6FE51
:10F6B8004FF400633B603B461946294807F0EEFECD
:10F6C8004FF480533B603B461946254807F0E6FE59
:10F6D8004FF400533B603B461946214807F0DEFED5
:10F6E80004233B603B4619461E4807F0D7FE01231A
:10F6F8003B603B4619461B4807F0D0FE02233B609F
:10F708003B461946174807F0C9FE08233B603B46AD
:10F718001946144807F0C2FE10233B603B461946C1
:10F72800104807F0BBFEF2F797FC0F48F1F7C8FE48
:10F738000E490F48F1F7DEFF00210E48F3F7C6FC2B
:10F7480000BF3837BD4680BD9491002084920020C8
:10F7580000930020000802460018024200100242EE
:10F76800000C0242001402425D3A0008C515000868
:10F77800852B0008B4C5020880B584B000AF4FF0EF
:10F7880000024FF00003C7E900233B460822194650
:10F798001448F5F714FAD7E900014FF00002124BAC
:10F7A800F0F72AFF02460B46C7E90023D7E90023F2
:10F7B80010461946F1F7E2F90346FB60FFF746FDEC
:10F7C8000020F2F731FCF86802F0CAFB0120F2F7DA
:10F7D8002BFC4FF48070F5F715FB00BF1037BD46C2
:10F7E80080BD00BFBCC5020800408F4080B588B00E
:10F7F80000AF3B462022002118461BF0BAF9364BD1
:10F80800364A1A60344B4FF480225A60324B042235
:10F818009A60314B0022DA602F4B01221A612E4B7D
:10F8280004229A612C4B00221A772B4B002283F872
:10F838002420294B02229A62274B002283F82C208D
:10F84800254B4FF4B4625A63234B4FF480629A639A
:10F85800214B002283F840201F4B00229A661E4B42
:10F8680000225A641C4B00221A651B4B0122DA63E2
:10F87800194B002283F85420174802F0A7FF0346CB
:10F88800002B01D001F03AFA154B3B6006237B6050
:10F898000023BB604FF6FF73FB6004233B6100232A
:10F8A8007B613B4619460C4804F00CF80346002BD4
:10F8B80001D001F023FA0C237B603B461946064829
:10F8C80004F000F80346002B01D001F017FA00BF3E
:10F8D8002037BD4680BD00BF688E002000800242F0
:10F8E8000100008080B588B000AF3B46202200218F
:10F8F80018461BF03EF9324B324A1A60304B4FF42F
:10F9080080225A602E4B04229A602D4B00225A61A5
:10F918002B4B4FF000421A61294B04229A61284B65
:10F9280000221A62264B00221A77254B002283F800
:10F938002420234B01229A62214B002283F82C2099
:10F948001F4B4FF498625A631D4B4FF480629A63C1
:10F958001B4B002283F84020194B4FF000529A6647
:10F96800174B0022DA66164B00225A64144B022207
:10F978009A64134B0022DA64114B002283F8542056
:10F988000F4802F023FF0346002B01D001F0B6F91F
:10F998000D4B3B6001237B600023BB6004233B616C
:10F9A80000237B613B461946054803F08BFF03465D
:10F9B800002B01D001F0A2F900BF2037BD4680BD61
:10F9C800F48E0020001002460100008080B58EB041
:10F9D80000AF786007F1240300221A605A609A6029
:10F9E800DA601A617B681B68A54A934240F09180EF
:10F9F800A44BD3F88C30A34A43F48063C2F88C300C
:10FA0800A04BD3F88C3003F480633B623B6A9D4B78
:10FA1800D3F88C309B4A43F00103C2F88C30994BE1
:10FA2800D3F88C3003F00103FB61FB69954BD3F8E5
:10FA38008C30944A43F00203C2F88C30914BD3F8CF
:10FA48008C3003F00203BB61BB6903237B62032391
:10FA5800BB620023FB6207F1240319468A4807F0BA
:10FA68001DFD07237B620323BB620023FB6207F1B2
:10FA780024031946854807F011FD854B854A1A600D
:10FA8800834B00225A60824B00229A60804B0022EE
:10FA9800DA607F4B00221A617D4B4FF400225A61D5
:10FAA8007B4B02229A617A4B4FF40032DA61784B31
:10FAB80000221A62764B01225A62754B01229A6221
:10FAC800734B0022DA62724B00221A63704B0022D9
:10FAD8005A636F4805F0D8FD0346002B01D001F0AA
:10FAE8000DF97B686A4A1A67694A7B68D3651021F1
:10FAF800674806F04FFA0346002B01D001F0FEF8E4
:10FB080000220021252005F084FA252005F09BFA23
:10FB1800B2E07B681B68604A934240F0AD80594B65
:10FB2800D3F89430574A43F02003C2F89430554B29
:10FB3800D3F8943003F020037B617B69514BD3F8F1
:10FB48008C30504A43F00403C2F88C304D4BD3F844
:10FB58008C3003F004033B613B694A4BD3F88C308B
:10FB6800484A43F02003C2F88C30464BD3F88C3017
:10FB780003F02003FB60FB68424BD3F88C30414A0A
:10FB880043F04003C2F88C303E4BD3F88C3003F07E
:10FB98004003BB60BB6817237B620323BB6200235F
:10FBA800FB6207F1240319463C4807F077FC4FF441
:10FBB80040437B620323BB620023FB6207F12403FB
:10FBC8001946374807F06AFC01237B620323BB62AE
:10FBD8000023FB6207F124031946324807F05EFC54
:10FBE800314B324A1A60304B01225A602E4B0022A8
:10FBF8009A602D4B0022DA602B4B00221A612A4BA7
:10FC08004FF400225A61284B02229A61264B4FF486
:10FC18000032DA61244B00221A62234B01225A6215
:10FC2800214B01229A62204B4FF04022DA621E4B90
:10FC380000221A631C4B00225A631B4805F024FD5E
:10FC48000346002B01D001F059F87B68164A1A6761
:10FC5800154A7B68D3651021134806F09BF90346C3
:10FC6800002B01D001F04AF800220021712005F094
:10FC7800D0F9712005F0E7F900BF3837BD4680BDDF
:10FC880000800242000C02460000024200040242C8
:10FC9800808F0020500002400010024600080242F7
:10FCA8000014024200180242F88F0020D0000240DF
:10FCB80080B582B000AF78607B681B68204A9342A9
:10FCC80018D1204BD3F88C301E4A23F48063C2F835
:10FCD8008C3003211C4807F0B9FD07211B4807F0A9
:10FCE800B5FD7B681B6F184605F0FAFD252005F069
:10FCF800B8F921E07B681B68154A93421CD1114B67
:10FD0800D3F894300F4A23F02003C2F89430172117
:10FD1800104807F09BFD4FF440410F4807F096FD4F
:10FD280001210E4807F092FD7B681B6F184605F00D
:10FD3800D7FD712005F095F900BF0837BD4680BD95
:10FD480000800242000C0246000002420004024207
:10FD58000010024600080242001402420018024243
:10FD680080B500AF134B144A1A60124B01221A7166
:10FD7800104B01225A710F4B41F221029A600D4B30
:10FD88000822DA600B4B4FF6FF721A61094B00220A
:10FD98005A61084B00229A61064B01221A620548F3
:10FDA80005F026FA0346002B01D000F0A7FF00BF9C
:10FDB80080BD00BF709000200030024080B485B044
:10FDC80000AF78607B681B680B4A93420ED10B4BDF
:10FDD800D3F88830094A43F48053C2F88830074B77
:10FDE800D3F8883003F48053FB60FB6800BF1437F6
:10FDF800BD465DF8047B704700300240000C0246A7
:10FE080080B582B000AF114BD3F888300F4A43F069
:10FE18000103C2F888300D4BD3F8883003F0010392
:10FE28007B607B68002200211D2005F0F2F81D2070
:10FE380005F009F9002200211E2005F0EAF81E202D
:10FE480005F001F900BF0837BD4680BD000C024629
:10FE580080B58EB000AF07F1240300221A605A6003
:10FE68009A60DA601A61C24BD3F88C30C04A43F00A
:10FE78001003C2F88C30BE4BD3F88C3003F010035B
:10FE88003B623B6ABA4BD3F88C30B94A43F0020361
:10FE9800C2F88C30B64BD3F88C3003F00203FB6108
:10FEA800FB69B34BD3F88C30B14A43F04003C2F836
:10FEB8008C30AF4BD3F88C3003F04003BB61BB6987
:10FEC800AB4BD3F88C30AA4A43F00803C2F88C3005
:10FED800A74BD3F88C3003F008037B617B69A44BF4
:10FEE800D3F88C30A24A43F00403C2F88C30A04BFC
:10FEF800D3F88C3003F004033B613B699C4BD3F887
:10FF08008C309B4A43F00103C2F88C30984BD3F8ED
:10FF18008C3003F00103FB60FB68954BD3F88C3001
:10FF2800934A43F08003C2F88C30914BD3F88C305D
:10FF380003F08003BB60BB688D4BD3F88C308C4AD0
:10FF480043F02003C2F88C30894BD3F88C3003F08F
:10FF580020037B607B6801226021864807F06CFDE6
:10FF6800002240F69671834807F066FD002249F6A4
:10FF78003071814807F060FD002243F6FF717F4829
:10FF880007F05AFD01224FF408417D4807F054FD5F
:10FF980001224FF400717B4807F04EFD00224FF418
:10FFA800A151794807F048FD00224FF48071764846
:10FFB80007F042FD002241F21411714807F03CFDA0
:10FFC800002240F264416F4807F036FD00221F21ED
:10FFD8006E4807F031FD4FF47F637B620123BB62FB
:10FFE8000023FB6200233B6307F1240319466148A1
:08FFF80007F054FA06237B62B6
:020000040801F1
:100000000123BB620123FB6200233B6307F124034E
:1000100019465A4807F046FA49F630737B620123C5
:10002000BB620023FB6200233B6307F124031946F4
:10003000534807F037FA40237B620023BB62012359
:10004000FB6207F1240319464D4807F02BFA41F2F1
:1000500012037B620023BB620123FB6207F12403CE
:1000600019464A4807F01EFA43F6FF737B620123E4
:10007000BB620123FB6203233B6307F124031946A0
:10008000404807F00FFA4FF421537B620023BB6214
:100090000123FB6207F1240319463D4807F002FAE9
:1000A00080237B623C4BBB620123FB6207F124038C
:1000B0001946374807F0F6F94FF400437B620123F5
:1000C000BB620123FB6200233B6307F12403194653
:1000D0002D4807F0E7F908237B620323BB62002366
:1000E000FB6207F1240319462C4807F0DBF940F2C4
:1000F00024637B620123BB620023FB6200233B631A
:1001000007F124031946214807F0CCF94FF4A9530D
:100110007B620123BB620023FB6200233B6307F188
:10012000240319461A4807F0BDF941F214037B6213
:100130000123BB620023FB6200233B6307F124031E
:100140001946114807F0AEF901237B620323BB6215
:100150000023FB6207F124031946084807F0A2F9BF
:100160004FF400637B620123BB620023FB62032325
:100170003B6307F1240313E0000C02460010024227
:1001800000040242000C0242000002420018024237
:10019000000802420014024200003110001C02421A
:1001A00019465A4807F07EF91B237B620123BB6284
:1001B0000123FB6203233B6307F1240319465448E0
:1001C00007F070F980237B620323BB620023FB628C
:1001D00007F1240319464F4807F064F94FF4807380
:1001E0007B620123BB620123FB6203233B6307F1B4
:1001F00024031946454807F055F904237B6201237F
:10020000BB620123FB6200233B6307F12403194611
:100210003F4807F047F94FF400737B620023BB624D
:100220000023FB6207F1240319463B4807F03AF923
:1002300043F620037B620323BB620023FB6207F1CA
:1002400024031946324807F02DF908237B62032363
:10025000BB620023FB6207F1240319462E4807F016
:1002600021F940237B621123BB620023FB62002340
:100270003B6307F124031946284807F013F90823C4
:100280007B620323BB620023FB6207F12403194650
:10029000224807F007F94FF440437B620323BB6217
:1002A0000023FB6207F1240319461D4807F0FAF802
:1002B0004FF470437B620023BB620123FB6207F1B2
:1002C00024031946174807F0EDF808237B62164B04
:1002D000BB620023FB6207F1240319460B4807F0B9
:1002E000E1F8002200210E2004F097FE0E2004F019
:1002F000AEFE00220021122004F08FFE122004F036
:10030000A6FE00BF3837BD4680BD00BF00000242D8
:100310000014024200040242000802420018024295
:10032000000C0242001002420000311080B500AF04
:10033000064B20221A60054807F0C0FB0346002B3D
:1003400001D000F0DFFC00BF80BD00BF9490002012
:1003500080B584B000AF78600D4BD3F88C300C4A78
:1003600043F40033C2F88C30094BD3F88C3003F4DB
:100370000033FB60FB6800220021602004F04DFE8A
:10038000602004F064FE00BF1037BD4680BD00BF92
:10039000000C024680B500AF1B4B1C4A1A601A4B7A
:1003A0001B4A5A60184B00229A60174B0122DA60F0
:1003B000154B00221A61144B00225A61124B002285
:1003C0009A61114B0022DA610F4B00221A620E482B
:1003D00008F0CCF90346002B01D000F093FC00217B
:1003E00009480AF0DFFC0346002B01D000F08AFC2C
:1003F000002105480AF021FD0346002B01D000F042
:1004000081FC00BF80BD00BFD89000200058004094
:10041000FF7BF00080B500AF1B4B1C4A1A601A4BE3
:100420001B4A5A60184B00229A60174B0122DA606F
:10043000154B00221A61144B00225A61124B002204
:100440009A61114B0022DA610F4B00221A620E48AA
:1004500008F08CF90346002B01D000F053FC00217A
:1004600009480AF09FFC0346002B01D000F04AFC2B
:10047000002105480AF0E1FC0346002B01D000F002
:1004800041FC00BF80BD00BF2C9100200028004629
:10049000FF7BF00080B5BEB000AF786007F1E403E9
:1004A00000221A605A609A60DA601A6107F1180334
:1004B000C822002118461AF060FB7B681B685D4A61
:1004C000934257D14FF080024FF00003C7E9062353
:1004D0000023C7F8843007F1180318460DF006FB17
:1004E0000346002B01D000F00DFC534BD3F88C30A9
:1004F000514A43F00203C2F88C304F4BD3F88C3092
:1005000003F002037B617B694FF4C043C7F8E4301A
:100510001223C7F8E8300123C7F8EC300023C7F8EE
:10052000F0300423C7F8F43007F1E40319464348D8
:1005300006F0B8FF404BD3F89C303F4A43F48003A9
:10054000C2F89C303C4BD3F89C3003F480033B61F1
:100550003B6900220021392004F05FFD392004F0BE
:1005600076FD002200213A2004F057FD3A2004F0E5
:100570006EFD5BE07B681B68314A934256D14FF4B5
:1005800080724FF00003C7E906230023C7F88830C4
:1005900007F1180318460DF0A9FA0346002B01D005
:1005A00000F0B0FB244BD3F88C30234A43F04003D7
:1005B000C2F88C30204BD3F88C3003F04003FB6042
:1005C000FB684FF4C073C7F8E4301223C7F8E83073
:1005D0000023C7F8EC300323C7F8F0300423C7F832
:1005E000F43007F1E4031946164806F05BFF124B9E
:1005F000D3F8A830104A43F08003C2F8A8300E4B5D
:10060000D3F8A83003F08003BB60BB680022002150
:10061000582004F002FD582004F019FD00220021AA
:10062000592004F0FAFC592004F011FD00BFF837FE
:10063000BD4680BD00580040000C02460004024246
:10064000002800460018024280B582B000AF7860F2
:100650007B681B681D4A934218D11D4BD3F89C3010
:100660001B4A23F48003C2F89C304FF40051194810
:1006700007F0F0F84FF48041164807F0EBF8392006
:1006800004F0F3FC3A2004F0F0FC1BE07B681B68EC
:10069000114A934216D10E4BD3F8A8300C4A23F0DE
:1006A0008003C2F8A83080210C4807F0D3F84FF43B
:1006B00080710A4807F0CEF8582004F0D6FC592083
:1006C00004F0D3FC00BF0837BD4680BD0058004091
:1006D000000C0246000402420028004600180242B4
:1006E00080B500AF0AF0F6FB0346002B01D000F006
:1006F00009FB00BF80BD000080B500AF0D4B0E4A66
:100700001A600C4B03225A600A4B40F6FF72DA6003
:10071000084B4FF47A629A60064B64221A610548CE
:100720000AF074FC0346002B01D000F0EBFA00BF86
:1007300080BD00BF809100200030004080B500AF38
:10074000154B164A1A60144B00225A60124B4FF494
:1007500060629A60104B4FF6FF725A610E4B4FF475
:1007600070521A620C4B4FF480025A620A4B0022FC
:100770009A62094B0022DA62074B00221A63064B89
:100780003B225A6304480AF0DBFC0346002B01D0ED
:1007900000F0B8FA00BF80BD9491002000440046EC
:1007A00080B500AF154B164A1A60144B00225A60F0
:1007B000124B4FF460629A60104B4FF6FF725A6111
:1007C0000E4B4FF480721A620C4B4FF480025A6247
:1007D0000A4B00229A62094B0022DA62074B002280
:1007E0001A63064B00225A6304480AF0A9FC034628
:1007F000002B01D000F086FA00BF80BDE4910020FC
:100800000094004080B500AF154B164A1A60144B97
:1008100000225A60124B4FF460629A60104B4FF600
:10082000FF725A610E4B4FF470521A620C4B002249
:100830005A620B4B00229A62094B0022DA62084B83
:1008400000221A63064B00225A6305480AF078FC1E
:100850000346002B01D000F055FA00BF80BD00BF59
:10086000349200200048004680B500AF144B154A72
:100870001A60134B00225A60114B4FF460629A6069
:100880000F4B4FF6FF725A610D4B80221A620C4BD0
:1008900000225A620A4B00229A62094B0022DA6255
:1008A000074B00221A63064B00225A6304480AF0E1
:1008B00047FC0346002B01D000F024FA00BF80BDA6
:1008C00084920020004C004680B5B8B000AF78603C
:1008D00007F11803C822002118461AF04EF97B6868
:1008E0001B68624A93422BD14FF400724FF0000311
:1008F000C7E906234FF44063C7F8903007F11803A7
:1009000018460DF0F3F80346002B01D000F0FAF979
:10091000574BD3F8A830564A43F40063C2F8A830C6
:10092000534BD3F8A83003F400637B617B6900224A
:100930000021432004F071FB432004F088FB91E088
:100940007B681B684B4A93422BD14FF480624FF077
:100950000003C7E906234FF44023C7F8943007F19A
:10096000180318460DF0C2F80346002B01D000F022
:10097000C9F93F4BD3F8A0303D4A43F02003C2F8F9
:10098000A0303B4BD3F8A03003F020033B613B6920
:1009900000220021442004F040FB442004F057FBD7
:1009A00060E07B681B68344A93422BD14FF40062AD
:1009B0004FF00003C7E906234FF44073C7F898309F
:1009C00007F1180318460DF091F80346002B01D0EB
:1009D00000F098F9264BD3F8A830254A43F4805309
:1009E000C2F8A830224BD3F8A83003F48053FB6040
:1009F000FB6800220021622004F00FFB622004F05B
:100A000026FB2FE07B681B681C4A93422AD14FF4D7
:100A100000624FF00003C7E906234FF44073C7F8A4
:100A2000983007F1180318460DF060F80346002BC4
:100A300001D000F067F90E4BD3F8A8300C4A43F40C
:100A40000053C2F8A8300A4BD3F8A83003F400537F
:100A5000BB60BB68002200216E2004F0DEFA6E202D
:100A600004F0F5FA00BFE037BD4680BD0044004603
:100A7000000C02460094004000480046004C00462E
:100A800080B500AF01F0BEF900F0E0F800F038F8F2
:100A900000F0A8F800F0D0F9FFF7DEF9FFF7B4F99D
:100AA00001F0A6F8FEF7A6FEFEF720FFFFF772FCA6
:100AB000FFF7B0FC00F0CAFAFFF756F9FFF736FC73
:100AC000FFF73CFEFFF76CFEFFF79CFE00F05CF9C1
:100AD00000F01EF900F070FD00F024FF00F058FF58
:100AE000FFF7FEFDFFF708FEFFF7BEFE00F0FAFD80
:100AF00000F084FEFAF7F6FBFAF736FCFCE700009C
:100B000080B59EB000AF07F118036022002118469F
:100B10001AF033F83B4600221A605A609A60DA6095
:100B20001A615A614FF440300BF024FC0346002B4D
:100B300001D000F0E7F80BF0DFFB294BD3F8F030E1
:100B400023F01803264A43F01003C2F8F0302D2397
:100B5000BB614FF48033FB6181233B624FF48053D0
:100B60007B644FF08063FB6200233B6302233B65A1
:100B700003237B654FF40053FB650323BB651423FC
:100B80003B6602237B660223BB660223FB660C23C3
:100B90003B6700237B6707F1180318460BF0F6FC50
:100BA0000346002B01D000F0ADF81F233B60032368
:100BB0007B600023BB600023FB6000233B610023BC
:100BC0007B613B46042118460CF0BCFB0346002B1E
:100BD00001D000F097F800BF7837BD4680BD00BF58
:100BE000000C024680B5B2B000AF3B46C8220021DF
:100BF000184619F0C2FF4FF400424FF00003C7E956
:100C000000234FF40053C7F8A8300323BB600C2324
:100C1000FB6028233B6102237B610223BB6110231D
:100C2000FB6100233B6200237B624FF48023BB62A5
:100C30003B4618460CF05AFF0346002B01D000F04B
:100C400061F800BFC837BD4680BD000080B582B0E6
:100C500000AF0BF06BFC0BF089FC02200BF016FCD4
:100C60000346002B01D000F04DF8254BD3F894300B
:100C700003F00403002B0ED1214BD3F89430204A0B
:100C800043F00403C2F894301D4BD3F8943003F0C2
:100C900004033B603B680BF02FFB194BD3F8F0309B
:100CA00003F01803102B27D001F052F97860144B91
:100CB000D3F8F030124A23F00103C2F8F03008E014
:100CC00001F046F902467B68D31A41F2883293421A
:100CD00007D80B4BD3F8F03003F00203002BEFD111
:100CE00000E000BF064BD3F8F03023F01803044AAD
:100CF00043F01003C2F8F03000BF0837BD4680BD96
:100D0000000C024680B400AF72B600BF00BFFDE722
:100D100080B500AF064B074A1A6005480AF0B0FDDF
:100D20000346002B01D0FFF7EDFF00BF80BD00BFE1
:100D3000D492002000200C4280B584B000AF7860CF
:100D40007B681B680E4A934216D10E4BD3F88C3049
:100D50000C4A43F40023C2F88C300A4BD3F88C3091
:100D600003F40023FB60FB6800220021612004F0F3
:100D700054F9612004F06BF900BF1037BD4680BD07
:100D800000200C42000C024680B500AF074B084A19
:100D90001A60064B00225A6004480FF091FB03468C
:100DA000002B01D0FFF7AEFF00BF80BDEC9200200A
:100DB00000080C4280B5B6B000AF786007F11003B0
:100DC000C8220021184619F0D8FE7B681B68184A13
:100DD000934229D14FF400224FF00003C7E90423C6
:100DE0000023C7F8A83007F1100318460CF07EFE68
:100DF0000346002B01D0FFF785FF0E4BD3F88C3054
:100E00000C4A43F48023C2F88C300A4BD3F88C3060
:100E100003F48023FB60FB68002200215E2004F0C5
:100E2000FCF85E2004F013F900BFD837BD4680BD42
:100E300000080C42000C024680B58EB000AF07F1EE
:100E4000180300221A605A609A60DA601A615A61C7
:100E50009A613B1D00221A605A609A60DA601A613A
:100E600000233B604D4B4E4A1A604C4B00225A60A7
:100E70004A4B7F229A60494BFF22DA60474B00229F
:100E80001A61464B00225A61444B00229A61434B3F
:100E90004FF08042DA61414B00221A623F4B002240
:100EA0005A623E480FF02AFC0346002B01D0FFF7A0
:100EB00029FF0023BB6100237B620023BB62002368
:100EC000FB6207F118031946344810F08FF8034607
:100ED000002B01D0FFF716FF0021304810F070F80A
:100EE00078637B6B002B54D1012200212B4810F03A
:100EF0004FF800233B7100237B710023BB7100235B
:100F00003B6100237B613B1D0122194623480FF002
:100F10007FFC0346002B01D0FFF7F4FE07233B7054
:100F200001237B700123BB702323FB703B4601220E
:100F300019461A480FF07AFD0346002B01D0FFF73F
:100F4000E1FE002304223B2114480FF06DFF03460D
:100F5000002B01D0FFF7D6FE4FF480710F480FF041
:100F600039FE0346002B01D0FFF7CCFE4FF4007191
:100F70000A480FF02FFE0346002B01D0FFF7C2FEF8
:100F800006480FF0BDFF0346002B03D0FFF7BAFE63
:100F900000E000BF3837BD4680BD00BF0093002091
:100FA0000078004680B5B6B000AF786007F1100356
:100FB000C8220021184619F0E0FD7B681B68214A11
:100FC00093423AD14FF480224FF00003C7E9042343
:100FD0004FF48073C7F8D03007F1100318460CF0B7
:100FE00085FD0346002B01D0FFF78CFE164BD3F88E
:100FF000F030154A43F40043C2F8F030124BD3F8F6
:10100000A830114A43F40013C2F8A8300E4BD3F8AD
:10101000A83003F40013FB60FB680B4BD3F8D83007
:10102000094A43F40013C2F8D830002200210220FC
:1010300003F0F3FF022004F00AF800BFD837BD46E2
:1010400080BD00BF00780046000C024680B584B029
:1010500000AF3B1D00221A605A609A60314B324A41
:101060001A60304B4FF480025A602E4B00229A6077
:101070002C4B0722DA602B4B00221A61294B0022ED
:101080005A61284B4FF080629A61264B4FF08042A4
:10109000DA61244B00221A62224B00225A62214B51
:1010A00000229A621F4B0722DA621E4B4FF08042E9
:1010B0005A631C4B00229A631A4B0022DA63194BC5
:1010C00000229A64174B0022DA64164B00221A653C
:1010D000144B00225A65134B00229A65114B0022D3
:1010E000DA65104B00221A660E480FF0ADFF03467A
:1010F000002B01D0FFF706FE00237B604FF08053EA
:10110000BB600023FB603B1D1946064811F075FCCF
:101110000346002B01D0FFF7F5FD00BF1037BD4699
:1011200080BD00BF309300200030014080B5BCB0CE
:1011300000AF786007F1DC0300221A605A609A6001
:10114000DA601A6107F11003C8220021184619F06D
:1011500014FD7B681B682B4A93424ED14FF400026A
:101160004FF00003C7E904234FF48013C7F8C430DD
:1011700007F1100318460CF0B9FC0346002B01D010
:10118000FFF7C0FD204BD3F8A4301F4A43F480532F
:10119000C2F8A4301C4BD3F8A43003F48053FB6096
:1011A000FB68194BD3F88C30174A43F00103C2F89F
:1011B0008C30154BD3F88C3003F00103BB60BB6857
:1011C000E023C7F8DC300223C7F8E0300023C7F87B
:1011D000E4300023C7F8E8300523C7F8EC3007F106
:1011E000DC031946094806F05DF9002200213B2086
:1011F00003F013FF3B2003F02AFF00BFF037BD468A
:1012000080BD00BF00300140000C024600000242D9
:1012100080B582B000AF78607B681B680A4A934251
:101220000ED10A4BD3F8A430084A23F48053C2F8F5
:10123000A430E021064806F00DFB3B2003F015FF2B
:1012400000BF0837BD4680BD00300140000C02469B
:101250000000024280B582B000AF204BD3F894303A
:101260001E4A43F00403C2F894301C4BD3F8943068
:1012700003F004037B607B680BF058F90BF066F910
:10128000002200211B2003F0C8FE1B2003F0DFFE1C
:10129000002200216B2003F0C0FE6B2003F0D7FE7C
:1012A0000E4BD3F8A8300D4A43F48013C2F8A8308F
:1012B0000A4BD3F8A83003F480133B603B6830201E
:1012C00000F0A4FE00F0CAFE022000F0B3FE0020F1
:1012D00000F0B0FE00BF0837BD4680BD000C0246DE
:1012E00080B400AF00BFFDE780B400AF00BFFDE7F2
:1012F00080B400AF00BFFDE780B400AF00BFFDE7E2
:1013000080B400AF00BFFDE780B400AF00BFBD46B2
:101310005DF8047B704780B400AF00BFBD465DF848
:10132000047B704780B400AF00BFBD465DF8047B0E
:10133000704780B500AFFAF777F800BF80BD0000B6
:1013400080B500AF02480FF009FE00BF80BD00BFAE
:101350000093002080B500AF082006F089FB00BF95
:1013600080BD80B500AF802006F082FB00BF80BD4D
:1013700080B500AF024809F0C8FE00BF80BD00BFC5
:101380008091002080B500AF024804F08CFC00BFC3
:1013900080BD00BF808F002080B500AF024804F000
:1013A00082FC00BF80BD00BFF88F002080B500AF79
:1013B000024802F01DF800BF80BD00BF688E00200B
:1013C00080B500AF024812F0B5FA00BF80BD00BF83
:1013D000C093002080B500AF024812F0ABFA00BF06
:1013E00080BD00BF0C94002080B500AF024812F011
:1013F000A1FA00BF80BD00BF5894002080B500AFA7
:10140000024812F097FA00BF80BD00BFA4940020EC
:1014100080B500AF024807F002FE00BF80BD00BFEC
:10142000D890002080B500AF024807F012FE00BF40
:1014300080BD00BFD890002080B500AF024810F0FA
:10144000AFFE00BF80BD00BF3093002080B500AF6D
:10145000024813F0E1FF00BF80BD00BF3C950020B3
:1014600080B500AF02480AF010F800BF80BD00BF91
:101470009491002080B500AF02480AF006F800BF42
:1014800080BD00BFE491002080B500AF024812F09B
:1014900051FA00BF80BD00BFF094002080B500AFBE
:1014A000024807F0BCFD00BF80BD00BF2C910020AA
:1014B00080B500AF024807F0CCFD00BF80BD00BF83
:1014C0002C91002080B500AF02480FF097F800BFC4
:1014D00080BD00BFEC92002080B500AF024806F04E
:1014E0005FFB00BF80BD00BF9490002080B500AFBF
:1014F00002480AF043FA00BF80BD00BFD49200202A
:1015000080B500AF024809F0C0FF00BF80BD00BF3A
:101510003492002080B500AF09F036FD00BF80BDD9
:1015200080B500AF024809F0B0FF00BF80BD00BF2A
:101530008492002080B500AF024801F059FF00BF3F
:1015400080BD00BFF48E002080B400AF184BD3F8EC
:101550008830174A43F47003C2F88830154B0122D3
:101560001A60144B0022DA61124B00221A62114BEE
:1015700000225A620F4B1B680E4A23F0A85323F433
:10158000102313600B4B00229A620A4B1B68094A16
:1015900023F480231360074B00221A65044B4FF09D
:1015A00000629A6000BFBD465DF8047B704700BFD3
:1015B00000ED00E0000C024680B58EB000AF07F1F0
:1015C000280300221A605A609A60DA6007F11C034F
:1015D00000221A605A609A603B4600221A605A60E4
:1015E0009A60DA601A615A619A613C4B3C4A1A600F
:1015F0003A4B9F225A60394B00229A60374B40F297
:10160000E732DA60354B00221A61344B00229A61CE
:10161000324811F033FA0346002B01D0FFF772FB7A
:101620004FF48053BB6207F1280319462B4812F090
:101630005FFC0346002B01D0FFF764FB274811F045
:1016400071FE0346002B01D0FFF75CFB234811F02D
:1016500062FB0346002B01D0FFF754FB0023FB6124
:1016600000237B6207F11C0319461C4813F0FCFAA7
:101670000346002B01D0FFF745FB60233B6063234B
:101680007B600023BB6000233B613B460022194680
:10169000124812F019FB0346002B01D0FFF732FB72
:1016A00030233B6001237B603B46042219460B48F4
:1016B00012F090FA0346002B01D0FFF723FB074BF3
:1016C0001B689A69054B1B6842F400629A610348E3
:1016D00000F054FA00BF3837BD4680BDC0930020EB
:1016E0000004004080B58EB000AF07F1280300224F
:1016F0001A605A609A60DA6007F11C0300221A60CF
:101700005A609A603B4600221A605A609A60DA601A
:101710001A615A619A61374B374A1A60354B9F22DA
:101720005A60344B00229A60324B40F2E732DA6062
:10173000304B00221A612F4B00229A612D4811F084
:101740009DF90346002B01D0FFF7DCFA4FF48053DC
:10175000BB6207F128031946264812F0C9FB03466D
:10176000002B01D0FFF7CEFA224811F0DBFD034633
:10177000002B01D0FFF7C6FA1E4811F0CCFA034641
:10178000002B01D0FFF7BEFA0023FB6100237B6230
:1017900007F11C031946174813F066FA0346002B9D
:1017A00001D0FFF7AFFA60233B6063237B60002327
:1017B000BB6000233B613B46002219460D4812F0F6
:1017C00083FA0346002B01D0FFF79CFA30233B60DD
:1017D00001237B603B4604221946064812F0FAF9C1
:1017E0000346002B01D0FFF78DFA00BF3837BD4606
:1017F00080BD00BF0C9400200008004080B58EB072
:1018000000AF07F1280300221A605A609A60DA607C
:1018100007F11C0300221A605A609A603B460022BE
:101820001A605A609A60DA601A615A619A613B4B99
:101830003B4A1A60394B9F225A60384B00229A600B
:10184000364B40F2E732DA60344B00221A61334BF8
:1018500000229A61314811F011F90346002B01D0A2
:10186000FFF750FA4FF48053BB6207F12803194683
:101870002A4812F03DFB0346002B01D0FFF742FA45
:10188000264811F04FFD0346002B01D0FFF73AFA2E
:10189000224811F040FA0346002B01D0FFF732FA3C
:1018A0000023FB6100237B6207F11C0319461B48E0
:1018B00013F0DAF90346002B01D0FFF723FA602377
:1018C0003B6063237B600023BB6000233B613B469E
:1018D00000221946114812F0F7F90346002B01D0F7
:1018E000FFF710FA30233B6001237B603B46042264
:1018F00019460A4812F06EF90346002B01D0FFF793
:1019000001FA064B1B689A69044B1B6842F400629B
:101910009A6100BF3837BD4680BD00BF5894002093
:10192000000C004080B584B000AF3B1D00221A605F
:101930005A609A60144B154A1A60134B0F225A6072
:10194000114B00229A60104B40F2E732DA600E4BE6
:1019500000229A610C4811F091F80346002B01D047
:10196000FFF7D0F920237B600023FB603B1D194665
:10197000054813F079F90346002B01D0FFF7C2F9AF
:1019800000BF1037BD4680BDA49400200010004069
:1019900080B588B000AF07F1100300221A605A60CA
:1019A0009A60DA603B1D00221A605A609A601F4BF1
:1019B0001F4A1A601D4B0F225A601C4B00229A606E
:1019C0001A4B40F2E732DA60184B00221A61174BCB
:1019D00000225A61154B00229A61144811F04EF80A
:1019E0000346002B01D0FFF78DF94FF480533B6184
:1019F00007F1100319460D4812F07AFA0346002B3E
:101A000001D0FFF77FF920237B600023FB603B1DA3
:101A10001946064813F028F90346002B01D0FFF7BA
:101A200071F900BF2037BD4680BD00BFF094002093
:101A30000040014080B588B000AF78607B681B68CB
:101A4000484A934217D1484BD3F89C30464A43F05A
:101A50000203C2F89C30444BD3F89C3003F00203DD
:101A6000FB61FB69002200212E2003F0D6FA2E2014
:101A700003F0EDFA72E07B681B683C4A934217D191
:101A8000394BD3F89C30384A43F00403C2F89C30F9
:101A9000354BD3F89C3003F00403BB61BB690022D3
:101AA00000212F2003F0B9FA2F2003F0D0FA55E0DF
:101AB0007B681B682E4A934217D12B4BD3F89C307E
:101AC000294A43F00803C2F89C30274BD3F89C30D6
:101AD00003F008037B617B6900220021302003F0C2
:101AE0009CFA302003F0B3FA38E07B681B68214A87
:101AF000934217D11C4BD3F89C301B4A43F0100380
:101B0000C2F89C30184BD3F89C3003F010033B61B3
:101B10003B6900220021312003F07FFA312003F0DD
:101B200096FA1BE07B681B68134A934216D10E4B52
:101B3000D3F8A4300C4A43F48033C2F8A4300A4BE3
:101B4000D3F8A43003F48033FB60FB68002200214B
:101B5000452003F062FA452003F079FA00BF2037F0
:101B6000BD4680BD00040040000C02460008004055
:101B7000000C0040001000400040014080B588B0DB
:101B800000AF786007F10C0300221A605A609A6077
:101B9000DA601A617B681B68124A93421ED1124BAD
:101BA000D3F88C30104A43F01003C2F88C300E4B3F
:101BB000D3F88C3003F01003BB60BB680823FB60D4
:101BC00002233B6101237B610323BB610223FB6191
:101BD00007F10C031946054805F064FC00BF2037E7
:101BE000BD4680BD00040040000C024600100242C9
:101BF00080B500AF224B234A1A60214B4FF4E132EB
:101C00005A601F4B00229A601D4B0022DA601C4B69
:101C100000221A611A4B0C225A61194B00229A6158
:101C2000174B0022DA61164B00221A62144B002275
:101C30005A62134B00229A62114813F01DF90346B1
:101C4000002B01D0FFF75EF800210D4815F09FFB37
:101C50000346002B01D0FFF755F80021084815F086
:101C6000D4FB0346002B01D0FFF74CF8044815F0D5
:101C700055FB0346002B01D0FFF744F800BF80BDA1
:101C80003C9500200038014080B5BCB000AF7860C2
:101C900007F1DC0300221A605A609A60DA601A6168
:101CA00007F11003C8220021184618F066FF7B6870
:101CB0001B682A4A93424DD14FF001024FF00003B6
:101CC000C7E9042300233B6607F1100318460BF015
:101CD0000DFF0346002B01D0FFF714F8204BD3F87B
:101CE000A4301F4A43F48043C2F8A4301C4BD3F8FD
:101CF000A43003F48043FB60FB68194BD3F88C30AD
:101D0000174A43F00103C2F88C30154BD3F88C30DE
:101D100003F00103BB60BB684FF4C063C7F8DC305D
:101D20000223C7F8E0300023C7F8E4300023C7F8E7
:101D3000E8300723C7F8EC3007F1DC0319460948FF
:101D400005F0B0FB002200213D2003F066F93D20A4
:101D500003F07DF900BFF037BD4680BD003801407B
:101D6000000C02460000024280B582B000AF7860ED
:101D70007B681B680B4A93420FD10B4BD3F8A430FE
:101D8000094A23F48043C2F8A4304FF4C0610748E5
:101D900005F060FD3D2003F068F900BF0837BD463F
:101DA00080BD00BF00380140000C02460000024226
:101DB000DFF834D0FFF7C8FB002103E00B4B5B5882
:101DC000435004310A480B4B42189A42F6D30A4A50
:101DD00002E0002342F8043B084B9A42F9D318F082
:101DE000EBFEFEF74DFEFEE700000C20C8C902081E
:101DF00000000020D01A0020D01A00202C970020CC
:101E0000FEE7000080B500AF124B1B68114A43F497
:101E100080731360032003F0F5F80BF085FC024695
:101E20000D4B1B6A03F00F030C49CB5C22FA03F342
:101E30000B4A1360042003F04DF90F2000F012F854
:101E40000346002B01D0012302E0FFF703FA002331
:101E5000184680BD00200240000C024630C6020831
:101E6000501A002080B584B000AF78600023FB607A
:101E7000334B1B78002B01D101235CE0314B1B68F5
:101E800003F00403042B0CD12F4B1A682C4B1B7846
:101E900019464FF47A73B3FBF1F3B2FBF3F3FB6033
:101EA00037E003F06FF9B860BB68022B23D0BB6842
:101EB000022B2DD8BB68002B03D0BB68012B0DD0A3
:101EC00026E0214B1A681E4B1B7819464FF4FA5333
:101ED000B3FBF1F3B2FBF3F3FB601AE0184B1B7892
:101EE0001A464FF47A73B3FBF2F34FF4FA42B2FBA3
:101EF000F3F3FB600DE0124B1B781A464FF47A7334
:101F0000B3FBF2F34FF40042B2FBF3F3FB6000E0EB
:101F100000BFF86803F0BCF80346002B01D0012392
:101F200009E0002279684FF0FF3003F076F8074AA5
:101F30007B681360002318461037BD4680BD00BF84
:101F4000581A002010E000E0501A0020541A002017
:101F500080B400AF034B1B681846BD465DF8047B98
:101F6000704700BFD095002080B584B000AF786086
:101F7000FFF7EEFFB8607B68FB60FB68B3F1FF3FE3
:101F800005D00A4B1B781A46FB681344FB6000BF60
:101F9000FFF7DEFF0246BB68D31AFA689A42F7D809
:101FA00000BF00BF1037BD4680BD00BF581A0020DB
:101FB00080B400AF054B1B68044A23F00203136092
:101FC00000BFBD465DF8047B704700BF10E000E035
:101FD00080B400AF054B1B68044A43F00203136052
:101FE00000BFBD465DF8047B704700BF10E000E015
:101FF00080B400AF044B1B681B0C9BB21846BD4657
:102000005DF8047B704700BF004004E080B483B0FB
:1020100000AF7860064B1B6823F0700204497B68B0
:1020200013430B6000BF0C37BD465DF8047B70475F
:102030000074004680B483B000AF7860064B1B6824
:1020400023F0020204497B6813430B6000BF0C3786
:10205000BD465DF8047B70470074004680B582B0D1
:1020600000AF0F4B1B680E4A43F001031360FFF7EC
:102070006FFF786008E0FFF76BFF02467B68D31ABA
:102080000A2B01D9032306E0054B1B6803F0080364
:10209000002BF0D0002318460837BD4680BD00BF96
:1020A0000074004680B483B000AF786039607B680C
:1020B0001B6823F470123B681A437B681A6000BFE8
:1020C0000C37BD465DF8047B704780B483B000AF29
:1020D000786039607B681B6823F0E0723B681A43C4
:1020E0007B681A6000BF0C37BD465DF8047B704703
:1020F00080B483B000AF78607B681B6803F0E07346
:1021000018460C37BD465DF8047B704780B485B037
:1021100000AF786039603B68FB607B680A4A934295
:1021200004D1FB68013B03F00C03FB607B68DB68B8
:1021300023F00C02FB681A437B68DA6000BF143797
:10214000BD465DF8047B70470010024680B487B03E
:1021500000AFF860B9607A603B60FB6860331A4694
:10216000BB689B0013447B617B691B6803F0E062E2
:102170007B685B0003F078413B680B431A437B6943
:102180001A6000BF1C37BD465DF8047B704780B401
:1021900085B000AF786039607B6860331A463B6871
:1021A0009B001344FB60FB681B68DB0E03F01F03FE
:1021B000BB60BB68092B07D8BB689A060121BB68C6
:1021C00001FA03F3134308E0BB689A060121BB68D8
:1021D00001FA03F3134343F0007318461437BD4666
:1021E0005DF8047B704780B487B000AFF860B960D9
:1021F0007A60FB6860331A46BB689B0013447B61BE
:102200007B691B6823F080727B681A437B691A60C4
:1022100000BF1C37BD465DF8047B704780B487B0B3
:1022200000AFF860B9607A60FB6860331A46BB683B
:102230009B0013447B617B691B6823F080627B6891
:102240001A437B691A6000BF1C37BD465DF8047BEA
:10225000704780B487B000AFF860B9607A60FB68FF
:1022600060331A46BB689B0013447B617B691B6823
:1022700023F000727B681A437B691A6000BF1C3729
:10228000BD465DF8047B704780B483B000AF7860D2
:1022900039607B681B6F23F47F5323F03F033A6858
:1022A0001A437B681A677B681B6F23F000433A6808
:1022B000002A02D04FF0004200E000221A437B685F
:1022C0001A6700BF0C37BD465DF8047B704780B4C9
:1022D00085B000AFF860B9607A60FB685A69BB6886
:1022E00003F00403072101FA03F3DB431A40BB6840
:1022F00003F00403796801FA03F31A43FB685A6197
:1023000000BF1437BD465DF8047B704780B483B0CE
:1023100000AF78607B68DB6803F44063002B01D179
:10232000012300E0002318460C37BD465DF8047B0E
:102330007047000080B489B000AFF860B9607A607F
:10234000FB682B4A934220D0FB6830331A46BB68A7
:102350001B0A9B0003F00C031344FB61FB691A6822
:10236000BB6803F01F031F2101FA03F3DB431A408C
:102370007B689B0E03F01F01BB6803F01F0301FA8B
:1023800003F31A43FB691A602BE0FB689A6ABB6887
:1023900003F01F030F2101FA03F3DB431A407B68AC
:1023A00023F07F43002B04D17B689B0E03F01F03B7
:1023B00010E07B687B617B6993FAA3F33B613B6927
:1023C000BB61BB69002B01D1202303E0BB69B3FAD9
:1023D00083F3DBB2B96801F01F018B401A43FB683D
:1023E0009A6200BF2437BD465DF8047B704700BF8A
:1023F0000010024680B487B000AF786039603B6857
:1024000023F07F43002B07D13B689B0E03F01F0393
:10241000012202FA03F315E03B683B613B6993FA42
:10242000A3F3FB60FB687B617B69002B01D1202358
:1024300003E07B69B3FA83F3DBB203F01F030122ED
:1024400002FA03F37A68926A1A437B689A6200BFC1
:102450001C37BD465DF8047B704780B483B000AF85
:10246000786039607B689A6A3B689B0E03F01F03B3
:10247000012101FA03F3DB431A407B689A6200BF33
:102480000C37BD465DF8047B704780B483B000AF65
:1024900078607B68DB6803F0030318460C37BD46A1
:1024A0005DF8047B704780B483B000AF78607B68D0
:1024B000DB6C03F4C073002B01D1012300E0002387
:1024C00018460C37BD465DF8047B704780B48BB06E
:1024D00000AFF860B9607A60FB682C4A934240D044
:1024E000BB6823F07F43002B04D1BB689B0E03F035
:1024F0001F0310E0BB68BB61BB6993FAA3F37B6168
:102500007B69FB61FB69002B01D1202303E0FB69A0
:10251000B3FA83F3DBB2BA68520E02F00102524200
:1025200002F00A029A1A13465B0013447B62FB68AE
:1025300014331A46BB685B0E9B0003F0040313447C
:102540003B623B6A1A6807217B6A01FA03F3DB43AB
:102550001A4079687B6A01FA03F31A433B6A1A60EE
:102560000EE0FB685A69BB681B02DB431A40BB687C
:1025700019027B680B4023F0FF031A43FB685A6182
:1025800000BF2C37BD465DF8047B70470010024643
:1025900080B485B000AFF860B9607A60FB68D3F8AA
:1025A000C020BB6823F07F43DB431A407B6803F005
:1025B00018030849D940BB680B4023F07F431A43F6
:1025C000FB68C3F8C02000BF1437BD465DF8047B2C
:1025D000704700BFFFFF0F0080B483B000AF78608A
:1025E0007B689B6823F0204323F03F037A68936065
:1025F00000BF0C37BD465DF8047B704780B483B0E4
:1026000000AF78607B689B6803F00053B3F1005F14
:1026100001D1012300E0002318460C37BD465DF8C8
:10262000047B704780B483B000AF78607B689B68A0
:1026300023F0104323F03F0343F080527B689A60FD
:1026400000BF0C37BD465DF8047B704780B483B093
:1026500000AF78607B689B6803F08053B3F1805FC4
:1026600001D1012300E0002318460C37BD465DF878
:10267000047B704780B483B000AF78607B689B6850
:1026800023F0004323F03F0343F001027B689A608C
:1026900000BF0C37BD465DF8047B704780B483B043
:1026A00000AF78607B689B6823F0004323F03F0312
:1026B00043F002027B689A6000BF0C37BD465DF8AC
:1026C000047B704780B483B000AF78607B689B6800
:1026D00003F00103012B01D1012300E00023184680
:1026E0000C37BD465DF8047B704780B483B000AF03
:1026F00078607B689B6803F00203022B01D1012301
:1027000000E0002318460C37BD465DF8047B704797
:1027100080B483B000AF78607B689B6823F000438F
:1027200023F03F0343F004027B689A6000BF0C373C
:10273000BD465DF8047B704780B483B000AF78601D
:102740007B689B6823F0004323F03F0343F01002B3
:102750007B689A6000BF0C37BD465DF8047B70470C
:1027600080B483B000AF78607B689B6803F004039B
:10277000042B01D1012300E0002318460C37BD468D
:102780005DF8047B704780B483B000AF78607B68ED
:102790009B6823F0004323F03F0343F020027B6853
:1027A0009A6000BF0C37BD465DF8047B704780B46B
:1027B00083B000AF78607B689B6803F00803082B48
:1027C00001D1012300E0002318460C37BD465DF817
:1027D000047B704780B58AB000AF7860002387F82B
:1027E000273000233B620023FB617B68002B01D173
:1027F0000123B3E27B681B69002B03D07B681B6855
:102800008B4A93427B689B6F002B09D17868FDF758
:10281000E1F87B680022DA677B68002283F8742085
:102820007B681B681846FFF7E9FE0346002B04D0BF
:102830007B681B681846FFF7CFFE7B681B6818464D
:10284000FFF704FF0346002B15D17B681B68184671
:10285000FFF7E8FE774B1B689B09774AA2FB03232F
:102860009B0901335B00FB6002E0FB68013BFB60FE
:10287000FB68002BF9D17B681B681846FFF7E6FE62
:102880000346002B0ED17B689B6F43F010027B68E0
:102890009A677B68DB6F43F001027B68DA6701238C
:1028A00087F827307B681B681846FFF759FFB86127
:1028B0007B689B6F03F01003002B40F04482BB69E0
:1028C000002B40F040827B689B6F23F4817343F0C0
:1028D00002027B689A677B681B681846FFF7F2FE66
:1028E0000346002B40D17B681B68514A934228D095
:1028F0007B681B68514A934209D15048FFF7E2FEBA
:102900000346002B0CBF01230023DBB208E048483C
:10291000FFF7D8FE0346002B0CBF01230023DBB2D8
:10292000002B21D07B681B68444A934201D1444A62
:1029300000E0444A7B685B6819461046FFF7B2FB2B
:1029400012E07B681A687B689B6819461046FFF79F
:10295000DDFB3C4B1B6823F470127B685B6803F45F
:102960007013384913430B607B681B68304A9342ED
:1029700010D07B6893F824305A037B685B6C1A4351
:102980007B689B681A437B6893F82C301B041343C5
:102990003B6230E07B681B7F9A037B6893F82430AE
:1029A0005B0313437A68526C002A02D04FF48052C2
:1029B00000E000221A437B685B691A437B681B694D
:1029C000002B04DA7B681B6923F0004301E04FF41D
:1029D00000131A437B681B6818498B4203D17B683C
:1029E00093F8403003E07B6893F840305B0013437A
:1029F0003A6A13433B627B6893F82C30012B2FD14A
:102A00007B681B680A4A934207D07B681B6B013BBB
:102A10005B043A6A13433B6222E07B6893F82430FC
:102A2000002B11D13B6A43F480333B6218E000BFB6
:102A300000100246501A0020632D3E05008002421D
:102A400008830242081302467B689B6F43F0200212
:102A50007B689A677B68DB6F43F001027B68DA670B
:102A60007B681B68924A934218D07B685B6B002B93
:102A700009D07B685B6B03F478727B689B6B1343B4
:102A80003A6A13433B627B681B68DA68894B1340E0
:102A90007A681268396A0B43D36031E07B685B6BFC
:102AA000002B09D07B685B6B03F4E0727B689B6B47
:102AB00013433A6A13433B627B681B68DA687E4BB8
:102AC00013407A681268396A0B43D3607B681B6ACB
:102AD000002B08D07B681B68596C7B681A6A7B687E
:102AE0001B680A435A647B68DB6E002B08D07B6846
:102AF0001B68596C7B68DA6E7B681B680A435A64F2
:102B00007B681B686A4A934200F093807B681B686D
:102B10001846FFF725FE78617B681B681846FFF7AB
:102B200046FE38617B69002B61D13B69002B5ED189
:102B30007B681B7F9A037B681B6860498B4202D1CC
:102B40007B68DB6B02E07B68DB6B5B0013433B6203
:102B50007B681B68DB6823F4804323F003037A68F7
:102B60001268396A0B43D3607B68DB68002B07D09F
:102B70007B681A687B68DB6819461046FFF784FBA0
:102B80007B6893F85430012B1ED17B685B6B002B64
:102B90007B681B681A694A4B13407A68926D11046E
:102BA0007A68D26D11437A68126E11437A68526E58
:102BB00011437A68926E92080A431A437B681B6835
:102BC00042F001021A6107E07B681B681A697B68A2
:102BD0001B6822F001021A617B681B681B6923F0E5
:102BE00070417B681A6D7B681B680A431A617B68B9
:102BF0001B69012B0CD17B681B681B6B23F00F0139
:102C00007B689B6A5A1E7B681B680A431A6307E04D
:102C10007B681B681A6B7B681B6822F00F021A63C3
:102C20007B689B6F23F0030343F001027B689A6784
:102C300092E07B6893F85430012B11D17B689A6D38
:102C40007B68DB6D1A437B681B6E1A437B689B6E47
:102C50001343FA691343FB61FB6943F00103FB6112
:102C60007B681B681A69174B13407A681268F96908
:102C70000B4313617B6818687B689B6C1A460021C4
:102C8000FFF725FB7B6818687B68DB6C1A466FF0E2
:102C9000FB01FFF71CFB7B681B69002B14D17B68D1
:102CA0001B689A6A7B681B6862F00F029A6224E0D4
:102CB0000010024613C0F0FF0D80DEFF00800242CC
:102CC0001EF800FC02FCFFF77B681B69B3F5001FD0
:102CD00013D17B681B689B6A7B689B6A013B9B00E6
:102CE00003F01C036FF00F0202FA03F17B68D3F8C4
:102CF00088207B681B680A439A627B681B68DA68D5
:102D0000184B13403A6A9A420BD17B680022DA676B
:102D10007B689B6F23F0030343F001027B689A6793
:102D20001AE07B689B6F23F0120343F010027B686C
:102D30009A677B68DB6F43F001027B68DA670123E7
:102D400087F8273008E07B689B6F43F010027B68B0
:102D50009A67012387F8273097F8273018462837D5
:102D6000BD4680BDF3FF3F8380B584B000AF78607F
:102D70007B68002B01D10123A8E17B689B6F43F0A6
:102D800002027B689A670321786801F077FC0346AA
:102D9000FB73FB7B002B0AD1786801F09BFD034697
:102DA000FB73FB7B002B02D17B6801229A677B6857
:102DB0001B687B4A934200F0FF807B681B685B685E
:102DC0007A68126823F47F7323F0030353607B68EF
:102DD0001B6840F2FF321A607B681B689A687B6848
:102DE0001B6822F080529A607B681B689A687B6837
:102DF0001B6842F000529A607B681B68D9687B6848
:102E00001A68684B0B40D3607B681B6819697B6844
:102E10001A68654B0B4013617B681B685A697B68B5
:102E20001B6802F040425A617B681B689A697B68A4
:102E30001B6802F078429A617B681B68D3F8A8206F
:102E40007B681B6802F07E42C3F8A8207B681B6881
:102E5000D3F8AC207B681B6802F07E42C3F8AC203C
:102E60007B681B68D3F8B0207B681B6802F07E4249
:102E7000C3F8B0207B681B68D3F8B4207B681B685C
:102E800002F07E42C3F8B4207B681B68D3F8B820F8
:102E90007B681B6802F07E42C3F8B8207B681B6821
:102EA000D3F8BC207B681B6802F07E42C3F8BC20CC
:102EB0007B681B68196B7B681A683C4B0B4013637B
:102EC0007B681B68596B7B681A68394B0B405363EE
:102ED0007B681B68996B7B681A68354B0B40936362
:102EE0007B681B68DB6B7A68126823F4FB6323F052
:102EF0000703D3637B681B681B6E7B681B6800221B
:102F00001A667B681B685B6E7B681B6800225A66CA
:102F10007B681B689B6E7B681B6800229A667B68D7
:102F20001B68DB6E7B681B680022DA667B681B68A7
:102F3000196F7B681A681F4B0B4013677B681B680F
:102F4000D3F8A0207B681B6802F07F42C3F8A02062
:102F50007B681B68D3F8A4207B681B6802F07F4263
:102F6000C3F8A4207B681B68D3F8C0307A68126865
:102F70001B0D1B05C2F8C0307B681B68DB697A68D3
:102F800012681B0D1B05D3617B681B68D3F8C42036
:102F90007B681B6822F04072C3F8C42048E000BF81
:102FA00000100246108020801CF800FC300882E0EF
:102FB000200882E000C0FF7F7B681B685B687A683E
:102FC000126823F4677323F0030353607B681B6864
:102FD00040F29F321A607B681B68D9687B681A6868
:102FE0003C4B0B40D3607B681B6819697B681A688F
:102FF000394B0B4013617B681B685A697B681B68FF
:1030000022F038025A617B681B681A6A7B681B6869
:1030100002F0F0221A627B681B689B6A7B681B685F
:1030200000229A622D4B1B682C4A23F0FE7313601A
:103030007B681B682A4A934209D12948FFF742FB63
:103040000346002B0CBF01230023DBB208E0254818
:10305000FFF738FB0346002B0CBF01230023DBB234
:10306000002B13D07B681B681D4A934201D11B4B78
:1030700000E01D4B1A687B681B6819498B4201D11F
:10308000164B00E0184B22F0FE721A607868FCF7CD
:1030900013FE7B680022DA677B681B68114A934243
:1030A00004D17B680022C3F8882007E07B680022F7
:1030B000C3F880207B680022C3F884207B6800224C
:1030C0009A677B68002283F87420FB7B18461037D0
:1030D000BD4680BD00801E83E2FDFFDF0883024203
:1030E00000800242001002460813024680B5A2B0DA
:1030F00000AFF860B9607A60FB681B681846FFF79C
:103100002FFB0346002B40F0E980FB6893F87430F6
:10311000012B01D10223E6E0FB68012283F8742031
:10312000F86801F067FB034687F8873097F8873027
:10313000002B40F0CE80FB689B6F23F4706323F07C
:10314000010343F48072FB689A67FB681B68684A56
:10315000934210D0FB689B6F03F48053002B06D082
:10316000FB68DB6F23F00602FB68DA6706E0FB68AA
:103170000022DA6702E0FB680022DA67FB681B6F57
:103180005C4A1A66FB681B6F5B4A5A66FB681B6FDA
:103190005A4A9A66FB681B681C221A60FB68002268
:1031A00083F87420FB681B685A68FB681B6842F050
:1031B00010025A60FB681B684D4A934207D1FB68B6
:1031C0001B68DA68FB681B6842F00102DA60FB6882
:1031D0001B6F1B6D03F08003002B4FD0FB681B6F30
:1031E0005B6F002B46D0FB681B6F5B6F1B68002B6F
:1031F00040D0FB681B6F5B6F1A6807F11403114620
:10320000184603F041FA0346002B01D001236AE07F
:10321000FB6A022B04D17B689B00C7F880300AE070
:10322000FB6A012B04D17B685B00C7F8803002E0A9
:103230007B68C7F88030FB681B6F5B6F1B68D7F833
:1032400080209A60FB681B6803F14002FB681B6FDB
:103250005B6F1B68DA60FB681B6F5B6F1B68BA688B
:103260001A61FB681B6F184603F07AF9034687F86A
:10327000873028E0012387F8873024E0FB681B6F44
:103280009B69022B04D17B689B00C7F880300CE05F
:10329000FB681B6F9B69012B04D17B685B00C7F83F
:1032A000803002E07B68C7F88030FB68186FFB68ED
:1032B0001B6840331946BA68D7F8803002F0EEFB3D
:1032C000034687F88730FB681B681846FFF720FA2B
:1032D00007E0FB68002283F8742002E0022387F8ED
:1032E000873097F8873018468837BD4680BD00BFC5
:1032F00000100246934901086B4A0108874A0108F9
:1033000080B584B000AF78607B6893F87430012B8F
:1033100001D1022366E07B68012283F87420032137
:10332000786801F0ABF90346FB73FB7B002B54D1AB
:103330007B681B682D4A934207D17B681B68DA685B
:103340007B681B6822F00102DA607B681B6F93F8D0
:103350005430DBB2022B0FD17B681B6F184602F092
:10336000FDFB0346FB73FB7B002B05D07B689B6F4B
:1033700043F040027B689A677B681B685A687B68E9
:103380001B6822F010025A60FB7B002B05D1786885
:1033900001F0A0FA0346FB7302E0786801F09AFAA4
:1033A000FB7B002B19D17B681B68104A93420AD023
:1033B0007B689B6F23F4885323F0010343F00102E1
:1033C0007B689A6709E07B689B6F23F4807323F026
:1033D000010343F001027B689A677B68002283F84F
:1033E0007420FB7B18461037BD4680BD0010024696
:1033F00080B588B000AF78600023FB617B681B68F4
:103400001B68BB617B681B685B687B61BB6903F001
:103410000203002B17D07B6903F00203002B12D0AC
:103420007B689B6F03F01003002B05D17B689B6FBB
:1034300043F400627B689A67786801F0F1FC7B686E
:103440001B6802221A60BB6903F00403002B04D03E
:103450007B6903F00403002B0BD1BB6903F0080365
:10346000002B00F0A4807B6903F00803002B00F020
:103470009E807B689B6F03F01003002B05D17B6857
:103480009B6F43F400727B689A677B681B683D4AB8
:10349000934247D07B681B681846FEF737FF034608
:1034A000002B7DD07B681B68DB683B613B6903F4C4
:1034B0000053002B74D17B681B681B6803F0080362
:1034C000082B6DD17B681B681846FFF749F9034646
:1034D000002B1AD17B681B685A687B681B6822F036
:1034E0000C025A607B689B6F23F480727B689A673A
:1034F0007B689B6F03F48053002B51D17B689B6FDB
:1035000043F001027B689A674AE07B689B6F43F057
:1035100010027B689A677B68DB6F43F001027B686F
:10352000DA673DE07B681B681846FEF7EFFE03464E
:10353000002B35D07B6893F82430002B30D17B688A
:103540001B681B6803F00803082B29D17B681B68E4
:103550001846FFF705F90346002B15D17B681B6859
:103560005A687B681B6822F00C025A607B689B6F6C
:1035700023F4807323F0010343F001027B689A6710
:103580000EE000BF001002467B689B6F43F02002F4
:103590007B689A677B68DB6F43F001027B68DA67C0
:1035A0007868EDF725FE7B681B680C221A607B6843
:1035B0001B686D4A93426FD0BB6903F02003002B58
:1035C00004D07B6903F02003002B09D1BB6903F011
:1035D0004003002B60D07B6903F04003002B5BD0DD
:1035E0007B689B6F03F01003002B05D17B689B6FFA
:1035F00043F400527B689A677B681B681846FEF7A5
:1036000052FFF8607B681B681846FEF77FFEB860C3
:103610007B681B68DB683B61FB68002B35D03B692E
:1036200003F00073002B07D0BB68002B2DD03B6943
:1036300003F40053002B28D17B681B681B6803F040
:103640004003402B21D17B681B681846FFF7AFF879
:103650000346002B19D17B681B685A687B681B687E
:1036600022F060025A607B689B6F23F480527B6873
:103670009A677B689B6F03F48073002B05D17B688E
:103680009B6F43F001027B689A67786801F0AAFBA0
:103690007B681B6860221A60BB6903F08003002B03
:1036A00011D07B6903F08003002B0CD07B689B6FEB
:1036B00043F480327B689A67786800F0D5F87B68BD
:1036C0001B6880221A60BB6903F48073002B12D040
:1036D0007B6903F48073002B0DD07B689B6F43F4F0
:1036E00000327B689A67786801F086FB7B681B680C
:1036F0004FF480721A60BB6903F40073002B12D080
:103700007B6903F40073002B0DD07B689B6F43F43F
:1037100080227B689A67786801F078FB7B681B6879
:103720004FF400721A60BB6903F01003002B3DD008
:103730007B6903F01003002B38D07B685B6C002B97
:1037400002D10123FB611BE07B681B68064A9342A0
:103750000CD07B681B68DB6803F00303002B0FD0E1
:103760000123FB610CE000BF001002467B681B6870
:103770001846FEF78AFE0346002B01D00123FB61A9
:10378000FB69012B0ED17B689B6F43F480627B68E1
:103790009A677B68DB6F43F002027B68DA677868C0
:1037A00000F06CF87B681B6810221A60BB6903F09C
:1037B0000103002B1BD07B6903F00103002B16D003
:1037C0007B689B6F03F01003002B05D17B689B6F18
:1037D00043F001027B689A67786800F06DF87B68B7
:1037E0001B685A687B681B6822F001025A607B687C
:1037F0001B68174A934226D1BB6903F40063002B70
:103800000CD07B6903F40063002B07D0786800F0CC
:103810003FF87B681B684FF400621A60BB6903F4D1
:103820008053002B0FD07B6903F48053002B0AD008
:10383000786800F037F87B681B685A687B681B68FB
:1038400022F480525A6000BF2037BD4680BD00BFC1
:103850000010024680B483B000AF786000BF0C3720
:10386000BD465DF8047B704780B483B000AF7860DC
:1038700000BF0C37BD465DF8047B704780B483B051
:1038800000AF786000BF0C37BD465DF8047B704721
:1038900080B483B000AF786000BF0C37BD465DF8E0
:1038A000047B704780B483B000AF786000BF0C37F2
:1038B000BD465DF8047B704780B483B000AF78608C
:1038C00000BF0C37BD465DF8047B704780B5BCB0C7
:1038D00000AF78603960002387F8EF300023BB60C9
:1038E0007B681B68A84A934203D17B681B69B3F1CC
:1038F000004F7B6893F87430012B02D1022300F053
:10390000B5BE7B68012283F874207B681B6818466B
:10391000FEF726FF0346002B40F095867B681B6868
:10392000994A934200F0EA833B681B6823F07F4387
:10393000002B08D13B681B689B0E03F01F0301227C
:1039400002FA03F31DE03B681B68C7F8D030D7F8D4
:10395000D03093FAA3F3C7F8CC30D7F8CC30C7F8FF
:10396000D430D7F8D430002B01D1202304E0D7F88D
:10397000D430B3FA83F3DBB203F01F03012202FA5F
:1039800003F37A681268D1697A6812680B43D361CD
:103990007B6818683B6859683B681B681A46FEF7E5
:1039A000C9FC7B681B681846FEF7DAFEC7F8E00022
:1039B0007B681B681846FEF7FAFEC7F8DC00D7F8EC
:1039C000E030002B40F0ED81D7F8DC30002B40F0E8
:1039D000E8817B6818683B6819683B689B681A46F1
:1039E000FEF774FD3B685A697B681B68DB689B08BF
:1039F00003F003035B0002FA03F3C7F8D8303B6817
:103A00001B69042B46D07B6818683B6819693B68C2
:103A10001A68D7F8D830FEF799FB7B6818683B68BE
:103A200019693B68DB691A46FEF7DDFB3B689B7E44
:103A3000012B1ED17B6818683B6819693B685B7E67
:103A4000002B02D14FF0007300E000231A46FEF76E
:103A500000FC7B6818683B6819693B685B7E012B3A
:103A600002D14FF0806300E000231A46FEF7D6FB38
:103A700097E17B6818683B681B6900221946FEF7CE
:103A8000E8FB7B6818683B681B6900221946FEF753
:103A9000C5FB86E17B681B6800211846FEF777FBB3
:103AA000034623F07F43002B0AD17B681B6800216B
:103AB0001846FEF76CFB03469B0E03F01F021EE048
:103AC0007B681B6800211846FEF761FB0346C7F8B8
:103AD000C430D7F8C43093FAA3F3C7F8C030D7F88E
:103AE000C030C7F8C830D7F8C830002B01D1202328
:103AF00004E0D7F8C830B3FA83F3DBB21A463B6868
:103B00001B6823F07F43002B05D13B681B689B0E8D
:103B100003F01F0318E03B681B68C7F8B830D7F8FC
:103B2000B83093FAA3F3C7F8B430D7F8B430C7F875
:103B3000BC30D7F8BC30002B01D1202304E0D7F8EB
:103B4000BC30B3FA83F3DBB29A4207D17B681868C2
:103B50003B681A6800230021FEF7F8FA7B681B68AF
:103B600001211846FEF713FB034623F07F43002B89
:103B70000CD17B681B6801211846FEF708FB034641
:103B80009B0E03F01F0220E0001002467B681B68BA
:103B900001211846FEF7FBFA0346C7F8AC30D7F808
:103BA000AC3093FAA3F3C7F8A830D7F8A830C7F819
:103BB000B030D7F8B030002B01D1202304E0D7F883
:103BC000B030B3FA83F3DBB21A463B681B6823F0CC
:103BD0007F43002B05D13B681B689B0E03F01F033E
:103BE00018E03B681B68C7F8A030D7F8A03093FAFC
:103BF000A3F3C7F89C30D7F89C30C7F8A430D7F8A7
:103C0000A430002B01D1202304E0D7F8A430B3FA6C
:103C100083F3DBB29A4207D17B6818683B681A6865
:103C200000230121FEF792FA7B681B6802211846E7
:103C3000FEF7ADFA034623F07F43002B0AD17B68E1
:103C40001B6802211846FEF7A2FA03469B0E03F0FA
:103C50001F021EE07B681B6802211846FEF797FAD8
:103C60000346C7F89430D7F8943093FAA3F3C7F813
:103C70009030D7F89030C7F89830D7F89830002BAC
:103C800001D1202304E0D7F89830B3FA83F3DBB2F4
:103C90001A463B681B6823F07F43002B05D13B6825
:103CA0001B689B0E03F01F0318E03B681B68C7F8F6
:103CB0008830D7F8883093FAA3F3C7F88430D7F860
:103CC0008430C7F88C30D7F88C30002B01D12023FA
:103CD00004E0D7F88C30B3FA83F3DBB29A4207D111
:103CE0007B6818683B681A6800230221FEF72EFAE9
:103CF0007B681B6803211846FEF749FA034623F048
:103D00007F43002B0AD17B681B6803211846FEF70E
:103D10003EFA03469B0E03F01F021AE07B681B6805
:103D200003211846FEF733FA0346FB67FB6F93FA4D
:103D3000A3F3BB67BB6FC7F88030D7F88030002B88
:103D400001D1202304E0D7F88030B3FA83F3DBB24B
:103D50001A463B681B6823F07F43002B05D13B6864
:103D60001B689B0E03F01F0311E03B681B683B6759
:103D70003B6F93FAA3F3FB66FB6E7B677B6F002BB5
:103D800001D1202303E07B6FB3FA83F3DBB29A42C5
:103D900007D17B6818683B681A6800230321FEF787
:103DA000D5F97B681B681846FEF78CFC0346002B90
:103DB00040F056847B6818683B6819683B68DB688C
:103DC0001A46FEF7E5FB3B68DB6813F5803F40F0E1
:103DD000D6803B681B6823F07F43002B0BD13B68E8
:103DE0001B689B0E013303F01F03092B94BF0123B3
:103DF0000023DBB219E03B681B687B667B6E93FA9D
:103E0000A3F33B663B6EBB66BB6E002B01D1202348
:103E100003E0BB6EB3FA83F3DBB2013303F01F039D
:103E2000092B94BF01230023DBB2002B4DD03B684C
:103E30001B6823F07F43002B07D13B681B689B0E58
:103E400001339B0603F0F84215E03B681B68BB6535
:103E5000BB6D93FAA3F37B657B6DFB65FB6D002B5C
:103E600001D1202303E0FB6DB3FA83F3DBB201330E
:103E70009B0603F0F8423B681B6823F07F43002B4E
:103E800009D13B681B689B0E013303F01F0301211E
:103E900001FA03F317E03B681B68FB64FB6C93FAC1
:103EA000A3F3BB64BB6C3B653B6D002B01D12023AE
:103EB00003E03B6DB3FA83F3DBB2013303F01F037E
:103EC000012101FA03F313434EE03B681B6823F022
:103ED0007F43002B07D13B681B689B0E01339B0679
:103EE00003F0F84215E03B681B683B643B6C93FAB7
:103EF000A3F3FB63FB6B7B647B6C002B01D1202362
:103F000003E07B6CB3FA83F3DBB201339B0603F06F
:103F1000F8423B681B6823F07F43002B09D13B68C4
:103F20001B689B0E013303F01F03012101FA03F309
:103F300017E03B681B687B637B6B93FAA3F33B63DF
:103F40003B6BBB63BB6B002B01D1202303E0BB6B3E
:103F5000B3FA83F3DBB2013303F01F03012101FA4B
:103F600003F3134343F00073C7F8E8307B68186825
:103F70003B689B681A46D7F8E810FEF7A7FA3B683B
:103F80001B68002B80F26C837B681B68974A934206
:103F900001D1974B00E0974B1846FEF7A9F8C7F8F8
:103FA000E4007B681B68914A934209D18F48FEF771
:103FB00089FB0346002B0CBF01230023DBB208E082
:103FC0008D48FEF77FFB0346002B0CBF0123002327
:103FD000DBB2002B00F088803B681B68874A934265
:103FE00032D1D7F8E43003F40003002B2CD17B68E6
:103FF0001B687E4A934205D07B681B687E4A9342C9
:1040000040F02B837B681B68784A934201D1784A41
:1040100000E0784AD7F8E43043F40003194610462C
:10402000FEF753F8764B1B689B09764AA2FB0323E5
:104030009B0901335B00BB6002E0BB68013BBB60D6
:10404000BB68002BF9D108E33B681B686E4A9342BA
:1040500021D1D7F8E43003F08073002B1BD17B68AB
:104060001B68624A934205D07B681B68624A934290
:1040700040F0F5827B681B685C4A934201D15C4A40
:1040800000E05C4AD7F8E43043F0807319461046EC
:10409000FEF71BF8E3E23B681B685C4A934240F082
:1040A000DF82D7F8E43003F48003002B40F0D8829D
:1040B0007B681B684D4A934205D07B681B684E4A5B
:1040C000934240F0CD827B681B68484A934201D1FD
:1040D000474A00E0474AD7F8E43043F480031946E2
:1040E0001046FDF7F2FFBBE27B689B6F43F02002B6
:1040F0007B689A67012387F8EF30B1E23B681B6861
:10410000C7F8E830FDF774FF0346B3F5805F30D1A0
:104110003B681B683E4A934203D13E4BC7F8E830E8
:1041200027E03B681B683C4A934203D13B4BC7F8EE
:10413000E8301EE03B681B68394A934203D1394B93
:10414000C7F8E83015E03B681B68374A934203D153
:10415000364BC7F8E8300CE03B681B68344A9342A2
:1041600003D1314BC7F8E83003E03B681B68C7F860
:10417000E8303B685B68022B00F0A2817B681B691A
:10418000B3F1004F04D07B681B692A4A934207D1E0
:104190007B681B68D7F8E8101846FEF72BF9C1E0DA
:1041A0007B68D3F888203B685B6803F01F030F210E
:1041B00001FA03F3DB431A40D7F8E83023F07F43DA
:1041C000002B05D1D7F8E8309B0E03F01F0337E032
:1041D000D7F8E830BB62BB6A93FAA3F37B627B6AD1
:1041E000FB62FB6A002B27D1202329E000800242DA
:1041F000088302420813024600100246000008CE5F
:10420000501A0020632D3E05000004CA0100008002
:10421000002000B6000040DA004000BA000080DE56
:10422000001000B201000081000020D6000010D272
:10423000000020D710000080FB6AB3FA83F3DBB2E2
:104240003968496801F01F018B401A437B68C3F845
:1042500088203B685B689B085A1C7B689B6A9A4273
:1042600060D8FDF7C5FE0346B3F5805F51D8D7F897
:10427000E83023F07F43002B0AD1D7F8E8309B0EBB
:1042800003F01F03132B8CBF01230023DBB216E0C6
:10429000D7F8E830FB61FB6993FAA3F3BB61BB6914
:1042A0003B623B6A002B01D1202303E03B6AB3FA57
:1042B00083F3DBB2132B8CBF01230023DBB2002B73
:1042C00027D0D7F8E83023F07F43002B09D1D7F867
:1042D000E8309B0E03F01F03093B012202FA03F3AF
:1042E00015E0D7F8E8303B613B6993FAA3F3FB6034
:1042F000FB687B617B69002B01D1202303E07B6994
:10430000B3FA83F3DBB2093B012202FA03F3C7F8E5
:10431000E8307B6818683B685B68D7F8E820194686
:10432000FEF708F87B6818683B689B681A46D7F860
:10433000E810FEF7CBF83B681B68002B80F29081F9
:104340007B681B68974A934201D1974B00E0974BDB
:104350001846FDF7CDFEC7F8E4003B681B68944A99
:10436000934226D1D7F8E43003F40003002B20D188
:104370007B681B688B4A934201D18B4A00E08B4AD1
:10438000D7F8E43043F4000319461046FDF79DFECC
:10439000884B1B689B09884AA2FB03239B095B008F
:1043A000BB6002E0BB68013BBB60BB68002BF9D17E
:1043B00067E03B681B68814A934216D1D7F8E43026
:1043C00003F08073002B10D17B681B68754A934201
:1043D00001D1754A00E0754AD7F8E43043F08073A4
:1043E00019461046FDF771FE4BE03B681B68744AA6
:1043F000934216D1D7F8E43003F48003002B10D198
:104400007B681B68674A934201D1674A00E0674AAC
:10441000D7F8E43043F4800319461046FDF755FE03
:104420002FE03B681B68674A93422AD1D7F8E430F3
:1044300003F48003002B24D17B681B68624A9342FB
:104440001FD17B681B68574A934201D1564A00E04E
:10445000564AD7F8E43043F4800319461046FDF776
:1044600034FEFDF7C5FD0346B3F5805F09D87B68D0
:104470001B68D3F8D0207B681B6842F00102C3F8A8
:10448000D020FDF7B5FD0346B3F5005F40F0E880AE
:104490003B681B684D4A934240F0E280D7F8E43015
:1044A00003F48003002B40F0DB807B681B68D3F8AB
:1044B000D0207B681B6842F00102C3F8D020CFE017
:1044C0007B681B69B3F1004F04D07B681B69404ACD
:1044D000934206D17B681B68D7F8E8101846FDF7B1
:1044E000BCFF3B681B68002B80F2BA807B681B68AE
:1044F0002C4A934201D12C4B00E02C4B1846FDF77F
:10450000F7FDC7F8E4003B681B68324A934210D1BC
:104510007B681B68234A934201D1234A00E0234A67
:10452000D7F8E43023F4000319461046FDF7CDFD1B
:104530006DE03B681B68284A934210D17B681B687A
:10454000184A934201D1184A00E0184AD7F8E430DB
:1045500023F0807319461046FDF7B7FD57E03B681E
:104560001B68174A934210D17B681B680D4A93421F
:1045700001D10D4A00E00D4AD7F8E43023F480035E
:1045800019461046FDF7A1FD41E03B681B680D4A46
:1045900093423CD17B681B68024A93421ED1024A77
:1045A0001DE000BF00800242088302420813024659
:1045B000002000B6501A0020632D3E05004000BACE
:1045C00001000080001000B200100246000020D759
:1045D00010000080000008CE000004CA254AD7F869
:1045E000E43023F4800319461046FDF76EFDFDF715
:1045F000FFFC0346B3F5805F09D87B681B68D3F8DE
:10460000D0207B681B6842F00102C3F8D020FDF780
:10461000EFFC0346B3F5005F22D13B681B68164AE6
:1046200093421DD1D7F8E43003F48003002B17D157
:104630007B681B68D3F8D0207B681B6842F00102BE
:10464000C3F8D0200CE07B689B6F43F020027B68AE
:104650009A67012387F8EF3002E000BF00E000BF57
:104660007B68002283F8742097F8EF301846F03703
:10467000BD4680BD08130246000020D780B588B033
:1046800000AF786039600023FB613B68BB617B68E9
:104690001B681846FEF764F838617B681B6818468B
:1046A000FEF785F8F8603B69002B03D1FB68002B0F
:1046B00000F099807B681B68DB6803F00073002BB7
:1046C0002BD07B6893F82430012B26D17B681B7F8D
:1046D000012B22D10123BB6114E0FB69444A9342C0
:1046E0000DD97B689B6F43F010027B689A677B68EB
:1046F000DB6F43F001027B68DA67012374E0FB693A
:104700000133FB617B681B681B6803F04003402B8F
:10471000E3D17B681B6840221A60BB69022B14D06E
:104720007B681B681846FEF71BF80346002B0CD06D
:104730007B681B681846FDF7D8FF0346002B04D1A1
:104740007B681B681846FDF7F7FFBB69012B14D087
:104750007B681B681846FEF72AF80346002B0CD02E
:104760007B681B681846FDF7C0FF0346002B04D189
:104770007B681B681846FEF706F8BB69022B05D05C
:10478000BB69032B05D10C237B6105E008237B610A
:1047900002E004237B6100BFFDF7DAFBB8601BE099
:1047A000FDF7D6FB0246BB68D31A052B14D97B68EC
:1047B0001B689A687B691340002B0DD07B689B6F48
:1047C00043F010027B689A677B68DB6F43F001025D
:1047D0007B68DA67012307E07B681B689A687B695E
:1047E0001340002BDCD1002318462037BD4680BD86
:1047F000FFDB0C0080B584B000AF78607B681B687D
:104800001846FDF75FFF0346002B5AD17B681B68F3
:104810009A682E4B1340002B0DD07B689B6F43F0A2
:1048200010027B689A677B68DB6F43F001027B684C
:10483000DA67012346E07B681B6801221A607B6807
:104840001B681846FDF716FF7B681B6A002B04D017
:104850007B681B681E4A934233D0FDF779FBF860F2
:1048600028E07B681B681846FDF72CFF0346002BE9
:1048700004D17B681B681846FDF7FCFEFDF768FB5A
:104880000246FB68D31A022B14D97B681B681B688D
:1048900003F00103012B0DD07B689B6F43F01002E6
:1048A0007B689A677B68DB6F43F001027B68DA679D
:1048B000012307E07B681B681B6803F00103012BE1
:1048C000CFD1002318461037BD4680BD3F00008081
:1048D0000010024680B584B000AF78607B681B682A
:1048E0001846FDF702FFF8607B681B681846FDF765
:1048F000E9FE0346002B47D0FB68002B44D17B68C0
:104900001B689B6803F00D03012B0CD17B681B68AF
:104910001846FDF7C3FE7B681B6803221A60FDF78B
:1049200017FBB86029E07B689B6F43F010027B683F
:104930009A677B68DB6F43F001027B68DA670123CB
:1049400023E0FDF705FB0246BB68D31A022B14D9FE
:104950007B681B689B6803F00103002B0DD07B680C
:104960009B6F43F010027B689A677B68DB6F43F0B4
:1049700001027B68DA67012307E07B681B689B689C
:1049800003F00103002BDCD1002318461037BD468D
:1049900080BD80B584B000AF78607B68DB6DFB6064
:1049A000FB689B6F03F05003002B4BD1FB689B6FA0
:1049B00043F40072FB689A67FB681B681B6803F08E
:1049C0000803002B21D0FB681B681846FDF79EFCEE
:1049D0000346002B32D0FB681B68DB6803F40053EE
:1049E000002B2BD1FB689B6F23F48072FB689A67C6
:1049F000FB689B6F03F48053002B1FD1FB689B6FF8
:104A000043F00102FB689A6718E0FB681B68DB68EB
:104A100003F00303002B11D1FB689B6F23F480721A
:104A2000FB689A67FB689B6F03F48053002B05D1EA
:104A3000FB689B6F43F00102FB689A67F868ECF72C
:104A4000D7FB0EE0FB689B6F03F01003002B03D035
:104A5000F868FEF713FF04E0FB681B6F9B6E786835
:104A6000984700BF1037BD4680BD80B584B000AF09
:104A700078607B68DB6DFB60F868FEF7EBFE00BFDB
:104A80001037BD4680BD80B584B000AF78607B68CC
:104A9000DB6DFB60FB689B6F43F04002FB689A672D
:104AA000FB68DB6F43F00402FB68DA67F868FEF727
:104AB000E5FE00BF1037BD4680BD000080B483B066
:104AC00000AF786039607B680F4A93420CD07B68F6
:104AD0009A680E4B13403A6802F48032134343F055
:104AE00000427B689A6009E07B689B6823F0004382
:104AF00023F03F0343F000427B689A6000BF0C370D
:104B0000BD465DF8047B704700100246C0FFFE7F83
:104B100080B483B000AF78607B689B6803F000438B
:104B2000B3F1004F01D1012300E0002318460C37F8
:104B3000BD465DF8047B704780B58AB000AFF86071
:104B4000B9607A6000233B61FB6893F87430012BF5
:104B500001D1022338E1FB68012283F87420F86850
:104B6000FFF7B8FE034687F8273097F82730002B69
:104B700040F01E81FB689B6F23F4885323F00203EF
:104B800043F00202FB689A67FB681B68904A9342F5
:104B900050D1FB681B685B6C03F00103BB61FB68D1
:104BA0001B68DB6803F003037B61FB681B68DA6842
:104BB000FB681B6822F00302DA60FB681B685A6C12
:104BC000FB681B6822F001025A64FB681B68002125
:104BD0001846FFF773FF14E03B6901333B613B6903
:104BE0007C4A93420DD9FB689B6F23F0120343F07C
:104BF0001002FB689A67FB68002283F87420012387
:104C0000E2E0FB681B681846FFF782FF0346002BB3
:104C1000E2D1FB681B68D968FB681B687A690A43A4
:104C2000DA60FB681B68596CFB681B68BA690A4349
:104C30005A64B4E0684B1B68C3F30B033B62664BDA
:104C40001B681B0C9BB2FB613B6A40F255429342CE
:104C500012D03B6A40F2764293420DD03B6A40F25A
:104C60008142934204D03B6A40F28242934272D125
:104C7000FB69B3F5405F6ED3F868FFF7BBFD0346F1
:104C800087F8273097F82730002B40F08880FB68A2
:104C90001B689B6823F07062FB681B6842F010621F
:104CA0009A60BFF35F8F00BFFB681B68D3F8C83002
:104CB000D9B2FB681A68494B0B43C2F8C830BFF33E
:104CC0005F8F00BFFB681B68D3F8C420FB681B68BC
:104CD00042F08072C3F8C420F868FFF7FBFD03467A
:104CE00087F82730BB68B3F1011F09D1FB681B6847
:104CF0009A683B4B1340FA68126843F48033936020
:104D0000FB681B689B6823F0004323F03F03FA68AD
:104D1000126843F00043936014E03B6901333B6148
:104D20003B692C4A93420DD9FB689B6F23F0120319
:104D300043F01002FB689A67FB68002283F8742036
:104D4000012341E0FB681B681846FFF7E1FE0346BC
:104D5000002BE2D123E0FB681B68B9681846FFF717
:104D6000ADFE14E03B6901333B613B69194A934254
:104D70000DD9FB689B6F23F0120343F01002FB6810
:104D80009A67FB68002283F8742001231CE0FB680B
:104D90001B681846FFF7BCFE0346002BE2D1FB68F8
:104DA0009B6F23F0030343F00102FB689A6705E061
:104DB000FB689B6F43F01002FB689A67FB68002258
:104DC00083F8742097F8273018462837BD4680BDF1
:104DD000001002467F6B2B02004004E0001102032A
:104DE000C0FFFE7F80B483B000AF786000BF0C3797
:104DF000BD465DF8047B704780B483B000AF786037
:104E000000BF0C37BD465DF8047B704780B483B0AB
:104E100000AF786000BF0C37BD465DF8047B70477B
:104E200080B483B000AF786000BF0C37BD465DF83A
:104E3000047B704780B485B000AF78607B6803F076
:104E40000703FB600C4BDB68BB60BA684FF6FF03DF
:104E50001340BB60FB681A02BB68134343F0BF6397
:104E600043F40033BB60044ABB68D36000BF14370F
:104E7000BD465DF8047B704700ED00E080B400AFF4
:104E8000044BDB681B0A03F007031846BD465DF8B8
:104E9000047B704700ED00E080B483B000AF0346B0
:104EA000FB7197F90730002B0BDBFB7903F01F0236
:104EB000074997F907305B09012000FA02F241F82F
:104EC000232000BF0C37BD465DF8047B704700BF50
:104ED00000E100E080B483B000AF0346FB7197F9B6
:104EE0000730002B12DBFB7903F01F020A4997F908
:104EF00007305B09012000FA02F2203341F8232039
:104F0000BFF34F8F00BFBFF36F8F00BF00BF0C37E1
:104F1000BD465DF8047B704700E100E080B483B0DB
:104F200000AF03463960FB7197F90730002B0ADBAD
:104F30003B68DAB20C4997F907301201D2B20B4440
:104F400083F800230AE03B68DAB20849FB7903F0F2
:104F50000F03043B1201D2B20B441A7600BF0C3788
:104F6000BD465DF8047B704700E100E000ED00E025
:104F700080B489B000AFF860B9607A60FB6803F074
:104F80000703FB61FB69C3F10703042B28BF04235C
:104F9000BB61FB690433062B02D9FB69033B00E0CC
:104FA00000237B614FF0FF32BB6902FA03F3DA435F
:104FB000BB681A407B699A404FF0FF317B6901FA68
:104FC00003F3D9437B680B40134318462437BD468F
:104FD0005DF8047B7047000080B400AFBFF34F8FD3
:104FE00000BF064BDB6803F4E0620449044B134343
:104FF000CB60BFF34F8F00BF00BFFDE700ED00E0C7
:105000000400FA0580B582B000AF78607868FFF7D9
:1050100011FF00BF0837BD4680BD80B586B000AF28
:105020000346B9607A60FB73FFF728FF78617A68FE
:10503000B9687869FFF79CFF024697F90F3011466F
:105040001846FFF76BFF00BF1837BD4680BD80B51F
:1050500082B000AF0346FB7197F907301846FFF79F
:105060001BFF00BF0837BD4680BD80B582B000AFD2
:105070000346FB7197F907301846FFF72BFF00BF77
:105080000837BD4680BD80B500AFFFF7A5FF000023
:1050900080B483B000AF78607B68013BB3F1807F60
:1050A00001D301230DE00A4A7B68013B5360084BA2
:1050B00000229A60064B1B68054A43F00303136005
:1050C000002318460C37BD465DF8047B704700BFCF
:1050D00010E000E080B483B000AF78607B68042B00
:1050E00044D801A252F823F00B51010829510108BC
:1050F0004B5101086D510108FD5001081F4B1B6801
:105100001E4A43F00403136031E01C4B1B681B4A2A
:1051100023F0040313601A4BD3F8E030184A23F449
:105120004003C2F8E03022E0144B1B68134A23F01E
:1051300004031360124BD3F8E03023F44003104A09
:1051400043F48003C2F8E03011E00C4B1B680B4ABB
:1051500023F0040313600A4BD3F8E03023F4400338
:10516000074A43F40003C2F8E03000E000BF00BF8C
:105170000C37BD465DF8047B704700BF10E000E0CF
:10518000000C024680B483B000AF194B1B6803F0DB
:105190000403002B02D004237B6021E0154BD3F8DD
:1051A000E03003F440033B603B68B3F5000F11D0DF
:1051B0003B68B3F5000F10D83B68002B04D03B6868
:1051C000B3F5800F03D008E000237B6008E00123E3
:1051D0007B6005E002237B6002E000237B6000BF70
:1051E0007B6818460C37BD465DF8047B704700BFEE
:1051F00010E000E0000C024680B582B000AF78609D
:105200007B68002B01D1012354E07B685B7FDBB21C
:10521000002B05D17B6800221A777868FAF7D2FD57
:105220007B6802225A777B681B79002B0CD17B6844
:105230001B68224A5A617B681B689A687B681B68F6
:1052400022F018029A600CE07B6899687B68DB6842
:105250001A46786800F08EF90346002B01D001232E
:1052600028E07B685B79002B05D17B681B684FF0D9
:10527000FF321A6104E07B681B687A6812691A6160
:105280007B681B689B6823F060017B685A697B68B8
:105290001B680A439A607B681B689B6823F0800147
:1052A0007B689A697B681B680A439A607B68012265
:1052B0005A77002318460837BD4680BDB71DC10484
:1052C00080B586B000AFF860B9607A6000233B61BA
:1052D000FB6802225A77FB681B6A032B06D0032B5C
:1052E00029D8012B19D0022B1ED024E000237B618A
:1052F0000AE07B699B00BA681A44FB681B68126865
:105300001A607B6901337B617A697B689A42F0D3CA
:10531000FB681B681B683B610EE07A68B968F86837
:1053200000F05EF8386107E07A68B968F86800F064
:10533000E7F8386100E000BFFB6801225A773B695B
:1053400018461837BD4680BD80B586B000AFF860FE
:10535000B9607A6000233B61FB6802225A77FB68E0
:105360001B689A68FB681B6842F001029A60FB6840
:105370001B6A032B06D0032B29D8012B19D0022B33
:105380001ED024E000237B610AE07B699B00BA68A1
:105390001A44FB681B6812681A607B6901337B61E1
:1053A0007A697B689A42F0D3FB681B681B683B6193
:1053B0000EE07A68B968F86800F012F8386107E022
:1053C0007A68B968F86800F09BF8386100E000BFBF
:1053D000FB6801225A773B6918461837BD4680BDE5
:1053E00080B489B000AFF860B9607A600023FB61D7
:1053F00023E0FB699B00BA6813441B781A06FB691B
:105400009B000133B9680B441B781B041A43FB69EA
:105410009B000233B9680B441B781B021A43FB69DB
:105420009B000333B9680B441B781946FB681B6863
:105430000A431A60FB690133FB617B689B08FA69C8
:105440009A42D6D37B6803F00303002B4FD07B68CE
:1054500003F00303012B07D1FB699B00BA681344D7
:10546000FA6812681B7813707B6803F00303022B41
:1054700017D1FB699B00BA6813441B781BB21B024F
:105480001AB2FB699B000133B9680B441B781BB24D
:1054900013431BB27B83FB681B687B617B697A8B40
:1054A0001A807B6803F00303032B20D1FB699B0068
:1054B000BA6813441B781BB21B021AB2FB699B002B
:1054C0000133B9680B441B781BB213431BB27B83B7
:1054D000FB681B687B617B697A8B1A80FB699B0088
:1054E0000233BA681344FA6812681B781370FB68B9
:1054F0001B681B6818462437BD465DF8047B70475F
:1055000080B487B000AFF860B9607A6000237B6137
:1055100013E07B699B00BA6813441B881A047B69FB
:105520009B000233B9680B441B881946FB681B6853
:105530000A431A607B6901337B617B685B087A6987
:105540009A42E6D37B6803F00103002B09D0FB6885
:105550001B683B617B699B00BA6813441A883B69EE
:105560001A80FB681B681B6818461C37BD465DF82F
:10557000047B704780B487B000AFF860B9607A6090
:105580000023FB751F233B61BB6803F00103002B65
:1055900002D10123FB7563E000BF3B695A1E3A61EB
:1055A000002B09D03B6903F01F03BA6822FA03F30A
:1055B00003F00103002BF0D07B68182B46D801A222
:1055C00052F823F0535601084D5601084D56010874
:1055D0004D5601084D5601084D5601084D5601081B
:1055E0004D560108415601084D5601084D56010817
:1055F0004D5601084D5601084D5601084D560108FB
:105600004D560108355601084D5601084D56010802
:105610004D5601084D5601084D5601084D560108DA
:105620004D560108295601083B69062B13D9012361
:10563000FB7510E03B69072B0FD90123FB750CE0CC
:105640003B690F2B0BD90123FB7508E00123FB7588
:1056500006E000BF04E000BF02E000BF00E000BFC2
:10566000FB7D002B0DD1FB681B68BA685A61FB6893
:105670001B689B6823F01801FB681B687A680A4363
:105680009A60FB7D18461C37BD465DF8047B704769
:1056900080B584B000AF7860FCF75AFCF8607B6896
:1056A000002B01D10123DBE07B681B686E4A93422B
:1056B00000F09F807B681B686C4A934200F09980E1
:1056C0007B681B686A4A934200F093807B681B6882
:1056D000684A934200F08D807B681B68664A93425B
:1056E00000F087807B681B68644A934200F08180E9
:1056F0007B681B68624A93427BD07B681B68614A67
:10570000934276D07B681B685F4A934271D07B6876
:105710001B685E4A93426CD07B681B685C4A93426C
:1057200067D07B681B685B4A934262D07B681B68CA
:10573000594A93425DD07B681B68584A934258D0BF
:105740007B681B68564A934253D07B681B68554A56
:1057500093424ED07B681B68534A934249D07B6882
:105760001B68524A934244D07B681B68504A93425C
:105770003FD07B681B684F4A93423AD07B681B68D6
:105780004D4A934235D07B681B684C4A934230D0D7
:105790007B681B684A4A93422BD07B681B68494A46
:1057A000934226D07B681B68474A934221D07B688E
:1057B0001B68464A93421CD07B681B68444A93424C
:1057C00017D07B681B68434A934212D07B681B68E2
:1057D000414A93420DD07B681B68404A934208D0EF
:1057E0007B681B683E4A934203D07B681B683D4A36
:1057F00093427B68002283F84C207B68022283F866
:1058000054207B681B685A697B681B6842F006025B
:105810005A610FE0FCF79CFB0246FB68D31A052B8C
:1058200008D97B6810229A657B68032283F854208C
:10583000012315E07B681B685B6903F00103002B03
:10584000E8D1786800F00CFC7B685A6B7B681A65BD
:105850007B6800229A657B68012283F8542000232C
:1058600018461037BD4680BD50000240500002501F
:10587000D0000240D00002505001024050010250BE
:10588000D0010240D00102505002024050020250AA
:10589000D0020240D0020250500302405003025096
:1058A000D0030240D0030250500402405004025082
:1058B000D0040240D004025050050240500502506E
:1058C000D0050240D005025050060240500602505A
:1058D000D0060240D0060250500702405007025046
:1058E000D0070240D007025080B584B000AF786086
:1058F000FCF72EFBF8607B68002B01D10123B9E097
:105900007B681B6823F47F6323F00F03BB607B6815
:105910001B685A697B681B6842F006025A610FE0F7
:10592000FCF716FB0246FB68D31A052B08D97B68E7
:1059300010229A657B68032283F85420012399E0A2
:105940007B681B685B6903F00103002BE8D17B686F
:105950001B6800221A607B681B6800225A617B6802
:105960001B6800221A647B681B6800225A647B68EB
:105970001B6800229A647B681B680022DA647B68DB
:105980001B6800221A657B681B680022DA677B6847
:105990001B683A4A934222D07B681B68384A93427C
:1059A0001DD07B681B68374A934218D07B681B6800
:1059B000354A934213D07B681B68344A93420ED019
:1059C0007B681B68324A934209D07B681B68314A66
:1059D000934204D07B681B682F4A934201D1012374
:1059E00000E00023002B07D07B681B6800225A656B
:1059F0007B681B6800229A65BB685A687B681B68D5
:105A0000C3F30B03503BDB0903F01F03012101FA31
:105A100003F3DB431A40BB685A607B681B684FF492
:105A2000FE42DA607B6800221A667B6800225A66B2
:105A30007B6800229A667B680022DA667B68002217
:105A40001A677B6800225A677B68DB6D002B02D0E7
:105A50007B680022DA657B6800221A657B68002279
:105A60009A657B68002283F854207B68002283F8C3
:105A70004C20002318461037BD4680BD500602401A
:105A800050060250D0060240D00602505007024095
:105A900050070250D0070240D007025080B584B0B2
:105AA00000AFF860B9607A603B60FB68002B01D101
:105AB00001234FE0FB6893F84C30012B01D1022306
:105AC00048E0FB68012283F84C20FB6893F85430CF
:105AD000DBB2012B36D1FB68022283F85420FB682D
:105AE00000229A653B687A68B968F86800F092FA13
:105AF000FB681B685A69FB681B6842F4BA425A612A
:105B0000FB685B6E002B07D0FB681B685A69FB685B
:105B10001B6842F400725A61FB681B6F002B07D0B0
:105B2000FB681B685A69FB681B6842F400525A61A3
:105B3000FB681B685A69FB681B6842F001025A61E6
:105B4000002307E0FB6840229A65FB68002283F887
:105B50004C20012318461037BD4680BD80B584B067
:105B600000AF7860FCF7F4F9F8607B68002B01D196
:105B700001236BE07B6893F85430DBB2022B08D032
:105B80007B6820229A657B68002283F84C200123E1
:105B90005CE07B681B685A697B681B6842F0040202
:105BA0005A617B68052283F8542020E0FCF7D0F985
:105BB0000246FB68D31A052B19D97B689B6D43F00D
:105BC00010027B689A657B68032283F854207B6807
:105BD0001B6D03F08003002B03D07B685B6F0122F9
:105BE0001A737B68002283F84C2001232EE07B6827
:105BF0001B681B6903F40053002BD7D07B681B681C
:105C00005A697B681B6842F002025A617B68042271
:105C100083F854207B681B684FF4FE42DA607B688F
:105C2000012283F854207B681B6D03F08003002B56
:105C300007D07B685B6F01221A737B681B680022A8
:105C40009A647B68002283F84C20002318461037A2
:105C5000BD4680BD80B483B000AF78607B68002B08
:105C600001D1012319E07B6893F85430DBB2022B99
:105C700004D07B6820229A6501230EE07B68042211
:105C800083F854207B681B685B697A68126843F468
:105C9000005343F004035361002318460C37BD46FC
:105CA0005DF8047B704780B586B000AF78607B6894
:105CB0001B6823F47F6323F00F037B617B681B6801
:105CC000C3F30B03503BDB0903F01F03012202FA6D
:105CD00003F33B617B69DB683A691340FB60FB6857
:105CE000002B00F03B817B681B681B6903F4806319
:105CF000002B11D07B681B685B6903F48063002B69
:105D00000AD07B681B684FF48062DA607B689B6D09
:105D100043F001027B689A657B681B681B6903F48A
:105D20000063002B11D07B681B685B6903F4006380
:105D3000002B0AD07B681B684FF40062DA607B6836
:105D40009B6D43F002027B689A657B681B681B6948
:105D500003F48053002B11D07B681B685B6903F44C
:105D60008053002B0AD07B681B684FF48052DA60A6
:105D70007B689B6D43F004027B689A657B681B68B7
:105D80001B6903F48043002B11D07B681B685B699F
:105D900003F48043002B0AD07B681B684FF48042D9
:105DA000DA607B689B6D43F008027B689A657B68CC
:105DB0001B681B6903F40073002B13D07B681B68FE
:105DC0005B6903F40073002B0CD07B681B684FF4F5
:105DD0000072DA607B685B6E002B03D07B685B6EC1
:105DE000786898477B681B681B6903F40053002B95
:105DF0004CD07B681B685B6903F40053002B45D0D3
:105E00007B681B684FF40052DA607B6893F854306B
:105E1000DBB2042B2ED17B681B685A697B681B6838
:105E200022F400525A617B681B685A697B681B68C0
:105E300042F002025A617B68012283F854207B6899
:105E40001B6D03F08003002B07D07B685B6F012282
:105E50001A737B681B6800229A647B68002283F8AF
:105E60004C207B68DB6E002B7AD07B68DB6E786819
:105E7000984775E07B68052283F854207B681B6F88
:105E8000002B03D07B681B6F786898477B681B6882
:105E90001B6903F48073002B39D07B681B685B6936
:105EA00003F48073002B32D07B681B6D03F08003FA
:105EB000002B12D07B681B68DB6F002B16D17B6830
:105EC0001B689B6C002B11D17B68012283F8542046
:105ED0007B685B6F01221A7308E07B681B689B6C10
:105EE000002B03D17B68012283F854207B681B6858
:105EF0004FF44072DA607B68002283F84C207B68A4
:105F00001B6E002B03D07B681B6E786898477B68FC
:105F10009B6D002B25D07B681B685A697B681B68CA
:105F200042F002025A617B68012283F854207B68A8
:105F30001B6D03F08003002B03D07B685B6F012295
:105F40001A737B68002283F84C207B689B6E002BC1
:105F500007D07B689B6E7868984702E000BF00E03E
:105F600000BF1837BD4680BD80B483B000AF7860F5
:105F70007B6893F85430DBB218460C37BD465DF8A9
:105F8000047B704780B483B000AF78607B689B6D02
:105F900018460C37BD465DF8047B704780B485B069
:105FA00000AF786039607B68002B01D101232BE0C2
:105FB0007B681B6823F47F6323F00F03FB607B681F
:105FC0001B68C3F30B03503BDB0903F01F030122E3
:105FD00002FA03F3BB603B6803F01003002B12D0FE
:105FE0003B6803F01103112B06D1FB685A68BB68AC
:105FF0001A43FB685A6006E0FB685A68BB68DB43DB
:106000001A40FB685A60002318461437BD465DF8F5
:10601000047B704780B485B000AFF860B9607A60E7
:106020003B60FB681B689B6C1B0C1B043A6891B2BD
:10603000FA6812680B439364FB681B684FF4FE42D6
:10604000DA60FB681B68BA68DA64FB681B687A6808
:106050001A6500BF1437BD465DF8047B7047000029
:1060600080B485B000AF78607B681B6AFB607B689A
:106070001B685B6923F443017B681B68FA680A4369
:106080005A617B685A697B68DB691A437B681B69C4
:106090001A437B689B691343FB607B681B68534A08
:1060A000934200F0A0807B681B68514A934200F045
:1060B0009A807B681B684F4A934200F094807B680B
:1060C0001B684D4A934200F08E807B681B684B4AE8
:1060D000934200F088807B681B68494A934200F035
:1060E00082807B681B68474A93427CD07B681B6830
:1060F000454A934277D07B681B68444A934272D0EA
:106100007B681B68424A93426DD07B681B68414A9A
:10611000934268D07B681B683F4A934263D07B6898
:106120001B683E4A93425ED07B681B683C4A9342A0
:1061300059D07B681B683B4A934254D07B681B68EC
:10614000394A93424FD07B681B68384A93424AD001
:106150007B681B68364A934245D07B681B68354A8A
:10616000934240D07B681B68334A93423BD07B68A4
:106170001B68324A934236D07B681B68304A934290
:1061800031D07B681B682F4A93422CD07B681B68F8
:106190002D4A934227D07B681B682C4A934222D019
:1061A0007B681B682A4A93421DD07B681B68294A7A
:1061B000934218D07B681B68274A934213D07B68B0
:1061C0001B68264A93420ED07B681B68244A934280
:1061D00009D07B681B68234A934204D07B681B6804
:1061E000214A934242D1012341E000BF50000240C6
:1061F00050000250D0000240D00002505001024036
:1062000050010250D0010240D00102505002024021
:1062100050020250D0020240D0020250500302400D
:1062200050030250D0030240D003025050040240F9
:1062300050040250D0040240D004025050050240E5
:1062400050050250D0050240D005025050060240D1
:1062500050060250D0060240D006025050070240BD
:1062600050070250D0070240D00702500023002BF5
:1062700012D07B68DA6A7B689B6A013B1B0503F0DE
:106280007C731A437B685B6A013B1B0103F47C73DC
:106290001343FA681343FB607B681B681B6C03F0B5
:1062A00080217B681B68FA680A431A647B689A68D5
:1062B0007B685B6803F07F031A437B681B6B1343A7
:1062C000FB607B68DB68B3F5806F40F0B0807B6873
:1062D0001B68824A934200F0A0807B681B68804A5A
:1062E000934200F09A807B681B687E4A934200F0DC
:1062F00094807B681B687C4A934200F08E807B68A8
:106300001B687A4A934200F088807B681B68784A51
:10631000934200F082807B681B68764A93427CD06F
:106320007B681B68744A934277D07B681B68734A0A
:10633000934272D07B681B68714A93426DD07B6830
:106340001B68704A934268D07B681B686E4A934210
:1063500063D07B681B686D4A93425ED07B681B6884
:106360006B4A934259D07B681B686A4A934254D067
:106370007B681B68684A93424FD07B681B68674AFA
:1063800093424AD07B681B68654A934245D07B683C
:106390001B68644A934240D07B681B68624A934200
:1063A0003BD07B681B68614A934236D07B681B6890
:1063B0005F4A934231D07B681B685E4A93422CD07F
:1063C0007B681B685C4A934227D07B681B685B4AEA
:1063D000934222D07B681B68594A93421DD07B6848
:1063E0001B68584A934218D07B681B68564A9342F0
:1063F00013D07B681B68554A93420ED07B681B689C
:10640000534A934209D07B681B68524A934204D096
:106410007B681B68504A934201D1012300E00023AE
:10642000002B0DD0FB6843F48063FB6008E07B68C1
:10643000DB68B3F5007F03D1FB6843F40073FB60B6
:106440007B681B685A6C454B13407A681268F96880
:106450000B4353647B681B6800229A647B681B684B
:10646000364A934222D07B681B68354A93421DD03E
:106470007B681B68334A934218D07B681B68324A9A
:10648000934213D07B681B68304A93420ED07B68DE
:106490001B682F4A934209D07B681B682D4A9342A0
:1064A00004D07B681B682C4A934201D1012300E091
:1064B0000023002B07D07B681B6800225A657B688D
:1064C0001B6800229A657B681B680022DA6700BFA0
:1064D0001437BD465DF8047B704700BF5000024092
:1064E00050000250D0000240D00002505001024043
:1064F00050010250D0010240D0010250500202402F
:1065000050020250D0020240D0020250500302401A
:1065100050030250D0030240D00302505004024006
:1065200050040250D0040240D004025050050240F2
:1065300050050250D0050240D005025050060240DE
:1065400050060250D0060240D006025050070240CA
:1065500050070250D0070240D00702508031C03CA3
:1065600080B586B000AF78607B68002B03D07B6875
:106570005B6F002B01D1012382E07B6893F85430DC
:10658000FB757B681B685B6903F480333B61FB7DB3
:10659000012B05D0FB7D022B6AD13B69002B67D014
:1065A0007B6893F85430DBB2012B57D17B6893F8AA
:1065B0004C30012B01D1022362E07B68012283F879
:1065C0004C207B68022283F854207B685B6F022298
:1065D0001A737B6800229A657B685B6F00221A61E0
:1065E0007B681B685A697B681B6842F4BA425A612F
:1065F0007B685B6E002B07D07B681B685A697B68E1
:106600001B6842F400725A617B681B6F002B07D035
:106610007B681B685A697B681B6842F400525A61A8
:106620007B685B6F1B6807F10C010022184600F0C5
:106630005BF97B685B6F1B6819467B681A680B0CFB
:106640001B0413607B685B6F1B681A464FF6FC7374
:106650001340F9687A6812680B43D3677B681B683C
:106660005A697B681B6842F001025A61002307E007
:106670007B6840229A657B68002283F84C200123C6
:1066800018461837BD4680BD80B582B000AF78602F
:1066900039607B68002B02D03B68002B01D10123BD
:1066A00004E03968786800F015F8002318460837C8
:1066B000BD4680BD80B483B000AF78607B681B6846
:1066C0001B691B0CDBB218460C37BD465DF8047B1A
:1066D0007047000080B485B000AF786039603B68D7
:1066E0001B6ADAB27B681A603B681B6803F0080219
:1066F0007B681A613B681B6803F400227B685A615F
:106700003B681B6803F003027B689A613B681B6867
:1067100003F440327B68DA613B681B681B0903F0B5
:106720003F035A1C7B685A623B681B681B0D03F0D1
:106730003F035A1C7B689A623B681B6803F0402247
:106740007B68DA623B681A68664B13407A68936329
:106750003B681B6803F4C0527B68DA633B685B6884
:1067600003F40073002B08D07B684FF400725A606A
:106770007B684FF40072DA6013E03B685B6803F0FB
:106780007F027B685A603B685B6803F48063002B80
:1067900004D07B684FF48062DA6002E07B680022FC
:1067A000DA603B685B6803F400627B689A603B6870
:1067B0005B6803F440427B681A643B685B6803F0E3
:1067C00040727B685A643B685B681B0C03F03F02B5
:1067D0007B689A643B685B6803F040427B681A639D
:1067E0003B689B689AB27B689A667B681B6803F07B
:1067F0000203002B08D03B689B681B0CC3F30A0301
:106800005A1C7B68DA6402E07B680122DA643B6828
:10681000DA687B681A663B681A697B685A667B6827
:106820001B6803F00203002B4AD03B685B699BB2F4
:10683000C3F30C03FB81FA897B681A653B685B69CB
:106840001B0C9BB2C3F30C03FB81FA897B685A656E
:106850003B689B6803F08053002B04D07B681B6D62
:106860005A427B681A653B689B6803F00053002B13
:1068700004D07B685B6D5A427B685A653B689B69B4
:10688000FB81FA897B689A653B689B691B0CFB81DD
:10689000FA897B68DA653B689B6803F08043002BCC
:1068A00004D07B689B6D5A427B689A653B689B6805
:1068B000002B11DA7B68DB6D5A427B68DA650BE0EE
:1068C0007B6800221A657B6800225A657B6800227B
:1068D0009A657B680022DA6500BF1437BD465DF813
:1068E000047B70470020000C80B485B000AFF860D6
:1068F000B9607A60FB681B6A03F00203002B0CD0BE
:10690000BB68002B02D0BB680D4A1A607B68002B65
:106910000FD07B6807221A600BE0BB68002B02D007
:10692000BB68084A1A607B68002B02D07B6805228E
:106930001A6000BF1437BD465DF8047B704700BF86
:10694000000001FE000001F880B586B000AFF860DD
:10695000B9607A601F4B1B78012B01D1022334E010
:106960001C4B01221A701B4B00225A604FF47A70A4
:1069700000F0A2F80346FB75FB7D002B21D1154AE0
:10698000FB689360144B3B61FB6823F00043012BD1
:1069900004D17968B86800F0D5F803E07968B86880
:1069A00000F00CF94FF47A7000F086F80346FB759E
:1069B0003B691A68FB6823F00043DB431A403B69DC
:1069C0001A60044B00221A70FB7D18461837BD462A
:1069D00080BD00BF5C1A00202820024080B483B034
:1069E00000AF0023FB710B4B9B6A002B0BDA094BAA
:1069F000094A9A60074B094A9A60064B9B6A002B2A
:106A000001DA0123FB71FB7918460C37BD465DF8AE
:106A1000047B70470020024023016745AB89EFCD1E
:106A200080B483B000AF0123FB71094B9B6A084A15
:106A300043F000439362064B9B6A002B01DA00236C
:106A4000FB71FB7918460C37BD465DF8047B704737
:106A50000020024080B400AF0C4B9B6A03F08043DF
:106A6000002B0DD0094B0A4A1A61084B094A1A61DA
:106A7000064B9B6A03F08043002B01D0012300E00A
:106A800000231846BD465DF8047B70470020024095
:106A90003B2A19087F6E5D4C80B400AF054B9B6AA2
:106AA000044A43F00063936201231846BD465DF833
:106AB000047B70470020024080B586B000AF78604C
:106AC000FBF746FA02467B6813447B611B4B3B6134
:106AD0000BE07B68B3F1FF3F07D0FBF739FA0246C2
:106AE0007B69934201D8032323E03B691B6803F4CD
:106AF0004033002BEDD13B691A6842F2FA03134090
:106B0000FB60FB68002B0AD00D4B5A68FB681343EF
:106B10000B4A53603B69FA681A60012309E03B693C
:106B20001B6803F00103002B02D03B6901221A60AD
:106B3000002318461837BD4680BD00BF2020024004
:106B40005C1A002080B48BB000AF786039600423F9
:106B500087F827307B683B623B68FB61164BBB6163
:106B6000BB691B6843F00102BB691A60EFF3108335
:106B70003B613B697B6172B600BFFB691A683B6A87
:106B80001A603B6A04333B62FB690433FB6197F88C
:106B90002730013B87F8273097F82730002BECD1BE
:106BA0007B69FB60FB6883F3108800BF00BF2C3754
:106BB000BD465DF8047B70472820024080B48BB04E
:106BC00000AF78603960202387F827307B683B620C
:106BD0003B68FB61174BBB61BB691B6843F4804397
:106BE00043F00103BA691360EFF310833B613B6923
:106BF0007B6172B600BFFB691A683B6A1A603B6A28
:106C000004333B62FB690433FB6197F82730013B97
:106C100087F8273097F82730002BECD17B69FB6091
:106C2000FB6883F3108800BF00BF2C37BD465DF8BA
:106C3000047B70472820024080B586B000AF7860A2
:106C40003960334B1B78012B01D102235CE0304BC0
:106C500001221A702E4B00225A604FF47A70FFF70F
:106C60002BFF0346FB75FB7D002B49D17B681B681E
:106C7000274A9360274BFB607B681B6823F0004327
:106C800048F2040293420BD17B685B68184600F01F
:106C900009F94FF47A70FFF70FFF0346FB7525E003
:106CA0003B684FF0FF321A607B689B683B6115E0E0
:106CB0007B685B681946386900F01AF94FF47A70FE
:106CC000FFF7FAFE0346FB75FB7D002B03D03B6804
:106CD0003A691A600AE03B6901333B617B689A6854
:106CE0007B68DB6813443A699A42E1D3FB681A680F
:106CF0007B681B6823F00043DB431A40FB681A6083
:106D0000034B00221A70FB7D18461837BD4680BD24
:106D10005C1A00202820024080B584B000AF786063
:106D2000374B1B78012B01D1022364E0344B012245
:106D30001A70334B00225A604FF47A70FFF7BCFE92
:106D40000346FB73FB7B002B51D17B681B6803F070
:106D50000103002B09D07B6858687B6899687B68C1
:106D6000DA687B681B7C00F0F3F87B681B6803F033
:106D70000203002B04D07B685B69184600F02EF9F3
:106D80007B681B6803F04003002B08D07B68986A7F
:106D90007B68D96A7B681B6B1A4600F033F97B6805
:106DA0001B6803F00403002B07D07B689A697B689B
:106DB000DB691946104600F043F97B681B6803F055
:106DC0000803002B07D07B681A6A7B685B6A194648
:106DD000104600F08BFA0B4B9B6A0A4A43F40033CF
:106DE00093624FF47A70FFF767FE0346FB73044B20
:106DF00000221A70FB7B18461037BD4680BD00BFCD
:106E00005C1A00200020024080B582B000AF78609C
:106E10007B6806221A607B685B68012B0BD07B685D
:106E20005B68022B07D07B685B68042B03D07B6810
:106E30005B68082B11D17B681B6843F001027B68FB
:106E40001A607B6858687B6803F108017B6803F16E
:106E50000C027B68103300F063FA00F0D3FA0246AC
:106E60007B685A6100F0EAFA02467B68DA617B6867
:106E70001B6A012B03D07B681B6A022B0DD17B6838
:106E80001B6843F008027B681A607B681A6A7B689B
:106E900024331946104600F0E5FA00BF0837BD4616
:106EA00080BD000080B485B000AF78600F4BFB6000
:106EB0007B6803F00103002B07D0FB681B6843F4D9
:106EC000803343F00403FA6813607B6803F0020325
:106ED000002B05D0FB681B6843F4C032FB681A60C6
:106EE00000BF1437BD465DF8047B70472820024080
:106EF00080B485B000AF78603960144BFB603B68AC
:106F000003F00103002B06D0FB681B6823F400622A
:106F1000FB681A6005E0FB681B6843F40062FB68CD
:106F20001A60FB681B6823F4813323F4FD737A68CD
:106F3000D200134343F4803343F00203FA68136032
:106F400000BF1437BD465DF8047B7047282002401F
:106F500080B485B000AFF860B9607A60FB70FB6800
:106F6000012B0AD1FB78DB43DA077B681B041A4349
:106F70001949BB6813438B6528E0FB68022B0AD1D3
:106F8000FB78DB43DA077B681B041A431249BB68B2
:106F90001343CB651AE0FB68042B0AD1FB78DB4373
:106FA000DA077B681B041A430B49BB6813438B66E3
:106FB0000CE0FB68082B09D1FB78DB43DA077B6820
:106FC0001B041A430449BB681343CB6600BF143744
:106FD000BD465DF8047B70470020024080B483B05A
:106FE00000AF7860064B1B6C23F0FF0204497B68FE
:106FF00013430B6400BF0C37BD465DF8047B70473C
:107000000020024080B485B000AFF860B9607A60BB
:10701000FB68012B06D1094ABB681367074A7B68E6
:10702000536705E0054ABB689367044A7B68D367EA
:1070300000BF1437BD465DF8047B70470020024056
:1070400080B485B000AF786039600023FB60002316
:10705000BB607B6803F00103002B09D03B6803F49D
:10706000E063FA681343FB60BB6843F4E063BB6012
:107070007B6803F00203002B09D03B6803F48053C4
:10708000FA681343FB60BB6843F48053BB607B68C2
:1070900003F00403002B09D03B6803F40053FA68A3
:1070A0001343FB60BB6843F40053BB607B6803F091
:1070B0000803002B09D03B6803F48043FA681343AC
:1070C000FB60BB6843F48043BB607B6803F0100344
:1070D000002B09D03B6803F40043FA681343FB60BC
:1070E000BB6843F40043BB607B6803F02003002BC4
:1070F00009D03B6803F48033FA681343FB60BB6834
:1071000043F48033BB607B6803F04003002B09D05D
:107110003B6803F40033FA681343FB60BB6843F435
:107120000033BB607B6803F08003002B09D03B6811
:1071300003F48023FA681343FB60BB6843F48023A5
:10714000BB607B6803F48073002B09D03B6803F4B9
:107150000023FA681343FB60BB6843F40023BB6061
:107160007B6803F40073002B09D03B6803F48013A1
:10717000FA681343FB60BB6843F48013BB607B6811
:1071800003F48063002B09D03B6803F40013FA6812
:107190001343FB60BB6843F40013BB607B6803F4DC
:1071A0000063002B09D03B6803F48003FA681343A3
:1071B000FB60BB6843F48003BB607B6803F48053CF
:1071C000002B09D03B6803F40003FA681343FB600B
:1071D000BB6843F40003BB607B6803F40053002BDF
:1071E00009D03B6803F08073FA681343FB60BB6807
:1071F00043F08073BB607B6803F48043002B09D0AD
:107200003B6803F00073FA681343FB60BB6843F00C
:107210000073BB607B6803F40043002B09D03B681C
:1072200003F08063FA681343FB60BB6843F080633C
:10723000BB607B6803F48033002B09D03B6803F00C
:107240000063FA681343FB60BB6843F00063BB60F4
:107250007B6803F40033002B09D03B6803F08053B4
:10726000FA681343FB60BB6843F08053BB607B68E4
:1072700003F48023002B09D03B6803F00053FA6825
:107280001343FB60BB6843F00053BB607B6803F4AF
:107290000023002B09D03B6803F08043FA681343B6
:1072A000FB60BB6843F08043BB607B6803F48013E2
:1072B000002B09D03B6803F00043FA681343FB60DE
:1072C000BB6843F00043BB60074B1A6CBB68DB43F1
:1072D0001A400549FB6813430B6400BF1437BD46D1
:1072E0005DF8047B704700BF0020024080B483B08B
:1072F00000AF786039607B68012B03D1074A3B6897
:10730000536405E07B68022B02D1044A3B68936416
:1073100000BF0C37BD465DF8047B7047002002407B
:1073200080B485B000AFF860B9607A603B60FB68FC
:10733000012B15D1324B9B6D03F07F02BB681A60A5
:107340002F4B9B6D1B0C03F07F027B681A602C4B4C
:107350009B6DDB43DB0FDBB21A463B681A7049E0DA
:10736000FB68022B15D1264BDB6D03F07F02BB6857
:107370001A60234BDB6D1B0C03F07F027B681A60E5
:107380001F4BDB6DDB43DB0FDBB21A463B681A7029
:1073900030E0FB68042B15D1194B9B6E03F07F0284
:1073A000BB681A60164B9B6E1B0C03F07F027B6858
:1073B0001A60134B9B6EDB43DB0FDBB21A463B6854
:1073C0001A7017E0FB68082B14D10D4BDB6E03F02D
:1073D0007F02BB681A600A4BDB6E1B0C03F07F0256
:1073E0007B681A60064BDB6EDB43DB0FDBB21A46B1
:1073F0003B681A7000BF1437BD465DF8047B7047C8
:107400000020024080B483B000AF0B4B1B6CDBB29A
:107410007B607B68AA2B07D07B68552B04D07B68E8
:10742000CC2B01D0BB2300E07B6818460C37BD464F
:107430005DF8047B704700BF0020024080B483B039
:1074400000AF074B1B6C7B607B6823F0FF037B6006
:107450007B6818460C37BD465DF8047B704700BF5B
:107460000020024080B483B000AF786039607B6850
:10747000012B06D10A4B5B6C23F07F023B681A603C
:1074800008E07B68022B05D1054B9B6C23F07F0243
:107490003B681A6000BF0C37BD465DF8047B70473F
:1074A0000020024080B489B000AF786039600023CA
:1074B0007B617B683B61BAE13B681A6801217B69AB
:1074C00001FA03F31340FB607B69BB61FB68002B8F
:1074D00000F0AA817B68554A93425DD17B681B68A6
:1074E000FB6101227B6902FA03F3DB43FA69134073
:1074F000FB613B685B6803F001027B6902FA03F3FE
:10750000FA691343FB617B68FA691A60484A7B6930
:1075100052F833303B61464A7B69DB0013445B68B9
:10752000BB61BB69DA083B69083253F82230FB6162
:10753000BB6903F007039B000F2202FA03F3DB434E
:10754000FA691340FB61BB6903F007039B000B2240
:1075500002FA03F3FA691343FB61BB69DA083B697A
:107560000832F96943F822103B691B68FB61BB696B
:107570005B00032202FA03F3DB43FA691340FB6169
:10758000BB695B00022202FA03F3FA691343FB6151
:107590003B69FA691A6067E03B685B68022B03D0BD
:1075A0003B685B68122B45D17B69DA087B6808323F
:1075B00053F82230FB617B6903F007039B000F2225
:1075C00002FA03F3DB43FA691340FB613B681B6972
:1075D00003F00F027B6903F007039B0002FA03F339
:1075E000FA691343FB617B69DA087B680832F96941
:1075F00043F822103B691B68FB61BB695B000322F7
:1076000002FA03F3DB43FA691340FB613B685B68F2
:1076100003F00302BB695B0002FA03F3FA69134348
:10762000FB613B69FA691A601EE000BF0000024678
:1076300088C602083B691B68FB61BB695B000322CB
:1076400002FA03F3DB43FA691340FB613B685B68B2
:1076500003F00302BB695B0002FA03F3FA69134308
:10766000FB613B69FA691A603B685B68012B0BD0D0
:107670003B685B68022B07D03B685B68112B03D02B
:107680003B685B68122B30D13B699B68FB61BB692F
:107690005B00032202FA03F3DB43FA691340FB6148
:1076A0003B68DA68BB695B0002FA03F3FA691343CB
:1076B000FB613B69FA699A603B695B68FB61012287
:1076C000BB6902FA03F3DB43FA691340FB613B68D1
:1076D0005B681B0903F00102BB6902FA03F3FA6954
:1076E0001343FB613B69FA695A603B685B68032B93
:1076F00017D03B69DB68FB61BB695B00032202FAC0
:1077000003F3DB43FA691340FB613B689A68BB698A
:107710005B0002FA03F3FA691343FB613B69FA6900
:10772000DA603B685B6803F08053002B7CD0474AEB
:107730007B699B08183352F82330FB617B6903F0A7
:107740000303DB000F2202FA03F3DB43FA69134061
:10775000FB617B689A0A3E4B13407A6902F0030290
:10776000D2009340FA691343FB6138497B699B0857
:107770001833FA6941F82320344B1B68FB61FB681E
:10778000DB43FA691340FB613B685B6803F48013D9
:10779000002B03D0FA69FB681343FB612B4AFB699A
:1077A00013602A4B5B68FB61FB68DB43FA6913409B
:1077B000FB613B685B6803F40013002B03D0FA699C
:1077C000FB681343FB61214AFB6953601F4BD3F8ED
:1077D0008430FB61FB68DB43FA691340FB613B6863
:1077E0005B6803F40033002B03D0FA69FB68134392
:1077F000FB61164AFB69C2F88430144BD3F8803021
:10780000FB61FB68DB43FA691340FB613B685B6823
:1078100003F48033002B03D0FA69FB681343FB6148
:107820000A4AFB69C2F880307B6901337B613B689F
:107830001A687B6922FA03F3002B7FF43DAE00BF88
:1078400000BF2437BD465DF8047B70470020024628
:107850007F7F2F0080B489B000AF7860396000234B
:10786000BB617B687B61BCE00122BB6902FA03F368
:107870003A6813403B61BB69FB613B69002B00F038
:10788000AD807B685E4A934215D15E4AFB6952F82F
:1078900033307B615B4ABB69DB0013445B68FB618F
:1078A000574B1A680121FB6901FA03F3DB43544982
:1078B00013400B6053E0544ABB699B08183352F8DD
:1078C0002330FB60BB6903F00303DB000F2202FAE5
:1078D00003F3FA681340FB607B689A0A4B4B134032
:1078E000BA6902F00302D2009340FA689A4236D194
:1078F000454BD3F880203B69DB4343491340C1F833
:107900008030414BD3F884203B69DB433E49134030
:10791000C1F884303C4B1A683B69DB433A49134059
:107920000B60394B5A683B69DB43374913404B6066
:10793000BB6903F00303DB000F2202FA03F3FB60D1
:10794000314ABB699B08183352F82310FB68DA43AD
:107950002D48BB699B080A40183340F823207B69F7
:107960001A68FB695B00032101FA03F31A437B6980
:107970001A60FB69DA087B69083253F82210FB6948
:1079800003F007039B000F2202FA03F3DB43FA69BB
:10799000D20819407B69083243F822107B699A6843
:1079A000FB695B00032101FA03F3DB431A407B69A7
:1079B0009A607B695A680121FB6901FA03F3DB4392
:1079C0001A407B695A607B69DA68FB695B000321B6
:1079D00001FA03F3DB431A407B69DA60BB690133C8
:1079E000BB613A68BB6922FA03F3002B7FF43CAF1A
:1079F00000BF00BF2437BD465DF8047B704700BF61
:107A00000000024688C60208002002467F7F2F0041
:107A100080B485B000AF78600B467B807B681A69C4
:107A20007B881340002B02D00123FB7301E000236D
:107A3000FB73FB7B18461437BD465DF8047B70472B
:107A400080B483B000AF78600B467B8013467B70B8
:107A50007B78002B03D07A887B689A6102E07A8871
:107A60007B689A6200BF0C37BD465DF8047B7047A7
:107A700080B582B000AF0346FB800F4BDA68FB880D
:107A80001340002B06D00C4AFB88D360FB881846B5
:107A9000E9F708FE084B1A69FB881340002B06D053
:107AA000054AFB881361FB881846E9F711FE00BF01
:107AB0000837BD4680BD00BF0020024680B582B0B9
:107AC00000AF78607B68002B01D1012343E07B6825
:107AD00093F83530DBB2002B06D17B68002283F8A7
:107AE00034207868F8F734FC7B68022283F835206C
:107AF0007B6800221A627B680022DA617B680022C0
:107B00005A627B6800229A637B68002283F83720E0
:107B10007B68012283F82D207B68002283F83620C1
:107B20000F4B1B6823F030027B681B680C49134322
:107B30000B600B4B1B680A4A23F4005313607B68ED
:107B4000002283F82C207B68012283F835207B6893
:107B50000022DA63002318460837BD4680BD00BF07
:107B600000040C4280B483B000AF786000BF0C37D3
:107B7000BD465DF8047B704780B483B000AF786089
:107B800000BF0C37BD465DF8047B704780B483B0FE
:107B900000AF786000BF0C37BD465DF8047B7047CE
:107BA00080B582B000AF7860786800F0ABFA034629
:107BB0001A467B6883F82C207B6893F82C30002BC6
:107BC0000CD07B68DB6B43F001027B68DA6378687A
:107BD000FFF7DCFF7B68002283F82C2000BF08370A
:107BE000BD4680BD80B483B000AF78607B6893F8F9
:107BF0003530DBB218460C37BD465DF8047B704764
:107C000080B588B000AFF860B9607A60BB687B610E
:107C10000023FB616AE07B69634A1B6853607B69F0
:107C200004337B61FB6893F83630012B5BD1FB6931
:107C300001339B007A689A4255D9FB699B003F2B20
:107C40000BD94FF47A7301220821F86800F0D4F9B7
:107C50000346002B01D00323A2E0534B5B6A03F0E1
:107C60000103012B3FD1FB68002283F83620FB681B
:107C700093F82D30022B04D0FB6893F82D30042BA1
:107C80000BD17B691A46FB68DA60FB6901339B0004
:107C90007A68D21AFB681A621FE0FB6893F82D30ED
:107CA000032B04D0FB6893F82D30052B0BD17B6997
:107CB0001A46FB685A61FB6901339B007A68D21A45
:107CC000FB689A6209E0FB68012283F83520FB68B3
:107CD000002283F83420012362E0FB68082283F845
:107CE000352000235CE0FB690133FB617B689B0866
:107CF000FA699A428FD37B6803F00303002B4ED0BE
:107D0000FB681B68102B12D17B6803F00303022B66
:107D100003D87B691A88244B5A607B6803F00303FD
:107D2000032B3CD17B69204A1B68536037E0FB681A
:107D30001B68202B03D0FB681B68302B2BD17B6882
:107D400003F00303012B03D17B691A78164B5A60A9
:107D50007B6803F00303022B03D17B691A88124B63
:107D60005A607B6803F00303032B18D17B691B78EF
:107D7000FB767B6901331B78BB767B6902331B780A
:107D80007B76FA7EBB7E1B021A437B7E1B04064970
:107D900013434B6003E07B69034A1B685360002375
:107DA00018462037BD4680BD00040C4280B49DB00B
:107DB00000AF78600B46FB707B68FB66FB78103B7E
:107DC000102B00F20D8101A252F823F0117E010860
:107DD000E17F0108E17F0108E17F01085D7E010884
:107DE000E17F0108E17F0108E17F0108E17F0108EF
:107DF000E17F0108E17F0108E17F0108BD7E010804
:107E0000E17F0108E17F0108E17F0108457F01086A
:107E1000774BDA68FB6EFA65FA6D12BA1A60FB6E80
:107E20000433FB66724B1A69FB6E3A663A6E12BAFD
:107E30001A60FB6E0433FB666D4B5A69FB6E7A6603
:107E40007A6E12BA1A60FB6E0433FB66684B9A694D
:107E5000FB6EBA66BA6E12BA1A60C2E0644BDA6898
:107E6000FB6EBA64BA6C12BA1A60FB6E0433FB661E
:107E70005F4B1A69FB6EFA64FA6C12BA1A60FB6EF9
:107E80000433FB665A4B5A69FB6E3A653A6D12BA77
:107E90001A60FB6E0433FB66554B9A69FB6E7A657C
:107EA0007A6D12BA1A60FB6E0433FB66504BDA69C6
:107EB000FB6EBA65BA6D12BA1A6092E04C4BDA6882
:107EC000FB6EFA62FA6A12BA1A60FB6E0433FB6642
:107ED000474B1A69FB6E3A633A6B12BA1A60FB6E33
:107EE0000433FB66424B5A69FB6E7A637A6B12BAB3
:107EF0001A60FB6E0433FB663D4B9A69FB6EBA63F6
:107F0000BA6B12BA1A60FB6E0433FB66384BDA693F
:107F1000FB6EFA63FA6B12BA1A60FB6E0433FB66EF
:107F2000344B5A69FB6E3A643A6C12BA1A60FB6EB3
:107F30000433FB662F4B9A69FB6E7A647A6C12BA33
:107F40001A604EE02A4BDA68FB6EFA60FA6812BAE1
:107F50001A60FB6E0433FB66254B1A69FB6E3A61AF
:107F60003A6912BA1A60FB6E0433FB66204B5A69F9
:107F7000FB6E7A617A6912BA1A60FB6E0433FB6693
:107F80001B4B9A69FB6EBA61BA6912BA1A60FB6E32
:107F90000433FB66164BDA69FB6EFA61FA6912BAB2
:107FA0001A60FB6E0433FB66124B5A69FB6E3A6231
:107FB0003A6A12BA1A60FB6E0433FB660D4B9A697B
:107FC000FB6E7A627A6A12BA1A60FB6E0433FB6641
:107FD000084BDA69FB6EBA62BA6A12BA1A6000E03C
:107FE00000BF00BF7437BD465DF8047B704700BF1B
:107FF00000040C4210070C4280B586B000AFF86058
:10800000B9603B601346FB71F9F7A2FF7861FB7919
:10801000002B55D11CE03B68B3F1FF3F18D0F9F7B6
:1080200097FF02467B69D31A3A689A4202D33B68AB
:10803000002B0DD1FB68012283F83520FB68032259
:1080400083F82C20FB68002283F83420032352E0BD
:10805000BB68082B0AD92A4B1A68BB681340BA6858
:108060009A4214BF01230023DBB209E0244B5A6A71
:10807000BB681340BA689A4214BF01230023DBB2E5
:10808000002BC8D136E03B68B3F1FF3F18D0F9F7B9
:108090005FFF02467B69D31A3A689A4202D33B6873
:1080A000002B0DD1FB68012283F83520FB680322E9
:1080B00083F82C20FB68002283F8342003231AE085
:1080C000BB68082B0AD90E4B1A68BB681340BA6804
:1080D0009A420CBF01230023DBB209E0084B5A6A25
:1080E000BB681340BA689A420CBF01230023DBB27D
:1080F000002BC8D1002318461837BD4680BD00BFED
:1081000000040C4280B582B000AF78607B6893F8C1
:108110003530DBB2022B40F0F1807B685B6A002BCC
:108120000BD1794B1B6A784A23F0030313627B68F7
:10813000012283F835200123E1E07B685B6A012B93
:1081400003D17B6802225A6202E07B6803225A62F2
:108150006D4B5B6A03F00203022B33D17B681A6913
:10816000694B1B6803F4C023002B13D0664B1B68BC
:1081700003F4C023B3F5802F0AD0634B1B6803F4CC
:10818000C023B3F5C02F01D1202304E0102302E067
:108190001C2300E0142319461046FFF707FE5A4B34
:1081A0001B6A594A23F0030313627B68012283F898
:1081B00035207B68012283F82D207868FFF7DCFCEE
:1081C00000239CE0504B5B6A03F00103012B40F05D
:1081D00093807B681B6A002B14D07B6893F8363041
:1081E000012B0FD1484B1B6A474A23F0030313624C
:1081F0007B68002283F836207B68082283F83520CC
:1082000000237CE0786800F081F80346012B73D1ED
:108210007868FFF7A7FC7B6893F82D30032B33D1E8
:108220004FF47A73012208217868FFF7E5FE0346D0
:10823000002B07D0344B1B6A334A23F0030313622D
:1082400003235CE07B68042283F82D202E4B9B687F
:1082500023F01F027B68DB6903F00303DB002A497C
:1082600013438B607B68DA697B681A627B689A6962
:108270007B68DA607B6801225A62234B1B6A224AC0
:1082800043F00103136237E07B6893F82D30042B31
:1082900032D14FF47A73012208217868FFF7ACFEDF
:1082A0000346002B07D0184B1B6A174A23F0030321
:1082B0001362032323E07B68052283F82D20124BF1
:1082C0009B6823F01F027B685B6803F00303DB00FD
:1082D0000D4913438B607B685A687B681A627B6820
:1082E0009A687B68DA607B6801225A62064B1B6AD7
:1082F000054A43F001031362002300E002231846FD
:108300000837BD4680BD00BF00040C4280B586B072
:1083100000AF78600023FB607B681B6A402B3CD970
:108320007B68DB687B6100233B6109E07B693A4A3B
:108330001B6853607B6904337B613B6904333B6199
:108340003B693F2BF2D97B685B6A022B18D17B69B2
:10835000314A1B6853607B681B6A432B0CD97B68CE
:108360001B6AA3F144027B681A627B68DB6803F135
:1083700044027B68DA6049E07B6800221A6245E0CB
:108380007B681B6AA3F140027B681A627B68DB682A
:1083900003F140027B68DA6038E07B68DB687B6170
:1083A0007B681B6ABB601C4B1B6A1B4A23F00103E2
:1083B000136200233B6109E07B69174A1B68536025
:1083C0007B6904337B613B6901333B61BB680333E9
:1083D0009B083A699A42EFD37B681B6C012B0AD148
:1083E0007B6800221A647B68012283F83520786854
:1083F000FFF7B8FB07E0084B9B68074A43F480731C
:1084000093600123FB607B6800221A62FB681846B8
:108410001837BD4680BD00BF00040C4280B588B04F
:1084200000AFF860B9607A603B60FB6893F8353064
:10843000FB75FB7D012B03D0FB7D082B40F0C78033
:10844000BB68002B02D03B68002B05D1FB680122E2
:1084500083F835200123BBE0FB6893F83430012B0F
:1084600001D10223B4E0FB68012283F83420FB68C9
:1084700093F82D30012B23D1FB68022283F835209D
:10848000554B1B6823F4E02323F04403FA6A13439B
:10849000514A43F0040313604F4B9B6823F01F02C3
:1084A0007B6803F00303DB004B4913438B60BB681D
:1084B000FB617B68BB61FB68022283F82D202FE003
:1084C000FB6893F82D30022B20D1FB6893F83530F0
:1084D000DBB2082B06D1FB68DB68FB61FB681B6A1B
:1084E000BB610EE0BB68FB617B68BB613A4B9B687C
:1084F00023F01F027B6803F00303DB0036491343BC
:108500008B60FB68022283F8352009E0FB680122BA
:1085100083F83520FB68002283F83420012357E0DC
:10852000BA69F969F868FFF76BFB03461A46FB68FE
:1085300083F82C20FB6893F82C30002B03D0FB68C9
:1085400093F82C3044E0FB6893F83530DBB2082B0D
:1085500037D0214B9B68204A43F480739360BB6AF9
:1085600000220221F868FFF747FD0346002B01D0E7
:1085700003232DE0184B1B6803F4C023002B13D0FA
:10858000154B1B6803F4C023B3F5802F0AD0124BA0
:108590001B6803F4C023B3F5C02F01D1202304E0EE
:1085A000102302E01C2300E0142319463868FFF76B
:1085B000FDFBFB68012283F83520FB68012283F86C
:1085C0002D20FB68002283F83420002300E00223E2
:1085D00018462037BD4680BD00040C4280B588B0E7
:1085E00000AFF860B9607A603B60FB6893F83530A3
:1085F000FB757B6803F00303002B01D001236EE0C1
:10860000FB7D012B02D0FB7D082B67D1BB68002BC3
:1086100002D07B68002B05D1FB68012283F835204E
:1086200001235CE0FB6893F83430012B01D1022375
:1086300055E0FB68012283F83420FB6893F835305D
:10864000DBB2082B0AD1FB68022283F83520FB68D5
:10865000DB68FB61FB681B6ABB611CE0FB680222F4
:1086600083F83520BB68FB617B68BB61FB6893F8CE
:108670002D30012B0BD11C4B1B6823F4E02323F07E
:1086800044033A681343184A43F004031360FB6839
:10869000022283F82D20BA69F969F868FFF7B0FA69
:1086A00003461A46FB6883F82C20FB6893F82C30AD
:1086B000002B03D0FB6893F82C3010E0FB6893F894
:1086C0003530DBB2082B03D0FB68012283F835205C
:1086D000FB68002283F83420002300E002231846C0
:1086E0002037BD4680BD00BF00040C4280B586B077
:1086F00002AFF860B9607A603B604FF4C023019329
:10870000BB6900933B687A68B968F868FFF786FE32
:10871000034618461037BD4680BD80B584B000AF13
:10872000F860B9607A604FF4C0237A68B968F86875
:10873000FFF754FF034618461037BD4680BD80B58D
:1087400086B002AFF860B9607A603B604FF4C02336
:108750000193BB6900933B687A68B968F868FFF7D2
:108760005DFE034618461037BD4680BD80B582B019
:1087700000AF78607B68002B01D101238DE07B681E
:1087800093F84130DBB2002B06D17B68002283F8DE
:1087900040207868F7F77EFE7B68242283F841202A
:1087A0007B681B681A687B681B6822F001021A60EC
:1087B0007B685A687B681B6822F070621A617B686C
:1087C0001B689A687B681B6822F400429A607B6889
:1087D000DB68012B07D17B689A687B681B6842F4D1
:1087E00000429A6006E07B689A687B681B6842F4E6
:1087F00004429A607B68DB68022B08D17B681B68A7
:108800005A687B681B6842F400625A6007E07B6824
:108810001B685A687B681B6822F400625A607B6898
:108820001B685B687A68126843F0007343F4004386
:1088300053607B681B68DA687B681B6822F400421F
:10884000DA607B681A697B685B6942EA03017B68CE
:108850009B691A027B681B680A43DA607B68D969E6
:108860007B681A6A7B681B680A431A607B681B680E
:108870001A687B681B6842F001021A607B6800225C
:108880005A647B68202283F841207B6800221A63A7
:108890007B68002283F84220002318460837BD4633
:1088A00080BD000080B588B002AFF8600846114670
:1088B0001A4603467B810B463B811346FB80FB68CF
:1088C00093F84130DBB2202B40F0F9803B6A002B5B
:1088D00002D0BB8C002B05D1FB684FF400725A64A8
:1088E0000123EDE0FB6893F84030012B01D1022316
:1088F000E6E0FB68012283F84020F9F729FB786164
:108900007B690093192301224FF40041F86801F0BC
:1089100072FF0346002B01D00123D1E0FB68212226
:1089200083F84120FB68402283F84220FB68002244
:108930005A64FB683A6A5A62FB68BA8C5A85FB68CB
:1089400000225A63F8883A8979897B690193BB6A66
:1089500000930346F86801F091F90346002B05D017
:10896000FB68002283F840200123A9E0FB685B8DAF
:108970009BB2FF2B0ED9FB68FF221A85FB681B8D6B
:10898000DAB27989002300934FF08073F86802F01F
:10899000F5F80FE0FB685B8D9AB2FB681A85FB68FF
:1089A0001B8DDAB27989002300934FF00073F868C9
:1089B00002F0E4F87A69B96AF86801F075FF0346D5
:1089C000002B01D001237BE0FB685B6A1A78FB680F
:1089D0001B689A62FB685B6A5A1CFB685A62FB68F8
:1089E0005B8D9BB2013B9AB2FB685A85FB681B8D7D
:1089F000013B9AB2FB681A85FB685B8D9BB2002B2A
:108A000034D0FB681B8D002B30D17B690093BB6A8F
:108A100000228021F86801F0EEFE0346002B01D011
:108A200001234DE0FB685B8D9BB2FF2B0ED9FB68E9
:108A3000FF221A85FB681B8DDAB279890023009327
:108A40004FF08073F86802F099F80FE0FB685B8DD7
:108A50009AB2FB681A85FB681B8DDAB2798900230C
:108A600000934FF00073F86802F088F8FB685B8DA4
:108A70009BB2002B9ED17A69B96AF86801F05BFF5E
:108A80000346002B01D001231AE0FB681B6820225B
:108A9000DA61FB681B685968FB681A680A4B0B406F
:108AA0005360FB68202283F84120FB68002283F892
:108AB0004220FB68002283F84020002300E00223CC
:108AC00018461837BD4680BD00E800FE80B588B066
:108AD00002AFF860084611461A4603467B810B46F2
:108AE0003B811346FB80FB6893F84130DBB2202BBF
:108AF00040F0FD803B6A002B02D0BB8C002B05D1DF
:108B0000FB684FF400725A640123F1E0FB6893F8AC
:108B10004030012B01D10223EAE0FB68012283F8F7
:108B20004020F9F715FA78617B6900931923012237
:108B30004FF40041F86801F05EFE0346002B01D0BF
:108B40000123D5E0FB68222283F84120FB68402204
:108B500083F84220FB6800225A64FB683A6A5A6232
:108B6000FB68BA8C5A85FB6800225A63F8883A89F8
:108B700079897B690193BB6A00930346F86801F029
:108B8000D1F80346002B05D0FB68002283F8402073
:108B90000123ADE0FB685B8D9BB2FF2B0ED9FB6818
:108BA000FF221A85FB681B8DDAB27989524B00933C
:108BB0004FF08073F86801F0E1FF0FE0FB685B8D18
:108BC0009AB2FB681A85FB681B8DDAB279894A4B29
:108BD00000934FF00073F86801F0D0FF7B690093B9
:108BE000BB6A00220421F86801F005FE0346002B51
:108BF00001D001237CE0FB681B685A6AFB685B6A52
:108C0000D2B21A70FB685B6A5A1CFB685A62FB6836
:108C10001B8D013B9AB2FB681A85FB685B8D9BB28A
:108C2000013B9AB2FB685A85FB685B8D9BB2002BB7
:108C300034D0FB681B8D002B30D17B690093BB6A5D
:108C400000228021F86801F0D6FD0346002B01D0F8
:108C500001234DE0FB685B8D9BB2FF2B0ED9FB68B7
:108C6000FF221A85FB681B8DDAB2798900230093F5
:108C70004FF08073F86801F081FF0FE0FB685B8DB7
:108C80009AB2FB681A85FB681B8DDAB279890023DA
:108C900000934FF00073F86801F070FFFB685B8D84
:108CA0009BB2002B9AD17A69B96AF86801F043FE49
:108CB0000346002B01D001231AE0FB681B68202229
:108CC000DA61FB681B685968FB681A680B4B0B403C
:108CD0005360FB68202283F84120FB68002283F860
:108CE0004220FB68002283F84020002300E002239A
:108CF00018461837BD4680BD0024008000E800FEFD
:108D000080B586B002AFF860084611461A460346A1
:108D10007B810B463B811346FB80FB6893F8413017
:108D2000DBB2202B6AD1BB69002B02D0BB8B002B9E
:108D300005D1FB684FF400725A6401235FE0FB68C1
:108D40001B689B6903F40043B3F5004F01D1022374
:108D500055E0FB6893F84030012B01D102234EE02F
:108D6000FB68012283F84020FB68212283F8412020
:108D7000FB68402283F84220FB6800225A64FB68AB
:108D800000221A85FB68BA695A62FB68BA8B5A8559
:108D9000FB681D4ADA62FB681C4A5A637A89FB68E1
:108DA000DA64FB88012B09D13B89DAB2FB681B68C6
:108DB0009A62FB684FF0FF321A650BE03B891B0A91
:108DC0009BB2DAB2FB681B689A623B89DBB21A4637
:108DD000FB681A65FB88DAB279890D4B00934FF076
:108DE0008073F86801F0CAFEFB68002283F8402017
:108DF0000121F86801F0F4FE002300E00223184688
:108E00001037BD4680BD00BF0000FFFFE59101089F
:108E10000020008080B58AB002AFF8607A603B60C5
:108E20000B467B8100237B610023FB77FB6893F873
:108E30004130DBB2202B40F0ED80FB681B689B6962
:108E400003F40043B3F5004F01D10223E3E0FB68D4
:108E500093F84030012B01D10223DCE0FB680122B2
:108E600083F84020FB68242283F84120FB6800221D
:108E70005A64FB68DB68012B07D17B89C3F30903C4
:108E800043F0007343F4005306E07B89C3F3090306
:108E900043F0007343F42053FA6812685360F9F703
:108EA00057F8B861FB681B689B6903F02003202B0F
:108EB0000CBF01230023DBB2BB77FB681B689B69F7
:108EC00003F01003102B0CBF01230023DBB27B77D0
:108ED00034E03B68B3F1FF3F1AD0F9F739F80246A6
:108EE000BB69D31A3A689A4202D33B68002B0FD170
:108EF000FB68202283F84120FB685B6C43F0200272
:108F0000FB685A64FB68002283F84020012382E05A
:108F1000FB681B689B6903F02003202B0CBF012317
:108F20000023DBB2BB77FB681B689B6903F010036F
:108F3000102B0CBF01230023DBB27B77BB7F002B00
:108F400002D17B7F002BC4D0FB681B689B6903F0B8
:108F50001003102B27D0BB6900933B68002220210F
:108F6000F86801F048FC0346002B0ED0FB685B6CF0
:108F7000042B07D1FB681B682022DA61FB68002202
:108F80005A6426E00123FB7723E0FB681B6820225C
:108F9000DA61FB68202283F84120FB68002283F815
:108FA0004020002337E0FB681B681022DA61BB69B0
:108FB00000933B6800222021F86801F01CFC034666
:108FC000002B02D00123FB7703E0FB681B68202203
:108FD000DA617B6901337B617B697A689A4204D9E3
:108FE000FB7F012B01D10023FB777B697A689A42D2
:108FF0003FF63FAFFB68202283F84120FB685B6CA3
:1090000043F02002FB685A64FB68002283F840208A
:10901000012300E0022318462037BD4680BD80B5FD
:1090200084B000AF78607B681B689B69FB607B68DD
:109030001B681B68BB607B685B6B002B05D07B6883
:109040005B6BBA68F9687868984700BF1037BD460F
:1090500080BD80B586B000AF78607B681B689B6977
:109060007B617B681B681B683B617B691B0A03F0A3
:109070000103002B10D03B69DB0903F00103002B37
:109080000AD07B685B6C43F001027B685A647B68A2
:109090001B684FF48072DA617B699B0A03F001035D
:1090A000002B10D03B69DB0903F00103002B0AD031
:1090B0007B685B6C43F008027B685A647B681B68C2
:1090C0004FF48062DA617B695B0A03F00103002BD5
:1090D00010D03B69DB0903F00103002B0AD07B6849
:1090E0005B6C43F002027B685A647B681B684FF438
:1090F0000072DA617B685B6CFB60FB6803F00B035A
:10910000002B03D0F968786801F01CFA00BF18370B
:10911000BD4680BD80B483B000AF786000BF0C371F
:10912000BD465DF8047B704780B483B000AF7860C3
:1091300000BF0C37BD465DF8047B704780B483B038
:1091400000AF786000BF0C37BD465DF8047B704708
:1091500080B483B000AF786000BF0C37BD465DF8C7
:10916000047B704780B483B000AF78600B46FB701F
:1091700013463B8000BF0C37BD465DF8047B70474B
:1091800080B483B000AF786000BF0C37BD465DF897
:10919000047B704780B483B000AF786000BF0C37A9
:1091A000BD465DF8047B704780B483B000AF786043
:1091B00000BF0C37BD465DF8047B704780B483B0B8
:1091C00000AF786000BF0C37BD465DF8047B704788
:1091D00080B483B000AF786000BF0C37BD465DF847
:1091E000047B704780B588B002AFF860B9607A60E0
:1091F000934B7B61BB683B61FB6893F84030012B6C
:1092000001D1022318E1FB68012283F840203B6969
:109210001B0903F00103002B13D07B681B0903F02B
:109220000103002B0DD0FB681B681022DA61FB687C
:109230005B6C43F00402FB685A64F86801F099FA29
:10924000E5E03B699B0803F00103002B23D07B681A
:109250009B0803F00103002B1DD03B6923F004039E
:109260003B61FB681B685A6AFB685B6AD2B21A7082
:10927000FB685B6A5A1CFB685A62FB681B8D013BEA
:109280009AB2FB681A85FB685B8D9BB2013B9AB270
:10929000FB685A85BBE03B695B0803F00103002BC8
:1092A0002DD07B685B0803F00103002B27D0FB68FF
:1092B0001B6DB3F1FF3F18D1FB685B6A1A78FB683E
:1092C0001B689A62FB685B6A5A1CFB685A62FB68FF
:1092D0001B8D013B9AB2FB681A85FB685B8D9BB2C4
:1092E000013B9AB2FB685A8591E0FB681B68FA68FB
:1092F000126D9A62FB684FF0FF321A6587E03B6996
:10930000DB0903F00103002B3DD07B689B0903F0D0
:109310000103002B37D0FB685B8D9BB2002B2CD058
:10932000FB681B8D002B28D1FB685B8D9BB2FF2B4C
:1093300010D9FB68FF221A85FB68DB6C99B2FB68C9
:109340001B8DDAB2002300934FF08073F86801F0B0
:1093500015FC17E0FB685B8D9AB2FB681A85FB6809
:10936000DB6C99B2FB681B8DDAB2002300934FF0DF
:109370000073F86801F002FC04E04021F86801F095
:10938000E1F844E043E03B699B0903F00103002B53
:109390003DD07B689B0903F00103002B37D00121EE
:1093A000F86801F0A1FC0221F86801F019FCFB68E3
:1093B00093F84130DBB2222B01D1224B7B61FB6859
:1093C0005B8D9BB2FF2B10D9FB68FF221A85FB68CF
:1093D000DB6C99B2FB681B8DDAB27B6900934FF0AE
:1093E0008073F86801F0CAFB11E0FB685B8D9AB2EC
:1093F000FB681A85FB68DB6C99B2FB681B8DDAB2DF
:109400007B6900934FF00073F86801F0B7FB3B698C
:109410005B0903F00103002B09D07B685B0903F0B3
:109420000103002B03D03969F86800F0EFFDFB68F9
:10943000002283F84020002318461837BD4680BD1F
:10944000002000800024008080B586B000AFF86066
:10945000B9607A60FB68DB6A7B61BB683B61FB6873
:1094600093F84030012B01D10223EDE0FB6801228B
:1094700083F840203B695B0903F00103002B0AD00D
:109480007B685B0903F00103002B04D03969F8689D
:1094900000F086FED3E03B691B0903F00103002BBB
:1094A0004DD07B681B0903F00103002B47D0FB68FC
:1094B0005B8D9BB2002B28D1FB6893F84130DBB267
:1094C000282B08D17B69B3F1007F04D13969F86892
:1094D00000F0E2FF32E0FB6893F84130DBB2292B69
:1094E0000ED17B6913F5803F0AD0FB681B68102200
:1094F000DA61F86801F03DF9F86800F028FD1DE038
:10950000FB681B681022DA6196E0FB681B6810227A
:10951000DA61FB685B6C43F00402FB685A647B69A8
:10952000002B04D07B69B3F1807F40F08580FB681D
:109530005B6C1946F86801F005F87DE07CE03B695A
:109540009B0803F00103002B30D07B689B0803F0DD
:109550000103002B2AD0FB685B8D9BB2002B18D037
:10956000FB681B685A6AFB685B6AD2B21A70FB68B8
:109570005B6A5A1CFB685A62FB681B8D013B9AB2FE
:10958000FB681A85FB685B8D9BB2013B9AB2FB6856
:109590005A85FB685B8D9BB2002B4FD17B6913F51D
:1095A000803F4BD0F86800F0D2FC47E03B69DB0815
:1095B00003F00103002B0AD07B68DB0803F00103F2
:1095C000002B04D03969F86800F000FC37E03B69F3
:1095D0005B0803F00103002B31D07B685B0803F0CC
:1095E0000103002B2BD0FB685B8D9BB2002B18D0A6
:1095F000FB685B6A1A78FB681B689A62FB685B6AA7
:109600005A1CFB685A62FB685B8D9BB2013B9AB2A5
:10961000FB685A85FB681B8D013B9AB2FB681A8573
:109620000DE07B69B3F1807F02D07B69002B06D10E
:10963000F86800F08CFC02E000BF00E000BFFB68AF
:10964000002283F84020002318461837BD4680BD0D
:1096500080B588B002AFF860B9607A60FB6893F8B3
:109660004030012B01D10223E1E0FB68012283F8A5
:109670004020BB681B0903F00103002B17D07B6857
:109680001B0903F00103002B11D0FB681B6810229B
:10969000DA61FB685B6C43F00402FB685A642021CA
:1096A000F86801F09DFAF86801F063F8BAE0BB6869
:1096B000DB0903F00103002B72D07B689B0903F0E8
:1096C0000103002B6CD0FB681B681A68FB681B68E1
:1096D00022F040021A60FB685B8D9BB2002B4ED0DB
:1096E000FB681B685B689BB2C3F309037B82FB6862
:1096F0005B8D9BB2FF2B06D9FB68FF221A854FF0CA
:1097000080737B6110E0FB685B8D9AB2FB681A8501
:10971000FB68DB6A13F5803F03D0FB68DB6A7B6183
:1097200002E04FF000737B61FB681B8DDAB2798A2F
:10973000002300937B69F86801F020FAFB685B8DD9
:109740009AB2FB681B8DD31A9AB2FB685A85FB68E4
:1097500093F84130DBB2222B08D1FB681B681A68F2
:10976000FB681B6842F400421A605BE0FB681B6800
:109770001A68FB681B6842F480421A6052E0FB687A
:109780001B685B6803F00073B3F1007F03D0F868D7
:1097900000F0A0FB46E04021F86800F0D3FE41E075
:1097A000BB689B0903F00103002B29D07B689B0950
:1097B00003F00103002B23D0FB685B8D9BB2002BD1
:1097C00019D1FB681B685B6803F00073B3F1007F7D
:1097D00027D0FB68DB6A13F5803F08D1FB681B6864
:1097E0005A68FB681B6842F480425A6019E0F868C6
:1097F00000F070FB15E04021F86800F0A3FE10E0D7
:10980000BB685B0903F00103002B0BD07B685B098D
:1098100003F00103002B05D0B968F86800F0F6FBEF
:1098200000E000BFFB68002283F8402000231846B8
:109830001837BD4680BD000080B588B002AFF86023
:10984000B9607A60924B7B61FB6893F84030012BE2
:1098500001D1022318E1FB68012283F84020BB6894
:109860001B0903F00103002B17D07B681B0903F0D1
:109870000103002B11D0FB681B681022DA61FB6822
:109880005B6C43F00402FB685A642021F86801F025
:10989000A7F9F86800F06DFFF1E0BB685B0803F022
:1098A0000103002B0FD07B685B0803F00103002B42
:1098B00009D0FB681B68FA68126D9A62FB684FF06A
:1098C000FF321A65DBE0BB68DB0903F00103002B04
:1098D00060D07B689B0903F00103002B5AD0012163
:1098E000F86801F001FA1021F86801F079F9FB68D5
:1098F0005B8D9BB2002B48D0FB685B8D9BB2FF2B2E
:1099000010D9FB68FF221A85FB68DB6C99B2FB68F3
:109910001B8DDAB2002300934FF08073F86801F0DA
:109920002DF911E0FB685B8D9AB2FB681A85FB6824
:10993000DB6C99B2FB681B8DDAB2002300934FF009
:109940000073F86801F01AF9FB685B8D9AB2FB6846
:109950001B8DD31A9AB2FB685A85FB6893F8413085
:10996000DBB2222B08D1FB681B681A68FB681B68F6
:1099700042F400421A6082E0FB681B681A68FB68C8
:109980001B6842F480421A6079E04021F86800F0D8
:10999000D9FD74E0BB689B0903F00103002B5ED086
:1099A0007B689B0903F00103002B58D00121F86864
:1099B00001F09AF91021F86801F012F9FB6893F8A8
:1099C0004130DBB2222B01D1324B7B61FB685B8DD6
:1099D0009BB2FF2B10D9FB68FF221A85FB68DB6C5A
:1099E00099B2FB681B8DDAB27B6900934FF08073EC
:1099F000F86801F0C3F811E0FB685B8D9AB2FB6870
:109A00001A85FB68DB6C99B2FB681B8DDAB27B6947
:109A100000934FF00073F86801F0B0F8FB685B8DBD
:109A20009AB2FB681B8DD31A9AB2FB685A85FB6801
:109A300093F84130DBB2222B08D1FB681B681A680F
:109A4000FB681B6842F400421A6018E0FB681B6860
:109A50001A68FB681B6842F480421A600FE0BB681A
:109A60005B0903F00103002B09D07B685B0903F05D
:109A70000103002B03D0B968F86800F0C7FAFB684F
:109A8000002283F84020002318461837BD4680BDC9
:109A9000002000800024008090B589B000AFF860FD
:109AA000B9607A60FB68DB6ABB610023FB61FB681D
:109AB00093F84030012B01D10223DBE0FB68012247
:109AC00083F84020BB685B0903F00103002B0AD038
:109AD0007B685B0903F00103002B04D0B968F868C8
:109AE00000F05EFBC1E0BB681B0903F00103002B23
:109AF00000F0AB807B681B0903F00103002B00F032
:109B0000A4807B689B0B03F00103002B06D17B68CC
:109B1000DB0B03F00103002B00F09080FB68DB6B94
:109B2000002B15D07B68DB0B03F00103002B0FD05B
:109B3000FB68DB6B1B689B6C9CB2FB68DB6B18469D
:109B4000FCF7B8FD03462344002B01D10123FB6140
:109B5000FB689B6B002B15D07B689B0B03F001030C
:109B6000002B0FD0FB689B6B1B689B6C9CB2FB6847
:109B70009B6B1846FCF79EFD03462344002B01D146
:109B80000123FB61FB69012B28D1FB6893F841306D
:109B9000DBB2282B08D1BB69B3F1007F04D1B968CF
:109BA000F86800F079FC48E0FB6893F84130DBB2DC
:109BB000292B0ED1BB6913F5803F0AD0FB681B68C7
:109BC0001022DA61F86800F0D4FDF86800F0BFF9FF
:109BD00033E0FB681B681022DA6134E0FB681B6825
:109BE0001022DA61FB685B6C43F00402FB685A6484
:109BF000FB6893F84130FB75BB69002B03D0BB6950
:109C0000B3F1807F1FD1FB7D212B02D0FB7D292B5F
:109C100003D1FB6821221A6308E0FB7D222B02D0CE
:109C2000FB7D2A2B02D1FB6822221A63FB685B6C46
:109C30001946F86800F086FC05E004E0FB681B6844
:109C40001022DA6111E000BF0FE0BB68DB0803F00F
:109C50000103002B09D07B68DB0803F00103002B14
:109C600003D0B968F86800F0B1F8FB68002283F807
:109C70004020002318462437BD4690BD80B586B0ED
:109C800002AFF860084611461A4603467B810B4630
:109C90003B811346FB80FB88DAB27989204B009325
:109CA0004FF08073F86800F069FFFA69B969F868E5
:109CB00000F0FAFD0346002B01D001232CE0FB88C5
:109CC000012B05D13B89DAB2FB681B689A6215E06B
:109CD0003B891B0A9BB2DAB2FB681B689A62FA697D
:109CE000B969F86800F0E0FD0346002B01D00123BC
:109CF00012E03B89DAB2FB681B689A62FB69009349
:109D0000BB6900228021F86800F075FD0346002B36
:109D100001D0012300E0002318461037BD4680BD66
:109D20000020008080B586B002AFF860084611467A
:109D30001A4603467B810B463B811346FB80FB881A
:109D4000DAB27989204B00930023F86800F016FFFF
:109D5000FA69B969F86800F0A7FD0346002B01D045
:109D600001232CE0FB88012B05D13B89DAB2FB688B
:109D70001B689A6215E03B891B0A9BB2DAB2FB684A
:109D80001B689A62FA69B969F86800F08DFD0346AC
:109D9000002B01D0012312E03B89DAB2FB681B687B
:109DA0009A62FB690093BB6900224021F86800F0C9
:109DB00022FD0346002B01D0012300E000231846BA
:109DC0001037BD4680BD00BF0020008080B584B044
:109DD00000AF786039607B6893F84130DBB203F004
:109DE0002803282B6AD17B681B689B691B0CDBB29C
:109DF00003F00103FB737B681B689B691B0C9BB220
:109E000003F0FE03BB817B681B689B689BB2C3F3B6
:109E100009037B817B681B68DB689BB203F0FE0350
:109E20003B817B68DB68022B38D17B89DB099AB2E6
:109E3000BB8953409BB203F00603002B1CD17B89E6
:109E4000BB817B689B6C5A1C7B689A647B689B6CAB
:109E5000022B3BD17B6800229A647B681B68082236
:109E6000DA617B68002283F84020BA89FB7B1946BF
:109E70007868FFF777F929E03B89BB814FF400410F
:109E8000786800F031FF7B68002283F84020BA89AF
:109E9000FB7B19467868FFF765F917E04FF400413E
:109EA000786800F021FF7B68002283F84020BA899F
:109EB000FB7B19467868FFF755F907E07B681B685C
:109EC0000822DA617B68002283F8402000BF103747
:109ED000BD4680BD80B582B000AF78607B6800224F
:109EE00083F842207B6893F84130DBB2212B15D1F7
:109EF0007B68202283F841207B6811221A637B68EB
:109F000000225A630121786800F0EEFE7B6800228F
:109F100083F840207868FFF7FDF814E07B68202282
:109F200083F841207B6812221A637B6800225A63FF
:109F30000221786800F0D8FE7B68002283F8402078
:109F40007868FFF7F1F800BF0837BD4680BD80B5DF
:109F500084B000AF78607B681B681B68FB607B681F
:109F6000002283F84220FB689B0B03F00103002BC7
:109F700008D07B681B681A687B681B6822F48042E3
:109F80001A600DE0FB68DB0B03F00103002B07D028
:109F90007B681B681A687B681B6822F400421A60A1
:109FA0007B6893F84130DBB2292B12D17B682822E1
:109FB00083F841207B6821221A630121786800F030
:109FC00093FE7B68002283F840207868FFF7B6F89C
:109FD00017E07B6893F84130DBB22A2B11D17B6804
:109FE000282283F841207B6822221A6302217868A4
:109FF00000F07AFE7B68002283F840207868FFF743
:10A00000A7F800BF1037BD4680BD000080B586B000
:10A0100000AF786039603B687B617B681B682022F9
:10A02000DA617B6893F84130DBB2212B07D1012143
:10A03000786800F059FE7B6811221A630CE07B6897
:10A0400093F84130DBB2222B06D10221786800F070
:10A050004BFE7B6812221A637B681B6859687B6819
:10A060001A684D4B0B4053607B6800225A637B6833
:10A070004A4ADA627B691B0903F00103002B09D00D
:10A080007B681B681022DA617B685B6C43F004021A
:10A090007B685A647B6893F84130DBB2602B0BD14C
:10A0A0007B699B0803F00103002B05D07B681B68CC
:10A0B0005B6ADBB2FB60FB68786800F05AFB7B6888
:10A0C0005B6C3B617B6893F84130DBB2602B02D064
:10A0D0003B69002B06D07B685B6C1946786800F002
:10A0E00031FA54E07B6893F84130DBB2212B24D164
:10A0F0007B68202283F841207B6800221A637B68FA
:10A1000093F84230DBB2402B0BD17B68002283F8FE
:10A1100042207B68002283F840207868FFF73AF8F5
:10A1200035E07B68002283F842207B68002283F8B8
:10A1300040207868FEF7EEFF29E07B6893F8413015
:10A14000DBB2222B23D17B68202283F841207B685D
:10A1500000221A637B6893F84230DBB2402B0BD1AC
:10A160007B68002283F842207B68002283F840202D
:10A170007868FFF719F80AE07B68002283F842202C
:10A180007B68002283F840207868FEF7CDFF00BF8F
:10A190001837BD4680BD00BF00E800FE0000FFFF8D
:10A1A00090B587B000AF786039607B681B681B682A
:10A1B0003B613B687B617B68DB6AFB607B6893F893
:10A1C0004130FB727B681B682022DA61FB7A212B0D
:10A1D00002D0FB7A292B08D148F20101786800F0FF
:10A1E00083FD7B6821221A6319E0FB7A222B02D0BF
:10A1F000FB7A2A2B08D148F20201786800F074FD3E
:10A200007B6822221A630AE0FB7A282B07D148F2E6
:10A210000301786800F068FD7B6800221A637B68A0
:10A220001B685A687B681B6842F400425A607B686E
:10A230001B6859687B681A68954B0B4053607868B7
:10A2400000F097FA3B699B0B03F00103002B1CD035
:10A250007B681B681A687B681B6822F480421A605E
:10A260007B689B6B002B32D07B689B6B1B689B6C65
:10A270009CB27B689B6B1846FCF71CFA03469BB2AA
:10A2800023449AB27B685A8521E03B69DB0B03F0DB
:10A290000103002B1BD07B681B681A687B681B6856
:10A2A00022F400421A607B68DB6B002B0FD07B68C6
:10A2B000DB6B1B689B6C9CB27B68DB6B1846FCF706
:10A2C000F9F903469BB223449AB27B685A857B69AD
:10A2D0009B0803F00103002B20D07B6923F00403CB
:10A2E0007B617B681B685A6A7B685B6AD2B21A70B2
:10A2F0007B685B6A5A1C7B685A627B681B8D002BEB
:10A300000CD07B681B8D013B9AB27B681A857B68F9
:10A310005B8D9BB2013B9AB27B685A857B685B8DF3
:10A320009BB2002B05D07B685B6C43F004027B681A
:10A330005A647B691B0903F00103002B4AD03B6977
:10A340001B0903F00103002B44D07B685B8D9BB29B
:10A35000002B28D17B6893F84130DBB2282B08D141
:10A36000FB68B3F1007F04D17969786800F094F854
:10A3700030E07B6893F84130DBB2292B0ED1FB68CB
:10A3800013F5803F0AD07B681B681022DA61786879
:10A3900000F0EFF97868FFF7DAFD1BE07B681B68D7
:10A3A0001022DA6116E07B681B681022DA617B6894
:10A3B0005B6C43F004027B685A64FB68002B03D09B
:10A3C000FB68B3F1807F05D17B685B6C19467868C8
:10A3D00000F0B8F87B68002283F842207B680022F6
:10A3E0005A637B685B6C002B10D07B685B6C1946F2
:10A3F000786800F0A7F87B6893F84130DBB2282B2F
:10A4000041D17969786800F047F83CE07B68DB6A05
:10A4100013F5803F14D07868FFF799FD7B681D4ADB
:10A42000DA627B68202283F841207B6800221A636D
:10A430007B68002283F840207868FEF7A1FE22E0C6
:10A440007B6893F84130DBB2222B0ED17B6820224F
:10A4500083F841207B6800221A637B68002283F81E
:10A4600040207868FEF774FE0DE07B68202283F8B8
:10A4700041207B6800221A637B68002283F8402019
:10A480007868FEF75BFE00BF1C37BD4690BD00BF7D
:10A4900000E800FE0000FFFF80B582B000AF7860EA
:10A4A00039607B68264ADA627B6800221A637B681F
:10A4B000202283F841207B68002283F842207B68B9
:10A4C00000225A633B689B0803F00103002B22D053
:10A4D0007B681B685A6A7B685B6AD2B21A707B68B9
:10A4E0005B6A5A1C7B685A627B681B8D002B12D0FA
:10A4F0007B681B8D013B9AB27B681A857B685B8DFC
:10A500009BB2013B9AB27B685A857B685B6C43F0D7
:10A5100004027B685A6448F20301786800F0E4FBA7
:10A520007B681B681022DA617B68002283F8402078
:10A530007868FEF725FE00BF0837BD4680BD00BF26
:10A540000000FFFF80B584B000AF786039607B68A1
:10A5500093F84130FB737B68002283F842207B68CC
:10A560006D4ADA627B6800225A857B685A6C3B68C8
:10A570001A437B685A64FB7B282B05D0FB7B292B75
:10A5800002D0FB7B2A2B0BD10321786800F0ACFBB7
:10A590007B68282283F841207B68604A5A6330E058
:10A5A00048F20301786800F09FFB786800F0E1F85A
:10A5B0007B6893F84130DBB2602B1FD07B68202290
:10A5C00083F841207B681B689B6903F02003202BE4
:10A5D00014D17B681B689B6903F01003102B09D111
:10A5E0007B681B681022DA617B685B6C43F00402B5
:10A5F0007B685A647B681B682022DA617B680022D2
:10A600005A637B681B6BBB607B689B6B002B39D0EC
:10A61000BB68112B02D0BB68212B33D17B681B6830
:10A620001B6803F48043B3F5804F07D17B681B6838
:10A630001A687B681B6822F480421A607B689B6BF7
:10A640001846FBF791FC0346012B17D07B689B6BE8
:10A65000334ADA667B68002283F840207B689B6B74
:10A660001846FBF7F7FA0346002B4DD07B689B6B2F
:10A67000DB6E7A68926B1046984745E0786800F088
:10A6800051F841E07B68DB6B002B39D0BB68122BA3
:10A6900002D0BB68222B33D17B681B681B6803F494
:10A6A0000043B3F5004F07D17B681B681A687B68CD
:10A6B0001B6822F400421A607B68DB6B1846FBF7CC
:10A6C00053FC0346012B17D07B68DB6B144ADA6618
:10A6D0007B68002283F840207B68DB6B1846FBF721
:10A6E000B9FA0346002B11D07B68DB6BDB6E7A680E
:10A6F000D26B1046984709E0786800F013F805E03F
:10A70000786800F00FF802E000BF00E000BF00BF73
:10A710001037BD4680BD00BF0000FFFF499401080F
:10A72000BBA7010880B582B000AF78607B6893F862
:10A730004130DBB2602B0ED17B68202283F84120B0
:10A740007B6800221A637B68002283F840207868C7
:10A75000FEF73EFD09E07B6800221A637B68002259
:10A7600083F840207868FEF729FD00BF0837BD4612
:10A7700080BD80B483B000AF78607B681B689B6944
:10A7800003F00203022B03D17B681B6800229A624C
:10A790007B681B689B6903F00103012B07D07B6872
:10A7A0001B689A697B681B6842F001029A6100BFCE
:10A7B0000C37BD465DF8047B704780B584B000AFB0
:10A7C00078607B68DB6DFB60FB689B6B002B03D0C4
:10A7D000FB689B6B0022DA66FB68DB6B002B03D007
:10A7E000FB68DB6B0022DA66F868FFF79BFF00BFAF
:10A7F0001037BD4680BD80B584B000AFF860B96049
:10A800003B601346FB713BE0BA693968F86800F0B9
:10A81000D5F80346002B01D0012341E03B68B3F19A
:10A82000FF3F2DD0F7F794FB0246BB69D31A3A6875
:10A830009A4202D33B68002B22D1FB681B689A69BD
:10A84000BB681340BA689A420CBF01230023DBB2F5
:10A850001A46FB799A4213D1FB685B6C43F02002E5
:10A86000FB685A64FB68202283F84120FB680022C1
:10A8700083F84220FB68002283F8402001230FE088
:10A88000FB681B689A69BB681340BA689A420CBFA0
:10A8900001230023DBB21A46FB799A42B4D000238D
:10A8A00018461037BD4680BD80B584B000AFF86053
:10A8B000B9607A6033E07A68B968F86800F07EF8C9
:10A8C0000346002B01D0012331E0BB68B3F1FF3F09
:10A8D00025D0F7F73DFB02467B68D31ABA689A4247
:10A8E00002D3BB68002B1AD1FB681B689B6903F07D
:10A8F0000203022B13D0FB685B6C43F02002FB6861
:10A900005A64FB68202283F84120FB68002283F808
:10A910004220FB68002283F84020012307E0FB6807
:10A920001B689B6903F00203022BC4D10023184665
:10A930001037BD4680BD80B584B000AFF860B96007
:10A940007A602FE07A68B968F86800F037F8034653
:10A95000002B01D001232DE0F7F7FAFA02467B68BD
:10A96000D31ABA689A4202D3BB68002B1AD1FB688B
:10A970001B689B6903F02003202B13D0FB685B6CE2
:10A9800043F02002FB685A64FB68202283F84120D0
:10A99000FB68002283F84220FB68002283F84020F5
:10A9A000012307E0FB681B689B6903F02003202B51
:10A9B000C8D1002318461037BD4680BD80B58AB087
:10A9C00000AFF860B9607A60002387F82730FB6831
:10A9D0001B689B69BB6100233B627B68FB61BB69B1
:10A9E00003F01003002B68D0FB681B681022DA61AB
:10A9F00049E0BB68B3F1FF3F45D0F7F7A9FA02463B
:10AA0000FB69D31ABA689A4202D3BB68002B3AD1C9
:10AA1000FB681B685B6803F480437B61FB6893F809
:10AA20004230FB74FB681B689B6903F40043B3F579
:10AA3000004F21D17B69B3F5804F1DD0FB7C202BCB
:10AA40001AD0FB681B685A68FB681B6842F4804296
:10AA50005A60F7F77DFAF8610EE0F7F779FA0246E7
:10AA6000FB69D31A192B07D93B6A43F020033B62D9
:10AA7000012387F8273006E0FB681B689B6903F019
:10AA80002003202BE9D1FB681B689B6903F020039E
:10AA9000202B03D097F82730002BAAD097F8273027
:10AAA000002B03D1FB681B682022DA613B6A43F06C
:10AAB00004033B62012387F82730FB681B689B690E
:10AAC000BB61BB6903F48073002B0BD03B6A43F07E
:10AAD00001033B62FB681B684FF48072DA6101235B
:10AAE00087F82730BB6903F48063002B0BD03B6AE7
:10AAF00043F008033B62FB681B684FF48062DA6135
:10AB0000012387F82730BB6903F40073002B0BD0B7
:10AB10003B6A43F002033B62FB681B684FF4007220
:10AB2000DA61012387F8273097F82730002B1CD0F3
:10AB3000F868FFF71EFEFB681B685968FB681A6817
:10AB40000D4B0B405360FB685A6C3B6A1A43FB6821
:10AB50005A64FB68202283F84120FB68002283F8B6
:10AB60004220FB68002283F8402097F827301846DF
:10AB70002837BD4680BD00BF00E800FE80B487B026
:10AB800000AFF8607B600B467B8113467B727B894C
:10AB9000C3F309027B7A1B0403F47F031A437B6827
:10ABA0001A433B6A134323F000437B61FB681B6835
:10ABB0005A683B6A5B0D03F48061084B0B43DB432F
:10ABC00002EA0301FB681B687A690A435A6000BF06
:10ABD0001C37BD465DF8047B704700BFFF63FF0371
:10ABE00080B485B000AF78600B467B800023FB60AB
:10ABF0007B685B6B394A934232D07B685B6B384A27
:10AC000093422DD07B685B6B364A934228D0B7F9CC
:10AC10000230002B03DAFB6843F0B803FB607B884B
:10AC200003F00103002B03D0FB6843F0F203FB6049
:10AC30007B8803F00203002B03D0FB6843F0F4038E
:10AC4000FB607B88102B03D1FB6843F09003FB6013
:10AC50007B88202B33D1FB6843F02003FB602EE080
:10AC6000B7F90230002B03DAFB6843F0B803FB604E
:10AC70007B8803F00103002B03D0FB6843F0F20351
:10AC8000FB607B8803F00203002B03D0FB6843F0DA
:10AC9000F403FB607B88102B03D1FB6843F0900327
:10ACA000FB607B88202B03D1FB6843F06003FB60D3
:10ACB0007B88402B03D1FB6843F04003FB607B683B
:10ACC0001B6819687B681B68FA680A431A6000BF32
:10ACD0001437BD465DF8047B704700BF51960108EC
:10ACE000999A01083998010880B485B000AF78605E
:10ACF0000B467B800023FB607B8803F00103002B65
:10AD00000FD0FB6843F04203FB607B6893F841304F
:10AD1000DBB203F02803282B03D0FB6843F0B00319
:10AD2000FB607B8803F00203002B0FD0FB6843F02D
:10AD30004403FB607B6893F84130DBB203F02803E7
:10AD4000282B03D0FB6843F0B003FB60B7F9023057
:10AD5000002B03DAFB6843F0B803FB607B88102B01
:10AD600003D1FB6843F09003FB607B88202B03D169
:10AD7000FB6843F02003FB607B88402B03D1FB681A
:10AD800043F04003FB607B681B681968FB68DA438B
:10AD90007B681B680A401A6000BF1437BD465DF827
:10ADA000047B704780B483B000AF786039607B6803
:10ADB00093F84130DBB2202B38D17B6893F84030D8
:10ADC000012B01D1022332E07B68012283F840206D
:10ADD0007B68242283F841207B681B681A687B68A3
:10ADE0001B6822F001021A607B681B681A687B6886
:10ADF0001B6822F480521A607B681B6819687B68A4
:10AE00001B683A680A431A607B681B681A687B688B
:10AE10001B6842F001021A607B68202283F84120FF
:10AE20007B68002283F84020002300E002231846BC
:10AE30000C37BD465DF8047B704780B485B000AF29
:10AE4000786039607B6893F84130DBB2202B39D1D0
:10AE50007B6893F84030012B01D1022333E07B68FB
:10AE6000012283F840207B68242283F841207B68FC
:10AE70001B681A687B681B6822F001021A607B68F5
:10AE80001B681B68FB60FB6823F47063FB603B6816
:10AE90001B02FA681343FB607B681B68FA681A6040
:10AEA0007B681B681A687B681B6842F001021A60A5
:10AEB0007B68202283F841207B68002283F84020B1
:10AEC000002300E0022318461437BD465DF8047BDA
:10AED0007047000080B400AF054B1B68044A43F084
:10AEE0000103136000231846BD465DF8047B7047DC
:10AEF0000004034080B582B000AF0A4B5B6803F0EA
:10AF00000103002B05D1074B1B68064A43F00203DF
:10AF1000136000F009F80346FB71FB791846083707
:10AF2000BD4680BD0004034080B582B000AF002361
:10AF3000FB71144B5B6803F00103002B19D0F7F78A
:10AF400007F838600FE0F7F703F802463B68D31ABA
:10AF5000012B08D90B4B5B6803F00203002B02D1D5
:10AF60000323FB7105E0074B5B6803F00203002B32
:10AF7000E9D0044B0222DA60FB7918460837BD4657
:10AF800080BD00BF0004034080B582B000AF174B06
:10AF90005B687B60154B9B683B607A683B6813403D
:10AFA00003F00403002B0AD0104B9B680F4A23F0D8
:10AFB000040393600D4B0422DA6000F020F87A68F5
:10AFC0003B68134003F00203002B0AD0074B9B6839
:10AFD000064A23F002039360044B0222DA6000F079
:10AFE00007F800BF0837BD4680BD00BF000403401E
:10AFF00080B400AF00BFBD465DF8047B704780B4ED
:10B0000000AF00BFBD465DF8047B704780B584B0DB
:10B0100000AF78607B68002B01D1012357E078688E
:10B0200000F059F87B681B684CF6CC421A607B68CC
:10B030001B6845F255521A607B681B687A68526833
:10B040005A607B681B687A6892689A607B681B69A3
:10B05000002B05D17B681B684FF480425A6106E0E3
:10B060007B681A697B681B6842F440425A61F6F7B4
:10B070006FFFF86011E0F6F76BFF0246FB68D31A2A
:10B0800041F20102934208D97B681B68DB6803F038
:10B090000F03002B01D0032319E07B681B68DB68DA
:10B0A00003F00F03002BE6D17B681B681A697B68ED
:10B0B000DB689A4205D07B681B687A68D2681A619F
:10B0C00004E07B681B684AF6AA221A60002318462F
:10B0D0001037BD4680BD80B483B000AF786000BF3C
:10B0E0000C37BD465DF8047B704780B483B000AF79
:10B0F00078607B681B684AF6AA221A60002318460B
:10B100000C37BD465DF8047B704780B582B000AF58
:10B1100078607B681B68DB6803F48043002B0AD0EF
:10B120007B681B685A697B681B6842F480425A61DD
:10B130007868E6F7A3FF00BF0837BD4680BD000072
:10B1400080B584B000AF78607B68002B01D101230B
:10B15000E7E07B685B68012B7B6893F84A30DBB2E1
:10B16000002B06D17B68002283F849207868F5F728
:10B17000ABFB7B68022283F84A207B681B681A6954
:10B180007B681B6842F001021A617B681B684FF400
:10B1900080725A607B681B687A68526B9A624FF4BF
:10B1A0008071786800F03CFB0346032B01D1032338
:10B1B000B7E07B681B6810225A607B681B687A685E
:10B1C000126A9A611021786800F02AFB0346032B6B
:10B1D00001D10323A5E07B681B68DB6A03F002034F
:10B1E000002B0ED17B681B68DB6A03F40033002B55
:10B1F00007D17B681B681A697B681B6822F0010213
:10B200001A617B681B68DB68FB607B685B68012BED
:10B2100004D07B689B6AB3F5000F03D1FB6823F071
:10B220001E03FB607B685B694FF6FF72934205D09B
:10B23000FB6823F4604323F0C003FB60FA683B4BD8
:10B240001340FB607B685A687B689B681A437B6885
:10B250005B6A1A437B689B6A1343FA681343FB607B
:10B260007B685B68002B07D17B68DA697B681B69A8
:10B270001343FA681343FB607B685B68012B04D0BF
:10B280007B689B6AB3F5000F07D17B68DA687B683F
:10B290001B691343FA681343FB607B685B694FF6D5
:10B2A000FF7293420AD07B685A697B689B691A4394
:10B2B0007B68DB691343FA681343FB607B681B6898
:10B2C000FA68DA607B681B68194A934204D07B688D
:10B2D0001B68184A934208D17B68D96A7B681A6B4D
:10B2E0007B681B680A435A620EE07B681B68124A3F
:10B2F000934204D07B681B68104A934204D17B6858
:10B300001B687A68D26A5A627B68012283F84B20F4
:10B310007B68012283F84C207B68012283F84A2055
:10B32000002318461037BD4680BD00BFFEF139FF2F
:10B33000004400460094004000480046004C00468F
:10B3400080B582B000AF78607B68022283F84A2023
:10B350007B685B68012B0CD07B689B6AB3F5000FA0
:10B3600007D17B681B68DA687B681B6822F460621F
:10B37000DA607B681B681A697B681B6842F001020F
:10B380001A617B681B684FF080725A607B681B688B
:10B390009A687B681B6842F4C9729A604FF08071AA
:10B3A000786800F03DFA0346032B01D103230CE03B
:10B3B0007B681B681A697B681B6842F004021A618B
:10B3C0007B68012283F84A20002318460837BD46CF
:10B3D00080BD80B582B000AF78607B68022283F8C0
:10B3E0004A207B681B68DB6A03F00203002B0ED146
:10B3F0007B681B68DB6A03F40033002B07D17B6892
:10B400001B681A697B681B6822F001021A617B685D
:10B410001B681A697B681B6842F001021A617B682D
:10B420001B684FF080725A607B681B689A687B6863
:10B430001B6822F4C9729A604FF08071786800F03E
:10B44000EFF90346032B01D103231AE07B681B6845
:10B45000DB6A03F00203002B0ED17B681B68DB6AFA
:10B4600003F40033002B07D17B681B681A697B68E3
:10B470001B6822F001021A617B68012283F84A20CE
:10B48000002318460837BD4680BD80B582B000AFA6
:10B4900078607B681B681B6803F00103012B20D1D7
:10B4A0007B681B689B6803F00103012B19D17B6843
:10B4B0001B6801225A607B68012283F838207B6870
:10B4C0001B68DB6A03F00103002B03D0786800F0EF
:10B4D00092F902E0786800F03EF97B68002283F878
:10B4E00038207B681B681B6803F40073B3F5007F8A
:10B4F00022D17B681B689B6803F40073B3F5007F5F
:10B500001AD17B681B684FF400725A607B68022274
:10B5100083F838207B681B68DB6A03F48033002BD8
:10B5200003D0786800F067F902E0786800F013F95A
:10B530007B68002283F838207B681B681B6803F453
:10B540008053B3F5805F17D17B681B689B6803F459
:10B550008053B3F5805F0FD17B681B684FF4805236
:10B560005A607B68012283F83820786800F04DF932
:10B570007B68002283F838207B681B681B6803F413
:10B580000053B3F5005F17D17B681B689B6803F419
:10B590000053B3F5005F0FD17B681B684FF4005276
:10B5A0005A607B68022283F83820786800F02DF911
:10B5B0007B68002283F838207B681B681B6803F0D7
:10B5C0000203022B0DD17B681B689B6803F002030A
:10B5D000022B06D17B681B6802225A60786800F053
:10B5E000C4F87B681B681B6803F00403042B0DD1AF
:10B5F0007B681B689B6803F00403042B06D17B68FF
:10B600001B6804225A60786800F0B9F87B681B68F0
:10B610001B6803F00803082B11D17B681B689B682B
:10B6200003F00803082B0AD17B681B6808225A60C4
:10B630007B68012283F83820786800F0AAF87B68DC
:10B640001B681B6803F40023B3F5002F13D17B683C
:10B650001B689B6803F40023B3F5002F0BD17B68B4
:10B660001B684FF400225A607B68022283F838205E
:10B67000786800F08EF87B681B681B6803F0100385
:10B68000102B0DD17B681B689B6803F01003102BF7
:10B6900006D17B681B6810225A60786800F083F836
:10B6A0007B681B681B6803F02003202B0DD17B688F
:10B6B0001B689B6803F02003202B06D17B681B6866
:10B6C00020225A60786800F078F87B681B681B6855
:10B6D00003F04003402B0DD17B681B689B6803F08F
:10B6E0004003402B06D17B681B6840225A60786873
:10B6F00000F06DF87B681B681B6803F08003802BEB
:10B700000DD17B681B689B6803F08003802B06D1FA
:10B710007B681B6880225A607868EFF79DFE7B6823
:10B720001B681B6803F48073B3F5807F0FD17B68BF
:10B730001B689B6803F48073B3F5807F07D17B6837
:10B740001B684FF480725A60786800F04AF800BFB6
:10B750000837BD4680BD80B483B000AF786000BFBD
:10B760000C37BD465DF8047B704780B483B000AFF2
:10B77000786000BF0C37BD465DF8047B704780B42D
:10B7800083B000AF786000BF0C37BD465DF8047B26
:10B79000704780B483B000AF786000BF0C37BD46FF
:10B7A0005DF8047B704780B483B000AF786000BF61
:10B7B0000C37BD465DF8047B704780B483B000AFA2
:10B7C000786000BF0C37BD465DF8047B704780B4DD
:10B7D00083B000AF786000BF0C37BD465DF8047BD6
:10B7E000704780B483B000AF786000BF0C37BD46AF
:10B7F0005DF8047B704780B483B000AF786000BF11
:10B800000C37BD465DF8047B704780B483B000AF51
:10B81000786000BF0C37BD465DF8047B70470000C0
:10B8200080B485B000AF786039600023FB73124BA1
:10B830001B68124AA2FB03239B0B4FF47A7202FB94
:10B8400003F3BB60BB68013BBB60BB68002B01D14D
:10B850000323FB737B681B681A683B6813403A68D4
:10B860009A4202D0BB68002BECD1FB7B1846143700
:10B87000BD465DF8047B7047501A00205917B7D1B8
:10B8800080B586B002AF78600023FB737B68002B25
:10B8900044D07B681B79DBB2002B02D17868F5F7C6
:10B8A0004BFA7B6802221A71F6F752FBB8600EE081
:10B8B0007B681B6801221A60F6F74AFB0246BB68E8
:10B8C000D31AB3F57A7F02D90323FB7306E07B68B2
:10B8D0001B681B6803F00103012BE9D1F6F738FB65
:10B8E000B86041F288330093BB6800220121786878
:10B8F00000F0CDFC0346002B01D0032311E07B6850
:10B900001B689A687B681B6842F468129A607B68BF
:10B9100000229A607B6801221A7101E00123FB7307
:10B92000FB7B18461037BD4680BD80B584B000AFA4
:10B93000F860B9607A60B968F86800F011FB7A685D
:10B940002621F86800F0A0FA034618461037BD46D5
:10B9500080BD80B483B000AF78607B681B68D3F88B
:10B96000D0354DF20D62934201D1012300E0002356
:10B9700018460C37BD465DF8047B704780B586B02D
:10B9800000AF7860786800F007F978617B681B6821
:10B990001B683B617B681B685B68FB603B6903F469
:10B9A0008013002B0FD0FB6803F48013002B0AD008
:10B9B0007B689B6843F001027B689A607B681B6828
:10B9C0004FF480129A603B6903F40023002B0FD0E0
:10B9D000FB6803F40023002B0AD07B689B6843F0CC
:10B9E00002027B689A607B681B684FF400229A60B1
:10B9F0003B6903F40013002B0FD0FB6803F4001322
:10BA0000002B0AD07B689B6843F008027B689A6031
:10BA10007B681B684FF400129A607B69032B6BD024
:10BA20007B69032B79D37B692F2B76D87B69202BFD
:10BA300073D37B69203B0F2B6FD801A252F823F000
:10BA4000DBBA01081BBB01081BBB01081BBB0108BB
:10BA500081BA01081BBB01081BBB01089FBA010882
:10BA60001BBB01081BBB01081BBB01081BBB01085A
:10BA70001BBB01081BBB01081BBB0108BDBA0108A9
:10BA80007B681B68D3F8E03F4DF20D62934246D0CD
:10BA90007B689B6843F008027B689A603FE07B68A4
:10BAA0001B68D3F820354DF20D62934239D07B6884
:10BAB0009B6843F008027B689A6032E07B681B68F1
:10BAC000D3F880364DF20D6293422CD07B689B6890
:10BAD00043F008027B689A6025E07B681B68D3F816
:10BAE00080364DF20D6293421FD07B689B6843F015
:10BAF00008027B689A6018E07B681B6803F5805336
:10BB0000D3F898324DF20D62934210D07B689B6857
:10BB100043F008027B689A6009E000BF08E000BFBC
:10BB200006E000BF04E000BF02E000BF00E000BF8D
:10BB30007B689B68002B02D0786800F023F83B6993
:10BB400003F40033002B0FD0FB6803F40033002B09
:10BB50000AD07B681B684FF400329A607B68012230
:10BB60001A71786800F004F800BF1837BD4680BD30
:10BB700080B483B000AF786000BF0C37BD465DF87D
:10BB8000047B704780B483B000AF786000BF0C378F
:10BB9000BD465DF8047B704780B483B000AF786029
:10BBA0007B681B681B681B0A03F03F0318460C37B1
:10BBB000BD465DF8047B704780B584B000AFF86087
:10BBC000B9607A6010E0BB68B3F1FF3F0CD0F6F7C4
:10BBD000BFF902467B68D31ABA689A4202D3BB689F
:10BBE000002B01D1032307E0FB681B685B6803F4AB
:10BBF0000033002BE7D0002318461037BD4680BD28
:10BC000080B485B000AF786039600023FB607B684A
:10BC10001B685B6803F40023B3F5002F03D1FB68B6
:10BC200043F00203FB607B681B685B6803F48013CE
:10BC3000B3F5801F03D1FB6843F00103FB607B6811
:10BC40001B685B6803F40013B3F5001F03D1FB68A6
:10BC500043F00803FB603B68242B0BD17B681B6817
:10BC6000D3F8E03F4DF20D62934203D0FB6843F0FE
:10BC70000803FB603B68272B0BD17B681B68D3F85C
:10BC800020354DF20D62934203D0FB6843F0080368
:10BC9000FB603B682F2B0BD17B681B68D3F8803689
:10BCA0004DF20D62934203D0FB6843F00803FB6042
:10BCB0003B68202B0BD17B681B68D3F880364DF294
:10BCC0000D62934203D0FB6843F00803FB603B68BE
:10BCD000032B0DD17B681B6803F58053D3F8983292
:10BCE0004DF20D62934203D0FB6843F00803FB6002
:10BCF000FB6818461437BD465DF8047B704780B476
:10BD000085B000AF78600B46FB70FB78BB60BB680A
:10BD1000002B01D1202303E0BB68B3FA83F3DBB22D
:10BD2000C3F12003FB607B68013BDA00FB6813442E
:10BD300018461437BD465DF8047B704780B487B061
:10BD400000AFF860B9607A60FB68002B00F0968065
:10BD5000BB68002B00F0928000237B6130E07B69A0
:10BD60009B007A68D31A013BBA6813441B781946C2
:10BD70007B699B007A68D31A023BBA6813441B782C
:10BD80001B0241EA03027B699B007968CB1A033BE3
:10BD9000B9680B441B781B0442EA03017B699B00D2
:10BDA0007A68D31A043BBA6813441B781A067B6975
:10BDB0009B00F86803440A431A607B6901337B6186
:10BDC0007B689B087A699A42C9D37B6803F00303B6
:10BDD000012B0ED17B699B007A68D31A013BBA68AC
:10BDE000134419787B699B00FA6813440A461A6069
:10BDF00044E07B6803F00303022B18D17B699B00AE
:10BE00007A68D31A013BBA6813441B7818467B69D9
:10BE10009B007A68D31A023BBA6813441B781A0253
:10BE20007B699B00F9680B4402431A6026E07B683B
:10BE300003F00303032B21D17B699B007A68D31A9B
:10BE4000013BBA6813441B7819467B699B007A68EA
:10BE5000D31A023BBA6813441B781B0219437B694F
:10BE60009B007A68D31A033BBA6813441B781A0400
:10BE70007B699B00F86803440A431A6000BF1C37C3
:10BE8000BD465DF8047B704780B586B000AFF860B2
:10BE9000B9607A600023FB75FB681B79DBB2012B6C
:10BEA00057D1FB6802221A71FB6800229A60F6F7EC
:10BEB0004FF83861FB681B681B6823F4681323F490
:10BEC0007C53BA681102FA6812680B431360FB686E
:10BED0001B681A68FB681B6842F002021A603A6924
:10BEE0007968F868FFF768FE0346002B15D0FB68F9
:10BEF0001B681A68FB681B6822F001021A60FB6865
:10BF00009B6843F00402FB689A60FB681B681A6830
:10BF1000FB681B6842F001021A60B968F868FFF715
:10BF20006FFE0246FB689B681A43FB689A60FB68D9
:10BF30001B689A68FB681B6842F468129A60FB6889
:10BF400001221A71FB689B68002B04D00123FB754A
:10BF500001E00123FB75FB7D18461837BD4680BD07
:10BF600090B583B000AF786039603B681A683B6871
:10BF70001B6B19787B681C681046FFF7C0FE0346F0
:10BF8000C4F808343B685A683B681B6919787B68B9
:10BF90001C681046FFF7B3FE0346C4F8C8347B683C
:10BFA0001B683A689268C3F868247B681B6803F5CD
:10BFB0008E603B68D9683B685B681A46FFF7BEFE37
:10BFC0007B681B683A685268033292081C3202F59B
:10BFD0008072002143F822107B681B683A6852681F
:10BFE000033292081D3202F58072002143F82210BC
:10BFF0007B681B6803F59A603B6819693B685B685E
:10C000001A46FFF79BFE7B681B683A68526803324A
:10C010009208343202F58072002143F822107B68C6
:10C020001B683A68526803329208353202F5807212
:10C03000002143F822107B681B6803F5CF603B6842
:10C0400059693B685B681A46FFF778FE7B681B6896
:10C050003A685268033292089E3202F580720021DB
:10C0600043F822107B681B683A68526803329208D2
:10C070009F3202F58072002143F822107B681B6812
:10C0800003F5DA603B6899693B685B681A46FFF71D
:10C0900055FE7B681B683A68526803329208B432D6
:10C0A00002F58072002143F822107B681B683A6811
:10C0B000526803329208B53202F58072002143F8CB
:10C0C00022107B681B6803F5975318333A68D169CF
:10C0D0003A6852681846FFF731FE7B681B683A6879
:10C0E00052680332920802F2BE3202F580720021D9
:10C0F00043F822107B681B683A6852680332920842
:10C1000002F2BF3202F58072002143F822107B68F0
:10C110001B6803F59A5310333A68116A3A685268FB
:10C120001846FFF70BFE7B681B683A6852680332BB
:10C13000920802F5757202F58072002143F8221010
:10C140007B681B683A6852680332920802F2D53263
:10C1500002F58072002143F822107B681B6803F50A
:10C1600087503B68596A3B681B681A46FFF7E6FD33
:10C170007B681B683A6812680332920802F54E72B7
:10C1800002F58072002143F822107B681B683A6830
:10C1900012680332920802F2393202F580720021ED
:10C1A00043F822107B681B6803F668403B68996A75
:10C1B0003B681B681A46FFF7C1FD7B681B683A683D
:10C1C00012680332920802F21A2202F580720021EC
:10C1D00043F822107B681B683A68126803329208A1
:10C1E00002F21B2202F58072002143F822107B68C4
:10C1F0001B6803F59D5308333A68D16A3A681268A0
:10C200001846FFF79BFD7B681B683A68126803328B
:10C21000920802F2EA3202F58072002143F82210FD
:10C220007B681B683A6812680332920802F2EB32AC
:10C2300002F58072002143F822107B681B6803F529
:10C24000845308333A68116B3A6812681846FFF74E
:10C2500075FD7B681B683A6812680332920802F227
:10C26000223202F58072002143F822107B681B689D
:10C270003A6812680332920802F2233202F58072A1
:10C28000002143F8221000BF0C37BD4690BD80B599
:10C2900084B000AFF860B9603B601346FB7116E0F4
:10C2A000BB69B3F1FF3F12D0F5F752FE02463B687F
:10C2B000D31ABA699A4202D3BB69002B07D1FB6833
:10C2C00001221A71FB6804229A6003230FE0FB68C5
:10C2D0001B685A68BB681340BA689A420CBF0123B6
:10C2E0000023DBB21A46FB799A42D9D000231846C4
:10C2F0001037BD4680BD000080B400AF054B9B6A7F
:10C30000044A43F00103936200BFBD465DF8047B1D
:10C31000704700BF0008024680B483B000AF786069
:10C320000B46FB70114B1B68104A23F00703136088
:10C330000F4B1B690E4A43F004031361FB78012B7A
:10C3400001D130BF05E0FB78032B01D040BF20BFF7
:10C3500020BF074B1B69064A23F00403136100BF8B
:10C360000C37BD465DF8047B704700BF00080246ED
:10C3700000ED00E080B485B000AF7860394BDB6B36
:10C3800003F44033BB60BA687B689A420BD17B6888
:10C39000B3F5803F05D9334BDB68324A43F4802341
:10C3A000D360002357E07B68B3F5803F0AD92D4B5B
:10C3B000DB6823F4E0227B6813432A4A43F480239A
:10C3C000D36007E0274BDB6823F4E02225497B6834
:10C3D0001343CB60244B1B68244AA2FB03239B0915
:10C3E000322202FB03F3214AA2FB03239B09013300
:10C3F000FB6002E0FB68013BFB601A4BDB6803F467
:10C400000043002B02D1FB68002BF3D1FB68002B0B
:10C410001BD0154B1B68154AA2FB03239B09322234
:10C4200002FB03F3114AA2FB03239B090133FB60C8
:10C4300002E0FB68013BFB600A4BDB6B03F400434B
:10C44000002B02D1FB68002BF3D1FB68002B01D13C
:10C45000032300E0002318461437BD465DF8047B33
:10C46000704700BF00080246501A0020D34D6210EA
:10C4700080B400AF044BDB6B03F440331846BD4679
:10C480005DF8047B704700BF0008024680B485B0A9
:10C4900000AF7860224B1B68224AA2FB03239B0952
:10C4A000322202FB03F31F4AA2FB03239B09013341
:10C4B000FB607B68002B13D11B4B9B681A4A23F04F
:10C4C0000203936002E0FB68013BFB60164BDB6BF1
:10C4D00003F00203022B16D1FB68002BF3D112E00C
:10C4E000114B9B68104A43F00203936002E0FB6823
:10C4F000013BFB600C4BDB6B03F00203002B02D112
:10C50000FB68002BF3D1FB68002B01D1032300E073
:10C51000002318461437BD465DF8047B704700BF02
:10C52000501A0020D34D62100008024680B400AFBC
:10C53000054B1B69044A43F00053136100BFBD461D
:10C540005DF8047B704700BF0008024680B400AF6E
:10C55000054B1B69044A43F08043136100BFBD468D
:10C560005DF8047B704700BF0008024680B400AF4E
:10C57000054BDB6A044A43F00103D36200BFBD46AA
:10C580005DF8047B704700BF0008024680B58EB09E
:10C5900000AF7860002387F837307B68002B02D12A
:10C5A000012300F0C8BE994BDB6903F00C033B6329
:10C5B000964B9B6A03F00303FB627B681B6803F0E6
:10C5C0001003002B00F06C813B6B002B07D03B6B02
:10C5D0000C2B40F0DE80FB6A012B40F0DA807B6898
:10C5E000DB69002B02D1012300F0A5BE7B685A6AEB
:10C5F000864B9B6803F40003002B04D0834B9B689D
:10C6000003F0704305E0814BD3F8F4301B0403F0D2
:10C610007043934255D23B6B002B0AD17B685B6A17
:10C62000184601F0DDF90346002B02D0012300F08B
:10C6300082BE764B9B68754A43F400039360734B4C
:10C640009B6823F070427B685B6A704913438B6080
:10C650007B685B6AB3F1404F09D36C4BDB6823F016
:10C660001F027B681B6A69491343CB607EE07B68CD
:10C670005B6A002B0ADA654BDB6823F478727B680F
:10C680001B6A5B0161491343CB606FE07B685B6AA7
:10C69000B3F1804F0AD35D4BDB6823F4F8427B682B
:10C6A0001B6A9B0259491343CB605FE0574BDB6821
:10C6B00023F478227B681B6ADB0354491343CB6065
:10C6C00054E0524B9B68514A43F4000393604F4B34
:10C6D0009B6823F070427B685B6A4C4913438B6014
:10C6E0007B685B6AB3F1404F09D3484BDB6823F0AA
:10C6F0001F027B681B6A45491343CB6028E07B68B7
:10C700005B6A002B0ADA414BDB6823F478727B68A2
:10C710001B6A5B013D491343CB6019E07B685B6A90
:10C72000B3F1804F0AD3394BDB6823F4F8427B68BE
:10C730001B6A9B0235491343CB6009E0334BDB682E
:10C7400023F478227B681B6ADB0330491343CB60F8
:10C750003B6B002B0AD17B685B6A184601F040F9FD
:10C760000346002B02D0012300F0E5BD01F0E2F802
:10C77000274B1B681846F5F775FB034687F82730EB
:10C7800097F82730002B00F08A8097F8273000F0C8
:10C79000D2BD7B68DB69002B66D01C4B1B681B4A33
:10C7A00043F001031360F5F7D3FBB86209E0F5F736
:10C7B000CFFB0246BB6AD31A022B02D9032300F037
:10C7C000BABD124B1B6803F00403002BEFD00F4BD4
:10C7D0009B680E4A43F4000393600C4B9B6823F064
:10C7E00070427B685B6A094913438B607B685B6AB4
:10C7F000B3F1404F0ED3054BDB6823F01F027B687B
:10C800001B6A02491343CB604AE000BF000C02469A
:10C81000541A00207B685B6A002B0ADA984BDB68AD
:10C8200023F478727B681B6A5B0195491343CB60E4
:10C8300036E07B685B6AB3F1804F0AD3904BDB68CC
:10C8400023F4F8427B681B6A9B028D491343CB603B
:10C8500026E08B4BDB6823F478227B681B6ADB03C2
:10C8600087491343CB601BE0854B1B68844A23F048
:10C8700001031360F5F76CFBB86209E0F5F768FB9C
:10C880000246BB6AD31A022B02D9032300F053BD20
:10C890007B4B1B6803F00403002BEFD100E000BFCB
:10C8A0007B681B6803F00103002B00F08B803B6B5F
:10C8B000082B05D03B6B0C2B09D1FB6A032B06D14F
:10C8C0007B685B68002B7DD1012300F034BD7B6861
:10C8D0005B68B3F5803F06D1694B1B68684A43F437
:10C8E0008033136041E07B685B68B3F5A02F12D101
:10C8F000634B1B68624A43F480231360604B1B68E0
:10C900005F4A23F4801313605D4B1B685C4A43F459
:10C910008033136029E07B685B68B3F5A81F12D1F0
:10C92000574B1B68564A43F480231360544B1B68D3
:10C93000534A43F480131360514B1B68504A43F42D
:10C940008033136011E04E4B1B684D4A23F4803353
:10C9500013604B4B1B684A4A23F480231360484BF7
:10C960001B68474A23F4801313607B685B68002BC5
:10C9700014D0F5F7EDFAB86209E0F5F7E9FA0246E6
:10C98000BB6AD31A642B02D9032300F0D4BC3C4BFE
:10C990001B6803F40033002BEFD013E0F5F7D8FA4F
:10C9A000B86209E0F5F7D4FA0246BB6AD31A642BE1
:10C9B00002D9032300F0BFBC314B1B6803F40033E2
:10C9C000002BEFD17B681B6803F00203002B5FD0C4
:10C9D0003B6B042B05D03B6B0C2B14D1FB6A022B59
:10C9E00011D17B68DB68002B02D1012300F0A3BCCE
:10C9F000234B1B6923F4F8127B681B691B04204935
:10CA000013430B6144E07B68DB68002B24D01C4B94
:10CA10001B681B4A43F480731360F5F799FAB862F8
:10CA200009E0F5F795FA0246BB6AD31A022B02D940
:10CA3000032300F080BC124B1B6803F48063002BBF
:10CA4000EFD00F4B1B6923F4F8127B681B691B04A2
:10CA50000B4913430B611BE0094B1B68084A23F485
:10CA600080731360F5F774FAB8620BE0F5F770FAAB
:10CA70000246BB6AD31A022B04D9032300F05BBC25
:10CA8000000C0246AF4B1B6803F48063002BEDD112
:10CA90007B681B6803F00803002B00F0C8800023AC
:10CAA00087F83630A74BD3F8943003F00403002BFB
:10CAB00011D1A44BD3F89430A24A43F00403C2F836
:10CAC0009430A04BD3F8943003F004037B617B696E
:10CAD000012387F836309C4B9B6A03F00103002B3F
:10CAE00019D1994B9B6A984A43F001039362F5F779
:10CAF0002FFAB86209E0F5F72BFA0246BB6AD31A9F
:10CB0000022B02D9032300F016BC8F4B9B6A03F063
:10CB10000103002BEFD07B685B69002B5FD0894B52
:10CB2000D3F8F0303B627B689A693B6A03F080532C
:10CB30009A4237D03B6A03F00063002B06D03B6A71
:10CB400003F08063002B01D10123F4E33B6A03F07F
:10CB50008063002B1BD07B4BD3F8F030794A23F055
:10CB6000A053C2F8F030F5F7F3F9B86208E0F5F732
:10CB7000EFF90246BB6AD31A052B01D90323DAE386
:10CB8000704BD3F8F03003F00063002BEFD16D4B06
:10CB9000D3F8F03023F080527B689B6969491343D6
:10CBA000C1F8F030674BD3F8F030664A43F0806349
:10CBB000C2F8F030F5F7CCF9B86208E0F5F7C8F93B
:10CBC0000246BB6AD31A052B01D90323B3E35D4B9D
:10CBD000D3F8F03003F00063002BEFD01BE0594B8B
:10CBE000D3F8F030574A23F0A053C2F8F030F5F7ED
:10CBF000AFF9B86208E0F5F7ABF90246BB6AD31AA1
:10CC0000052B01D9032396E34E4BD3F8F03003F004
:10CC10000063002BEFD197F83630012B07D1494B39
:10CC2000D3F89430474A23F00403C2F894307B6869
:10CC30001B6803F00403002B00F01181002387F828
:10CC40003530404BD3F8943003F00403002B11D15E
:10CC50003C4BD3F894303B4A43F00403C2F8943081
:10CC6000384BD3F8943003F004033B613B69012354
:10CC700087F83530344B9B6A03F00103002B18D141
:10CC8000314B9B6A304A43F001039362F5F760F938
:10CC9000B86208E0F5F75CF90246BB6AD31A022BCA
:10CCA00001D9032347E3284B9B6A03F00103002BC0
:10CCB000F0D07B689B6803F00103002B1FD07B68DA
:10CCC0009B6803F00403002B10D01E4BD3F8F03008
:10CCD0001C4A43F00403C2F8F0301A4BD3F8F0308A
:10CCE000184A43F00103C2F8F03018E0154BD3F8AE
:10CCF000F030144A43F00103C2F8F0300FE0114B5A
:10CD0000D3F8F0300F4A23F00103C2F8F0300D4B96
:10CD1000D3F8F0300B4A23F00403C2F8F0307B68FC
:10CD20009B68002B57D0F5F713F9B8620EE0F5F7C2
:10CD30000FF90246BB6AD31A41F28832934205D9F1
:10CD40000323F8E2000C0246000802469C4BD3F88D
:10CD5000F03003F00203002BE9D07B689B6803F0FE
:10CD60008003002B1BD0964BD3F8F030944A43F04D
:10CD70008003C2F8F0300AE0F5F7EAF80246BB6A31
:10CD8000D31A41F28832934201D90323D3E28C4B68
:10CD9000D3F8F03003F40063002BEDD053E0884B60
:10CDA000D3F8F030864A23F08003C2F8F0300AE06E
:10CDB000F5F7CEF80246BB6AD31A41F288329342A5
:10CDC00001D90323B7E27E4BD3F8F03003F40063BC
:10CDD000002BEDD137E0F5F7BBF8B8620AE0F5F7C4
:10CDE000B7F80246BB6AD31A41F28832934201D99E
:10CDF0000323A0E2724BD3F8F03003F00203002BC0
:10CE0000EDD16F4BD3F8F03003F08003002B1AD034
:10CE10006B4BD3F8F0306A4A23F08003C2F8F0304D
:10CE20000AE0F5F795F80246BB6AD31A41F2883258
:10CE3000934201D903237EE2614BD3F8F03003F42F
:10CE40000063002BEDD197F83530012B07D15C4BF7
:10CE5000D3F894305A4A23F00403C2F894307B6824
:10CE60001B6803F02003002B36D07B68DB6A002BA5
:10CE700019D0534B1B68524A43F480531360F5F7A3
:10CE800067F8B86208E0F5F763F80246BB6AD31AA0
:10CE9000022B01D903234EE2494B1B6803F40053D4
:10CEA000002BF0D018E0464B1B68454A23F4805312
:10CEB0001360F5F74DF8B86208E0F5F749F8024657
:10CEC000BB6AD31A022B01D9032334E23C4B1B6803
:10CED00003F40053002BF0D17B681B6803F0800340
:10CEE000002B36D07B681B6B002B19D0344B1B6892
:10CEF000334A43F480431360F5F72AF8B86208E038
:10CF0000F5F726F80246BB6AD31A022B01D9032390
:10CF100011E22B4B1B6803F40043002BF0D018E008
:10CF2000274B1B68264A23F480431360F5F710F85B
:10CF3000B86208E0F5F70CF80246BB6AD31A022B78
:10CF400001D90323F7E11E4B1B6803F40043002BB8
:10CF5000F0D17B681B6803F04003002B7FD07B6817
:10CF60005B6B002B62D0164B9B68154A43F40003A1
:10CF70009360134B9B6823F070627B689B6A104937
:10CF800013438B607B685B6AB3F1404F09D30C4B52
:10CF9000DB6823F01F027B681B6A09491343CB60DF
:10CFA0002AE07B685B6A002B0CDA054BDB6823F414
:10CFB00078727B681B6A5B0101491343CB601BE0FD
:10CFC000000C02467B685B6AB3F1804F0AD3A14B29
:10CFD000DB6823F4F8427B681B6A9B029D4913437C
:10CFE000CB6009E09B4BDB6823F478227B681B6AEB
:10CFF000DB0398491343CB60964B1B68954A43F07B
:10D0000010031360F4F7A4FFB86208E0F4F7A0FF80
:10D010000246BB6AD31A022B01D903238BE18D4B45
:10D020001B6803F02003002BF0D018E0894B1B682D
:10D03000884A23F010031360F4F78AFFB86208E00F
:10D04000F4F786FF0246BB6AD31A022B01D90323E9
:10D0500071E1804B1B6803F02003002BF0D17B684B
:10D060009B6B002B00F06681002387F83430794BEE
:10D07000DB6903F00C030C2B00F0F2807B689B6BE8
:10D08000022B40F0C580734B1B68724A23F08073FB
:10D090001360F4F75DFFB86208E0F4F759FF024649
:10D0A000BB6AD31A022B01D9032344E1694B1B68E5
:10D0B00003F00073002BF0D1664BD3F8943003F0EB
:10D0C0000403002B11D1634BD3F89430614A43F031
:10D0D0000403C2F894305F4BD3F8943003F0040398
:10D0E000FB60FB68012387F834305B4BDB6803F49B
:10D0F0008023B3F5802F02D1012387F83730564BB8
:10D10000DB68554A23F48023D360524B9B6A23F497
:10D110007F4323F003037A68D16B7A68126C013A7B
:10D12000120211437A68526C0A434A4913438B62D4
:10D13000484B5A6B494B13407A68926C013AC2F3E0
:10D1400008017A68D26C013A520292B211437A68AD
:10D15000126D013A120402F4FE0211437A68526D14
:10D16000013A120602F0FE420A433A4913434B6366
:10D17000384B9B6A374A23F0100393627B68DB6D60
:10D18000344ADB009363334B9B6A324A43F010030B
:10D190009362304B9B6A23F00C027B689B6D2D4998
:10D1A00013438B6297F83730012B05D12A4BDB688C
:10D1B000294A43F48023D36097F83430012B07D1F8
:10D1C000244BD3F89430234A23F00403C2F894305C
:10D1D000204B1B681F4A43F080731360F4F7B8FEBE
:10D1E000B86208E0F4F7B4FE0246BB6AD31A022B19
:10D1F00001D903239FE0174B1B6803F00073002B3A
:10D20000F0D0144B9B6A134A43F48023936291E05D
:10D21000104B1B680F4A23F080731360F4F798FEDD
:10D22000B86208E0F4F794FE0246BB6AD31A022BF8
:10D2300001D903237FE0074B1B6803F00073002B29
:10D24000F0D1044B9B6A034A23F4E02323F0030349
:10D2500093626FE0000C02460008024600008080E6
:10D26000374B9B6AFB61364B5B6BBB617B689B6B8F
:10D27000012B39D0FB6903F003027B68DB6B9A4218
:10D2800032D1FB691B0A03F00F027B681B6C013B68
:10D290009A4229D1FB6903F470427B685B6C9A4225
:10D2A00022D1BB69C3F308027B689B6C013B9A42A5
:10D2B0001AD1BB695B0A03F07F027B68DB6C013B20
:10D2C0009A4211D1BB691B0C03F07F027B681B6D76
:10D2D000013B9A4208D1BB691B0E03F07F027B68B9
:10D2E0005B6D013B9A4201D0012324E0144B9B6B00
:10D2F000DB08C3F30C027B68DB6D9A421AD0104B3B
:10D300009B6A0F4A23F010039362F4F721FEB86280
:10D3100000BFF4F71DFE0246BB6A9342F9D07B685A
:10D32000DB6D074ADB009363054B9B6A044A43F0BD
:10D3300010039362002318463837BD4680BD00BFF6
:10D34000000C024680B586B000AF786039607B681B
:10D35000002B01D10123D9E19B4B1B6803F00F0384
:10D360003A689A4210D9984B1B6823F00F029649ED
:10D370003B6813430B60944B1B6803F00F033A6840
:10D380009A4201D00123C1E17B681B6803F01003BE
:10D39000002B10D07B685A698C4B5B6A03F07003DA
:10D3A0009A4208D9894B5B6A23F070027B685B69FB
:10D3B000864913434B627B681B6803F00803002B0C
:10D3C00012D07B681A69814B1B6A1B0903F070033A
:10D3D0009A4209D97D4B1B6A23F4E0627B681B6982
:10D3E0001B017A4913430B627B681B6803F004033B
:10D3F000002B10D07B68DA68744B1B6A03F0700353
:10D400009A4208D9714B1B6A23F070027B68DB6873
:10D410006E4913430B627B681B6803F00203002B09
:10D4200010D07B689A68694B1B6A03F00F039A421D
:10D4300008D9664B1B6A23F00F027B689B6863491F
:10D4400013430B627B681B6803F00103002B00F0A1
:10D45000D2800023FB757B685B68032B43D15B4B59
:10D46000D3F8943003F00403002B10D1574BD3F8BA
:10D470009430564A43F00403C2F89430534BD3F827
:10D48000943003F00403BB60BB680123FB75F4F721
:10D490005FFD38614E4BDB6803F48023002B0FD017
:10D4A00008E0F4F755FD02463B69D31A022B01D977
:10D4B00003232BE1464BDB6803F48043002BF0D0C1
:10D4C000FB7D012B07D1414BD3F894303F4A23F029
:10D4D0000403C2F894303D4B1B6803F00073002B2B
:10D4E00021D1012312E17B685B68022B07D1374B06
:10D4F0001B6803F40033002B15D1012306E17B6880
:10D500005B68002B07D1314B1B6803F00403002B31
:10D5100009D10123FAE02D4B1B6803F48063002B33
:10D5200001D10123F2E0294BDB6923F003027B6880
:10D530005B6826491343CB61F4F70AFD38617B68C9
:10D540005B68032B12D10AE0F4F702FD02463B6947
:10D55000D31A41F28832934201D90323D6E01B4B00
:10D56000DB6903F00C030C2BEED144E07B685B68B5
:10D57000022B12D10AE0F4F7EBFC02463B69D31A06
:10D5800041F28832934201D90323BFE00F4BDB699C
:10D5900003F00C03082BEED12DE07B685B68002BB9
:10D5A00023D10AE0F4F7D4FC02463B69D31A41F2D6
:10D5B0008832934201D90323A8E0044BDB6903F0CE
:10D5C0000C03002BEED116E000200240000C0246B6
:10D5D00000080246F4F7BCFC02463B69D31A41F24C
:10D5E0008832934201D9032390E04A4BDB6903F070
:10D5F0000C03042BEED17B681B6803F00203002BA5
:10D6000010D07B689A68434B1B6A03F00F039A4261
:10D6100008D2404B1B6A23F00F027B689B683D4990
:10D6200013430B623C4B1B6803F00F033A689A42AA
:10D6300010D2394B1B6823F00F0237493B68134364
:10D640000B60354B1B6803F00F033A689A4201D018
:10D6500001235BE07B681B6803F00403002B10D000
:10D660007B68DA682B4B1B6A03F070039A4208D27E
:10D67000284B1B6A23F070027B68DB682549134343
:10D680000B627B681B6803F00803002B12D07B68D9
:10D690001A69204B1B6A1B0903F070039A4209D2D6
:10D6A0001C4B1B6A23F4E0627B681B691B01194950
:10D6B00013430B627B681B6803F01003002B10D030
:10D6C0007B685A69134B5B6A03F070039A4208D275
:10D6D000104B5B6A23F070027B685B690D49134352
:10D6E0004B6200F021F802460A4B1B6A03F00F035D
:10D6F0000A49CB5C22FA03F3094A1360094B1B6801
:10D700001846F4F7AFFB0346FB73FB7B184618374C
:10D71000BD4680BD000C02460020024030C6020813
:10D72000501A0020541A002080B48BB000AF0023A0
:10D730007B6200233B62784BDB6903F00C03BB6127
:10D74000754B9B6A03F003037B61BB69002B05D01B
:10D75000BB690C2B21D17B69012B1ED16E4B9B68C1
:10D7600003F40003002B07D16B4BD3F8F4301B0BF1
:10D7700003F00F037B6205E0674B9B681B0F03F010
:10D780000F037B62654A7B6A52F823307B62BB6978
:10D79000002B10D17B6A3B620DE05F4BDB6903F02D
:10D7A0000C03042B02D15E4B3B6204E0BB69082BE7
:10D7B00001D15C4B3B62BB690C2B40F0A580564B02
:10D7C0009B6A03F003033B61534B9B6A1B0A03F004
:10D7D0000F030133FB60504B9B6A1B0903F00103ED
:10D7E000BB604D4B9B6BDB08C3F30C03BA6802FBB9
:10D7F00003F307EE903AF8EE677AC7ED017A3B69DA
:10D80000022B03D03B69032B22D043E0FB6807EED9
:10D81000903AF8EE677ADFED446A86EEA77A3E4BDF
:10D820005B6BC3F3080307EE903AF8EE676A97ED77
:10D83000016ADFED3E5AC6EE257A76EEA77AF7EE5C
:10D84000006A77EEA67A67EE277AC7ED077A46E098
:10D85000FB6807EE903AF8EE677ADFED356A86EE00
:10D86000A77A2D4B5B6BC3F3080307EE903AF8EEF3
:10D87000676A97ED016ADFED2D5AC6EE257A76EEDE
:10D88000A77AF7EE006A77EEA67A67EE277AC7EDF9
:10D89000077A24E07B6A07EE903AF8EE676AFB6845
:10D8A00007EE903AF8EE677A86EEA77A1A4B5B6B32
:10D8B000C3F3080307EE903AF8EE676A97ED016A42
:10D8C000DFED1A5AC6EE257A76EEA77AF7EE006AF1
:10D8D00077EEA67A67EE277AC7ED077A00BF0E4B80
:10D8E0005B6B1B0E03F07F0301333B603B6807EE6D
:10D8F000903AB8EE677AD7ED076AC6EE877AFCEE03
:10D90000E77A17EE903A3B623B6A18462C37BD46E1
:10D910005DF8047B704700BF000C024648C6020851
:10D920000024F400006CDC020024744B000000466C
:10D93000001B374C80B500AFFFF7F6FE0246074BE1
:10D940001B6A03F00F030649CB5C22FA03F3054A76
:10D950001360044B1B68184680BD00BF000C0246D4
:10D9600030C60208501A002080B500AFFFF7E2FF72
:10D970000246054B1B6A1B0903F007030349CB5CF6
:10D9800022FA03F3184680BD000C024640C6020886
:10D9900080B500AFFFF7CEFF0246054B1B6A1B0A9E
:10D9A00003F007030349CB5C22FA03F3184680BD5A
:10D9B000000C024640C6020880B500AFFFF7BAFF70
:10D9C0000246054B5B6A1B0903F007030349CB5C66
:10D9D00022FA03F3184680BD000C024640C6020836
:10D9E00080B586B000AF78603E4BD3F8943003F03A
:10D9F0000403002B03D0FEF73BFD786119E0394B9F
:10DA0000D3F89430374A43F00403C2F89430354BCE
:10DA1000D3F8943003F00403FB60FB68FEF728FDA5
:10DA20007861304BD3F894302E4A23F00403C2F8C7
:10DA300094307B69B3F5403F03D07B69B3F5003F79
:10DA400009D17B68B3F1805F02D201233B6133E0EF
:10DA500000233B6130E07B68B3F1805F08D27B69D3
:10DA6000B3F5803F02D103233B6125E0012335E07C
:10DA70007B68B3F1005F0FD97B69002B09D17B680C
:10DA8000B3F1405F02D900233B6115E001233B6104
:10DA900012E000233B610FE07B68B3F1805F09D1A6
:10DAA0007B69B3F5803F02D101233B6104E002238F
:10DAB0003B6101E001233B610B4B1B6823F00F022C
:10DAC00009493B6913430B60074B1B6803F00F03C5
:10DAD0003A699A4201D0012300E000231846183722
:10DAE000BD4680BD000C0246002002402DE9B04F2B
:10DAF000BAB000AFC7F8D400002387F8E3300023A2
:10DB000087F8E230D7F8D430D3E9002302F00104DB
:10DB1000002554EA05030BD0CB4BD3F8E03023F0BB
:10DB20000301D7F8D4301B6DC74A0B43C2F8E0306D
:10DB3000D7F8D430D3E9002302F002084FF00009EF
:10DB400058EA09030BD0C04BD3F8E03023F00C01A6
:10DB5000D7F8D4305B6DBC4A0B43C2F8E030D7F83D
:10DB6000D430D3E9002302F0040A4FF0000B5AEA44
:10DB70000B030BD0B44BD3F8E03023F03001D7F8CF
:10DB8000D4309B6DB04A0B43C2F8E030D7F8D430A4
:10DB9000D3E9002302F00803C7F8C8300023C7F810
:10DBA000CC30D7E932120B4613430BD0A64BD3F837
:10DBB000E03023F0C001D7F8D430DB6DA24A0B432C
:10DBC000C2F8E030D7F8D430D3E9002302F01003D4
:10DBD000C7F8C0300023C7F8C430D7E930120B466D
:10DBE00013430BD0984BD3F8E03023F44071D7F8AF
:10DBF000D4301B6E944A0B43C2F8E030D7F8D430CF
:10DC0000D3E9002302F02003C7F8B8300023C7F897
:10DC1000BC30D7E92E120B4613430BD08A4BD3F8F6
:10DC2000E83023F00701D7F8D4305B6E864A0B4307
:10DC3000C2F8E830D7F8D430D3E9002302F040032B
:10DC4000C7F8B0300023C7F8B430D7E92C120B4620
:10DC500013430BD07C4BD3F8E03023F44061D7F86A
:10DC6000D4309B6E784A0B43C2F8E030D7F8D430FA
:10DC7000D3E9002302F08003C7F8A8300023C7F8D7
:10DC8000AC30D7E92A120B4613430BD06E4BD3F8B6
:10DC9000E03023F44051D7F8D430DB6E6A4A0B43AE
:10DCA000C2F8E030D7F8D430D3E9002302F480730F
:10DCB000C7F8A0300023C7F8A430D7E928120B46D4
:10DCC00013430BD0604BD3F8E83023F0C001D7F8F2
:10DCD000D4301B6F5C4A0B43C2F8E830D7F8D4301D
:10DCE000D3E9002302F48003C7F898300023C7F873
:10DCF0009C30D7E926120B4613430BD0524BD3F876
:10DD0000E03023F44041D7F8D4305B6F4E4A0B43E8
:10DD1000C2F8E030D7F8D430D3E9002302F400731E
:10DD2000C7F890300023C7F89430D7E924120B4687
:10DD300013430BD0444BD3F8E83023F44061D7F8B9
:10DD4000D4309B6F404A0B43C2F8E830D7F8D43048
:10DD5000D3E9002302F48063C7F888300023C7F8B2
:10DD60008C30D7E922120B4613430BD0364BD3F835
:10DD7000E03023F44021D7F8D430DB6F324A0B4334
:10DD8000C2F8E030D7F8D430D3E9002302F40063BE
:10DD9000C7F880300023C7F88430D7E920120B463B
:10DDA00013430CD0284BD3F8E83023F44071D7F854
:10DDB000D430D3F88030244A0B43C2F8E830D7F887
:10DDC000D430D3E9002302F40053BB670023FB6780
:10DDD000D7E91E120B4613434FD0D7F8D430D3F8EF
:10DDE0009030802B2DD0802B27D8602B2ED0602B0D
:10DDF00023D8402B06D0402B1FD8002B09D0202B36
:10DE000011D01AE0104B9B6A0F4A43F4803393629F
:10DE10001DE0D7F8D4300833184602F021FA034643
:10DE200087F8E33013E0D7F8D4302C33184602F0EB
:10DE3000AFFA034687F8E33009E0012387F8E330BF
:10DE400005E000BF03E000BF000C024600BF97F8EA
:10DE5000E330002B0DD1B64BD3F8E43023F0E001D2
:10DE6000D7F8D430D3F89030B14A0B43C2F8E4303D
:10DE700003E097F8E33087F8E230D7F8D430D3E9FD
:10DE8000002302F480433B6700237B67D7E91C1221
:10DE90000B46134353D0D7F8D430D3F89430B3F5AE
:10DEA000806F33D0B3F5806F2CD8B3F5407F2FD07F
:10DEB000B3F5407F26D8B3F5007F08D0B3F5007FD7
:10DEC00020D8002B0AD0B3F5807F11D01AE0984BF0
:10DED0009B6A974A43F4803393621AE0D7F8D430B0
:10DEE0000833184602F0BCF9034687F8E33010E027
:10DEF000D7F8D4302C33184602F04AFA034687F894
:10DF0000E33006E0012387F8E33002E000BF00E0E1
:10DF100000BF97F8E330002B0DD1854BD3F8E430E8
:10DF200023F4E061D7F8D430D3F89430804A0B431F
:10DF3000C2F8E43003E097F8E33087F8E230D7F82E
:10DF4000D430D3E9002302F40043BB660023FB6610
:10DF5000D7E91A120B46134346D0D7F8D430D3F87A
:10DF6000A830B3F5A04F28D0B3F5A04F21D8B3F512
:10DF7000804F22D0B3F5804F1BD8B3F5405F1CD043
:10DF8000B3F5405F15D8B3F5005F08D0B3F5005F77
:10DF90000FD8002B11D0B3F5805F0ED009E0D7F871
:10DFA000D4300833184602F05BF9034687F8E330B3
:10DFB00004E0012387F8E33000E000BF97F8E33086
:10DFC000002B0DD15A4BD3F8E83023F4E041D7F8B9
:10DFD000D430D3F8A830564A0B43C2F8E83003E0F7
:10DFE00097F8E33087F8E230D7F8D430D3E900234C
:10DFF00002F480333B6600237B66D7E918120B4698
:10E0000013433FD0D7F8D430D3F88830042B1ED830
:10E0100001A252F823F000BF57E001082DE00108EB
:10E020003BE0010857E0010857E00108404B9B6ABC
:10E030003F4A43F4803393620EE0D7F8D4302C3358
:10E04000184602F0A5F9034687F8E33004E00123FF
:10E0500087F8E33000E000BF97F8E330002B0DD1E4
:10E06000334BD3F8E43023F00701D7F8D430D3F89A
:10E0700088302F4A0B43C2F8E43003E097F8E330CE
:10E0800087F8E230D7F8D430D3E9002302F4003324
:10E09000BB650023FB65D7E916120B4613434DD031
:10E0A000D7F8D430D3F88C30B3F5802F28D0B3F51F
:10E0B000802F21D8B3F5403F24D0B3F5403F1BD883
:10E0C000B3F5003F0ED0B3F5003F15D8002B1BD0A1
:10E0D000B3F5803F10D1164B9B6A154A43F4803349
:10E0E000936212E0D7F8D4302C33184602F050F97E
:10E0F000034687F8E33008E0012387F8E33004E0C3
:10E1000000BF02E000BF00E000BF97F8E330002B43
:10E1100010D1074BD3F8E83023F4E021D7F8D430FE
:10E12000D3F88C30024A0B43C2F8E83006E000BF57
:10E13000000C024697F8E33087F8E230D7F8D43085
:10E14000D3E9002302F480233B6500237B65D7E9F4
:10E1500014120B46134300F0B580002387F8E1301A
:10E160009D4BD3F8943003F00403002B13D19A4B4A
:10E17000D3F89430984A43F00403C2F89430964B95
:10E18000D3F8943003F00403C7F8D830D7F8D83068
:10E19000012387F8E130914B9B6A904A43F00103D9
:10E1A0009362F3F7D5FEC7F8DC000BE0F3F7D0FE7F
:10E1B0000246D7F8DC30D31A022B03D9032387F8A1
:10E1C000E33005E0854B9B6A03F00103002BEDD0A3
:10E1D00097F8E330002B65D17F4BD3F8F03003F490
:10E1E0004073C7F8E430D7F8E430002B23D0D7F8D9
:10E1F000D430D3F8C020D7F8E43093421BD0764B0C
:10E20000D3F8F03023F44073C7F8E430724BD3F8FE
:10E21000F030714A43F48033C2F8F0306E4BD3F8DB
:10E22000F0306D4A23F48033C2F8F0306A4AD7F8F0
:10E23000E430C2F8F030D7F8E43003F00103002BEB
:10E2400019D0F3F785FEC7F8DC000DE0F3F780FE88
:10E250000246D7F8DC30D21A41F288339A4203D909
:10E26000032387F8E33006E05B4BD3F8F03003F08C
:10E270000203002BEAD097F8E330002B0DD1564B68
:10E28000D3F8F03023F44071D7F8D430D3F8C0304D
:10E29000514A0B43C2F8F03008E097F8E33087F8B2
:10E2A000E23003E097F8E33087F8E23097F8E130A6
:10E2B000012B07D1484BD3F89430474A23F004038D
:10E2C000C2F89430D7F8D430D3E9002302F4801395
:10E2D000BB640023FB64D7E912120B46134342D000
:10E2E000D7F8D430D3F8A030B3F1406F22D0B3F1D7
:10E2F000406F1BD8B3F1006F11D0B3F1006F15D888
:10E30000002B19D0B3F1806F10D1D7F8D430083377
:10E31000184601F0A5FF034687F8E3300DE02E4BC9
:10E320009B6A2D4A43F40033936206E0012387F889
:10E33000E33002E000BF00E000BF97F8E330002BBD
:10E340000DD1254BD3F8E03023F04061D7F8D4301D
:10E35000D3F8A030204A0B43C2F8E03003E097F82E
:10E36000E33087F8E230D7F8D430D3E9002302F461
:10E3700000233B6400237B64D7E910120B46134350
:10E3800032D0D7F8D430D3F89830B3F5005F0BD043
:10E39000B3F5005F04D8002B08D0B3F5805F07D039
:10E3A000012387F8E33004E000BF02E000BF00E093
:10E3B00000BF97F8E330002B12D1074BD3F8E430BD
:10E3C00023F44051D7F8D430D3F89830024A0B43A5
:10E3D000C2F8E43008E000BF000C02460008024624
:10E3E00097F8E33087F8E230D7F8D430D3E9002348
:10E3F00002F48053BB630023FB63D7E90E120B4684
:10E4000013430CD0984BD3F8E43023F40061D7F8D1
:10E41000D430D3F89C30944A0B43C2F8E430D7F898
:10E42000D430D3E9002302F400133B6300237B6361
:10E43000D7E90C120B46134319D0D7F8D430D3F8D0
:10E44000A430B3F5804F05D1874B9B6A864A43F4CD
:10E4500080339362844BD3F8E43023F48041D7F8BF
:10E46000D430D3F8A430804A0B43C2F8E430D7F854
:10E47000D430D3E9002302F40003BB620023FB6223
:10E48000D7E90A120B4613430CD0774BD3F8E03090
:10E4900023F44012D7F8D430D3F8B4307249134380
:10E4A000C1F8E030D7F8D430D3E9002302F080730C
:10E4B0003B6200237B62D7E908120B4613430CD062
:10E4C000694BD3F8E03023F44032D7F8D430D3F896
:10E4D000B83065491343C1F8E030D7F8D430D3E9F8
:10E4E000002302F00073BB610023FB61D7E9061231
:10E4F0000B4613430CD05C4BD3F8E83023F01802E2
:10E50000D7F8D430D3F8BC3057491343C1F8E830BA
:10E51000D7F8D430D3E9002302F080633B610023B5
:10E520007B61D7E904120B46134332D0D7F8D430BD
:10E53000D3F8B030B3F5001F05D14B4B9B6A4A4A64
:10E5400043F400339362D7F8D430D3F8B030B3F546
:10E55000401F08D1D7F8D4300833184601F080FEA8
:10E56000034687F8E33097F8E330002B0DD13E4B9C
:10E57000D3F8E43023F44012D7F8D430D3F8B030D5
:10E5800039491343C1F8E43003E097F8E33087F8E2
:10E59000E230D7F8D430D3E9002302F00063BB6047
:10E5A0000023FB60D7E902120B4613433AD0D7F899
:10E5B000D430D3F88430B3F1007F0ED0B3F1007FB4
:10E5C00015D8002B17D0B3F1807F10D1264B9B6A52
:10E5D000254A43F4003393620EE0D7F8D430083371
:10E5E000184601F03DFE034687F8E33004E00123BE
:10E5F00087F8E33000E000BF97F8E330002B0DD13F
:10E60000194BD3F8E03023F04072D7F8D430D3F868
:10E61000843015491343C1F8E03003E097F8E33044
:10E6200087F8E230D7F8D430D3E9002302F08053E2
:10E630003B6000237B60D7E900120B4613430CD0EC
:10E64000094BD3F8E83023F40042D7F8D430D3F89C
:10E65000AC3005491343C1F8E83097F8E23018466A
:10E66000E837BD46BDE8B08F000C024680B489B0E3
:10E6700000AF7860A64B5B6BC3F30803BB61A44B90
:10E680009B6A03F003037B61A14B9B6A1B0A03F0A7
:10E690000F0301333B619E4B9B6A1B0903F001038F
:10E6A000FB609B4B9B6BDB08C3F30C03FA6802FB1C
:10E6B00003F307EE903AF8EE677AC7ED027A7B69CA
:10E6C000032B62D07B69032B00F281807B69012BD5
:10E6D00024D07B69022B7AD13B6907EE903AF8EEA1
:10E6E000677ADFED8C6A86EEA77A894B5B6BC3F3A2
:10E6F000080307EE903AF8EE676A97ED026ADFEDDD
:10E70000865AC6EE257A76EEA77AF7EE006A77EE9D
:10E71000A67A67EE277AC7ED077A8FE07C4B9B6875
:10E7200003F40003002B05D0794B9B681B0F03F00B
:10E730000F0306E0764BD3F8F4301B041B0F03F0F5
:10E740000F03764A52F8233007EE903AF8EE676AE4
:10E750003B6907EE903AF8EE677A86EEA77ABB69D6
:10E7600007EE903AF8EE676A97ED026ADFED6A5AB3
:10E77000C6EE257A76EEA77AF7EE006A77EEA67AED
:10E7800067EE277AC7ED077A58E03B6907EE903AC3
:10E79000F8EE677ADFED626A86EEA77A5C4B5B6B18
:10E7A000C3F3080307EE903AF8EE676A97ED026A42
:10E7B000DFED595AC6EE257A76EEA77AF7EE006AB3
:10E7C00077EEA67A67EE277AC7ED077A36E0504BE8
:10E7D0009B6803F40003002B05D04D4B9B681B0F77
:10E7E00003F00F0306E04A4BD3F8F4301B041B0F71
:10E7F00003F00F03494A52F8233007EE903AF8EE3F
:10E80000676A3B6907EE903AF8EE677A86EEA77A78
:10E81000BB6907EE903AF8EE676A97ED026ADFEDA2
:10E820003E5AC6EE257A76EEA77AF7EE006A77EEC4
:10E83000A67A67EE277AC7ED077A00BF344B9B6A4A
:10E8400003F48033002B17D0314B5B6B5B0A03F072
:10E850007F0307EE903AF8EE677AB7EE007A37EE6C
:10E86000877AD7ED076AC6EE877AFCEEE77A17EE6D
:10E87000902A7B681A6002E07B6800221A60244BB1
:10E880009B6A03F40033002B17D0214B5B6B1B0CEE
:10E8900003F07F0307EE903AF8EE677AB7EE007A5E
:10E8A00037EE877AD7ED076AC6EE877AFCEEE77A0D
:10E8B00017EE902A7B685A6002E07B6800225A605B
:10E8C000134B9B6A03F48023002B17D0104B5B6B18
:10E8D0001B0E03F07F0307EE903AF8EE677AB7EE6F
:10E8E000007A37EE877AD7ED076AC6EE877AFCEEB4
:10E8F000E77A17EE902A7B689A6002E07B68002234
:10E900009A6000BF2437BD465DF8047B704700BFA6
:10E91000000C02460024744B0000004648C6020862
:10E92000001B374C80B489B000AF7860A64BDB6B1E
:10E93000C3F30803BB61A44BDB6A03F003037B61F1
:10E94000A14BDB6A1B0A03F00F0301333B619E4BB3
:10E95000DB6A1B0903F00103FB609B4B1B6CDB08AC
:10E96000C3F30C03FA6802FB03F307EE903AF8EEE8
:10E97000677AC7ED027A7B69032B62D07B69032B30
:10E9800000F281807B69012B24D07B69022B7AD134
:10E990003B6907EE903AF8EE677ADFED8C6A86EE17
:10E9A000A77A894BDB6BC3F3080307EE903AF8EEC6
:10E9B000676A97ED026ADFED865AC6EE257A76EE33
:10E9C000A77AF7EE006A77EEA67A67EE277AC7EDA8
:10E9D000077A8FE07C4B9B6803F40003002B05D083
:10E9E000794B9B681B0F03F00F0306E0764BD3F8BF
:10E9F000F4301B041B0F03F00F03764A52F8233048
:10EA000007EE903AF8EE676A3B6907EE903AF8EE47
:10EA1000677A86EEA77ABB6907EE903AF8EE676AE6
:10EA200097ED026ADFED6A5AC6EE257A76EEA77A8E
:10EA3000F7EE006A77EEA67A67EE277AC7ED077AD7
:10EA400058E03B6907EE903AF8EE677ADFED626ACC
:10EA500086EEA77A5C4BDB6BC3F3080307EE903AB4
:10EA6000F8EE676A97ED026ADFED595AC6EE257A2D
:10EA700076EEA77AF7EE006A77EEA67A67EE277A47
:10EA8000C7ED077A36E0504B9B6803F40003002B78
:10EA900005D04D4B9B681B0F03F00F0306E04A4B5C
:10EAA000D3F8F4301B041B0F03F00F03494A52F84C
:10EAB000233007EE903AF8EE676A3B6907EE903A2A
:10EAC000F8EE677A86EEA77ABB6907EE903AF8EE21
:10EAD000676A97ED026ADFED3E5AC6EE257A76EE5A
:10EAE000A77AF7EE006A77EEA67A67EE277AC7ED87
:10EAF000077A00BF344BDB6A03F48033002B17D056
:10EB0000314BDB6B5B0A03F07F0307EE903AF8EEC4
:10EB1000677AB7EE007A37EE877AD7ED076AC6EEE6
:10EB2000877AFCEEE77A17EE902A7B681A6002E09B
:10EB30007B6800221A60244BDB6A03F40033002B4D
:10EB400017D0214BDB6B1B0C03F07F0307EE903AD1
:10EB5000F8EE677AB7EE007A37EE877AD7ED076A74
:10EB6000C6EE877AFCEEE77A17EE902A7B685A6049
:10EB700002E07B6800225A60134BDB6A03F48023B7
:10EB8000002B17D0104BDB6B1B0E03F07F0307EE3F
:10EB9000903AF8EE677AB7EE007A37EE877AD7EDDB
:10EBA000076AC6EE877AFCEEE77A17EE902A7B6852
:10EBB0009A6002E07B6800229A6000BF2437BD465D
:10EBC0005DF8047B704700BF000C02460024744BC4
:10EBD0000000004648C60208001B374C80B489B0CC
:10EBE00000AF7860A64B5B6CC3F30803BB61A44B1A
:10EBF0001B6B03F003037B61A14B1B6B1B0A03F030
:10EC00000F0301333B619E4B1B6B1B0903F0010398
:10EC1000FB609B4B9B6CDB08C3F30C03FA6802FBA5
:10EC200003F307EE903AF8EE677AC7ED027A7B6954
:10EC3000032B62D07B69032B00F281807B69012B5F
:10EC400024D07B69022B7AD13B6907EE903AF8EE2B
:10EC5000677ADFED8C6A86EEA77A894B5B6CC3F32B
:10EC6000080307EE903AF8EE676A97ED026ADFED67
:10EC7000865AC6EE257A76EEA77AF7EE006A77EE28
:10EC8000A67A67EE277AC7ED077A8FE07C4B9B6800
:10EC900003F40003002B05D0794B9B681B0F03F096
:10ECA0000F0306E0764BD3F8F4301B041B0F03F080
:10ECB0000F03764A52F8233007EE903AF8EE676A6F
:10ECC0003B6907EE903AF8EE677A86EEA77ABB6961
:10ECD00007EE903AF8EE676A97ED026ADFED6A5A3E
:10ECE000C6EE257A76EEA77AF7EE006A77EEA67A78
:10ECF00067EE277AC7ED077A58E03B6907EE903A4E
:10ED0000F8EE677ADFED626A86EEA77A5C4B5B6CA1
:10ED1000C3F3080307EE903AF8EE676A97ED026ACC
:10ED2000DFED595AC6EE257A76EEA77AF7EE006A3D
:10ED300077EEA67A67EE277AC7ED077A36E0504B72
:10ED40009B6803F40003002B05D04D4B9B681B0F01
:10ED500003F00F0306E04A4BD3F8F4301B041B0FFB
:10ED600003F00F03494A52F8233007EE903AF8EEC9
:10ED7000676A3B6907EE903AF8EE677A86EEA77A03
:10ED8000BB6907EE903AF8EE676A97ED026ADFED2D
:10ED90003E5AC6EE257A76EEA77AF7EE006A77EE4F
:10EDA000A67A67EE277AC7ED077A00BF344B1B6B54
:10EDB00003F48033002B17D0314B5B6C5B0A03F0FC
:10EDC0007F0307EE903AF8EE677AB7EE007A37EEF7
:10EDD000877AD7ED076AC6EE877AFCEEE77A17EEF8
:10EDE000902A7B681A6002E07B6800221A60244B3C
:10EDF0001B6B03F40033002B17D0214B5B6C1B0CF7
:10EE000003F07F0307EE903AF8EE677AB7EE007AE8
:10EE100037EE877AD7ED076AC6EE877AFCEEE77A97
:10EE200017EE902A7B685A6002E07B6800225A60E5
:10EE3000134B1B6B03F48023002B17D0104B5B6C20
:10EE40001B0E03F07F0307EE903AF8EE677AB7EEF9
:10EE5000007A37EE877AD7ED076AC6EE877AFCEE3E
:10EE6000E77A17EE902A7B689A6002E07B680022BE
:10EE70009A6000BF2437BD465DF8047B704700BF31
:10EE8000000C02460024744B0000004648C60208ED
:10EE9000001B374C80B58EB000AFC7E90001D7E941
:10EEA0000023A2F580210B4345D1A74BD3F8F030C6
:10EEB00003F440733B63A44BD3F8F03003F0020338
:10EEC000022B08D13B6BB3F5807F04D14FF4004394
:10EED0007B6301F0B7B99C4BD3F8F03003F00063CB
:10EEE000B3F1006F14D13B6BB3F5007F10D1964B9B
:10EEF000D3F8F03003F08053B3F1805F03D1FA23ED
:10EF00007B6301F09FB94FF4FA437B6301F09AB938
:10EF10008D4B1B6803F40033B3F5003F07D13B6B07
:10EF2000B3F5407F03D1894B7B6301F08BB900239C
:10EF30007B6301F087B9D7E90023A2F500510B43A9
:10EF400051D1814BD3F8E43003F0E0033B633B6BDA
:10EF5000802B35D03B6B802B41D83B6B602B2AD06C
:10EF60003B6B602B3BD83B6B402B09D03B6B402B62
:10EF700035D83B6B002B0CD03B6B202B12D02EE0F6
:10EF800007F124031846FFF771FB7B6A7B6301F0EE
:10EF900059B907F118031846FFF7C4FCBB697B6336
:10EFA00001F050B907F10C031846FFF717FEFB6894
:10EFB0007B6301F047B94BF680337B6301F042B9C4
:10EFC000614B1B6803F48063B3F5806F03D1604B22
:10EFD0007B6301F037B900237B6301F033B9002371
:10EFE0007B6301F02FB9D7E90023A2F580410B43E1
:10EFF00058D1554BD3F8E43003F4E0633B633B6BEB
:10F00000B3F5806F3BD03B6BB3F5806F46D83B6B5D
:10F01000B3F5407F2ED03B6BB3F5407F3ED83B6BC2
:10F02000B3F5007F0BD03B6BB3F5007F36D83B6B5D
:10F03000002B0DD03B6BB3F5807F12D02EE007F193
:10F0400024031846FFF712FB7B6A7B6301F0FAB8D2
:10F0500007F118031846FFF765FCBB697B6301F0F5
:10F06000F1B807F10C031846FFF7B8FDFB687B63A6
:10F0700001F0E8B84BF680337B6301F0E3B8324B24
:10F080001B6803F48063B3F5806F03D1304B7B635F
:10F0900001F0D8B800237B6301F0D4B800237B6370
:10F0A00001F0D0B8D7E90023A2F580510B4326D157
:10F0B000254BD3F8E43003F400633B63224B1B6819
:10F0C00003F48063B3F5806F06D13B6B002B03D153
:10F0D0001F4B7B6301F0B6B81B4B1B6803F48063C6
:10F0E000B3F5806F07D13B6BB3F5006F03D1194BBC
:10F0F0007B6301F0A7B800237B6301F0A3B8D7E9D5
:10F100000023A2F580110B436ED10F4BD3F8E030F2
:10F1100003F040633B633B6BB3F1406F3DD03B6B0F
:10F12000B3F1406F5CD83B6BB3F1006F14D03B6B15
:10F13000B3F1006F54D83B6B002B1FD03B6BB3F186
:10F14000806F12D04CE000BF000C024660E3160056
:10F150000024F40000127A0007F124031846FFF798
:10F1600085FABB6A7B6301F06DB807F11803184696
:10F17000FFF7D8FBFB697B6301F064B8A74B1B6802
:10F1800003F40053B3F5005F03D1A54B7B6301F09B
:10F1900059B800237B6301F055B8A04B1B6803F0FE
:10F1A0002003202B18D19D4B9B6803F40003002BF8
:10F1B00005D09A4B9B681B0E03F00F0306E0974B9C
:10F1C000D3F8F4301B041B0E03F00F03954A52F8DA
:10F1D00023307B6301F036B800237B6301F032B843
:10F1E00000237B6301F02EB8D7E90023A2F50011BC
:10F1F0000B437FD1894BD3F8E43003F480433B6366
:10F200003B6B002B65D1854BD3F8E03003F04063B6
:10F210003B633B6BB3F1406F34D03B6BB3F1406F5A
:10F2200053D83B6BB3F1006F0BD03B6BB3F1006F66
:10F230004BD83B6B002B16D03B6BB3F1806F09D0E2
:10F2400043E007F124031846FFF710FABB6A7B631B
:10F2500000F0F8BF07F118031846FFF763FBFB69DE
:10F260007B6300F0EFBF6D4B1B6803F40053B3F5F5
:10F27000005F03D16A4B7B6300F0E4BF00237B6334
:10F2800000F0E0BF654B1B6803F02003202B18D172
:10F29000624B9B6803F40003002B05D05F4B9B6817
:10F2A0001B0E03F00F0306E05C4BD3F8F4301B0495
:10F2B0001B0E03F00F035B4A52F823307B6300F010
:10F2C000C1BF00237B6300F0BDBF00237B6300F060
:10F2D000B9BF3B6BB3F5804F08D107F12403184643
:10F2E000FFF7C4F97B6A7B6300F0ACBF00237B634C
:10F2F00000F0A8BFD7E90023511E0B4336D1474B7E
:10F30000D3F8E03003F003033B633B6B002B04D1E5
:10F31000FEF73EFB786300F095BF3B6B012B04D1F9
:10F32000FEF702FA786300F08DBF3C4B1B6803F4D4
:10F330008063B3F5806F06D13B6B022B03D13A4B50
:10F340007B6300F07FBF354BD3F8F03003F002034E
:10F35000022B07D13B6B032B04D14FF400437B639B
:10F3600000F070BF00237B6300F06CBFD7E900237F
:10F37000911E0B4336D1294BD3F8E03003F00C0338
:10F380003B633B6B002B04D1FEF7EEFA786300F091
:10F3900059BF3B6B042B04D1FEF7C6F9786300F02C
:10F3A00051BF1E4B1B6803F48063B3F5806F06D119
:10F3B0003B6B082B03D11C4B7B6300F043BF174B07
:10F3C000D3F8F03003F00203022B07D13B6B0C2B78
:10F3D00004D14FF400437B6300F034BF00237B6310
:10F3E00000F030BFD7E90023111F0B433FD10B4B77
:10F3F000D3F8E03003F030033B633B6B002B04D1C8
:10F40000FEF7B2FA786300F01DBF3B6B102B0DD1F5
:10F41000FEF78AF9786300F015BF00BF000C0246C2
:10F42000006CDC0248C602080024F400A64B1B68EE
:10F4300003F48063B3F5806F06D13B6B202B03D1BF
:10F44000A24B7B6300F0FEBE9F4BD3F8F03003F07D
:10F450000203022B07D13B6B302B04D14FF4004346
:10F460007B6300F0EFBE00237B6300F0EBBED7E9C7
:10F470000023A2F108010B4336D1934BD3F8E030BF
:10F4800003F0C0033B633B6B002B04D1FEF76CFA27
:10F49000786300F0D7BE3B6B402B04D1FEF744F9F4
:10F4A000786300F0CFBE884B1B6803F48063B3F52C
:10F4B000806F06D13B6B802B03D1844B7B6300F0C4
:10F4C000C1BE814BD3F8F03003F00203022B07D109
:10F4D0003B6BC02B04D14FF400437B6300F0B2BE02
:10F4E00000237B6300F0AEBED7E90023A2F1100138
:10F4F0000B4339D1744BD3F8E03003F440733B63D2
:10F500003B6B002B04D1FEF72FFA786300F09ABE14
:10F510003B6BB3F5807F04D1FEF706F9786300F00A
:10F5200091BE694B1B6803F48063B3F5806F07D10C
:10F530003B6BB3F5007F03D1644B7B6300F082BE6D
:10F54000614BD3F8F03003F00203022B08D13B6B80
:10F55000B3F5407F04D14FF400437B6300F072BEEB
:10F5600000237B6300F06EBED7E90023A2F12001E7
:10F570000B4358D1544BD3F8E83003F007033B63F7
:10F580003B6B002B04D1FEF717FA786300F05ABEEC
:10F590003B6B012B04D1FEF7C7F8786300F052BE35
:10F5A000494B1B6803F48063B3F5806F06D13B6B56
:10F5B000022B03D1454B7B6300F044BE424BD3F892
:10F5C000F03003F00203022B07D13B6B032B04D175
:10F5D0004FF400437B6300F035BE3B4B1B6803F0E8
:10F5E0002003202B1BD13B6B042B18D1364B9B687F
:10F5F00003F40003002B05D0334B9B681B0E03F074
:10F600000F0306E0304BD3F8F4301B041B0E03F05D
:10F610000F032F4A52F823307B6300F013BE002300
:10F620007B6300F00FBED7E90023A2F500410B4336
:10F6300072D1254BD3F8E83003F4E0433B633B6BD6
:10F64000B3F5805F04D1FEF76FF8786300F0FABD80
:10F650003B6BB3F5005F08D107F118031846FFF7BD
:10F6600061F93B6A7B6300F0EDBD3B6B002B04D17D
:10F67000FEF760F9786300F0E5BD3B6BB3F5A04F92
:10F6800028D1114B1B6803F02003202B18D10E4BFF
:10F690009B6803F40003002B05D00B4B9B681B0EEB
:10F6A00003F00F0306E0084BD3F8F4301B041B0EE5
:10F6B00003F00F03064A52F823307B6300F0C2BD0B
:10F6C00000237B6300F0BEBD000C02460024F40062
:10F6D00048C60208AF4B1B6803F40033B3F5003F84
:10F6E00007D13B6BB3F5405F03D1AB4B7B6300F0BD
:10F6F000A9BDA84B1B6803F48063B3F5806F07D1E5
:10F700003B6BB3F5804F03D1A44B7B6300F09ABDF4
:10F7100000237B6300F096BDD7E90023A2F580317A
:10F720000B4358D19B4BD3F8E43003F007033B6302
:10F730003B6B042B4BD801A252F823F075F701085C
:10F7400051F7010863F701087FF7010889F70108FD
:10F7500007F124031846FEF789FF7B6A7B6300F0FC
:10F7600071BD07F10C031846FFF738FA3B697B635C
:10F7700000F068BDFEF7DEF8786300F063BD4BF67D
:10F7800080337B6300F05EBD824B1B6803F0200377
:10F79000202B18D17F4B9B6803F40003002B05D06E
:10F7A0007C4B9B681B0E03F00F0306E0794BD3F8EC
:10F7B000F4301B041B0E03F00F03794A52F8233078
:10F7C0007B6300F03FBD00237B6300F03BBD002363
:10F7D0007B6300F037BDD7E90023A2F500310B436E
:10F7E00067D16C4BD3F8E83003F4E0233B633B6B09
:10F7F000B3F5802F36D03B6BB3F5802F55D83B6BDC
:10F80000B3F5403F29D03B6BB3F5403F4DD83B6B40
:10F81000B3F5003F13D03B6BB3F5003F45D83B6BCE
:10F82000002B15D03B6BB3F5803F3ED107F124038D
:10F830001846FEF71BFF7B6A7B6300F003BD07F1F0
:10F840000C031846FFF7CAF93B697B6300F0FABC6A
:10F85000FEF770F8786300F0F5BC4BF680337B63FD
:10F8600000F0F0BC4B4B1B6803F02003202B18D199
:10F87000484B9B6803F40003002B05D0454B9B6865
:10F880001B0E03F00F0306E0424BD3F8F4301B04C9
:10F890001B0E03F00F03424A52F823307B6300F043
:10F8A000D1BC00237B6300F0CDBC00237B6300F060
:10F8B000C9BCD7E90023A2F140010B434CD1354B21
:10F8C000D3F8E03003F440633B633B6B002B04D17F
:10F8D000FEF74AF8786300F0B5BC3B6BB3F5806F78
:10F8E00004D1FDF721FF786300F0ACBC294B1B6805
:10F8F00003F48063B3F5806F07D13B6BB3F5006F02
:10F9000003D1264B7B6300F09DBC224B1B6803F0A8
:10F910002003202B1CD13B6BB3F5406F18D11D4B3E
:10F920009B6803F40003002B05D01A4B9B681B0E49
:10F9300003F00F0306E0174BD3F8F4301B041B0E43
:10F9400003F00F03164A52F823307B6300F07ABCB1
:10F9500000237B6300F076BCD7E90023A2F180018D
:10F960000B4355D10B4BD3F8E03003F440533B63CA
:10F970003B6B002B04D1FDF7F7FF786300F062BC0E
:10F980003B6BB3F5805F0DD1FDF7CEFE786300F0E1
:10F9900059BC00BF000C0246006CDC020024F400DD
:10F9A00048C60208A14B1B6803F48063B3F5806F5F
:10F9B00007D13B6BB3F5005F03D19D4B7B6300F038
:10F9C00041BC9A4B1B6803F02003202B1CD13B6BDE
:10F9D000B3F5405F18D1954B9B6803F40003002BEF
:10F9E00005D0924B9B681B0E03F00F0306E08F4B74
:10F9F000D3F8F4301B041B0E03F00F038D4A52F8AA
:10FA000023307B6300F01EBC00237B6300F01ABC34
:10FA1000D7E90023A2F580710B4351D1834BD3F872
:10FA2000E83003F0C0033B633B6BC02B24D03B6B3F
:10FA3000C02B42D83B6B802B0DD03B6B802B3CD82E
:10FA40003B6B002B03D03B6B402B11D035E0FDF717
:10FA5000B3FF7863F6E3754B1B6803F48063B3F57B
:10FA6000806F02D1724B7B63ECE300237B63E9E39D
:10FA7000FDF75AFE7863E5E36C4B1B6803F0200347
:10FA8000202B17D1694B9B6803F40003002B05D092
:10FA9000664B9B681B0E03F00F0306E0634BD3F825
:10FAA000F4301B041B0E03F00F03624A52F823309C
:10FAB0007B63C7E300237B63C4E300237B63C1E371
:10FAC000D7E90023A2F580010B4347D1574BD3F868
:10FAD000E03003F440433B633B6B002B03D1FDF765
:10FAE00043FF7863AEE33B6BB3F5804F03D1FDF783
:10FAF0001BFE7863A6E34D4B1B6803F48063B3F5EC
:10FB0000806F06D13B6BB3F5004F02D1484B7B634E
:10FB100098E3464B1B6803F02003202B1BD13B6B63
:10FB2000B3F5404F17D1414B9B6803F40003002B02
:10FB300005D03E4B9B681B0E03F00F0306E03B4BCA
:10FB4000D3F8F4301B041B0E03F00F03394A52F8AC
:10FB500023307B6376E300237B6373E3D7E90023E1
:10FB6000A2F500610B436AD1304BD3F8E83003F4BF
:10FB700040733B633B6B002B20D12C4B1B6803F085
:10FB80002003202B17D1294B9B6803F40003002B83
:10FB900005D0264B9B681B0E03F00F0306E0234B9A
:10FBA000D3F8F4301B041B0E03F00F03214A52F864
:10FBB00023307B6346E300237B6343E31B4BD3F893
:10FBC000F03003F00063B3F1006F12D13B6BB3F57B
:10FBD000807F0ED1154BD3F8F03003F08053B3F192
:10FBE000805F02D1FA237B632CE34FF4FA437B63FB
:10FBF00028E30E4B1B6803F48063B3F5806F06D1D6
:10FC00003B6BB3F5007F02D1094B7B631AE3074BD3
:10FC1000D3F8F03003F00203022B0DD13B6BB3F5A8
:10FC2000407F09D14FF400437B630BE3000C024695
:10FC30000024F40048C6020800237B6302E3D7E9EE
:10FC40000023A2F500710B4364D1A24BD3F8E83036
:10FC500003F440633B633B6B002B20D19D4B1B683F
:10FC600003F02003202B17D19A4B9B6803F4000369
:10FC7000002B05D0974B9B681B0E03F00F0306E08B
:10FC8000944BD3F8F4301B041B0E03F00F03924A7D
:10FC900052F823307B63D5E200237B63D2E28D4BA5
:10FCA000D3F8F03003F00063B3F1006F12D13B6B77
:10FCB000B3F5806F0ED1874BD3F8F03003F080534B
:10FCC000B3F1805F02D1FA237B63BBE24FF4FA43C6
:10FCD0007B63B7E27F4B1B6803F48063B3F5806FEF
:10FCE00006D13B6BB3F5006F02D17C4B7B63A9E27D
:10FCF000784BD3F8F03003F00203022B07D13B6BB3
:10FD0000B3F5406F03D14FF400437B639AE20023C5
:10FD10007B6397E2D7E90023A2F580610B4347D1CB
:10FD20006C4BD3F8E03003F440233B633B6B002B78
:10FD300003D1FDF719FE786384E2664BD3F8F03007
:10FD400003F00063B3F1006F12D13B6BB3F5802F6A
:10FD50000ED1604BD3F8F03003F08053B3F1805FE5
:10FD600002D1FA237B636DE24FF4FA437B6369E2CD
:10FD7000584B1B6803F48063B3F5806F06D13B6B6F
:10FD8000B3F5002F02D1554B7B635BE2514BD3F8A7
:10FD9000F03003F00203022B07D13B6BB3F5402F89
:10FDA00003D14FF400437B634CE200237B6349E2C1
:10FDB000D7E9002302F178410B432DD1454BD3F80D
:10FDC000E03003F040733B63424B1B6803F40033A5
:10FDD000B3F5003F05D13B6B002B02D1404B7B6359
:10FDE00030E23B6BB3F1807F07D107F12403184663
:10FDF000FEF73CFCBB6A7B6324E23B6BB3F1007F04
:10FE000007D107F118031846FEF78CFDBB697B6329
:10FE100018E200237B6315E2D7E90023A2F5000175
:10FE20000B435FD12B4BD3F8E03003F440133B631B
:10FE30003B6BB3F5401F28D03B6BB3F5401F45D853
:10FE40003B6BB3F5001F13D03B6BB3F5001F3DD8E0
:10FE50003B6B002B04D03B6BB3F5801F04D035E027
:10FE6000FDF796FD7863EDE1FDF75EFC7863E9E16F
:10FE7000184B1B6803F48063B3F5806F02D1174BF6
:10FE80007B63DFE100237B63DCE1124B1B6803F043
:10FE90002003202B17D10F4B9B6803F40003002B8A
:10FEA00005D00C4B9B681B0E03F00F0306E0094BBB
:10FEB000D3F8F4301B041B0E03F00F03064A52F86C
:10FEC00023307B63BEE100237B63BBE100237B63C4
:10FED000B8E100BF000C024648C602080024F40046
:10FEE000006CDC02D7E9002302F17F410B4356D1BD
:10FEF000A54BD3F8E03003F440333B633B6BB3F5E1
:10FF0000403F28D03B6BB3F5403F45D83B6BB3F542
:10FF1000003F13D03B6BB3F5003F3DD83B6B002B4C
:10FF200004D03B6BB3F5803F04D035E0FDF71CFDFA
:10FF3000786387E1FDF7F8FB786383E1924B1B68F8
:10FF400003F48063B3F5806F02D1904B7B6379E15A
:10FF500000237B6376E18C4B1B6803F02003202B8E
:10FF600017D1894B9B6803F40003002B05D0864B07
:10FF70009B681B0E03F00F0306E0834BD3F8F430AD
:10FF80001B041B0E03F00F03814A52F823307B63DE
:10FF900058E100237B6355E100237B6352E1D7E9FD
:10FFA000002302F17E410B4377D1774BD3F8E83041
:10FFB00003F018033B633B6B182B6BD801A252F87C
:10FFC00023F000BF290002089500020895000208EE
:10FFD00095000208950002089500020895000208A5
:10FFE00095000208310002089500020895000208F9
:10FFF0009500020895000208950002089500020885
:020000040802F0
:1000000095000208390002089500020895000208D0
:100010009500020895000208950002089500020864
:100020009500020853000208FDF7C6FC786309E159
:10003000FDF77AFB786305E1534B1B6803F480639B
:10004000B3F5806F02D1514B7B63FBE000237B63F0
:10005000F8E04D4B1B6803F02003202B17D14A4BCF
:100060009B6803F40003002B05D0474B9B681B0ED5
:1000700003F00F0306E0444BD3F8F4301B041B0ECF
:1000800003F00F03424A52F823307B63DAE0002387
:100090007B63D7E000237B63D4E0D7E9002302F140
:1000A0007C410B4355D1384BD3F8E43003F4401373
:1000B0003B633B6BB3F5401F13D03B6BB3F5401F65
:1000C00044D83B6BB3F5001F13D03B6BB3F5001F57
:1000D0003CD83B6B002B14D03B6BB3F5801F14D086
:1000E00034E007F118031846FEF71CFCFB697B633C
:1000F000A8E007F124031846FEF7B8FABB6A7B6351
:10010000A0E0FDF711FB78639CE01F4B1B6803F038
:100110002003202B17D11C4B9B6803F40003002BFA
:1001200005D0194B9B681B0E03F00F0306E0164B1E
:10013000D3F8F4301B041B0E03F00F03144A52F8DB
:1001400023307B637EE000237B637BE000237B63C3
:1001500078E0D7E9002302F170410B4338D10A4B14
:10016000D3F8E83003F400433B63074BD3F8F03097
:1001700003F00203022B0DD13B6B002B0AD14FF48D
:1001800000437B635EE000BF000C02460024F400E5
:1001900048C602082E4BD3F8F03003F00063B3F1E9
:1001A000006F12D13B6BB3F5004F0ED1284BD3F843
:1001B000F03003F08053B3F1805F02D1FA237B6308
:1001C00040E04FF4FA437B633CE000237B6339E07B
:1001D000D7E90023A2F500210B4331D11C4BD3F802
:1001E000E43003F440533B63194B1B6803F40053A2
:1001F000B3F5005F05D13B6B002B02D1154B7B6340
:1002000020E0134B1B6803F40053B3F5005F06D1E5
:100210003B6BB3F5805F02D10F4B7B6312E00C4B5D
:100220001B6803F48063B3F5806F06D13B6BB3F5B5
:10023000005F02D1094B7B6304E000237B6301E094
:1002400000237B637B6B18463837BD4680BD00BFFB
:10025000000C0246006CDC0200366E010024F40043
:1002600080B584B000AF7860474B1B68464A23F0E6
:1002700080631360F1F76CFEF86008E0F1F768FE48
:100280000246FB68D31A022B01D9032377E03E4BC9
:100290001B6803F00063002BF0D13B4BDB6A23F4B7
:1002A000706323F003037A6811687A685268013A30
:1002B00012020A4334491343CB62334BDA6B334B9C
:1002C00013407A689268013AC2F308017A68D268EA
:1002D000013A520292B211437A681269013A120449
:1002E00002F4FE0211437A685269013A120602F0E2
:1002F000FE420A4324491343CB63234BDB6A23F0BA
:100300000C027B689B6920491343CB621E4BDA6A5F
:100310007B681B6A1C491343CB621B4BDB6A1A4A7E
:1003200023F01003D362184B1B6C23F47F4323F09C
:10033000F8037A68D269D200134913430B64124B55
:10034000DB6A114A43F01003D3620F4B1B680E4A5D
:1003500043F080631360F1F7FBFDF86008E0F1F70C
:10036000F7FD0246FB68D31A022B01D9032306E0EE
:10037000054B1B6803F00063002BF0D000231846E8
:100380001037BD4680BD00BF000C024600008080D3
:1003900080B584B000AF7860474B1B68464A23F0B5
:1003A00080531360F1F7D4FDF86008E0F1F7D0FD59
:1003B0000246FB68D31A022B01D9032377E03E4B98
:1003C0001B6803F00053002BF0D13B4B1B6B23F455
:1003D000706323F003037A6811687A685268013AFF
:1003E00012020A43344913430B63334B5A6C334BA9
:1003F00013407A689268013AC2F308017A68D268B9
:10040000013A520292B211437A681269013A120417
:1004100002F4FE0211437A685269013A120602F0B0
:10042000FE420A43244913434B64234B1B6B23F0C6
:100430000C027B689B69204913430B631E4B1A6BAC
:100440007B681B6A1C4913430B631B4B1B6B1A4ACB
:1004500023F010031363184B9B6C23F47F4323F0AA
:10046000F8037A68D269D200134913438B64124BA4
:100470001B6B114A43F0100313630F4B1B680E4AAA
:1004800043F080531360F1F763FDF86008E0F1F783
:100490005FFD0246FB68D31A022B01D9032306E055
:1004A000054B1B6803F00053002BF0D000231846C7
:1004B0001037BD4680BD00BF000C024600008080A2
:1004C00080B584B000AF78607B68002B01D1012338
:1004D0008CE07B685B7ADBB2002B05D17B68002265
:1004E0001A727868F0F766FC7B6802225A727B68A1
:1004F0001B681A687B681B6822F004021A607B681C
:1005000059687B681A683B4B0B4313607B681B6818
:100510004AF2B0221A617B681B68374ADA607B684E
:100520001B681A687B681B6822F080421A60F1F72A
:100530000FFDF86016E0F1F70BFD0246FB68D31AD9
:10054000042B0FD97B681B681B6803F08043B3F151
:10055000804F07D17B6801225A727B680222DA60E1
:10056000012343E07B681B681B6803F08043B3F101
:10057000804FE0D07B681B681A687B681B6842F07C
:1005800004021A607B681B685B6803F04003402B21
:1005900004D17B6804225A72012327E0F1F7D8FCCA
:1005A000F86015E0F1F7D4FC0246FB68D31A042B7F
:1005B0000ED97B681B685B6803F00103012B07D031
:1005C0007B6804225A727B680222DA6001230DE004
:1005D0007B681B685B6803F00103012BE2D17B6839
:1005E00001225A727B680022DA6000231846103715
:1005F000BD4680BD000DF040BB7C010080B584B0DD
:1006000000AF78600023FB607B681B685B68BB60A1
:10061000BB6803F02003002B05D07B681022DA6052
:100620000123FB601FE0BB6803F04003002B1AD0DE
:10063000BB6803F00403002B08D17B681B685A6871
:100640007B681B6822F040025A600CE07B6808223D
:10065000DA600123FB607B681B681A687B681B6893
:1006600022F008021A60FB68012B0BD17B68042280
:100670005A72786800F037F87B681B686FF0600288
:100680005A6022E0BB6803F00103002B1DD07B6899
:100690001B681A687B681B6822F008021A607B6876
:1006A0001B689A687B681A617B685B7ADBB2042BF3
:1006B0000BD07B6801225A727B6800221A727B6819
:1006C0001B691946786800F003F81037BD4680BDF5
:1006D00080B483B000AF7860396000BF0C37BD468E
:1006E0005DF8047B704780B483B000AF786000BFD2
:1006F0000C37BD465DF8047B7047000080B584B0C0
:1007000000AF78600123FB737B68002B78D07B6897
:1007100093F82D30DBB2002B06D17B68002283F8E2
:100720002C207868F0F73EFC7B68022283F82D20AD
:10073000364BDB6803F01003102B58D0334BDB68CB
:1007400003F44073B3F5807F53D0304BCA225A6212
:100750002E4B53225A62786800F0B0FA0346FB73BE
:10076000FB7B002B3FD1294B9B69284A23F08E63EA
:1007700023F040039361254B9A697B6859687B6835
:100780001B6919437B689B690B43204913438B61A9
:100790007B68DA687B689B681B041C4913430B6108
:1007A0001A4BDB6823F4F8527B68596A7B689B6AB2
:1007B0000B4316491343CB60786800F0BBFA03463D
:1007C000FB73FB7B002B0ED1104B9B6923F0604227
:1007D0007B68196A7B68DB6919437B685B690B433B
:1007E0000A4913438B61094BFF225A6201E000233F
:1007F000FB73FB7B002B03D17B68012283F82D2048
:10080000FB7B18461037BD4680BD00BF0078004610
:1008100090B587B000AFF860B9607A60FB6893F874
:100820002C30012B01D1022388E0FB68012283F8E0
:100830002C20FB68022283F82D20424BCA225A62E8
:10084000404B53225A62F86800F038FA0346FB74B2
:10085000FB7C002B63D13B4BDB6803F44073B3F5A7
:10086000807F57D07B68002B25D1364B9B6903F0E6
:100870004003002B02D1BB680022DA70BB681B78F2
:10088000184600F095FA03461C04BB685B781846CE
:1008900000F08EFA03461B021C43BB689B78184687
:1008A00000F086FA034644EA0302BB68DB789B0546
:1008B00013437B6117E0234B9B6903F04003002B3C
:1008C00002D1BB680022DA70BB681B781A04BB68CF
:1008D0005B781B021343BA6892781A43BB68DB78D3
:1008E0009B0513437B61174A7B6903F07F3323F039
:1008F000FE431360134B9B69124A23F480239361D8
:10090000104B9A69BB68D968BB681B690B430D49DA
:1009100013438B61F86800F00DFA0346FB74094B32
:10092000FF225A62FB7C002B03D1FB68012283F873
:100930002D20FB68002283F82C20FB7C18461C37F6
:10094000BD4690BD0078004680B586B000AFF86027
:10095000B9607A60344B9A68BB685A60324BDB6886
:1009600003F44073B3F5807F4AD02F4B1B69C3F368
:100970000E02BB689A602C4B1B6803F07F3323F098
:10098000FE437B617B691B0CDBB203F03F03DAB2F1
:10099000BB681A707B691B0ADBB203F07F03DAB213
:1009A000BB685A707B69DBB203F07F03DAB2BB68C5
:1009B0009A707B699B0DDBB203F00103DAB2BB686E
:1009C000DA707B68002B2AD1BB681B78184600F0D0
:1009D0000FFA03461A46BB681A70BB685B78184664
:1009E00000F006FA03461A46BB685A70BB689B784B
:1009F000184600F0FDF903461A46BB689A700EE0EF
:100A0000BB6800221A70BB6800225A70BB680022C3
:100A10009A70BB680022DA70BB6800229A600023DB
:100A200018461837BD4680BD0078004690B587B09F
:100A300000AFF860B9607A60FB6893F82C30012B46
:100A400001D1022371E0FB68012283F82C20FB68AE
:100A5000022283F82D207B68002B0ED1BB685B78C7
:100A600003F01003002B08D0BB685B7823F0100361
:100A7000DBB20A33DAB2BB685A707B68002B1CD138
:100A8000BB68DB78184600F093F903461C04BB688A
:100A90005B78184600F08CF903461B021C43BB68C8
:100AA0009B78184600F084F9034644EA0302BB68C9
:100AB0001B785B0313437B610EE0BB68DB781A0491
:100AC000BB685B781B021343BA6892781A43BB6811
:100AD0001B785B0313437B61164BCA225A62154B8A
:100AE00053225A62F86800F0E9F80346FB74FB7C75
:100AF000002B0BD10F4A7B6923F07F4323F0C00307
:100B00005360F86800F016F90346FB74094BFF22A6
:100B10005A62FB7C002B03D1FB68012283F82D2055
:100B2000FB68002283F82C20FB7C18461C37BD464E
:100B300090BD00BF0078004680B586B000AFF86079
:100B4000B9607A60224B5B6823F07F4323F0C003D7
:100B50007B617B691B0CDAB2BB68DA707B691B0AAC
:100B6000DBB203F01F03DAB2BB685A707B69DBB2F9
:100B700003F03F03DAB2BB689A707B695B0BDBB2B0
:100B800003F00703DAB2BB681A707B68002B1AD136
:100B9000BB68DB78184600F02BF903461A46BB68A1
:100BA000DA70BB685B78184600F022F903461A46F3
:100BB000BB685A70BB689B78184600F019F9034669
:100BC0001A46BB689A70002318461837BD4680BD88
:100BD0000078004680B483B000AF786039607B68ED
:100BE00093F82C30012B01D102232DE07B680122E8
:100BF00083F82C207B68022283F82D203B68B3F514
:100C0000807F0CD1134B9B69124A23F48853936164
:100C1000104B5B6C0F4A23F0004353640BE00D4B09
:100C20009B690C4A23F4085393610A4BDB6C094A15
:100C300023F00043D3647B68012283F82D207B6876
:100C4000002283F82C20002318460C37BD465DF89F
:100C5000047B70470078004680B584B000AF7860B0
:100C6000154BDB68144A23F02003D360F1F770F9C9
:100C7000F86013E0F1F76CF90246FB68D31AB3F59C
:100C80007A7F0BD90C4BDB6803F02003002B0CD1CF
:100C90007B68032283F82D20032308E0064BDB68E2
:100CA00003F02003002BE5D000E000BF002318462E
:100CB0001037BD4680BD00BF0078004680B584B0C7
:100CC00000AF78600023FB73194BDB6803F040032F
:100CD000002B28D1164BDB68154A43F08003D36004
:100CE000F1F736F9B86013E0F1F732F90246BB6864
:100CF000D31AB3F57A7F0BD90D4BDB6803F04003B1
:100D0000002B0FD10323FB737B68032283F82D2074
:100D1000074BDB6803F04003002B04D1FB7B032B64
:100D2000E2D100E000BFFB7B18461037BD4680BD16
:100D30000078004680B584B000AF78600023FB7374
:100D40001A4BDB68194A23F08003D360174B9B6969
:100D500003F02003002B0CD17868FFF77DFF0346DA
:100D6000002B1ED07B68032283F82D200323FB7306
:100D700017E00E4B9B690D4A23F0200393617868BE
:100D8000FFF76AFF0346002B05D07B68032283F838
:100D90002D200323FB73054B9B69044A43F020037A
:100DA0009361FB7B18461037BD4680BD0078004636
:100DB00080B485B000AF0346FB710023FB60FB7974
:100DC000FB7205E0FB680133FB60FB7A0A3BFB72B8
:100DD000FB7A092BF6D8FB68DBB21B01DAB2FB7A8F
:100DE0001343DBB218461437BD465DF8047B7047E9
:100DF00080B485B000AF0346FB71FB791B09DBB201
:100E00001A4613469B0013445B00FB60FB68DAB292
:100E1000FB7903F00F03DBB21344DBB2184614373F
:100E2000BD465DF8047B704780B586B000AFF860C2
:100E3000B9607A603B60FB6893F82C30012B01D1DC
:100E4000022357E0FB68012283F82C20FB68022272
:100E500083F82D20294B9B69284A23F480639361F2
:100E6000264B0422DA65254BDB6803F04003002B98
:100E700023D1F1F76DF8786117E0F1F769F80246D0
:100E80007B69D31AB3F57A7F0FD91C4BDB6803F06B
:100E90000403002B10D1FB68032283F82D20FB688C
:100EA000002283F82C20032324E0144BDB6803F09A
:100EB0000403002BE1D000E000BF3B681A040F4997
:100EC000BB6813434B610D4B9B6923F007020B4931
:100ED0007B6813438B61094B9B69084A43F4884341
:100EE0009361FB68012283F82D20FB68002283F8C0
:100EF0002C20002318461837BD4680BD00780046D8
:100F000080B483B000AF78607B6893F82C30012BFD
:100F100001D1022319E07B68012283F82C207B6831
:100F2000022283F82D200C4B9B690B4A23F4884343
:100F30009361094BFF225A627B68012283F82D20BE
:100F40007B68002283F82C20002318460C37BD460E
:100F50005DF8047B704700BF0078004680B582B022
:100F600000AF7860094B5B6D03F00403002B05D0E4
:100F7000064B0422DA657868EAF79AFA7B68012260
:100F800083F82D2000BF0837BD4680BD007800469D
:100F900080B487B000AFF860B9607A60074B7B61BE
:100FA000BB689B007A6913447B617B697A681A602D
:100FB00000BF1C37BD465DF8047B7047007D0046CE
:100FC00080B485B000AF78603960074BFB603B6848
:100FD0009B00FA681344FB60FB681B6818461437D3
:100FE000BD465DF8047B7047007D004680B483B049
:100FF00000AF786039603B681A683B685B681049ED
:101000001343CB613B689A683B68DB681A433B68D3
:101010009B690C4913434B620A4B1B6A03F0FF2286
:101020003B6819693B685B691B040B430549134323
:101030000B62002318460C37BD465DF8047B7047F1
:1010400000780046007C004680B584B000AF786030
:101050007B68002B01D10123FBE07B681B687F4A82
:10106000934204D07B681B687D4A934200E000BF36
:101070007B6800229A627B681B68784A934204D09E
:101080007B681B68764A934205D17B68DB680F2B2F
:1010900001D90123DDE0786801F094FCF8607B68F9
:1010A0001B686E4A934204D07B681B686C4A93426B
:1010B00002D1FB68082B16D87B681B68694A9342EB
:1010C0000ED07B681B68684A934209D07B681B6816
:1010D000664A934204D07B681B68654A934204D1F8
:1010E000FB68102B01D90123B3E07B6893F88930AA
:1010F000DBB2002B06D17B68002283F88820786859
:10110000F0F714F87B68022283F889207B681B685B
:101110001A687B681B6822F001021A607B681B68F2
:101120009B6803F4F813BB607B689B69B3F1806F25
:1011300019D17B685B68B3F5800F03D17B689B6B2B
:10114000002B08D07B685B68002B0CD17B689B6B05
:10115000B3F1805F07D17B681B681A687B681B68E6
:1011600042F480521A607B685B6803F48003002BB2
:101170000FD07B68DB68062B0BD97B681B681B686C
:1011800023F480717B681A6D7B681B680A431A60C0
:1011900007E07B681B681A687B681B6822F4807212
:1011A0001A607B68DA697B689B6A1A43BB681A43DA
:1011B0007B68DB6B42EA03017B68DA687B681B684B
:1011C0000A439A607B685A6B7B685B6A1A437B6848
:1011D0009B6B1A437B689B691A437B681B691A43A4
:1011E0007B685B691A437B681B6A1A437B685B6890
:1011F0001A437B68DB6C1A437B689B681A437B68E5
:101200009B6C1A437B689B6D1A437B68DB6D42EADB
:1012100003017B681A6E7B681B680A43DA607B688F
:101220005B6803F48003002B0AD07B681B68DB68D3
:1012300023F000417B685A6D7B681B680A43DA60C3
:101240007B680022C3F88C207B68012283F8892008
:10125000002318461037BD4680BD00BF0020004661
:10126000002000560030014000300150003800409E
:101270000038005080B588B002AFF860B9603B60BC
:101280001346FB80FB681B6820337B61FB681B688F
:10129000904A9342F0F75CFE3861FB6893F889301E
:1012A000DBB2012B01D00223F4E1BB68002B02D09A
:1012B000FB88002B01D10123ECE1FB6893F8883017
:1012C000012B01D10223E5E1FB68012283F888208C
:1012D000FB68032283F88920FB680022C3F88C2076
:1012E000FB68BA685A66FB68FA88A3F86820FB684E
:1012F000FA88A3F86A20FB680022DA66FB680022FD
:10130000A3F87020FB680022A3F87220FB6800227B
:10131000DA67FB6800229A67FB689B68B3F5C02F09
:1013200008D1FB681B681A68FB681B6842F40062FE
:101330001A6009E0FB681B68DB6823F4C022FB68C5
:101340001B6842F40032DA60FB681B685B681B0CA8
:101350001B04F988FA6812680B435360FB681B682A
:101360001A68FB681B6842F001021A60FB681B6880
:10137000DB6903F40013002B0CD1FB685B68B3F549
:10138000800F07D1FB681B681A68FB681B6842F472
:1013900000721A60FB68DB680F2B5BD9FB681B6867
:1013A0004D4A93424FD0FB681B684C4A93424AD047
:1013B000FB681B684A4A934245D0FB681B68494A50
:1013C000934247D13FE0FB681B685B6903F002036F
:1013D000022B14D1FB685A6EFB681B6812681A62F4
:1013E000FB685B6E1A1DFB685A66FB68B3F86A30CF
:1013F0009BB2013B9AB2FB68A3F86A2023E0F0F7A6
:10140000A7FD02463B69D31A3A689A4203D83B6863
:10141000B3F1FF3F02D13B68002B14D1F86801F013
:1014200003FAFB68D3F88C3043F48072FB68C3F88E
:101430008C20FB68012283F88920FB68002283F856
:101440008820032326E1FB68B3F86A309BB2002BA7
:10145000B9D1F9E0FB68DB68072B40F2EE8067E06A
:10146000FB681B685B6903F00203022B3CD1FB683D
:10147000B3F86A309BB2012B18D9FB68DB6B002BE9
:1014800014D0FB685A6EFB681B6812681A62FB680E
:101490005B6E1A1DFB685A66FB68B3F86A309BB234
:1014A000023B9AB2FB68A3F86A2041E0FB685B6EDE
:1014B0001A887B691A80FB685B6E9A1CFB685A6607
:1014C000FB68B3F86A309BB2013B9AB2FB68A3F8A1
:1014D0006A202DE00020004600300140003001501D
:1014E0000038004000380050F0F732FD02463B69FA
:1014F000D31A3A689A4203D83B68B3F1FF3F02D14E
:101500003B68002B14D1F86801F08EF9FB68D3F822
:101510008C3043F48072FB68C3F88C20FB68012296
:1015200083F88920FB68002283F888200323B1E038
:10153000FB68B3F86A309BB2002B91D184E0FB6862
:101540001B685B6903F00203022B52D1FB68B3F8FE
:101550006A309BB2032B18D9FB68DB6B402B14D984
:10156000FB685A6EFB681B6812681A62FB685B6E48
:101570001A1DFB685A66FB68B3F86A309BB2043BDD
:101580009AB2FB68A3F86A2057E0FB68B3F86A30A8
:101590009BB2012B17D9FB68DB6B002B13D0FB68C8
:1015A0005B6E1A887B691A80FB685B6E9A1CFB680D
:1015B0005A66FB68B3F86A309BB2023B9AB2FB688A
:1015C000A3F86A2039E0FB685A6EFB681B68203379
:1015D00012781A70FB685B6E5A1CFB685A66FB68CF
:1015E000B3F86A309BB2013B9AB2FB68A3F86A2059
:1015F00023E0F0F7ADFC02463B69D31A3A689A4201
:1016000003D83B68B3F1FF3F02D13B68002B14D1F4
:10161000F86801F009F9FB68D3F88C3043F4807264
:10162000FB68C3F88C20FB68012283F88920FB68E3
:10163000002283F8882003232CE0FB68B3F86A308B
:101640009BB2002B7FF47BAF3B6900933B68002289
:101650000821F86801F088F90346002B07D0FB68E1
:10166000D3F88C3043F02002FB68C3F88C20F86874
:1016700001F0DAF8FB68012283F88920FB68002278
:1016800083F88820FB68D3F88C30002B01D001232D
:1016900000E0002318461837BD4680BD80B588B0ED
:1016A00000AFF860B9603B601346FB80FB68DB6B02
:1016B0005B099BB20133FB83FB681B683033BB6162
:1016C000FB681B68964A9342F0F742FC7861FB681E
:1016D00093F88930DBB2012B01D0022374E2BB689E
:1016E000002B02D0FB88002B01D101236CE2FB68A8
:1016F00093F88830012B01D1022365E2FB680122B7
:1017000083F88820FB68042283F88920FB68002284
:10171000C3F88C20FB68BA68DA66FB68FA88A3F81D
:101720007020FB68FA88A3F87220FB6800225A66D2
:10173000FB680022A3F86820FB680022A3F86A2057
:10174000FB6800229A67FB680022DA67FB689B68E7
:10175000B3F5C02F08D1FB681B681A68FB681B68CB
:1017600022F400621A6009E0FB681B68DB6823F45E
:10177000C022FB681B6842F48022DA60FB681B68A9
:101780005B681B0C1B04F988FA6812680B435360F2
:10179000FB681B681A68FB681B6842F001021A604C
:1017A000FB681B68DB6903F40013002B0CD1FB689A
:1017B0005B68B3F5800F07D1FB681B681A68FB688C
:1017C0001B6842F400721A60FB68DB680F2B40F262
:1017D0008180FB681B68534A934274D0FB681B6886
:1017E000514A93426FD0FB681B68504A93426AD0BB
:1017F000FB681B684E4A93426CD164E0FB681B682F
:101800005B693B61FB681B685B6903F00103012BAB
:1018100014D1FB681A68FB68DB6E126B1A60FB68F8
:10182000DB6E1A1DFB68DA66FB68B3F872309BB298
:10183000013B9AB2FB68A3F8722044E0FB68B3F85E
:1018400072309BB2FA8B9A4219D93B6903F4004378
:10185000002B14D0FB681A68FB68DB6E126B1A60F1
:10186000FB68DB6E1A1DFB68DA66FB68B3F8723042
:101870009BB2013B9AB2FB68A3F8722023E0F0F719
:1018800067FB02467B69D31A3A689A4203D83B68E1
:10189000B3F1FF3F02D13B68002B14D1F86800F090
:1018A000C3FFFB68D3F88C3043F48072FB68C3F845
:1018B0008C20FB68012283F88920FB68002283F8D2
:1018C0008820032380E1FB68B3F872309BB2002BC1
:1018D00094D166E1FB68DB68072B40F25B8199E0FD
:1018E000FB681B685B693B61FB681B685B6903F015
:1018F0000103012B1ED1FB68DB6EBA69128892B21C
:101900001A80FB68DB6E9A1CFB68DA66FB68B3F82A
:1019100072309BB2013B9AB2FB68A3F8722079E067
:1019200000200046003001400030015000380040E7
:1019300000380050FB68B3F872309BB2FA8B9A42C1
:1019400024D93B6903F40043002B1FD0FB68DB6EF6
:10195000BA69128892B21A80FB68DB6E9A1CFB6827
:10196000DA66FB68DB6EBA69128892B21A80FB688D
:10197000DB6E9A1CFB68DA66FB68B3F872309BB2C8
:10198000023B9AB2FB68A3F8722043E0FB68B3F80D
:1019900072309BB2012B19D13B6903F40053002B29
:1019A00014D0FB68DB6EBA69128892B21A80FB68A9
:1019B000DB6E9A1CFB68DA66FB68B3F872309BB288
:1019C000013B9AB2FB68A3F8722023E0F0F7C0FA5B
:1019D00002467B69D31A3A689A4203D83B68B3F14E
:1019E000FF3F02D13B68002B14D1F86800F01CFFC8
:1019F000FB68D3F88C3043F48072FB68C3F88C200A
:101A0000FB68012283F88920FB68002283F8882084
:101A10000323D9E0FB68B3F872309BB2002B7FF44C
:101A20005FAFBEE0FB681B685B693B61FB681B68DE
:101A30005B6903F00103012B17D1FB681B6803F1FD
:101A40003002FB68DB6E1278D2B21A70FB68DB6E74
:101A50005A1CFB68DA66FB68B3F872309BB2013B34
:101A60009AB2FB68A3F8722094E0FB68B3F8723076
:101A70009BB2FA8B9A4246D93B6903F40043002B90
:101A800041D0FB681B6803F13002FB68DB6E127803
:101A9000D2B21A70FB68DB6E5A1CFB68DA66FB6810
:101AA0001B6803F13002FB68DB6E1278D2B21A7049
:101AB000FB68DB6E5A1CFB68DA66FB681B6803F187
:101AC0003002FB68DB6E1278D2B21A70FB68DB6EF4
:101AD0005A1CFB68DA66FB681B6803F13002FB687E
:101AE000DB6E1278D2B21A70FB68DB6E5A1CFB6890
:101AF000DA66FB68B3F872309BB2043B9AB2FB68BB
:101B0000A3F8722046E0FB68B3F872309BB2032B57
:101B10001CD83B6903F4C043002B17D0FB681B683B
:101B200003F13002FB68DB6E1278D2B21A70FB68E8
:101B3000DB6E5A1CFB68DA66FB68B3F872309BB246
:101B4000013B9AB2FB68A3F8722023E0F0F700FA99
:101B500002467B69D31A3A689A4203D83B68B3F1CC
:101B6000FF3F02D13B68002B14D1F86800F05CFE07
:101B7000FB68D3F88C3043F48072FB68C3F88C2088
:101B8000FB68012283F88920FB68002283F8882003
:101B9000032319E0FB68B3F872309BB2002B7FF48B
:101BA00041AFF86800F040FEFB68012283F889200D
:101BB000FB68002283F88820FB68D3F88C30002B68
:101BC00001D0012300E0002318462037BD4680BD28
:101BD00080B485B000AFF860B9601346FB80FB6845
:101BE0001B685C4A9342BB68002B02D0FB88002B29
:101BF00001D10123A7E0FB6893F88930DBB2012B08
:101C000001D002239FE0FB6893F88830012B01D1BB
:101C1000022398E0FB68012283F88820FB680322F6
:101C200083F88920FB680022C3F88C20FB68BA681F
:101C30005A66FB68FA88A3F86820FB68FA88A3F85C
:101C40006A20FB680022DA66FB680022A3F8702095
:101C5000FB680022A3F87220FB6800229A67FB68E9
:101C6000DB680F2B17D9FB681B683B4A93420ED0E9
:101C7000FB681B68394A934209D0FB681B68384AE5
:101C8000934204D0FB681B68364A934203D1FB6839
:101C9000354ADA670AE0FB68DB68072B03D9FB6883
:101CA000324ADA6702E0FB68314ADA67FB689B6810
:101CB000B3F5C02F08D1FB681B681A68FB681B6866
:101CC00042F400621A6009E0FB681B68DB6823F4D9
:101CD000C022FB681B6842F40032DA60FB681B68B4
:101CE0005B681B0C1B04F988FA6812680B4353608D
:101CF000FB681B681A68FB681B6842F001021A60E7
:101D0000FB68002283F88820FB681B681B69FA685F
:101D1000126843F44A7343F002031361FB681B68C3
:101D2000DB6903F40013002B0CD1FB685B68B3F58F
:101D3000800F07D1FB681B681A68FB681B6842F4B8
:101D400000721A60002318461437BD465DF8047B04
:101D5000704700BF002000460030014000300150B5
:101D6000003800400038005009270208AB2602085E
:101D70005126020880B584B000AF78607B6893F884
:101D80008830012B01D10223E1E07B68012283F836
:101D900088207B68072283F889200023FB736E4B21
:101DA0001B686E4AA2FB03235B0A642202FB03F357
:101DB000BB607B681B681B6803F40073B3F5007F8E
:101DC0005BD17B681B681A697B681B6822F008027C
:101DD0001A61BB68013BBB60BB68002B08D17B6804
:101DE000D3F88C3043F040027B68C3F88C2006E0C7
:101DF0007B681B681B6903F00803082BE9D07B682C
:101E00001B681A687B681B6842F480621A60BB68B2
:101E1000013BBB60BB68002B08D17B68D3F88C30DA
:101E200043F040027B68C3F88C2007E07B681B68A6
:101E30001B6803F40073B3F5007FE8D07B681B6870
:101E40009A697B681B6842F400629A61BB68013B37
:101E5000BB60BB68002B08D17B68D3F88C3043F0A3
:101E600040027B68C3F88C2007E07B681B685B69D5
:101E700003F40063B3F5006FE8D07B681B689B68D0
:101E800003F40043B3F5004F1FD17B68D3F88030D3
:101E9000002B1AD07B68D3F880300022DA667B688A
:101EA000D3F880301846F3F759FE0346002B0CD0C8
:101EB0007B68D3F880301846F4F764F80346102B9B
:101EC00003D17B684022C3F88C207B681B689B6829
:101ED00003F48043B3F5804F1FD17B68D3F884307F
:101EE000002B1AD07B68D3F884300022DA667B6836
:101EF000D3F884301846F3F731FE0346002B0CD09C
:101F00007B68D3F884301846F4F73CF80346102B6E
:101F100003D17B684022C3F88C20786800F020FC55
:101F20007B68D3F88C3003F04003402B02D10123AF
:101F3000FB7303E07B680022C3F88C207B680122DE
:101F400083F889207B68002283F88820FB7B184671
:101F50001037BD4680BD00BF501A0020F11976052C
:101F600080B586B000AF786001233B610123FB6040
:101F70007B68072283F889200023FB75844B1B684C
:101F8000844AA2FB03235B0A642202FB03F3BB60C7
:101F90007B681B681B6803F40073B3F5007F5BD19B
:101FA0007B681B681A697B681B6822F008021A614B
:101FB000BB68013BBB60BB68002B08D17B68D3F8D2
:101FC0008C3043F040027B68C3F88C2006E07B68CD
:101FD0001B681B6903F00803082BE9D07B681B68AA
:101FE0001A687B681B6842F480621A60BB68013B18
:101FF000BB60BB68002B08D17B68D3F88C3043F002
:1020000040027B68C3F88C2007E07B681B681B6874
:1020100003F40073B3F5007FE8D07B681B689A690E
:102020007B681B6842F400629A61BB68013BBB603D
:10203000BB68002B08D17B68D3F88C3043F040029A
:102040007B68C3F88C2007E07B681B685B6903F43E
:102050000063B3F5006FE8D07B68D3F88430002BC1
:102060000CD07B681B689B6803F48043B3F5804FFA
:1020700004D17B68D3F88430474ADA667B68D3F8AA
:102080008030002B2DD07B681B689B6803F40043D5
:10209000B3F5004F20D17B68D3F880303F4ADA6631
:1020A00000233B617B68D3F880301846F3F7D2FDFC
:1020B0000346002B15D07B68D3F880301846F3F721
:1020C00061FF0346202B0CD101233B617B68D3F8D1
:1020D00080300022DA6604E07B68D3F8803000228A
:1020E000DA667B68D3F88430002B2DD07B681B68C0
:1020F0009B6803F48043B3F5804F20D17B68D3F80D
:102100008430254ADA660023FB607B68D3F884308C
:102110001846F3F79FFD0346002B15D07B68D3F8D4
:1021200084301846F3F72EFF0346202B0CD10123F1
:10213000FB607B68D3F884300022DA6604E07B68B9
:10214000D3F884300022DA663B69012B1AD1FB6890
:10215000012B17D1786800F003FB7B68D3F88C3033
:1021600003F04003402B02D10123FB7503E07B68A1
:102170000022C3F88C207B68012283F889207868CC
:10218000DFF770FEFB7D18461837BD4680BD00BFE7
:10219000501A0020F119760505260208B925020813
:1021A00080B58AB000AF78607B681B681B693B62B2
:1021B0007B681B685B69FB613A6AFB691340BB6122
:1021C0007B681B689B687B6100237B627B6893F85C
:1021D0008930FB747B681B683033FB60FB6903F458
:1021E0000063002B10D03B6A03F00803002B0BD0D8
:1021F0007B681B689A697B681B6842F400629A617D
:10220000786800F0B5F99AE1BB6903F04003002B50
:1022100013D1BB6903F02003002B0ED1BB6903F07F
:102220000403002B09D07B68DB6F786898477B68D4
:102230009B6F7868984701237B62BB6903F040037A
:10224000002B0FD1BB6903F00103002B0AD0BB693F
:1022500003F00403002B05D17B689B6F78689847D7
:1022600001237B62BB6903F02003002B0FD1BB6904
:1022700003F00203002B0AD0BB6903F00403002B18
:1022800005D17B68DB6F7868984701237B627B6AA6
:10229000002B40F04F81BB6903F00803002B00F0D6
:1022A0008B807B681B689A697B681B6842F0080218
:1022B0009A617B681B689A697B681B6842F0100210
:1022C0009A617B681B689A697B681B6842F40062AC
:1022D0009A617B681B681A697B681B6822F0080298
:1022E0001A617B681B689B6803F44043002B3DD157
:1022F00036E07B68DB680F2B0BD97B681A687B683C
:10230000DB6E126B1A607B68DB6E1A1D7B68DA6607
:102310001DE07B68DB68072B0BD97B68DB6EFA68F6
:10232000128892B21A807B68DB6E9A1C7B68DA6630
:102330000DE07B681B6803F130027B68DB6E12786E
:10234000D2B21A707B68DB6E5A1C7B68DA667B68D7
:10235000B3F872309BB2013B9AB27B68A3F872204B
:102360007B68B3F872309BB2002BC2D1786800F062
:102370005BFA7B68012283F889207B68D3F88C3074
:10238000002B03D07868DFF75DFDD8E0FB7C052BE0
:1023900003D1786800F0E2F8CEE0FB7C042B03D197
:1023A000786800F0D1F8C7E0FB7C032B40F0C480D4
:1023B0007868DFF781FDBFE0BB6903F45873002B39
:1023C00000F0BD80BB6903F04003002B0FD07B6899
:1023D000D3F88C3043F004027B68C3F88C207B6810
:1023E0001B689A697B681B6842F040029A61BB696E
:1023F00003F40073002B0FD07B68D3F88C3043F0CC
:1024000001027B68C3F88C207B681B689A697B6833
:102410001B6842F400729A61BB6903F48073002B5D
:102420000FD07B68D3F88C3043F008027B68C3F888
:102430008C207B681B689A697B681B6842F48072F9
:102440009A61BB6903F02003002B0FD07B68D3F89F
:102450008C3043F080027B68C3F88C207B681B685B
:102460009A697B681B6842F020029A617B68D3F806
:102470008C30002B62D07B681B681A687B681B68F5
:1024800022F001021A607B681B681B697A68126877
:1024900023F45A7323F0030313617B6903F440436D
:1024A000B3F5404F3ED17B681B689A687B681B6818
:1024B00022F440429A607B68D3F88430002B15D018
:1024C0007B68D3F884301F4ADA667B68D3F884309F
:1024D0001846F3F7BFFB0346002B07D07B68D3F801
:1024E0008C3043F040027B68C3F88C207B68D3F8C3
:1024F0008030002B22D07B68D3F88030114ADA6616
:102500007B68D3F880301846F3F7A4FB0346002B12
:1025100014D07B68D3F88C3043F040027B68C3F85A
:102520008C200BE07B68012283F889207868DFF734
:1025300089FC03E000BF02E000BF00E000BF2837D5
:10254000BD4680BD8525020880B483B000AF7860A9
:1025500000BF0C37BD465DF8047B704780B483B084
:1025600000AF786000BF0C37BD465DF8047B704754
:1025700080B483B000AF786000BF0C37BD465DF813
:10258000047B704780B584B000AF78607B68DB6DFA
:10259000FB60FB680022A3F87220FB680022A3F80E
:1025A0006A20FB68012283F88920F868DFF74AFC7B
:1025B00000BF1037BD4680BD80B584B000AF7860E5
:1025C0007B68DB6DFB60FB68D3F880300022DA6645
:1025D000FB68D3F88430002B05D0FB68D3F8843037
:1025E000DB6E002B0AD1F86800F0BAF8FB68012214
:1025F00083F88920F868DFF735FC00E000BF10376A
:10260000BD4680BD80B584B000AF78607B68DB6D6F
:10261000FB60FB68D3F884300022DA66FB68D3F8ED
:102620008030002B05D0FB68D3F88030DB6E002BA8
:102630000AD1F86800F094F8FB68012283F8892039
:10264000F868DFF70FFC00E000BF1037BD4680BD23
:1026500080B483B000AF78607B685A6E7B681B687B
:10266000203312781A707B685B6E5A1C7B685A663E
:102670007B68B3F86A309BB2013B9AB27B68A3F8DF
:102680006A207B68B3F86A309BB2002B07D17B6865
:102690001B681A697B681B6822F002021A6100BF7E
:1026A0000C37BD465DF8047B704780B485B000AF41
:1026B00078607B681B682033FB607B685B6E1A88E0
:1026C000FB681A807B685B6E9A1C7B685A667B6825
:1026D000B3F86A309BB2013B9AB27B68A3F86A20D8
:1026E0007B68B3F86A309BB2002B07D17B681B680C
:1026F0001A697B681B6822F002021A6100BF143756
:10270000BD465DF8047B704780B483B000AF78604D
:102710007B685A6E7B681B6812681A627B685B6E06
:102720001A1D7B685A667B68B3F86A309BB2013B1E
:102730009AB27B68A3F86A207B68B3F86A309BB2D0
:10274000002B07D17B681B681A697B681B6822F025
:1027500002021A6100BF0C37BD465DF8047B70476A
:1027600080B483B000AF78607B681B681A687B68B0
:102770001B6822F001021A607B681B681B697A687B
:10278000126823F45B7323F0030313617B681B68F7
:102790009A697B681B6842F008029A617B681B6833
:1027A0009A697B681B6842F010029A617B681B681B
:1027B0009A687B681B6822F440429A607B681B68B9
:1027C0009A697B681B6842F040029A617B681B68CB
:1027D0009A697B681B6842F020029A617B681B68DB
:1027E0009A697B681B6842F480729A617B681B68F7
:1027F0009A697B681B6842F400729A617B681B6867
:102800009A697B681B6842F400629A617B680022C7
:10281000A3F86A207B680022A3F8722000BF0C375F
:10282000BD465DF8047B704780B485B000AF78602A
:102830007B681B685B69FB607B681B689A697B68C7
:102840001B6842F008029A617B681B689A697B6882
:102850001B6842F010029A617B681B681A687B68EB
:102860001B6822F001021A607B681B681B697A688A
:10287000126823F45B7323F0030313617B681B6806
:102880009A687B681B6822F440429A607B6893F8E0
:102890008930DBB2042B14D0FB6803F02003002B3B
:1028A0000FD07B68D3F88C3043F080027B68C3F88C
:1028B0008C207B681B689A697B681B6842F0200249
:1028C0009A617B6893F88930DBB2032B14D0FB68E4
:1028D00003F04003002B0FD07B68D3F88C3043F01B
:1028E00004027B68C3F88C207B681B689A697B684C
:1028F0001B6842F040029A61FB6803F40073002BEE
:102900000FD07B68D3F88C3043F001027B68C3F8AA
:102910008C207B681B689A697B681B6842F4007294
:102920009A61FB6803F48073002B0FD07B68D3F8A7
:102930008C3043F008027B68C3F88C207B681B68EE
:102940009A697B681B6842F480729A617B680022F6
:10295000A3F86A207B680022A3F8722000BF143716
:10296000BD465DF8047B704780B584B000AFF86069
:10297000B9603B601346FB7110E0EFF7E9FA0246DD
:10298000BB69D31A3A689A4203D83B68B3F1FF3F58
:1029900002D13B68002B01D103230FE0FB681B68C9
:1029A0005A69BB681340BA689A420CBF01230023DE
:1029B000DBB21A46FB799A42DFD000231846103763
:1029C000BD4680BD80B485B000AF78607B68DB6BAE
:1029D0005B090133FB607B68DB680133BB60BB686C
:1029E0000733DB08BB60BB68FA6802FB03F31846D9
:1029F0001437BD465DF8047B704780B483B000AFE8
:102A0000786039607B6893F88930DBB2012B2ED176
:102A10007B6893F88830012B01D1022328E07B6882
:102A2000012283F888207B68022283F889207B6852
:102A30001B681A687B681B6822F001021A603B68F9
:102A40001A683B685B6803F4702342EA03013B6841
:102A50009A687B681B680A43DA617B68012283F805
:102A600089207B68002283F88820002300E001236E
:102A700018460C37BD465DF8047B704780B582B0C0
:102A800000AF78607B68002B01D1012349E07B68AF
:102A900093F83D30DBB2002B06D17B68002283F82F
:102AA0003C207868EEF7C6FF7B68022283F83D2061
:102AB0007B681A687B6804331946104601F03CFBBA
:102AC0007B68012283F848207B68012283F83E203E
:102AD0007B68012283F83F207B68012283F8402035
:102AE0007B68012283F841207B68012283F8422021
:102AF0007B68012283F843207B68012283F844200D
:102B00007B68012283F845207B68012283F84620F8
:102B10007B68012283F847207B68012283F83D20EF
:102B2000002318460837BD4680BD80B483B000AF8F
:102B300078607B681B681A6A41F211131340002BFE
:102B40000FD17B681B681A6A44F244431340002B80
:102B500007D17B681B681A687B681B6822F001023A
:102B60001A607B68012283F83D20002318460C3749
:102B7000BD465DF8047B704780B485B000AF7860D7
:102B80007B6893F83D30DBB2012B01D0012372E06A
:102B90007B68022283F83D207B681B68DA687B68CB
:102BA0001B6842F00102DA607B681B68354A934279
:102BB00040D07B681B68344A93423BD07B681B68DB
:102BC000B3F1804F36D07B681B68B3F1A04F31D092
:102BD0007B681B682D4A93422CD07B681B682C4A6B
:102BE000934227D07B681B682A4A934222D07B6895
:102BF0001B68294A93421DD07B681B68274A934271
:102C000018D07B681B68264A934213D07B681B68E8
:102C1000244A93420ED07B681B68234A934209D012
:102C20007B681B68214A934204D07B681B68204A5A
:102C3000934215D17B681B689A681E4B1340FB605A
:102C4000FB68062B15D0FB68B3F5803F11D07B687D
:102C50001B681A687B681B6842F001021A6008E072
:102C60007B681B681A687B681B6842F001021A6067
:102C700000E000BF002318461437BD465DF8047B12
:102C8000704700BF002C0140002C015000040040A0
:102C9000000400500008004000080050000C0040F4
:102CA000000C00500034014000340150004001404D
:102CB000004001500700010080B483B000AF78608D
:102CC0007B681B68DA687B681B6822F00102DA60A7
:102CD0007B681B681A6A41F211131340002B0FD155
:102CE0007B681B681A6A44F244431340002B07D1E7
:102CF0007B681B681A687B681B6822F001021A60F7
:102D00007B68012283F83D20002318460C37BD461E
:102D10005DF8047B704780B582B000AF78607B6857
:102D2000002B01D1012349E07B6893F83D30DBB2F1
:102D3000002B06D17B68002283F83C20786800F0E5
:102D400041F87B68022283F83D207B681A687B6823
:102D500004331946104601F0EFF97B68012283F82D
:102D600048207B68012283F83E207B68012283F89B
:102D70003F207B68012283F840207B68012283F892
:102D800041207B68012283F842207B68012283F87E
:102D900043207B68012283F844207B68012283F86A
:102DA00045207B68012283F846207B68012283F856
:102DB00047207B68012283F83D200023184608370E
:102DC000BD4680BD80B483B000AF786000BF0C37D3
:102DD000BD465DF8047B704780B584B000AF786075
:102DE00039600023FB733B68002B09D17B6893F8A3
:102DF0003E30DBB2012B14BF01230023DBB23CE0E9
:102E00003B68042B09D17B6893F83F30DBB2012B80
:102E100014BF01230023DBB22FE03B68082B09D14C
:102E20007B6893F84030DBB2012B14BF01230023F1
:102E3000DBB222E03B680C2B09D17B6893F8413070
:102E4000DBB2012B14BF01230023DBB215E03B688A
:102E5000102B09D17B6893F84230DBB2012B14BFF1
:102E600001230023DBB208E07B6893F84330DBB238
:102E7000012B14BF01230023DBB2002B01D001235F
:102E800024E13B68002B04D17B68022283F83E20BA
:102E900023E03B68042B04D17B68022283F83F20A7
:102EA0001BE03B68082B04D17B68022283F840209A
:102EB00013E03B680C2B04D17B68022283F841208D
:102EC0000BE03B68102B04D17B68022283F8422080
:102ED00003E07B68022283F843203B680C2B41D837
:102EE00001A252F823F000BF1D2F0208652F02082F
:102EF000652F0208652F02082F2F0208652F020890
:102F0000652F0208652F0208412F0208652F02086D
:102F1000652F0208652F0208532F02087B681B6883
:102F2000DA687B681B6842F00202DA601DE07B68A9
:102F30001B68DA687B681B6842F00402DA6014E000
:102F40007B681B68DA687B681B6842F00802DA60FD
:102F50000BE07B681B68DA687B681B6842F0100234
:102F6000DA6002E00123FB7300BFFB7B002B40F023
:102F7000AC807B681B6801223968184601F04EFE60
:102F80007B681B68534A93422CD07B681B68524A6B
:102F9000934227D07B681B68504A934222D07B68BB
:102FA0001B684F4A93421DD07B681B684D4A934271
:102FB00018D07B681B684C4A934213D07B681B680F
:102FC0004A4A93420ED07B681B68494A934209D013
:102FD0007B681B68474A934204D07B681B68464A5B
:102FE000934201D1012300E00023002B07D07B682E
:102FF0001B685A6C7B681B6842F400425A647B6809
:103000001B68344A934240D07B681B68324A934223
:103010003BD07B681B68B3F1804F36D07B681B6860
:10302000B3F1A04F31D07B681B68344A93422CD057
:103030007B681B68324A934227D07B681B68314A01
:10304000934222D07B681B682F4A93421DD07B6835
:103050001B682E4A934218D07B681B682C4A934207
:1030600013D07B681B681D4A93420ED07B681B6897
:103070001B4A934209D07B681B681A4A934204D0CA
:103080007B681B68184A934215D17B681B689A6855
:10309000204B1340BB60BB68062B15D0BB68B3F553
:1030A000803F11D07B681B681A687B681B6842F000
:1030B00001021A6008E07B681B681A687B681B685D
:1030C00042F001021A6000E000BFFB7B1846103797
:1030D000BD4680BD002C0140002C01500034014051
:1030E00000340150004001400040015000440140C4
:1030F00000440150004801400048015000040040D5
:10310000000400500008004000080050000C00407F
:10311000000C00500700010080B584B000AF78605B
:1031200039600023FB733B680C2B41D801A252F895
:1031300023F000BF69310208B1310208B131020841
:10314000B13102087B310208B1310208B131020805
:10315000B13102088D310208B1310208B1310208E3
:10316000B13102089F3102087B681B68DA687B680E
:103170001B6822F00202DA601DE07B681B68DA68D7
:103180007B681B6822F00402DA6014E07B681B682D
:10319000DA687B681B6822F00802DA600BE07B6863
:1031A0001B68DA687B681B6822F01002DA6002E0B4
:1031B0000123FB7300BFFB7B002B40F09A807B68F0
:1031C0001B6800223968184601F028FD7B681B68DF
:1031D0004A4A93422CD07B681B68494A934227D0C5
:1031E0007B681B68474A934222D07B681B68464A2B
:1031F00093421DD07B681B68444A934218D07B6879
:103200001B68434A934213D07B681B68414A934230
:103210000ED07B681B68404A934209D07B681B68CC
:103220003E4A934204D07B681B683D4A934201D1D9
:10323000012300E00023002B17D07B681B681A6A6B
:1032400041F211131340002B0FD17B681B681A6ADF
:1032500044F244431340002B07D17B681B685A6C2F
:103260007B681B6822F400425A647B681B681A6AF8
:1032700041F211131340002B0FD17B681B681A6AAF
:1032800044F244431340002B07D17B681B681A6843
:103290007B681B6822F001021A603B68002B04D196
:1032A0007B68012283F83E2023E03B68042B04D195
:1032B0007B68012283F83F201BE03B68082B04D188
:1032C0007B68012283F8402013E03B680C2B04D17B
:1032D0007B68012283F841200BE03B68102B04D16E
:1032E0007B68012283F8422003E07B68012283F897
:1032F0004320FB7B18461037BD4680BD002C0140A3
:10330000002C0150003401400034015000400140C5
:103310000040015000440140004401500048014079
:103320000048015080B582B000AF78607B68002B08
:1033300001D1012349E07B6893F83D30DBB2002BDB
:1033400006D17B68002283F83C20786800F041F8C1
:103350007B68022283F83D207B681A687B6804330F
:103360001946104600F0E8FE7B68012283F84820E9
:103370007B68012283F83E207B68012283F83F208E
:103380007B68012283F840207B68012283F841207A
:103390007B68012283F842207B68012283F8432066
:1033A0007B68012283F844207B68012283F8452052
:1033B0007B68012283F846207B68012283F847203E
:1033C0007B68012283F83D20002318460837BD465C
:1033D00080BD80B483B000AF786000BF0C37BD46BD
:1033E0005DF8047B7047000080B584B000AF786062
:1033F00039600023FB733B68002B09D17B6893F88D
:103400003E30DBB2012B14BF01230023DBB23CE0D2
:103410003B68042B09D17B6893F83F30DBB2012B6A
:1034200014BF01230023DBB22FE03B68082B09D136
:103430007B6893F84030DBB2012B14BF01230023DB
:10344000DBB222E03B680C2B09D17B6893F841305A
:10345000DBB2012B14BF01230023DBB215E03B6874
:10346000102B09D17B6893F84230DBB2012B14BFDB
:1034700001230023DBB208E07B6893F84330DBB222
:10348000012B14BF01230023DBB2002B01D0012349
:1034900024E13B68002B04D17B68022283F83E20A4
:1034A00023E03B68042B04D17B68022283F83F2091
:1034B0001BE03B68082B04D17B68022283F8402084
:1034C00013E03B680C2B04D17B68022283F8412077
:1034D0000BE03B68102B04D17B68022283F842206A
:1034E00003E07B68022283F843203B680C2B41D821
:1034F00001A252F823F000BF2D35020875350208ED
:1035000075350208753502083F3502087535020821
:1035100075350208753502085135020875350208FF
:103520007535020875350208633502087B681B682B
:10353000DA687B681B6842F00202DA601DE07B6893
:103540001B68DA687B681B6842F00402DA6014E0EA
:103550007B681B68DA687B681B6842F00802DA60E7
:103560000BE07B681B68DA687B681B6842F010021E
:10357000DA6002E00123FB7300BFFB7B002B40F00D
:10358000AC807B681B6801223968184601F046FB55
:103590007B681B68534A93422CD07B681B68524A55
:1035A000934227D07B681B68504A934222D07B68A5
:1035B0001B684F4A93421DD07B681B684D4A93425B
:1035C00018D07B681B684C4A934213D07B681B68F9
:1035D0004A4A93420ED07B681B68494A934209D0FD
:1035E0007B681B68474A934204D07B681B68464A45
:1035F000934201D1012300E00023002B07D07B6818
:103600001B685A6C7B681B6842F400425A647B68F2
:103610001B68344A934240D07B681B68324A93420D
:103620003BD07B681B68B3F1804F36D07B681B684A
:10363000B3F1A04F31D07B681B68344A93422CD041
:103640007B681B68324A934227D07B681B68314AEB
:10365000934222D07B681B682F4A93421DD07B681F
:103660001B682E4A934218D07B681B682C4A9342F1
:1036700013D07B681B681D4A93420ED07B681B6881
:103680001B4A934209D07B681B681A4A934204D0B4
:103690007B681B68184A934215D17B681B689A683F
:1036A000204B1340BB60BB68062B15D0BB68B3F53D
:1036B000803F11D07B681B681A687B681B6842F0EA
:1036C00001021A6008E07B681B681A687B681B6847
:1036D00042F001021A6000E000BFFB7B1846103781
:1036E000BD4680BD002C0140002C0150003401403B
:1036F00000340150004001400040015000440140AE
:1037000000440150004801400048015000040040BE
:10371000000400500008004000080050000C004069
:10372000000C00500700010080B584B000AF786045
:1037300039600023FB733B680C2B41D801A252F87F
:1037400023F000BF79370208C1370208C1370208E9
:10375000C13702088B370208C1370208C137020897
:10376000C13702089D370208C1370208C137020875
:10377000C1370208AF3702087B681B68DA687B68CC
:103780001B6822F00202DA601DE07B681B68DA68C1
:103790007B681B6822F00402DA6014E07B681B6817
:1037A000DA687B681B6822F00802DA600BE07B684D
:1037B0001B68DA687B681B6822F01002DA6002E09E
:1037C0000123FB7300BFFB7B002B40F09A807B68DA
:1037D0001B6800223968184601F020FA7B681B68D4
:1037E0004A4A93422CD07B681B68494A934227D0AF
:1037F0007B681B68474A934222D07B681B68464A15
:1038000093421DD07B681B68444A934218D07B6862
:103810001B68434A934213D07B681B68414A93421A
:103820000ED07B681B68404A934209D07B681B68B6
:103830003E4A934204D07B681B683D4A934201D1C3
:10384000012300E00023002B17D07B681B681A6A55
:1038500041F211131340002B0FD17B681B681A6AC9
:1038600044F244431340002B07D17B681B685A6C19
:103870007B681B6822F400425A647B681B681A6AE2
:1038800041F211131340002B0FD17B681B681A6A99
:1038900044F244431340002B07D17B681B681A682D
:1038A0007B681B6822F001021A603B68002B04D180
:1038B0007B68012283F83E2023E03B68042B04D17F
:1038C0007B68012283F83F201BE03B68082B04D172
:1038D0007B68012283F8402013E03B680C2B04D165
:1038E0007B68012283F841200BE03B68102B04D158
:1038F0007B68012283F8422003E07B68012283F881
:103900004320FB7B18461037BD4680BD002C01408C
:10391000002C0150003401400034015000400140AF
:103920000040015000440140004401500048014063
:103930000048015080B584B000AF78607B681B6898
:10394000DB68FB607B681B681B69BB60BB6803F0BE
:103950000203002B20D0FB6803F00203002B1BD0D6
:103960007B681B686FF002021A617B6801221A777C
:103970007B681B689B6903F00303002B03D0786806
:1039800000F0B8FB05E07868E7F702FE7868E7F733
:1039900099FD7B6800221A77BB6803F00403002BB3
:1039A00020D0FB6803F00403002B1BD07B681B684E
:1039B0006FF004021A617B6802221A777B681B6829
:1039C0009B6903F44073002B03D0786800F092FBEE
:1039D00005E07868E7F7DCFD7868E7F773FD7B685A
:1039E00000221A77BB6803F00803002B20D0FB6885
:1039F00003F00803002B1BD07B681B686FF00802E4
:103A00001A617B6804221A777B681B68DB6903F004
:103A10000303002B03D0786800F06CFB05E07868A6
:103A2000E7F7B6FD7868E7F74DFD7B6800221A7767
:103A3000BB6803F01003002B20D0FB6803F01003D9
:103A4000002B1BD07B681B686FF010021A617B682B
:103A500008221A777B681B68DB6903F44073002B2C
:103A600003D0786800F046FB05E07868E7F790FD42
:103A70007868E7F727FD7B6800221A77BB6803F0B8
:103A80000103002B0CD0FB6803F00103002B07D0CF
:103A90007B681B686FF001021A617868E7F744FDE4
:103AA000BB6803F08003002B04D1BB6803F4005310
:103AB000002B0CD0FB6803F08003002B07D07B6841
:103AC0001B686FF402521A61786801F099F9BB68BB
:103AD00003F48073002B0CD0FB6803F08003002BF1
:103AE00007D07B681B686FF480721A61786801F0F8
:103AF00091F9BB6803F04003002B0CD0FB6803F086
:103B00004003002B07D07B681B686FF040021A61EE
:103B1000786800F0F9FABB6803F02003002B0CD0A2
:103B2000FB6803F02003002B07D07B681B686FF055
:103B300020021A61786801F059F9BB6803F4801318
:103B4000002B0CD0FB6803F48013002B07D07B689C
:103B50001B686FF480121A61786801F065F9BB6820
:103B600003F40013002B0CD0FB6803F40013002BAC
:103B700007D07B681B686FF400121A61786801F047
:103B80005DF9BB6803F48003002B0CD0FB6803F4E1
:103B90008003002B07D07B681B686FF480021A61DA
:103BA000786801F055F9BB6803F40003002B0CD0D2
:103BB000FB6803F40003002B07D07B681B686FF4DD
:103BC00000021A61786801F04DF900BF1037BD4658
:103BD00080BD000080B586B000AFF860B9607A6043
:103BE0000023FB75FB6893F83C30012B01D10223C5
:103BF00066E0FB68012283F83C207B68142B57D8D1
:103C000001A252F823F000BF5D3C0208B13C02085B
:103C1000B13C0208B13C02086B3C0208B13C02080E
:103C2000B13C0208B13C0208793C0208B13C0208F0
:103C3000B13C0208B13C0208873C0208B13C0208D2
:103C4000B13C0208B13C0208953C0208B13C0208B4
:103C5000B13C0208B13C0208A33C0208FB681B68A7
:103C6000B968184600F068FB25E0FB681B68B96876
:103C7000184600F023FC1EE0FB681B68B968184674
:103C800000F0CCFC17E0FB681B68B968184600F030
:103C900073FD10E0FB681B68B968184600F01CFE55
:103CA00009E0FB681B68B968184600F097FE02E05F
:103CB0000123FB7500BFFB68002283F83C20FB7DDD
:103CC00018461837BD4680BD80B586B000AFF86095
:103CD000B9607A600023FB75FB6893F83C30012BD8
:103CE00001D10223FFE0FB68012283F83C207B68BE
:103CF000142B00F2F08001A252F823F0513D02088B
:103D0000D73E0208D73E0208D73E0208913D02087E
:103D1000D73E0208D73E0208D73E0208D33D02082C
:103D2000D73E0208D73E0208D73E0208133E0208DB
:103D3000D73E0208D73E0208D73E0208553E020889
:103D4000D73E0208D73E0208D73E0208953E020839
:103D5000FB681B68B968184600F0EEFAFB681B6840
:103D60009A69FB681B6842F008029A61FB681B684D
:103D70009A69FB681B6822F004029A61FB681B6861
:103D80009969BB681A69FB681B680A439A61A5E0D8
:103D9000FB681B68B968184600F090FBFB681B685D
:103DA0009A69FB681B6842F400629A61FB681B68B1
:103DB0009A69FB681B6822F480629A61FB681B6841
:103DC0009969BB681B691A02FB681B680A439A6100
:103DD00084E0FB681B68B968184600F01FFCFB68AC
:103DE0001B68DA69FB681B6842F00802DA61FB684D
:103DF0001B68DA69FB681B6822F00402DA61FB6861
:103E00001B68D969BB681A69FB681B680A43DA61D9
:103E100064E0FB681B68B968184600F0ADFCFB68FD
:103E20001B68DA69FB681B6842F40062DA61FB68B0
:103E30001B68DA69FB681B6822F48062DA61FB6840
:103E40001B68D969BB681B691A02FB681B680A43B7
:103E5000DA6143E0FB681B68B968184600F03CFD76
:103E6000FB681B681A6DFB681B6842F008021A6544
:103E7000FB681B681A6DFB681B6822F004021A6558
:103E8000FB681B68196DBB681A69FB681B680A43ED
:103E90001A6523E0FB681B68B968184600F09EFDB0
:103EA000FB681B681A6DFB681B6842F400621A65A8
:103EB000FB681B681A6DFB681B6822F480621A6538
:103EC000FB681B68196DBB681B691A02FB681B68DD
:103ED0000A431A6502E00123FB7500BFFB6800225C
:103EE00083F83C20FB7D18461837BD4680BD00BFD7
:103EF00080B584B000AF786039600023FB737B68C5
:103F000093F83C30012B01D10223E6E07B680122CB
:103F100083F83C207B68022283F83D207B681B6885
:103F20009B68BB60BB6823F4441323F07703BB603A
:103F3000BB6823F47F43BB607B681B68BA689A60E8
:103F40003B681B68674A934200F0B180654A934220
:103F500000F2B680644A934200F0A980624A93421C
:103F600000F2AE80614A934200F0A1805F4A934222
:103F700000F2A6805E4A934200F099805C4A934228
:103F800000F29E80B3F1101F00F09180B3F1101F7A
:103F900000F29680B3F5801F00F08980B3F5801F92
:103FA00000F28E80B3F5005F3ED0B3F5005F00F203
:103FB0008780B3F5805F00F08680B3F5805F7FD89F
:103FC000702B1AD0702B7BD8602B50D0602B77D8F9
:103FD000502B3CD0502B73D8402B58D0402B6FD84F
:103FE000302B64D0302B6BD8202B60D0202B67D89F
:103FF000002B5CD0102B5AD062E07B6818683B68BD
:1040000099683B685A683B68DB6800F0E7FD7B68AD
:104010001B689B68BB60BB6843F07703BB607B6831
:104020001B68BA689A604FE07B6818683B689968BB
:104030003B685A683B68DB6800F0D0FD7B681B6812
:104040009A687B681B6842F480429A603CE07B6817
:1040500018683B6859683B68DB681A4600F042FD07
:104060007B681B685021184600F09BFD2CE07B68A4
:1040700018683B6859683B68DB681A4600F061FDC8
:104080007B681B686021184600F08BFD1CE07B6894
:1040900018683B6859683B68DB681A4600F022FDE7
:1040A0007B681B684021184600F07BFD0CE07B68B4
:1040B0001A683B681B681946104600F072FD03E061
:1040C0000123FB7300E000BF7B68012283F83D20E1
:1040D0007B68002283F83C20FB7B18461037BD46E6
:1040E00080BD00BF700010004000100030001000C4
:1040F0002000100080B483B000AF786000BF0C37A0
:10410000BD465DF8047B704780B483B000AF786033
:1041100000BF0C37BD465DF8047B704780B483B0A8
:1041200000AF78607B6893F83D30DBB218460C37FF
:10413000BD465DF8047B704780B485B000AF786001
:1041400039607B681B68FB607B686B4A93422BD0AD
:104150007B686A4A934227D07B68B3F1804F23D0B3
:104160007B68B3F1A04F1FD07B68654A93421BD098
:104170007B68644A934217D07B68634A934213D0AA
:104180007B68624A93420FD07B68614A93420BD0AE
:104190007B68604A934207D07B685F4A934203D0B2
:1041A0007B685E4A934208D1FB6823F07003FB6092
:1041B0003B685B68FA681343FB607B684E4A934236
:1041C00043D07B684D4A93423FD07B68B3F1804F28
:1041D0003BD07B68B3F1A04F37D07B68484A93420D
:1041E00033D07B68474A93422FD07B68464A93423C
:1041F0002BD07B68454A934227D07B68444A934240
:1042000023D07B68434A93421FD07B68424A934243
:104210001BD07B68414A934217D07B68404A934247
:1042200013D07B683F4A93420FD07B683E4A93424B
:104230000BD07B683D4A934207D07B683C4A93424F
:1042400003D07B683B4A934208D1FB6823F4407358
:10425000FB603B68DB68FA681343FB60FB6823F094
:1042600080023B685B691343FB603B689A687B682C
:10427000DA623B681A687B689A627B681E4A9342DE
:1042800023D07B681D4A93421FD07B68224A934209
:104290001BD07B68214A934217D07B68204A934207
:1042A00013D07B681F4A93420FD07B681E4A93420B
:1042B0000BD07B681D4A934207D07B681C4A93420F
:1042C00003D07B681B4A934203D13B681A697B6821
:1042D0001A637B681B6843F004027B681A607B6882
:1042E00001225A617B68FA681A6000BF1437BD4624
:1042F0005DF8047B704700BF002C0140002C01508A
:104300000004004000040050000800400008005075
:10431000000C0040000C00500034014000340150FB
:104320000040014000400150004401400044015061
:10433000004801400048015080B487B000AF786069
:1043400039607B681B6A7B617B681B6A23F0010212
:104350007B681A627B685B683B617B689B69FB607A
:10436000FB6823F4803323F07003FB60FB6823F0C9
:104370000303FB603B681B68FA681343FB607B69BF
:1043800023F002037B613B689B687A6913437B617E
:104390007B68404A934223D07B683F4A93421FD0B8
:1043A0007B683E4A93421BD07B683D4A934217D0BC
:1043B0007B683C4A934213D07B683B4A93420FD0C0
:1043C0007B683A4A93420BD07B68394A934207D0C4
:1043D0007B68384A934203D07B68374A93420CD1BA
:1043E0007B6923F008037B613B68DB687A691343D0
:1043F0007B617B6923F004037B617B68254A9342E0
:1044000023D07B68244A93421FD07B68234A93427F
:104410001BD07B68224A934217D07B68214A934283
:1044200013D07B68204A93420FD07B681F4A934287
:104430000BD07B681E4A934207D07B681D4A93428B
:1044400003D07B681C4A934211D13B6923F48073EB
:104450003B613B6923F400733B613B685B693A69EC
:1044600013433B613B689B693A6913433B617B683B
:104470003A695A607B68FA689A613B685A687B6857
:104480005A637B687A691A6200BF1C37BD465DF8C3
:10449000047B7047002C0140002C01500034014087
:1044A00000340150004001400040015000440140F0
:1044B00000440150004801400048015080B487B0DA
:1044C00000AF786039607B681B6A7B617B681B6A20
:1044D00023F010027B681A627B685B683B617B6833
:1044E0009B69FB60FB6823F0807323F4E043FB606F
:1044F000FB6823F44073FB603B681B681B02FA688F
:104500001343FB607B6923F020037B613B689B685E
:104510001B017A6913437B617B68364A93420BD057
:104520007B68354A934207D07B68344A934203D074
:104530007B68334A93420DD17B6923F080037B6112
:104540003B68DB681B017A6913437B617B6923F05D
:1045500040037B617B68274A934223D07B68264ACD
:1045600093421FD07B68254A93421BD07B68244A24
:10457000934217D07B68234A934213D07B68224A28
:1045800093420FD07B68214A93420BD07B68204A2C
:10459000934207D07B681F4A934203D07B681E4A30
:1045A000934213D13B6923F480633B613B6923F45D
:1045B00000633B613B685B699B003A6913433B6165
:1045C0003B689B699B003A6913433B617B683A698E
:1045D0005A607B68FA689A613B685A687B689A639C
:1045E0007B687A691A6200BF1C37BD465DF8047BA0
:1045F000704700BF002C0140002C015000340140E6
:10460000003401500040014000400150004401408E
:1046100000440150004801400048015080B487B078
:1046200000AF786039607B681B6A7B617B681B6ABE
:1046300023F480727B681A627B685B683B617B68ED
:10464000DB69FB60FB6823F4803323F07003FB60BD
:10465000FB6823F00303FB603B681B68FA681343A5
:10466000FB607B6923F400737B613B689B681B02E2
:104670007A6913437B617B68354A93420BD07B6830
:10468000344A934207D07B68334A934203D07B6815
:10469000324A93420DD17B6923F400637B613B680E
:1046A000DB681B027A6913437B617B6923F48063B7
:1046B0007B617B68264A934223D07B68254A9342DC
:1046C0001FD07B68244A93421BD07B68234A9342C5
:1046D00017D07B68224A934213D07B68214A9342C9
:1046E0000FD07B68204A93420BD07B681F4A9342CD
:1046F00007D07B681E4A934203D07B681D4A9342D1
:1047000013D13B6923F480533B613B6923F400538D
:104710003B613B685B691B013A6913433B613B6842
:104720009B691B013A6913433B617B683A695A6094
:104730007B68FA68DA613B685A687B68DA637B6891
:104740007A691A6200BF1C37BD465DF8047B70476A
:10475000002C0140002C0150003401400034015075
:10476000004001400040015000440140004401501D
:10477000004801400048015080B487B000AF786025
:1047800039607B681B6A7B617B681B6A23F48052FB
:104790007B681A627B685B683B617B68DB69FB60F6
:1047A000FB6823F0807323F4E043FB60FB6823F491
:1047B0004073FB603B681B681B02FA681343FB6095
:1047C0007B6923F400537B613B689B681B037A6918
:1047D00013437B617B68364A93420BD07B68354A32
:1047E000934207D07B68344A934203D07B68334AB4
:1047F00093420DD17B6923F400437B613B68DB6806
:104800001B037A6913437B617B6923F480437B61DB
:104810007B68274A934223D07B68264A93421FD065
:104820007B68254A93421BD07B68244A934217D069
:104830007B68234A934213D07B68224A93420FD06D
:104840007B68214A93420BD07B68204A934207D071
:104850007B681F4A934203D07B681E4A934213D160
:104860003B6923F480433B613B6923F400433B6194
:104870003B685B699B013A6913433B613B689B69F9
:104880009B013A6913433B617B683A695A607B68D4
:10489000FA68DA613B685A687B681A647B687A69EF
:1048A0001A6200BF1C37BD465DF8047B704700BF2D
:1048B000002C0140002C0150003401400034015014
:1048C00000400140004001500044014000440150BC
:1048D000004801400048015080B487B000AF7860C4
:1048E00039607B681B6A3B617B681B6A23F48032FA
:1048F0007B681A627B685B687B617B681B6DFB6011
:10490000FB6823F4803323F07003FB603B681B6873
:10491000FA681343FB603B6923F400333B613B6857
:104920009B681B043A6913433B617B68214A9342AD
:1049300023D07B68204A93421FD07B681F4A934252
:104940001BD07B681E4A934217D07B681D4A934256
:1049500013D07B681C4A93420FD07B681B4A93425A
:104960000BD07B681A4A934207D07B68194A93425E
:1049700003D07B68184A934209D17B6923F48033C2
:104980007B613B685B691B027A6913437B617B68CF
:104990007A695A607B68FA681A653B685A687B686E
:1049A0009A647B683A691A6200BF1C37BD465DF89D
:1049B000047B7047002C0140002C01500034014062
:1049C00000340150004001400040015000440140CB
:1049D00000440150004801400048015080B487B0B5
:1049E00000AF786039607B681B6A3B617B681B6A3B
:1049F00023F480127B681A627B685B687B617B684A
:104A00001B6DFB60FB6823F0807323F4E043FB60C5
:104A10003B681B681B02FA681343FB603B6923F485
:104A200000133B613B689B681B053A6913433B617C
:104A30007B68224A934223D07B68214A93421FD04D
:104A40007B68204A93421BD07B681F4A934217D051
:104A50007B681E4A934213D07B681D4A93420FD055
:104A60007B681C4A93420BD07B681B4A934207D059
:104A70007B681A4A934203D07B68194A934209D152
:104A80007B6923F480237B613B685B699B027A69C5
:104A900013437B617B687A695A607B68FA681A65A0
:104AA0003B685A687B68DA647B683A691A6200BFBF
:104AB0001C37BD465DF8047B704700BF002C0140E9
:104AC000002C0150003401400034015000400140EE
:104AD00000400150004401400044015000480140A2
:104AE0000048015080B487B000AFF860B9607A60C8
:104AF000FB681B6A7B61FB681B6A23F00102FB6891
:104B00001A62FB689B693B613B6923F0F0033B61E0
:104B10007B681B013A6913433B617B6923F00A03FD
:104B20007B617A69BB6813437B61FB683A699A6170
:104B3000FB687A691A6200BF1C37BD465DF8047BCA
:104B4000704780B487B000AFF860B9607A60FB68E6
:104B50001B6A7B61FB681B6A23F01002FB681A6208
:104B6000FB689B693B613B6923F470433B617B6855
:104B70001B033A6913433B617B6923F0A0037B610C
:104B8000BB681B017A6913437B61FB683A699A61D0
:104B9000FB687A691A6200BF1C37BD465DF8047B6A
:104BA000704780B485B000AF786039607B689B68DF
:104BB000FB60FB6823F4401323F07003FB603A684A
:104BC000FB68134343F00703FB607B68FA689A6055
:104BD00000BF1437BD465DF8047B704780B487B0D2
:104BE00000AFF860B9607A603B60FB689B687B61EE
:104BF0007B6923F47F437B613B681A027B681A431D
:104C0000BB6813437A6913437B61FB687A699A60D6
:104C100000BF1C37BD465DF8047B704780B487B089
:104C200000AFF860B9607A60BB6803F01F0301222F
:104C300002FA03F37B61FB681A6A7B69DB431A4063
:104C4000FB681A62FB681A6ABB6803F01F03796885
:104C500001FA03F31A43FB681A6200BF1C37BD4612
:104C60005DF8047B7047000080B485B000AF7860C9
:104C700039607B6893F83C30012B01D1022397E027
:104C80007B68012283F83C207B68022283F83D2068
:104C90007B681B685B68FB607B681B689B68BB600C
:104CA0007B681B68454A93420ED07B681B68444A68
:104CB000934209D07B681B68424A934204D07B68C8
:104CC0001B68414A934208D1FB6823F47003FB60E0
:104CD0003B685B68FA681343FB60FB6823F0007372
:104CE00023F07003FB603B681B68FA681343FB60AA
:104CF0007B681B68FA685A607B681B682F4A93427E
:104D000040D07B681B682E4A93423BD07B681B686F
:104D1000B3F1804F36D07B681B68B3F1A04F31D020
:104D20007B681B68294A93422CD07B681B68284A01
:104D3000934227D07B681B68264A934222D07B6827
:104D40001B68254A93421DD07B681B68234A934207
:104D500018D07B681B68224A934213D07B681B687B
:104D6000184A93420ED07B681B68174A934209D0B9
:104D70007B681B681B4A934204D07B681B681A4AF5
:104D800093420CD1BB6823F08003BB603B689B68F7
:104D9000BA681343BB607B681B68BA689A607B681B
:104DA000012283F83D207B68002283F83C20002309
:104DB00018461437BD465DF8047B7047002C01404F
:104DC000002C015000340140003401500004004028
:104DD000000400500008004000080050000C004093
:104DE000000C0050004001400040015080B483B0EE
:104DF00000AF786000BF0C37BD465DF8047B70479C
:104E000080B483B000AF786000BF0C37BD465DF85A
:104E1000047B704780B483B000AF786000BF0C376C
:104E2000BD465DF8047B704780B483B000AF786006
:104E300000BF0C37BD465DF8047B704780B483B07B
:104E400000AF786000BF0C37BD465DF8047B70474B
:104E500080B483B000AF786000BF0C37BD465DF80A
:104E6000047B704780B483B000AF786000BF0C371C
:104E7000BD465DF8047B704780B582B000AF7860B6
:104E80007B68002B01D1012342E07B68D3F8883096
:104E9000002B06D17B68002283F884207868ECF729
:104EA000F3FE7B682422C3F888207B681B681A689D
:104EB0007B681B6822F001021A607B689B6A002BEA
:104EC00002D0786800F036FF786800F091FD034664
:104ED000012B01D101231BE07B681B685A687B68AA
:104EE0001B6822F490425A607B681B689A687B6852
:104EF0001B6822F02A029A607B681B681A687B682C
:104F00001B6842F001021A60786800F0B5FF0346A2
:104F100018460837BD4680BD80B491B000AFF86038
:104F2000B9601346FB80FB68D3F88830202B40F033
:104F30008880BB68002B02D0FB88002B01D10123A5
:104F400080E0FB681B689B6803F08003802B07D11F
:104F5000FB681B689A68FB681B6822F080029A60F5
:104F6000FB68BA681A65FB68FA88A3F85420FB68E6
:104F7000FA88A3F85620FB6800229A67FB68002293
:104F8000C3F89020FB682122C3F88820FB685B6E81
:104F9000B3F1005F2AD1FB689B68B3F5805F07D14E
:104FA000FB681B69002B03D1FB68294A9A6702E062
:104FB000FB68284A9A67FB681B680833BB62BB6AB8
:104FC00053E8003F7B627B6A43F40003BB63FB68EA
:104FD0001B680833BA6B7A633B63396B7A6B41E8C1
:104FE0000023FB62FB6A002BE5D128E0FB689B688D
:104FF000B3F5805F07D1FB681B69002B03D1FB6809
:10500000154A9A6702E0FB68144A9A67FB681B68B6
:105010007B617B6953E8003F3B613B6943F0800360
:10502000FB63FB681B681A46FB6B3B62FA61F9691C
:105030003A6A41E80023BB61BB69002BE6D100233B
:1050400000E0022318464437BD465DF8047B7047F4
:105050004367020863660208A1650208E964020862
:1050600080B594B000AF78607B681B687B637B6B16
:1050700053E8003F3B633B6B23F4F073FB647B68B6
:105080001B681A46FB6C3B64FA63F96B3A6C41E8A7
:105090000023BB63BB6B002BE6D17B681B68083326
:1050A0003B623B6A53E8003FFB61FB6923F084539A
:1050B00023F00103BB647B681B680833BA6CFA6297
:1050C000BB62B96AFA6A41E800237B627B6A002B03
:1050D000E3D17B68DB6E012B18D17B681B68FB601A
:1050E000FB6853E8003FBB60BB6823F010037B64A0
:1050F0007B681B681A467B6CBB617A617969BA6907
:1051000041E800233B613B69002BE6D17B681B68CB
:105110009B6803F08003802B1DD17B68DB6F002B25
:1051200019D07B68DB6F0022DA667B68DB6F18467C
:10513000F0F714FD0346002B0DD07B68DB6F18469B
:10514000F0F720FF0346102B05D17B681022C3F82F
:105150009020032359E07B681B689B6803F04003A1
:10516000402B21D17B68D3F88030002B1CD07B688A
:10517000D3F880300022DA667B68D3F88030184696
:10518000F0F7ECFC0346002B0ED07B68D3F88030A0
:105190001846F0F7F7FE0346102B05D17B68102266
:1051A000C3F89020032330E07B680022A3F8562048
:1051B0007B680022A3F85E207B681B680F221A62BE
:1051C0007B685B6EB3F1005F07D17B681B689A69EF
:1051D0007B681B6842F010029A617B681B689A69C1
:1051E0007B681B6842F008029A617B682022C3F842
:1051F00088207B682022C3F88C207B680022DA6636
:105200007B680022C3F89020002318465037BD4623
:1052100080BD000080B596B000AF786001237B654B
:105220007B681B68BB63BB6B53E8003F7B637B6B96
:1052300023F4F0733B657B681B681A463B6D7B6407
:105240003A64396C7A6C41E80023FB63FB6B002BFA
:10525000E6D17B681B6808337B627B6A53E8003FBA
:105260003B623B6A23F0845323F00103FB647B68B9
:105270001B680833FA6C3A63FB62F96A3A6B41E8DF
:105280000023BB62BB6A002BE3D17B68DB6E012B82
:1052900018D17B681B683B613B6953E8003FFB60AA
:1052A000FB6823F01003BB647B681B681A46BB6C69
:1052B000FB61BA61B969FA6941E800237B617B69E6
:1052C000002BE6D17B68DB6F002B0FD07B681B685F
:1052D0009B6803F08003802B04D17B68DB6F4C4A12
:1052E000DA6603E07B68DB6F0022DA667B68D3F85E
:1052F0008030002B11D07B681B689B6803F0400353
:10530000402B05D17B68D3F88030424ADA6604E04E
:105310007B68D3F880300022DA667B681B689B6864
:1053200003F08003802B12D17B68DB6F002B0ED043
:105330007B68DB6F1846F0F78DFC0346002B04D02A
:105340007B68DB6F0022DA6601E000237B657B6807
:105350001B689B6803F04003402B17D17B68D3F890
:105360008030002B12D07B68D3F880301846F0F7DD
:1053700071FC0346002B07D07B68D3F880300022F5
:10538000DA6601237B6501E000237B657B6D012BE1
:1053900038D17B680022A3F856207B680022A3F84E
:1053A0005E207B6800225A677B6800229A677B68D0
:1053B0000022C3F890207B681B680F221A627B686A
:1053C0005B6EB3F1005F07D17B681B689A697B68ED
:1053D0001B6842F010029A617B681B689A697B68BF
:1053E0001B6842F008029A617B682022C3F888207B
:1053F0007B682022C3F88C207B680022DA667868FC
:10540000DCF7D2FD002318465837BD4680BD00BFEB
:10541000DD6302086964020880B5AEB000AF786051
:105420007B681B68DB69C7F8B4307B681B681B6846
:10543000C7F8B0307B681B689B68C7F8AC30D7F8FA
:10544000B42040F60F031340C7F8A830D7F8A830AF
:10545000002B1BD1D7F8B43003F02003002B15D05C
:10546000D7F8B03003F02003002B05D1D7F8AC30CB
:1054700003F08053002B09D07B685B6F002B00F09A
:1054800097827B685B6F7868984791E2D7F8A8307D
:10549000002B00F0FD80D7F8AC207A4B1340002B96
:1054A00006D1D7F8B020784B1340002B00F0F080E5
:1054B000D7F8B43003F00103002B11D0D7F8B03087
:1054C00003F48073002B0BD07B681B6801221A62E7
:1054D0007B68D3F8903043F001027B68C3F89020DA
:1054E000D7F8B43003F00203002B11D0D7F8AC305A
:1054F00003F00103002B0BD07B681B6802221A62A9
:105500007B68D3F8903043F004027B68C3F89020A6
:10551000D7F8B43003F00403002B11D0D7F8AC3027
:1055200003F00103002B0BD07B681B6804221A6276
:105530007B68D3F8903043F002027B68C3F8902078
:10554000D7F8B43003F00803002B17D0D7F8B030E9
:1055500003F02003002B05D1D7F8AC20494B1340B2
:10556000002B0BD07B681B6808221A627B68D3F87B
:10557000903043F008027B68C3F89020D7F8B4302D
:1055800003F40063002B12D0D7F8B03003F080632F
:10559000002B0CD07B681B684FF400621A627B689A
:1055A000D3F8903043F020027B68C3F890207B68EA
:1055B000D3F89030002B00F0FD81D7F8B43003F021
:1055C0002003002B13D0D7F8B03003F02003002BBA
:1055D00005D1D7F8AC3003F08053002B07D07B689F
:1055E0005B6F002B03D07B685B6F786898477B68A4
:1055F000D3F89030C7F8A4307B681B689B6803F031
:105600004003402B05D0D7F8A43003F02803002B2B
:105610002ED0786800F06AFE7B681B689B6803F0F8
:105620004003402B20D17B68D3F88030002B17D06B
:105630007B68D3F88030154ADA667B68D3F880300F
:105640001846F0F707FB0346002B19D07B68D3F808
:105650008030DB6E7A68D2F88020104698470FE0E1
:105660007868DCF791FC0BE07868DCF78DFC07E0EC
:105670007868DCF789FC7B680022C3F8902099E108
:1056800000BF97E10100001020010004B963020887
:105690007B68DB6E012B40F04281D7F8B43003F019
:1056A0001003002B00F03B81D7F8B03003F010035B
:1056B000002B00F034817B681B6810221A627B6823
:1056C0001B689B6803F04003402B40F0AA807B6876
:1056D000D3F880301B689B6CA7F89230B7F89230F3
:1056E000002B00F084807B68B3F85C30B7F8922020
:1056F0009A427CD27B68B7F89220A3F85E207B6840
:10570000D3F880301B6D812B60D07B681B687B6772
:105710007B6F53E8003F3B673B6F23F48073C7F810
:105720008C307B681B681A46D7F88C30C7F88030FD
:10573000FA67F96FD7F8802041E80023BB67BB6F99
:10574000002BE2D17B681B6808333B663B6E53E855
:10575000003FFB65FB6D23F00103C7F888307B68D1
:105760001B680833D7F88820FA66BB66B96EFA6EF4
:1057700041E800237B667B6E002BE3D17B6820220F
:10578000C3F88C207B680022DA667B681B68FB64A8
:10579000FB6C53E8003FBB64BB6C23F01003C7F8FD
:1057A00084307B681B681A46D7F88430BB657A65FD
:1057B000796DBA6D41E800233B653B6D002BE4D168
:1057C0007B68D3F880301846F0F7C8F97B6802226E
:1057D0001A677B68B3F85C207B68B3F85E309BB2D5
:1057E000D31A9BB219467868DCF7FEFBE4E07B68CD
:1057F000B3F85C30B7F892209A4240F0DD807B68C5
:10580000D3F880301B6D812B40F0D6807B6802225C
:105810001A677B68B3F85C3019467868DCF7E4FBFC
:10582000CAE07B68B3F85C207B68B3F85E309BB25B
:10583000D31AA7F8A2307B68B3F85E309BB2002B76
:1058400000F0BC80B7F8A230002B00F0B7807B6876
:105850001B68BB63BB6B53E8003F7B637B6B23F42C
:105860009073C7F89C307B681B681A46D7F89C3049
:105870007B643A64396C7A6C41E80023FB63FB6B10
:10588000002BE4D17B681B6808337B627B6A53E89A
:10589000003F3B623B6A23F0805323F00103C7F8CB
:1058A00098307B681B680833D7F898203A63FB620E
:1058B000F96A3A6B41E80023BB62BB6A002BE1D175
:1058C0007B682022C3F88C207B680022DA667B6824
:1058D00000225A677B681B683B613B6953E8003FC5
:1058E000FB60FB6823F01003C7F894307B681B68EB
:1058F0001A46D7F89430FB61BA61B969FA6941E890
:1059000000237B617B69002BE4D17B6802221A674C
:10591000B7F8A23019467868DCF766FB4EE0D7F896
:10592000B43003F08003002B14D0D7F8B03003F06C
:105930008003002B05D1D7F8AC3003F40003002B13
:1059400008D07B689B6F002B3AD07B689B6F786890
:10595000984735E0D7F8B43003F04003002B09D066
:10596000D7F8B03003F04003002B03D0786800F084
:105970005DFF26E0D7F8B43003F40003002B09D014
:10598000D7F8B03003F08043002B03D0786801F0E3
:10599000BBFC16E0D7F8B43003F08073002B10D0B6
:1059A000D7F8B030002B0CDA786801F0A3FC08E0DF
:1059B00000BF06E000BF04E000BF02E000BF00E05F
:1059C00000BFB837BD4680BD80B483B000AF7860FB
:1059D00000BF0C37BD465DF8047B704780B483B0D0
:1059E00000AF786000BF0C37BD465DF8047B7047A0
:1059F0002DE9B04F94B000AFF862002387F847302C
:105A0000FB6A1A687E4B9A42FB6A9A68FB6A1B69BA
:105A10001A43FB6A5B691A43FB6ADB691343FB6445
:105A2000FB6A1B681B6877491940FB6A1A68FB6CA4
:105A30000B431360FB6A1B685B6823F44050FB6AEE
:105A4000D968FB6A1A6840EA01035360FB6A9B69E4
:105A5000FB64FB6A1A686A4B9A4209D0FB6A1A68AF
:105A6000694B9A4204D0FB6A1A6AFB6C1343FB64CD
:105A7000FB6A1B689B6823F06E4121F43061FB6A6E
:105A80001A68FB6C0B439360FB6A1B68DB6A23F0AC
:105A90000F00FB6A596AFB6A1A6840EA0103D36285
:105AA000FB6A1A68594B9A4202D10123BB6429E070
:105AB000FB6A1A68564B9A4202D10223BB6421E06A
:105AC000FB6A1A68534B9A4202D10423BB6419E063
:105AD000FB6A1A68504B9A4202D10823BB6411E05A
:105AE000FB6A1A684D4B9A4202D11023BB6409E04D
:105AF000FB6A1A68424B9A4202D12023BB6401E040
:105B00000023BB64FB6A1A683D4B9A4205D0FB6ACE
:105B10001A683D4B9A4240F08580BB6C00223B6284
:105B20007A62D7E90801F9F7B5F938643B6C002BC4
:105B300000F0E880FB6A5B6A394A32F813301A4693
:105B40003B6CB3FBF2F37B63FB6A5A6813465B0062
:105B500013447A6B9A4205D3FB6A5B681B037A6B2A
:105B60009A4203D9012387F8473048E03B6C002272
:105B7000BB61FA61FB6A5B6A294A32F813309BB257
:105B800000223B617A61D7E90423D7E90601DBF7FC
:105B900069F802460B46104619464FF000024FF0D6
:105BA00000030B0243EA10630202F96A49684908DC
:105BB00000200C46054612EB040843EB0509FB6A7E
:105BC0005B680022BB60FA60D7E902234046494681
:105BD000DBF748F802460B461346FB63FB6BB3F555
:105BE000407F08D3FB6BB3F5801F04D2FB6A1B68B0
:105BF000FA6BDA6003E0012387F8473082E081E046
:105C000000240046F369FFCF00240056003801400D
:105C10000044004000480040004C0040005000405C
:105C200008C70208FB6ADB69B3F5004F3CD1BB6CC7
:105C300000223B607A60D7E90001F9F72BF938645C
:105C40003B6C002B5ED0FB6A5B6A394A32F813303A
:105C50001A463B6CB3FBF2F35A00FB6A5B685B08C5
:105C60001A44FB6A5B68B2FBF3F3FB63FB6B0F2B1D
:105C700016D9FB6BB3F5803F12D2FB6B9BB223F0BE
:105C80000F037B87FB6B5B089BB203F007039AB2A1
:105C90007B8F13437B87FB6A1B687A8FDA6031E066
:105CA000012387F847302DE0BB6C00229A469346CB
:105CB00050465946F9F7EEF838643B6C002B21D07A
:105CC000FB6A5B6A1A4A32F813301A463B6CB3FB24
:105CD000F2F2FB6A5B685B081A44FB6A5B68B2FB22
:105CE000F3F3FB63FB6B0F2B09D9FB6BB3F5803F21
:105CF00005D2FB6B9AB2FB6A1B68DA6002E00123F3
:105D000087F84730FB6A0122A3F86A20FB6A012268
:105D1000A3F86820FB6A00225A67FB6A00229A6790
:105D200097F8473018465037BD46BDE8B08F00BFE2
:105D300008C7020880B483B000AF78607B689B6AB4
:105D400003F00803002B0AD07B681B685B6823F410
:105D500000417B689A6B7B681B680A435A607B68CA
:105D60009B6A03F00103002B0AD07B681B685B6809
:105D700023F400317B68DA6A7B681B680A435A6047
:105D80007B689B6A03F00203002B0AD07B681B68C8
:105D90005B6823F480317B681A6B7B681B680A435D
:105DA0005A607B689B6A03F00403002B0AD07B686F
:105DB0001B685B6823F480217B685A6B7B681B68D7
:105DC0000A435A607B689B6A03F01003002B0AD0D9
:105DD0007B681B689B6823F480517B68DA6B7B6867
:105DE0001B680A439A607B689B6A03F02003002BC0
:105DF0000AD07B681B689B6823F400517B681A6C8F
:105E00007B681B680A439A607B689B6A03F04003C7
:105E1000002B1AD07B681B685B6823F480117B68B9
:105E20005A6C7B681B680A435A607B685B6CB3F5ED
:105E3000801F0AD17B681B685B6823F4C0017B6804
:105E40009A6C7B681B680A435A607B689B6A03F004
:105E50008003002B0AD07B681B685B6823F4002159
:105E60007B68DA6C7B681B680A435A6000BF0C379A
:105E7000BD465DF8047B704780B598B002AF78608E
:105E80007B680022C3F89020ECF762F878657B68A5
:105E90001B681B6803F00803082B2FD16FF07E43AB
:105EA00000937B6D00224FF40011786800F08EF8AB
:105EB0000346002B22D07B681B68BB63BB6B53E897
:105EC000003F7B637B6B23F080033B657B681B6833
:105ED0001A463B6D7B643A64396C7A6C41E8002366
:105EE000FB63FB6B002BE6D17B682022C3F8882084
:105EF0007B68002283F88420032363E07B681B68AF
:105F00001B6803F00403042B49D16FF07E43009318
:105F10007B6D00224FF48001786800F057F803464B
:105F2000002B3CD07B681B687B627B6A53E8003F98
:105F30003B623B6A23F49073FB647B681B681A46E0
:105F4000FB6C3B63FA62F96A3A6B41E80023BB627F
:105F5000BB6A002BE6D17B681B6808333B613B6959
:105F600053E8003FFB60FB6823F00103BB647B68E0
:105F70001B680833BA6CFA61BB61B969FA6941E818
:105F800000237B617B69002BE5D17B682022C3F86D
:105F90008C207B68002283F88420032312E07B6836
:105FA0002022C3F888207B682022C3F88C207B68DD
:105FB0000022DA667B6800221A677B68002283F879
:105FC0008420002318465837BD4680BD80B584B074
:105FD00000AFF860B9603B601346FB714FE0BB69EE
:105FE000B3F1FF3F4BD0EBF7B3FF02463B68D31A48
:105FF000BA699A4202D3BB69002B01D103234EE058
:10600000FB681B681B6803F00403002B37D0BB68D8
:10601000802B34D0BB68402B31D0FB681B68DB6918
:1060200003F00803082B10D1FB681B6808221A62D2
:10603000F86800F05BF9FB680822C3F89020FB6861
:10604000002283F88420012329E0FB681B68DB69B8
:1060500003F40063B3F5006F11D1FB681B684FF4C4
:1060600000621A62F86800F041F9FB682022C3F868
:106070009020FB68002283F8842003230FE0FB6854
:106080001B68DA69BB681340BA689A420CBF0123E7
:106090000023DBB21A46FB799A42A0D000231846AF
:1060A0001037BD4680BD000080B4A3B000AFF860DB
:1060B000B9601346FB80FB68BA689A65FB68FA888A
:1060C000A3F85C20FB68FA88A3F85E20FB68002236
:1060D0005A67FB689B68B3F5805F0ED1FB681B694C
:1060E000002B05D1FB6840F2FF12A3F860202DE0E1
:1060F000FB68FF22A3F8602028E0FB689B68002B68
:106100000DD1FB681B69002B04D1FB68FF22A3F8AB
:1061100060201BE0FB687F22A3F8602016E0FB688C
:106120009B68B3F1805F0DD1FB681B69002B04D124
:10613000FB687F22A3F8602008E0FB683F22A3F8F9
:10614000602003E0FB680022A3F86020FB680022C7
:10615000C3F89020FB682222C3F88C20FB681B68E0
:1061600008337B667B6E53E8003F3B663B6E43F033
:106170000103C7F88430FB681B680833D7F8842014
:106180003A67FB66F96E3A6F41E80023BB66BB6E67
:10619000002BE3D1FB685B6EB3F1005F4FD1FB686E
:1061A000B3F86830FA889A4249D3FB689B68B3F524
:1061B000805F07D1FB681B69002B03D1FB68474A4E
:1061C0005A6702E0FB68464A5A67FB681B69002B66
:1061D0001AD0FB681B683B653B6D53E8003FFB64CE
:1061E000FB6C43F48073C7F88030FB681B681A4669
:1061F000D7F88030FB65BA65B96DFA6D41E80023C8
:106200007B657B6D002BE4D1FB681B680833FB6367
:10621000FB6B53E8003FBB63BB6B43F08053FB67F2
:10622000FB681B680833FA6FBA647B64796CBA6CDC
:1062300041E800233B643B6C002BE5D146E0FB6862
:106240009B68B3F5805F07D1FB681B69002B03D106
:10625000FB68244A5A6702E0FB68234A5A67FB68D6
:106260001B69002B19D0FB681B68BB62BB6A53E833
:10627000003F7B627B6A43F490737B67FB681B681B
:106280001A467B6F7B633A63396B7A6B41E8002374
:10629000FB62FB6A002BE6D118E0FB681B687B61A0
:1062A0007B6953E8003F3B613B6943F02003BB67D8
:1062B000FB681B681A46BB6F3B62FA61F9693A6A70
:1062C00041E80023BB61BB69002BE6D100231846DF
:1062D0008C37BD465DF8047B704700BF7D6F0208B8
:1062E0000D6C0208496A02088568020880B495B0FE
:1062F00000AF78607B681B687B637B6B53E8003F73
:106300003B633B6B23F49073FB647B681B681A460A
:10631000FB6C3B64FA63F96B3A6C41E80023BB63A6
:10632000BB6B002BE6D17B681B6808333B623B6A82
:1063300053E8003FFB61FB6923F0805323F0010326
:10634000BB647B681B680833BA6CFA62BB62B96ACB
:10635000FA6A41E800237B627B6A002BE3D17B6809
:10636000DB6E012B18D17B681B68FB60FB6853E870
:10637000003FBB60BB6823F010037B647B681B6835
:106380001A467B6CBB617A617969BA6941E800237E
:106390003B613B69002BE6D17B682022C3F88C204F
:1063A0007B680022DA667B6800225A6700BF543798
:1063B000BD465DF8047B704780B584B000AF78605F
:1063C0007B68DB6DFB60FB680022A3F85E20F86849
:1063D000DBF7DAFD00BF1037BD4680BD80B584B065
:1063E00000AF78607B68DB6DFB60FB68DB6F0022D1
:1063F000DA66FB68D3F88030002B05D0FB68D3F851
:106400008030DB6E002B2BD1FB680022A3F85620D6
:10641000FB680022A3F85E20FB680022C3F89020EE
:10642000FB681B680F221A62FB685B6EB3F1005FAA
:1064300007D1FB681B689A69FB681B6842F0100271
:106440009A61FB682022C3F88820FB682022C3F8E9
:106450008C20FB680022DA66F868DBF7A5FD00E017
:1064600000BF1037BD4680BD80B584B000AF7860F6
:106470007B68DB6DFB60FB68D3F880300022DA6656
:10648000FB68DB6F002B04D0FB68DB6FDB6E002B3F
:1064900026D1FB680022A3F85620FB680022A3F84F
:1064A0005E20FB680022C3F89020FB681B680F2267
:1064B0001A62FB681B689A69FB681B6842F0080255
:1064C0009A61FB682022C3F88820FB682022C3F869
:1064D0008C20FB680022DA66F868DBF765FD00E0D7
:1064E00000BF1037BD4680BD80B48FB000AF78606C
:1064F0007B68D3F88830212B4CD17B68B3F85630B9
:106500009BB2002B32D17B681B683B623B6A53E82D
:10651000003FFB61FB6923F080037B637B681B68A2
:106520001A467B6BFB62BA62B96AFA6A41E80023D9
:106530007B627B6A002BE6D17B681B68FB60FB6893
:1065400053E8003FBB60BB6843F040033B637B689C
:106550001B681A463B6BBB617A617969BA6941E88D
:1065600000233B613B69002BE6D113E07B681B6D88
:106570001A787B681B689A627B681B6D5A1C7B6863
:106580001A657B68B3F856309BB2013B9AB27B68C0
:10659000A3F8562000BF3C37BD465DF8047B70472A
:1065A00080B491B000AF78607B68D3F88830212B3D
:1065B00051D17B68B3F856309BB2002B32D17B6847
:1065C0001B687B627B6A53E8003F3B623B6A23F0B7
:1065D0008003BB637B681B681A46BB6B3B63FA6234
:1065E000F96A3A6B41E80023BB62BB6A002BE6D133
:1065F0007B681B683B613B6953E8003FFB60FB68BD
:1066000043F040037B637B681B681A467B6BFB612E
:10661000BA61B969FA6941E800237B617B69002BA3
:10662000E6D118E07B681B6DFB63FB6B1B881A4689
:106630007B681B68C2F308029A627B681B6D9A1C18
:106640007B681A657B68B3F856309BB2013B9AB2FF
:106650007B68A3F8562000BF4437BD465DF8047B35
:10666000704780B491B000AF78607B68D3F8883011
:10667000212B60D17B68B3F86A30FB8757E07B68D9
:10668000B3F856309BB2002B33D17B681B680833BC
:106690007B627B6A53E8003F3B623B6A23F4000362
:1066A000BB637B681B680833BA6B3A63FB62F96AA9
:1066B0003A6B41E80023BB62BB6A002BE5D17B68E3
:1066C0001B683B613B6953E8003FFB60FB6843F09C
:1066D00040037B637B681B681A467B6BFB61BA6176
:1066E000B969FA6941E800237B617B69002BE6D137
:1066F00021E07B681B68DB6903F08003002B13D06B
:106700007B681B6D1A787B681B689A627B681B6DBF
:106710005A1C7B681A657B68B3F856309BB2013B04
:106720009AB27B68A3F85620FB8F013BFB87FB8F57
:10673000002BA4D1FFE700BF4437BD465DF8047BC2
:10674000704780B491B000AF78607B68D3F8883030
:10675000212B65D17B68B3F86A30FB875CE07B68EE
:10676000B3F856309BB2002B33D17B681B680833DB
:106770003B623B6A53E8003FFB61FB6923F4000383
:106780007B637B681B6808337A6BFA62BB62B96A09
:10679000FA6A41E800237B627B6A002BE5D17B68C3
:1067A0001B68FB60FB6853E8003FBB60BB6843F0BD
:1067B00040033B637B681B681A463B6BBB617A6195
:1067C0007969BA6941E800233B613B69002BE6D156
:1067D00026E07B681B68DB6903F08003002B18D080
:1067E0007B681B6DBB63BB6B1B881A467B681B6891
:1067F000C2F308029A627B681B6D9A1C7B681A655B
:106800007B68B3F856309BB2013B9AB27B68A3F821
:106810005620FB8F013BFB87FB8F002B9FD1FFE7AF
:1068200000BF4437BD465DF8047B704780B588B033
:1068300000AF78607B681B68FB60FB6853E8003F33
:10684000BB60BB6823F04003FB617B681B681A4692
:10685000FB69BB617A617969BA6941E800233B61F0
:106860003B69002BE6D17B682022C3F888207B6837
:1068700000229A677868FFF7A7F800BF2037BD4667
:1068800080BD000080B59CB000AF78607B68B3F835
:106890006030A7F86E307B68D3F88C30222B40F044
:1068A000C3807B681B685B6AA7F86C30B7F86C30F4
:1068B000D9B2B7F86E30DAB27B689B6D0A40D2B2BB
:1068C0001A707B689B6D5A1C7B689A657B68B3F86D
:1068D0005E309BB2013B9AB27B68A3F85E207B6876
:1068E000B3F85E309BB2002B40F0A6807B681B683B
:1068F000FB64FB6C53E8003FBB64BB6C23F49073F8
:10690000BB667B681B681A46BB6EBB657A65796D92
:10691000BA6D41E800233B653B6D002BE6D17B68F7
:106920001B680833BB63BB6B53E8003F7B637B6B27
:1069300023F001037B667B681B6808337A6E7A64F8
:106940003B64396C7A6C41E80023FB63FB6B002BE2
:10695000E5D17B682022C3F88C207B6800225A672F
:106960007B6800221A677B681B68354A934224D0F3
:106970007B681B68334A93421FD07B681B685B6847
:1069800003F40003002B18D07B681B687B627B6AD2
:1069900053E8003F3B623B6A23F080633B667B68C1
:1069A0001B681A463B6E3B63FA62F96A3A6B41E830
:1069B0000023BB62BB6A002BE6D17B68DB6E012B38
:1069C0002ED17B680022DA667B681B683B613B69DD
:1069D00053E8003FFB60FB6823F01003FB657B6816
:1069E0001B681A46FB6DFB61BA61B969FA6941E837
:1069F00000237B617B69002BE6D17B681B68DB6928
:106A000003F01003102B03D17B681B6810221A625D
:106A10007B68B3F85C3019467868DBF7E5FA0BE081
:106A20007868FEF7DBFF07E07B681B689A697B6884
:106A30001B6842F008029A6100BF7037BD4680BDF6
:106A4000002400460024005680B59CB000AF78605A
:106A50007B68B3F86030A7F86E307B68D3F88C3071
:106A6000222B40F0C3807B681B685B6AA7F86C3000
:106A70007B689B6DBB66B7F86C20B7F86E3013402F
:106A80009AB2BB6E1A807B689B6D9A1C7B689A6574
:106A90007B68B3F85E309BB2013B9AB27B68A3F887
:106AA0005E207B68B3F85E309BB2002B40F0A6807E
:106AB0007B681B68BB64BB6C53E8003F7B647B6CEA
:106AC00023F490737B667B681B681A467B6E7B653C
:106AD0003A65396D7A6D41E80023FB64FB6C002B4D
:106AE000E6D17B681B6808337B637B6B53E8003F10
:106AF0003B633B6B23F001033B667B681B680833F9
:106B00003A6E3A64FB63F96B3A6C41E80023BB636D
:106B1000BB6B002BE5D17B682022C3F88C207B68FF
:106B200000225A677B6800221A677B681B68354A17
:106B3000934224D07B681B68334A93421FD07B6802
:106B40001B685B6803F40003002B18D07B681B688C
:106B50003B623B6A53E8003FFB61FB6923F08063C3
:106B6000FB657B681B681A46FB6DFB62BA62B96AFB
:106B7000FA6A41E800237B627B6A002BE6D17B68DE
:106B8000DB6E012B2ED17B680022DA667B681B68E6
:106B9000FB60FB6853E8003FBB60BB6823F0100359
:106BA000BB657B681B681A46BB6DBB617A617969FE
:106BB000BA6941E800233B613B69002BE6D17B6861
:106BC0001B68DB6903F01003102B03D17B681B6883
:106BD00010221A627B68B3F85C3019467868DBF7DC
:106BE00003FA0BE07868FEF7F9FE07E07B681B68A4
:106BF0009A697B681B6842F008029A6100BF70378F
:106C0000BD4680BD002400460024005680B5ACB0CF
:106C100000AF78607B68B3F86030A7F8AA307B6873
:106C20001B68DB69C7F8AC307B681B681B68C7F85A
:106C3000A4307B681B689B68C7F8A0307B68D3F8DA
:106C40008C30222B40F088817B68B3F86830A7F83D
:106C50009E302BE17B681B685B6AA7F89C30B7F815
:106C60009C30D9B2B7F8AA30DAB27B689B6D0A4083
:106C7000D2B21A707B689B6D5A1C7B689A657B68E0
:106C8000B3F85E309BB2013B9AB27B68A3F85E20FA
:106C90007B681B68DB69C7F8AC30D7F8AC3003F011
:106CA0000703002B53D0D7F8AC3003F00103002BBF
:106CB00011D0D7F8A43003F48073002B0BD07B687D
:106CC0001B6801221A627B68D3F8903043F00102FE
:106CD0007B68C3F89020D7F8AC3003F00203002B98
:106CE00011D0D7F8A03003F00103002B0BD07B6844
:106CF0001B6802221A627B68D3F8903043F00402CA
:106D00007B68C3F89020D7F8AC3003F00403002B65
:106D100011D0D7F8A03003F00103002B0BD07B6813
:106D20001B6804221A627B68D3F8903043F0020299
:106D30007B68C3F890207B68D3F89030002B06D096
:106D40007868DBF721F97B680022C3F890207B6824
:106D5000B3F85E309BB2002B40F0A8807B681B68C4
:106D60003B673B6F53E8003FFB66FB6E23F4807389
:106D7000C7F898307B681B681A46D7F89830FB67CD
:106D8000BA67B96FFA6F41E800237B677B6F002B0E
:106D9000E4D17B681B680833FB65FB6D53E8003F5B
:106DA000BB65BB6D23F0805323F00103C7F894301B
:106DB0007B681B680833D7F89420BA667B66796EC7
:106DC000BA6E41E800233B663B6E002BE1D17B6845
:106DD0002022C3F88C207B6800225A677B6800223F
:106DE0001A677B681B68624A934226D07B681B68DF
:106DF000604A934221D07B681B685B6803F4000300
:106E0000002B1AD07B681B68BB64BB6C53E8003F47
:106E10007B647B6C23F08063C7F890307B681B68D1
:106E20001A46D7F890307B653A65396D7A6D41E83E
:106E30000023FB64FB6C002BE4D17B68DB6E012B31
:106E400030D17B680022DA667B681B687B637B6BD2
:106E500053E8003F3B633B6B23F01003C7F88C30D3
:106E60007B681B681A46D7F88C303B64FA63F96B71
:106E70003A6C41E80023BB63BB6B002BE4D17B6819
:106E80001B68DB6903F01003102B03D17B681B68C0
:106E900010221A627B68B3F85C3019467868DBF719
:106EA000A3F80EE07868FEF799FD0AE0B7F89E3087
:106EB000002B06D0D7F8AC3003F02003002B7FF472
:106EC000C9AE7B68B3F85E30A7F88A30B7F88A306D
:106ED000002B49D07B68B3F86830B7F88A209A4213
:106EE00042D27B681B6808333B623B6A53E8003F31
:106EF000FB61FB6923F08053C7F884307B681B6813
:106F00000833D7F88420FA62BB62B96AFA6A41E8AA
:106F100000237B627B6A002BE3D17B68164A5A67A9
:106F20007B681B68FB60FB6853E8003FBB60BB6885
:106F300043F02003C7F880307B681B681A46D7F8F7
:106F40008030BB617A617969BA6941E800233B61AD
:106F50003B69002BE4D107E07B681B689A697B687A
:106F60001B6842F008029A6100BFB037BD4680BD81
:106F700000240046002400568568020880B5AEB0A3
:106F800000AF78607B68B3F86030A7F8B2307B68F8
:106F90001B68DB69C7F8B4307B681B681B68C7F8DF
:106FA000AC307B681B689B68C7F8A8307B68D3F857
:106FB0008C30222B40F08C817B68B3F86830A7F8C6
:106FC000A6302FE17B681B685B6AA7F8A4307B685A
:106FD0009B6DC7F8A030B7F8A420B7F8B2301340C3
:106FE0009AB2D7F8A0301A807B689B6D9A1C7B6898
:106FF0009A657B68B3F85E309BB2013B9AB27B68BE
:10700000A3F85E207B681B68DB69C7F8B430D7F84B
:10701000B43003F00703002B53D0D7F8B43003F09B
:107020000103002B11D0D7F8AC3003F48073002B90
:107030000BD07B681B6801221A627B68D3F8903002
:1070400043F001027B68C3F89020D7F8B43003F016
:107050000203002B11D0D7F8A83003F00103002B56
:107060000BD07B681B6802221A627B68D3F89030D1
:1070700043F004027B68C3F89020D7F8B43003F0E3
:107080000403002B11D0D7F8A83003F00103002B24
:107090000BD07B681B6804221A627B68D3F890309F
:1070A00043F002027B68C3F890207B68D3F89030ED
:1070B000002B06D07868DAF767FF7B680022C3F8F8
:1070C00090207B68B3F85E309BB2002B40F0AA8022
:1070D0007B681B687B677B6F53E8003F3B673B6FB8
:1070E00023F48073C7F89C307B681B681A46D7F876
:1070F0009C30C7F88030FA67F96FD7F8802041E8F4
:107100000023BB67BB6F002BE2D17B681B68083391
:107110003B663B6E53E8003FFB65FB6D23F08053FD
:1071200023F00103C7F898307B681B680833D7F851
:107130009820FA66BB66B96EFA6E41E800237B665A
:107140007B6E002BE1D17B682022C3F88C207B680A
:1071500000225A677B6800221A677B681B68624AB4
:10716000934226D07B681B68604A934221D07B689B
:107170001B685B6803F40003002B1AD07B681B6854
:10718000FB64FB6C53E8003FBB64BB6C23F0806383
:10719000C7F894307B681B681A46D7F89430BB65F3
:1071A0007A65796DBA6D41E800233B653B6D002B34
:1071B000E4D17B68DB6E012B30D17B680022DA667C
:1071C0007B681B68BB63BB6B53E8003F7B637B6BD7
:1071D00023F01003C7F890307B681B681A46D7F875
:1071E00090307B643A64396C7A6C41E80023FB632D
:1071F000FB6B002BE4D17B681B68DB6903F0100399
:10720000102B03D17B681B6810221A627B68B3F8CD
:107210005C3019467868DAF7E7FE0EE07868FEF72A
:10722000DDFB0AE0B7F8A630002B06D0D7F8B43063
:1072300003F02003002B7FF4C5AE7B68B3F85E300B
:10724000A7F88E30B7F88E30002B49D07B68B3F8A2
:107250006830B7F88E209A4242D27B681B680833A8
:107260007B627B6A53E8003F3B623B6A23F08053BA
:10727000C7F888307B681B680833D7F888203A63E2
:10728000FB62F96A3A6B41E80023BB62BB6A002BE0
:10729000E3D17B68164A5A677B681B683B613B6990
:1072A00053E8003FFB60FB6843F02003C7F88430DD
:1072B0007B681B681A46D7F88430FB61BA61B969EC
:1072C000FA6941E800237B617B69002BE4D107E088
:1072D0007B681B689A697B681B6842F008029A61A8
:1072E00000BFB837BD4680BD0024004600240056CC
:1072F000496A020880B483B000AF786000BF0C37E1
:10730000BD465DF8047B704780B483B000AF786001
:1073100000BF0C37BD465DF8047B704780B485B074
:1073200000AF78607B6893F88430012B01D1022391
:1073300027E07B68012283F884207B682422C3F83D
:1073400088207B681B681B68FB607B681B681A6869
:107350007B681B6822F001021A60FB6823F000536F
:10736000FB607B6800225A667B681B68FA681A60BB
:107370007B682022C3F888207B68002283F8842061
:10738000002318461437BD465DF8047B704780B56E
:1073900084B000AF786039607B6893F88430012B4B
:1073A00001D102232DE07B68012283F884207B68D1
:1073B0002422C3F888207B681B681B68FB607B68FD
:1073C0001B681A687B681B6822F001021A607B68E0
:1073D0001B689B6823F060417B681B683A680A431E
:1073E0009A60786800F0AEF87B681B68FA681A60EB
:1073F0007B682022C3F888207B68002283F88420E1
:10740000002318461037BD4680BD80B584B000AF5C
:10741000786039607B6893F88430012B01D10223B6
:107420002DE07B68012283F884207B682422C3F846
:1074300088207B681B681B68FB607B681B681A6878
:107440007B681B6822F001021A607B681B689B68DE
:1074500023F060617B681B683A680A439A60786829
:1074600000F070F87B681B68FA681A607B6820225D
:10747000C3F888207B68002283F884200023184604
:107480001037BD4680BD80B58CB000AFF860B960E4
:107490001346FB80002387F82F30FB68D3F88C302D
:1074A000202B4AD1BB68002B02D0FB88002B01D1D6
:1074B000012343E0FB681B689B6803F04003402BFB
:1074C00007D1FB681B689A68FB681B6822F04002C2
:1074D0009A60FB680122DA66FB6800221A67FB8863
:1074E0001A46B968F868FEF7DFFDFB68DB6E012B12
:1074F0001DD1FB681B6810221A62FB681B68BB6108
:10750000BB6953E8003F7B617B6943F01003BB62BA
:10751000FB681B681A46BB6A7B623A62396A7A6A00
:1075200041E80023FB61FB69002BE6D102E0012367
:1075300087F82F3097F82F3000E0022318463037B5
:10754000BD4680BD80B485B000AF78607B685B6E5F
:10755000002B08D17B680122A3F86A207B680122F6
:10756000A3F8682031E00823FB730823BB737B6812
:107570001B689B685B0EDBB203F007037B737B68C1
:107580001B689B685B0FDBB203F007033B73BB7B9D
:107590003A7B11498A5C02FB03F33A7B0F498A5C10
:1075A00093FBF2F39AB27B68A3F86A20FB7B7A7BA9
:1075B00009498A5C02FB03F37A7B08498A5C93FBE6
:1075C000F2F39AB27B68A3F8682000BF1437BD4677
:1075D0005DF8047B704700BF20C7020828C7020877
:1075E00080B483B000AF78607B689B6843F0010291
:1075F0007B689A6000BF0C37BD465DF8047B70471E
:1076000080B483B000AF786039607B683A681A60F4
:1076100000BF0C37BD465DF8047B704780B485B071
:1076200000AF78600B467B807B68FB60FB687A88E4
:107630001A8000BF1437BD465DF8047B704780B4E4
:1076400083B000AF78607B681B689BB218460C372C
:10765000BD465DF8047B704780B59CB000AF034623
:10766000FB71052387F84A300023FB660023BB66C5
:1076700000237B6600233B660023FB650023BB657C
:1076800000237B6500233B650023FB644FF0000271
:107690004FF00003C7E910230023FB634FF0000203
:1076A0004FF00003C7E90C234FF000024FF0000336
:1076B000C7E906234FF000024FF00003C7E9082393
:1076C000002387F84B300023FB8503F00BF80346BB
:1076D000002B02D00E2301F087B9A24B01221A70B1
:1076E000A14B1B6803F17842A04B1B884FF6FF713A
:1076F0008B420BD09D4B1B88002B04D09B4B1B88CF
:107700009B025B0804E04FF4801301E04FF4801308
:10771000B2FBF3F101FB03F3D31A5B0BFB665CE0F6
:10772000FB6E03F580435A038F4B1B6803F17841CE
:107730008E4B1B884FF6FF7083420BD08B4B1B8800
:10774000002B04D0894B1B889B025B0804E04FF49C
:10775000801301E04FF48013B1FBF3F1834B1B88DE
:107760004FF6FF7083420BD0804B1B88002B04D058
:107770007E4B1B889B025B0804E04FF4801301E002
:107780004FF4801301FB03F31344BB6600237B66B5
:107790001CE0BA6E7B6E1344754A1360BA6E7B6E42
:1077A0001344D3E90023C7E91023BA6E7B6E134458
:1077B00008336F4A1360BA6E7B6E13440833D3E903
:1077C0000023C7E910237B6E10337B667B6EB3F515
:1077D000005FDED3FB6E0133FB66634B1B6803F176
:1077E0007842624B1B884FF6FF718B420BD05F4B88
:1077F0001B88002B04D05D4B1B889B025B0804E0B8
:107800004FF4801301E04FF48013B2FBF3F101FB5E
:1078100003F3D31A5B0B0633FA6E9A4280D3554BAF
:107820001B6B03F08043B3F1804F09D1514B1B6BAD
:10783000C3F3130343F00063FB63F86B01F012FB27
:10784000484B00221A70484B1B6803F17842474BA3
:107850001B884FF6FF718B420BD0444B1B88002BCB
:1078600004D0424B1B889B025B0804E04FF480135A
:1078700001E04FF48013B2FBF3F101FB03F3D31AE1
:107880005B0BFB6658E0FB6E03F580435A03364BF7
:107890001B6803F17841354B1B884FF6FF7083421C
:1078A0000BD0324B1B88002B04D0304B1B889B0223
:1078B0005B0804E04FF4801301E04FF48013B1FB48
:1078C000F3F12A4B1B884FF6FF7083420BD0274BF6
:1078D0001B88002B04D0254B1B889B025B0804E00F
:1078E0004FF4801301E04FF4801301FB03F31344C2
:1078F000BB66B86E02F09CFC034687F84A3097F8E6
:107900004A30022B03D097F84A30012B03D1FB6D8C
:107910000133FB650DE097F84A30032B09D1BB6DAD
:10792000002B01D1FB6E3B65FB6E7B65BB6D0133AC
:10793000BB65FB6E0133FB660B4B1B6803F17842A2
:107940000A4B1B884FF6FF718B4215D0074B1B88E3
:10795000002B04D0054B1B889B025B080EE04FF404
:1079600080130BE0DC9500207C1A0020A007FA0BA6
:10797000D8950020002002404FF48013B2FBF3F1B1
:1079800001FB03F3D31A5B0B0633FA6E9A42FFF442
:107990007AAFFB6D002B40F0E080BB6D002B00F058
:1079A000D680A94B1B6803F17842A84B1B884FF681
:1079B000FF718B420BD0A54B1B88002B04D0A34B2F
:1079C0001B889B025B0804E04FF4801301E04FF436
:1079D0008013B2FBF3F101FB03F3D31A5B0B3A6D97
:1079E000D31A591D9A4BA3FB01239A0813465B0037
:1079F00013445B00CA1A944B1B6803F17841934B04
:107A00001B884FF6FF7083420BD0904B1B88002BD6
:107A100004D08E4B1B889B025B0804E04FF480135C
:107A200001E04FF48013B1FBF3F000FB03F3CB1A3A
:107A30005B0B134403F580435A03834B1B6803F12C
:107A40007841824B1B884FF6FF7083420BD07F4BEF
:107A50001B88002B04D07D4B1B889B025B0804E035
:107A60004FF4801301E04FF48013B1FBF3F1774B37
:107A70001B884FF6FF7083420BD0744B1B88002B82
:107A800004D0724B1B889B025B0804E04FF4801308
:107A900001E04FF4801301FB03F31344184602F096
:107AA000C7FB0346042B58D1674B1B6803F1784290
:107AB000664B1B884FF6FF718B420BD0634B1B88C4
:107AC000002B04D0614B1B889B025B0804E04FF441
:107AD000801301E04FF48013B2FBF3F101FB03F3D9
:107AE000D31A5B0B7A6DD31A591C594BA3FB012394
:107AF0009A0813465B0013445B00CA1A524B1B687A
:107B000003F17841514B1B884FF6FF7083420BD035
:107B10004E4B1B88002B04D04C4B1B889B025B08F0
:107B200004E04FF4801301E04FF48013B1FBF3F055
:107B300000FB03F3CB1A5B0B13440121184602F040
:107B40000FFA0346002B08D0022300F04DBF00209F
:107B500000F056FF034600F047BF3B4B1B6803F1A4
:107B600078423A4B1B884FF6FF718B420BD0374B54
:107B70001B88002B04D0354B1B889B025B0804E05C
:107B80004FF4801301E04FF48013B2FBF3F101FBDB
:107B900003F3D31A5B0BFB66C5E1FB6E03F5804371
:107BA0005A03294B1B6803F17841284B1B884FF679
:107BB000FF7083420BD0254B1B88002B04D0234B36
:107BC0001B889B025B0804E04FF4801301E04FF434
:107BD0008013B1FBF3F11D4B1B884FF6FF708342FE
:107BE0000BD01A4B1B88002B04D0184B1B889B0210
:107BF0005B0804E04FF4801301E04FF4801301FBB5
:107C000003F31344BB66B86E02F012FB034687F819
:107C10004A3097F84A30012B40F082810A4B1B68AA
:107C200003F17842094B1B884FF6FF718B4211D04C
:107C3000064B1B88002B04D0044B1B889B025B085F
:107C40000AE04FF4801307E07C1A0020A007FA0B2B
:107C5000ABAAAAAA4FF48013B2FBF3F101FB03F322
:107C6000D31A5B0BFA6E9A4200F0AE80A84B1B68E9
:107C700003F17842A74B1B884FF6FF718B420BD064
:107C8000A44B1B88002B04D0A24B1B889B025B08D3
:107C900004E04FF4801301E04FF48013B2FBF3F1E2
:107CA00001FB03F3D31A5B0B0333FA6E9A4200F025
:107CB0008B80974B1B6803F17842964B1B884FF6DD
:107CC000FF718B420BD0934B1B88002B04D0914B40
:107CD0001B889B025B0804E04FF4801301E04FF423
:107CE0008013B2FBF3F101FB03F3D31A5B0BFA6EC3
:107CF000D31A591D884BA3FB01239A0813465B0036
:107D000013445B00CA1A824B1B6803F17841814B14
:107D10001B884FF6FF7083420BD07E4B1B88002BD5
:107D200004D07C4B1B889B025B0804E04FF480135B
:107D300001E04FF48013B1FBF3F000FB03F3CB1A27
:107D40005B0B134403F580435A03714B1B6803F12B
:107D50007841704B1B884FF6FF7083420BD06D4B00
:107D60001B88002B04D06B4B1B889B025B0804E034
:107D70004FF4801301E04FF48013B1FBF3F1654B36
:107D80001B884FF6FF7083420BD0624B1B88002B81
:107D900004D0604B1B889B025B0804E04FF4801307
:107DA00001E04FF4801301FB03F31344184602F083
:107DB0003FFA0346032B03D1002387F84B308DE0B5
:107DC000012387F84B3089E0514B1B6803F178425F
:107DD000504B1B884FF6FF718B420BD04D4B1B88CD
:107DE000002B04D04B4B1B889B025B0804E04FF434
:107DF000801301E04FF48013B2FBF3F101FB03F3B6
:107E0000D31A5B0BFA6ED31A591C434BA3FB012305
:107E10009A0813465B0013445B00CA1A3C4B1B686C
:107E200003F178413B4B1B884FF6FF7083420BD028
:107E3000384B1B88002B04D0364B1B889B025B08F9
:107E400004E04FF4801301E04FF48013B1FBF3F032
:107E500000FB03F3CB1A5B0B134403F580435A0377
:107E60002B4B1B6803F178412A4B1B884FF6FF70A0
:107E700083420BD0274B1B88002B04D0254B1B883B
:107E80009B025B0804E04FF4801301E04FF4801381
:107E9000B1FBF3F11F4B1B884FF6FF7083420BD0F1
:107EA0001C4B1B88002B04D01A4B1B889B025B08C1
:107EB00004E04FF4801301E04FF4801301FB03F35F
:107EC0001344184602F0B4F90346002B03D10023F3
:107ED00087F84B3002E0012387F84B3097F84B309E
:107EE000002B1DD1FB6EDAB20C4B1A7007F1180390
:107EF00001221946002001F023FB0346B3F5807FE1
:107F000002D00C2300F070BD0123FB642EE000BF03
:107F10007C1A0020A007FA0BABAAAAAAD6950020CB
:107F2000FB6E0133FB66AB4B1B6803F17842AA4B37
:107F30001B884FF6FF718B420BD0A74B1B88002B81
:107F400004D0A54B1B889B025B0804E04FF4801310
:107F500001E04FF48013B2FBF3F101FB03F3D31AFA
:107F60005B0B0633FA6E9A42FFF417AE00233B66B2
:107F7000984B1B6803F17842974B1B884FF6FF71B3
:107F80008B420BD0944B1B88002B04D0924B1B8848
:107F90009B025B0804E04FF4801301E04FF4801370
:107FA000B2FBF3F101FB03F3D31A5B0BFB66BBE1FE
:107FB000FB6E03F580435A03864B1B6803F178413F
:107FC000854B1B884FF6FF7083420BD0824B1B887A
:107FD000002B04D0804B1B889B025B0804E04FF40D
:107FE000801301E04FF48013B1FBF3F17A4B1B884F
:107FF0004FF6FF7083420BD0774B1B88002B04D0C9
:10800000754B1B889B025B0804E04FF4801301E072
:108010004FF4801301FB03F31344BB66B86E02F008
:1080200007F9034687F84A3097F84A30022B40F0A8
:108030007281684B1B6803F17842674B1B884FF6CF
:10804000FF718B420BD0644B1B88002B04D0624B1A
:108050001B889B025B0804E04FF4801301E04FF49F
:108060008013B2FBF3F101FB03F3D31A5B0BFA6E3F
:108070009A4200F0B580574B1B6803F17842564B8B
:108080001B884FF6FF718B420BD0534B1B88002B84
:1080900004D0514B1B889B025B0804E04FF4801313
:1080A00001E04FF48013B2FBF3F101FB03F3D31AA9
:1080B0005B0B0333FA6E9A4200F09280454B1B68CB
:1080C00003F17842444B1B884FF6FF718B420BD073
:1080D000414B1B88002B04D03F4B1B889B025B0845
:1080E00004E04FF4801301E04FF48013B2FBF3F18E
:1080F00001FB03F3D31A5B0BFA6ED31A591D374BEE
:10810000A3FB01239A0813465B0013445B00CA1AC1
:10811000304B1B6803F178412F4B1B884FF6FF70E3
:1081200083420BD02C4B1B88002B04D02A4B1B887E
:108130009B025B0804E04FF4801301E04FF48013CE
:10814000B1FBF3F000FB03F3CB1A5B0B134403F515
:1081500080435A031F4B1B6803F178411E4B1B8859
:108160004FF6FF7083420BD01B4B1B88002B04D0B3
:10817000194B1B889B025B0804E04FF4801301E05D
:108180004FF48013B1FBF3F1134B1B884FF6FF70D4
:1081900083420BD0104B1B88002B04D00E4B1B8846
:1081A0009B025B0804E04FF4801301E04FF480135E
:1081B00001FB03F31344184602F03AF80346032B7D
:1081C00003D1002387F84B3094E0012387F84B302C
:1081D00090E000BF7C1A0020A007FA0BABAAAAAA65
:1081E000A34B1B6803F17842A24B1B884FF6FF712B
:1081F0008B420BD09F4B1B88002B04D09D4B1B88C0
:108200009B025B0804E04FF4801301E04FF48013FD
:10821000B2FBF3F101FB03F3D31A5B0BFA6ED31A33
:10822000591C954BA3FB01239A0813465B0013448A
:108230005B00CA1A8E4B1B6803F178418D4B1B887B
:108240004FF6FF7083420BD08A4B1B88002B04D063
:10825000884B1B889B025B0804E04FF4801301E00D
:108260004FF48013B1FBF3F000FB03F3CB1A5B0B6D
:10827000134403F580435A037D4B1B6803F1784197
:108280007C4B1B884FF6FF7083420BD0794B1B88C9
:10829000002B04D0774B1B889B025B0804E04FF453
:1082A000801301E04FF48013B1FBF3F1714B1B8895
:1082B0004FF6FF7083420BD06E4B1B88002B04D00F
:1082C0006C4B1B889B025B0804E04FF4801301E0B9
:1082D0004FF4801301FB03F31344184601F0A8FF89
:1082E0000346002B03D1002387F84B3002E0012323
:1082F00087F84B3097F84B30002B12D13B6E002B98
:1083000007D1FB6EDAB25D4B1A703B6E01333B66F0
:1083100007E00A2368E397F84A30032B01D1FB6E8C
:108320007B65FB6E0133FB66514B1B6803F17842A2
:10833000504B1B884FF6FF718B420BD04D4B1B8867
:10834000002B04D04B4B1B889B025B0804E04FF4CE
:10835000801301E04FF48013B2FBF3F101FB03F350
:10836000D31A5B0B0633FA6E9A42FFF421AE3B6ED2
:10837000002B58D13E4B1B6803F178423D4B1B88C4
:108380004FF6FF718B420BD03A4B1B88002B04D069
:10839000384B1B889B025B0804E04FF4801301E01C
:1083A0004FF48013B2FBF3F101FB03F3D31A5B0B21
:1083B0007A6DD31A591C304BA3FB01239A0813463C
:1083C0005B0013445B00CA1AD1B2294B1B6803F14E
:1083D0007842284B1B884FF6FF7083420BD0254B09
:1083E0001B88002B04D0234B1B889B025B0804E0F6
:1083F0004FF4801301E04FF48013B2FBF3F000FB65
:1084000003F3D31A5B0BDBB20B44DAB21B4B1A70CB
:108410001A4B1B780221184601F0A2FD0346002BDF
:1084200001D00223E0E2164B00221A80154B4022B5
:108430001A6040237B66A3E0104B1B7803F5804352
:108440005A030B4B1B6803F178410A4B1B884FF60C
:10845000FF70834218D0074B1B88002B04D0054BBC
:108460001B889B025B0811E04FF480130EE000BFF5
:108470007C1A0020A007FA0BABAAAAAAD695002066
:10848000D4950020781A00204FF48013B1FBF3F14B
:10849000A74B1B884FF6FF7083420BD0A44B1B8861
:1084A000002B04D0A24B1B889B025B0804E04FF416
:1084B000801301E04FF4801301FB03F31A447B6E39
:1084C0001344D3E90023C7E910239A4B1B7803F523
:1084D00080435A03984B1B6803F17841944B1B88E7
:1084E0004FF6FF7083420BD0914B1B88002B04D0BA
:1084F0008F4B1B889B025B0804E04FF4801301E064
:108500004FF48013B1FBF3F1894B1B884FF6FF70DA
:1085100083420BD0864B1B88002B04D0844B1B88D6
:108520009B025B0804E04FF4801301E04FF48013DA
:1085300001FB03F31A447B6E13440833D3E9002391
:10854000C7E90C23D7E91023B3F1FF3F08BFB2F10D
:10855000FF3F1AD0D7E90C23B3F1FF3F08BFB2F1B8
:10856000FF3F12D0754B1B8801339AB2734B1A80B0
:10857000734B1B681033724A13607B6E10337B663B
:108580007B6EB3F5005FFFF457AF6A4B1B78FB6659
:10859000684B1B783B6594E0674B1B6803F178429E
:1085A000634B1B884FF6FF718B420BD0604B1B88CF
:1085B000002B04D05E4B1B889B025B0804E04FF449
:1085C000801301E04FF48013B2FBF3F101FB03F3DE
:1085D000D31A5B0BFA6ED31A591D5A4BA3FB012316
:1085E0009A0813465B0013445B00CA1A524B1B687F
:1085F00003F178414E4B1B884FF6FF7083420BD03E
:108600004B4B1B88002B04D0494B1B889B025B08FB
:1086100004E04FF4801301E04FF48013B1FBF3F05A
:1086200000FB03F3CB1A5B0B1344FB66FB6E03F5F5
:1086300080435A03404B1B6803F178413C4B1B8835
:108640004FF6FF7083420BD0394B1B88002B04D0B0
:10865000374B1B889B025B0804E04FF4801301E05A
:108660004FF48013B1FBF3F1314B1B884FF6FF70D1
:1086700083420BD02E4B1B88002B04D02C4B1B8825
:108680009B025B0804E04FF4801301E04FF4801379
:1086900001FB03F31344184601F0CAFD034687F8B3
:1086A0004A3097F84A30032B09D1244B1B8803F535
:1086B000FE739AB2214B1A80FB6E3B6501E00A23E0
:1086C00092E11D4B1B6803F17842194B1B884FF652
:1086D000FF718B420BD0164B1B88002B04D0144B20
:1086E0001B889B025B0804E04FF4801301E04FF409
:1086F0008013B2FBF3F101FB03F3D31A5B0BFA6EA9
:108700009A422ED00C4B1B6803F17842084B1B8811
:108710004FF6FF718B4217D0054B1B88002B04D0FE
:10872000034B1B889B025B0810E04FF480130DE0A5
:10873000A007FA0BD69500207C1A0020D4950020C3
:10874000781A0020ABAAAAAA4FF48013B2FBF3F167
:1087500001FB03F3D31A5B0B0333FA6E9A427FF4E7
:108760001BAFA34B1B781846A24B1B6803F1784242
:10877000A14B1B884FF6FF718B420BD09E4B1B8881
:10878000002B04D09C4B1B889B025B0804E04FF439
:10879000801301E04FF48013B2FBF3F101FB03F30C
:1087A000D31A5B0BC31A591C944BA3FB01239A08E1
:1087B00013465B0013445B00CA1A8E4B1B6803F11F
:1087C00078418D4B1B884FF6FF7083420BD08A4B4C
:1087D0001B88002B04D0884B1B889B025B0804E09D
:1087E0004FF4801301E04FF48013B1FBF3F000FB72
:1087F00003F3CB1A5B0B1344FB66FB6E03F580435C
:108800005A037C4B1B6803F178417B4B1B884FF666
:10881000FF7083420BD0784B1B88002B04D0764B23
:108820001B889B025B0804E04FF4801301E04FF4C7
:108830008013B1FBF3F1704B1B884FF6FF7083423E
:108840000BD06D4B1B88002B04D06B4B1B889B02FD
:108850005B0804E04FF4801301E04FF4801301FB48
:1088600003F31344BB669CE0FB79002B08D1012184
:10887000F86E01F0FFFD0346002B12D00123B3E098
:108880004FF40051B86E00F07FFC0346102B08D166
:108890000121F86E01F0EEFD0346002B01D001230B
:1088A000A2E0544B1B6803F17842534B1B884FF6F0
:1088B000FF718B420BD0504B1B88002B04D04E4BCA
:1088C0001B889B025B0804E04FF4801301E04FF427
:1088D0008013B2FBF3F101FB03F3D31A5B0BFA6EC7
:1088E000D31A591C454BA3FB01239A0813465B007E
:1088F00013445B00CA1A3F4B1B6803F178413E4B9F
:108900001B884FF6FF7083420BD03B4B1B88002B1C
:1089100004D0394B1B889B025B0804E04FF48013A2
:1089200001E04FF48013B1FBF3F000FB03F3CB1A2B
:108930005B0B1344FB66FB6E03F580435A032D4B20
:108940001B6803F178412C4B1B884FF6FF70834264
:108950000BD0294B1B88002B04D0274B1B889B0274
:108960005B0804E04FF4801301E04FF48013B1FB87
:10897000F3F1214B1B884FF6FF7083420BD01E4B47
:108980001B88002B04D01C4B1B889B025B0804E057
:108990004FF4801301E04FF4801301FB03F3134401
:1089A000BB66FA6E3B6D9A427FF45EAF01F0C6FD86
:1089B000FB6C002B17D107F1080300221A605A60E4
:1089C0009A60DA6007F1080303221946002001F0DB
:1089D000C3F90346FB85FB8D002B04D0FB8D122BC6
:1089E00001D0022300E0002318467037BD4680BD49
:1089F000D69500207C1A0020A007FA0BABAAAAAAE1
:108A000080B584B000AF0346FB710023FB6001F02A
:108A100069FE0346002B01D00E23E7E0754B1B686F
:108A200003F17842744B1B884FF6FF718B420BD0D9
:108A3000714B1B88002B04D06F4B1B889B025B087B
:108A400004E04FF4801301E04FF48013B2FBF3F124
:108A500001FB03F3D31A5B0BFB6054E0FB79002BA3
:108A600008D10121F86801F005FD0346002B47D02D
:108A70000123BBE0FB6803F580435A035D4B1B6891
:108A800003F178415C4B1B884FF6FF7083420BD09B
:108A9000594B1B88002B04D0574B1B889B025B084B
:108AA00004E04FF4801301E04FF48013B1FBF3F1C5
:108AB000514B1B884FF6FF7083420BD04E4B1B88E7
:108AC000002B04D04C4B1B889B025B0804E04FF446
:108AD000801301E04FF4801301FB03F313444FF4C0
:108AE0000051184600F050FB0346102B08D101211D
:108AF000F86801F0BFFC0346002B01D0012375E0AC
:108B0000FB680133FB603B4B1B6803F178423A4B37
:108B10001B884FF6FF718B420BD0374B1B88002B05
:108B200004D0354B1B889B025B0804E04FF4801394
:108B300001E04FF48013B2FBF3F101FB03F3D31A0E
:108B40005B0B0633FA689A4288D301F0F7FC294B95
:108B50001B6803F17842284B1B884FF6FF718B424C
:108B60000BD0254B1B88002B04D0234B1B889B026A
:108B70005B0804E04FF4801301E04FF48013B2FB74
:108B8000F3F101FB03F3D31A5B0B0221184601F04A
:108B9000E7F90346002B01D0022327E0174B002200
:108BA0001A80144B1B6803F17842134B1B884FF655
:108BB000FF718B420BD0104B1B88002B04D00E4B47
:108BC0001B889B025B0804E04FF4801301E04FF424
:108BD0008013B2FBF3F101FB03F3D31A5B0BDAB2A0
:108BE000074B1A70074B40221A60002318461037B3
:108BF000BD4680BD7C1A0020A007FA0BD49500204A
:108C0000D6950020781A002080B584B000AF0346C6
:108C10003960FB80FB88002B0FD0FB884FF6FF727A
:108C200093420AD00023FB81FB883968184600F084
:108C300025F90346FB81FB8900E00823184610371D
:108C4000BD4680BD80B582B000AF03463960FB8071
:108C5000FB88002B0BD0FB884FF6FF72934206D0A7
:108C6000FB883968184600F06FFA034600E00823D5
:108C700018460837BD4680BD80B586B000AF0023DA
:108C80007B6100233B610023FB600023BB60052365
:108C9000FB710523BB71714B1B6803F17842704B6C
:108CA0001B884FF6FF718B420BD06D4B1B88002B3E
:108CB00004D06B4B1B889B025B0804E04FF48013CD
:108CC00001E04FF48013B2FBF3F101FB03F3D31A7D
:108CD0005B0B7B6199E07B6903F580435A035F4B33
:108CE0001B6803F178415E4B1B884FF6FF7083428F
:108CF0000BD05B4B1B88002B04D0594B1B889B026D
:108D00005B0804E04FF4801301E04FF48013B1FBE3
:108D1000F3F1534B1B884FF6FF7083420BD0504B3F
:108D20001B88002B04D04E4B1B889B025B0804E081
:108D30004FF4801301E04FF4801301FB03F313445D
:108D4000FB60F86801F074FA0346FB71FB79042BB1
:108D500058D17B6901333B6142E03B6903F58043B5
:108D60005A033E4B1B6803F178413D4B1B884FF67D
:108D7000FF7083420BD03A4B1B88002B04D0384B3A
:108D80001B889B025B0804E04FF4801301E04FF462
:108D90008013B1FBF3F1324B1B884FF6FF70834217
:108DA0000BD02F4B1B88002B04D02D4B1B889B0214
:108DB0005B0804E04FF4801301E04FF4801301FBE3
:108DC00003F31344BB60B86801F032FA0346BB7189
:108DD000BB79042B01D005233BE03B6901333B61A8
:108DE0007B6903333A699A42B7D30321786901F06A
:108DF00041FB0346002B01D001232AE001F09EFB3A
:108E0000002326E07B6903337B61144B1B6803F16D
:108E10007842134B1B884FF6FF718B420BD0104BDF
:108E20001B88002B04D00E4B1B889B025B0804E0C0
:108E30004FF4801301E04FF48013B2FBF3F101FB18
:108E400003F3D31A5B0B06337A699A42FFF443AFFC
:108E5000052318461837BD4680BD00BF7C1A002088
:108E6000A007FA0B80B582B000AF7860786801F097
:108E7000BFFB034618460837BD4680BD2DE9B04309
:108E80008CB000AF03463960FB804FF000024FF01A
:108E90000003C7E906234FF000024FF00003C7E9C3
:108EA00004230023FB620023BB6200237B620023B8
:108EB000FB60052387F82330002000F097F9F86263
:108EC000FB6AB3F1FF3F01D1032332E1FB6A03F5F3
:108ED00080435A03994B1B6803F17841984B1B88D8
:108EE0004FF6FF7083420BD0954B1B88002B04D0AC
:108EF000934B1B889B025B0804E04FF4801301E056
:108F00004FF48013B1FBF3F18D4B1B884FF6FF70CC
:108F100083420BD08A4B1B88002B04D0884B1B88C4
:108F20009B025B0804E04FF4801301E04FF48013D0
:108F300001FB03F31344BB62B86A01F079F90346FD
:108F400087F82330E5E041F6F0737B6258E0BA6AB7
:108F50007B6A1344D3E90023C7E90623BA6A7B6A14
:108F600013440833D3E90023C7E90423D7E90623D0
:108F7000B3F1FF3F08BFB2F1FF3F3ED0D7E9042372
:108F8000B3F1FF3F08BFB2F1FF3F36D0D7E9062368
:108F900094B20025FB880022984691464D4508BFB3
:108FA00044452AD1D7E90623D7E9040101F0F2F9B3
:108FB0000346FB60D7E906014FF000024FF00003C3
:108FC000020C42EA01420B0C93B21A46FB68934230
:108FD00013D13968D7E90423C1E900233B6803F1C1
:108FE0000804D7E906014FF000024FF000030A0021
:108FF0000023C4E9002300239BE07B6A103B7B62D3
:109000007B6A3F2BA3D84D4B1B6803F178424C4B36
:109010001B884FF6FF718B420BD0494B1B88002BEE
:1090200004D0474B1B889B025B0804E04FF480137D
:1090300001E04FF48013B2FBF3F101FB03F3D31A09
:109040005B0BFA6AD31A591D3E4BA3FB01239A0806
:1090500013465B0013445B00CA1A384B1B6803F1CC
:109060007841374B1B884FF6FF7083420BD0344B4F
:109070001B88002B04D0324B1B889B025B0804E04A
:109080004FF4801301E04FF48013B1FBF3F000FBC9
:1090900003F3CB1A5B0B1344FB62FB6A03F58043BB
:1090A0005A03264B1B6803F17841254B1B884FF66A
:1090B000FF7083420BD0224B1B88002B04D0204B27
:1090C0001B889B025B0804E04FF4801301E04FF41F
:1090D0008013B1FBF3F11A4B1B884FF6FF708342EC
:1090E0000BD0174B1B88002B04D0154B1B889B0201
:1090F0005B0804E04FF4801301E04FF4801301FBA0
:1091000003F31344BB62B86A01F092F8034687F890
:10911000233097F82330022B3FF415AF97F8233014
:10912000032B3FF410AF97F82330042B3FF40BAF21
:10913000072318463037BD46BDE8B0837C1A0020AF
:10914000A007FA0BABAAAAAA80B584B000AF034669
:109150003960FB800023FB81FB88012239681846B7
:1091600000F0FAFD0346FB81FB89122B07D1FB8837
:1091700000223968184600F0E3F9034600E0FB8955
:1091800018461037BD4680BD80B485B000AF78600A
:1091900039601123FB810023BB601BE07A68BB6848
:1091A0001344D3E90023B3F1FF3F08BFB2F1FF3FFF
:1091B0000DD07A68BB6813440833D3E90023B3F1B8
:1091C000FF3F08BFB2F1FF3F01D01023FB81BB6816
:1091D0001033BB60BA683B689A42DFD3FB891846FC
:1091E0001437BD465DF8047B7047000080B586B03B
:1091F00000AF0346FB710523FB750523BB750023F8
:109200003B610023FB600023BB60A64B1B783B61E6
:109210003B6903F580435A03A34B1B6803F1784174
:10922000A24B1B884FF6FF7083420BD09F4B1B88CD
:10923000002B04D09D4B1B889B025B0804E04FF47D
:10924000801301E04FF48013B1FBF3F1974B1B88BF
:109250004FF6FF7083420BD0944B1B88002B04D039
:10926000924B1B889B025B0804E04FF4801301E0E3
:109270004FF4801301FB03F31344184600F0D8FFAA
:109280000346FB75884B1B6803F17842874B1B88AC
:109290004FF6FF718B420BD0844B1B88002B04D000
:1092A000824B1B889B025B0804E04FF4801301E0B3
:1092B0004FF48013B2FBF3F101FB03F3D31A5B0B02
:1092C0003A69D31A591C7A4BA3FB01239A08134617
:1092D0005B0013445B00CA1A734B1B6803F17841AF
:1092E000724B1B884FF6FF7083420BD06F4B1B886D
:1092F000002B04D06D4B1B889B025B0804E04FF4ED
:10930000801301E04FF48013B1FBF3F000FB03F393
:10931000CB1A5B0B1344FB60FB6803F580435A03D5
:10932000614B1B6803F17841604B1B884FF6FF705F
:1093300083420BD05D4B1B88002B04D05B4B1B88FA
:109340009B025B0804E04FF4801301E04FF48013AC
:10935000B1FBF3F1554B1B884FF6FF7083420BD0E6
:10936000524B1B88002B04D0504B1B889B025B0880
:1093700004E04FF4801301E04FF4801301FB03F38A
:109380001344184600F054FF0346BB75464B1B6858
:1093900003F17842454B1B884FF6FF718B420BD08F
:1093A000424B1B88002B04D0404B1B889B025B0860
:1093B00004E04FF4801301E04FF48013B2FBF3F1AB
:1093C00001FB03F3D31A5B0B3A69D31A591D384BCF
:1093D000A3FB01239A0813465B0013445B00CA1ADF
:1093E000314B1B6803F17841304B1B884FF6FF70FF
:1093F00083420BD02D4B1B88002B04D02B4B1B889A
:109400009B025B0804E04FF4801301E04FF48013EB
:10941000B1FBF3F000FB03F3CB1A5B0B1344BB600F
:10942000FB79022B7CD0022B00F38280002B6AD0C8
:10943000012B7DD1FB7D022B2AD11E4B1B68B3F57E
:10944000005F01D23B6975E0BB7D042B07D1FFF7BC
:1094500013FC0346002B02D04FF0FF336AE00321D8
:10946000386900F07DFD0346002B02D04FF0FF333A
:1094700060E00221F86800F073FD0346002B02D083
:109480004FF0FF3356E00B4B40221A60FB6851E06F
:10949000FB7D012B34D1074B1B68B3F5005F0BD26A
:1094A0003B6947E0D69500207C1A0020A007FA0B04
:1094B000ABAAAAAA781A0020BB7D042B07D1FFF71C
:1094C000DBFB0346002B02D04FF0FF3332E00321D9
:1094D000386900F045FD0346002B02D04FF0FF3302
:1094E00028E00121F86800F03BFD0346002B02D084
:1094F0004FF0FF331EE0114B40221A60FB6819E069
:109500004FF0FF3316E0FB7D022B01D13B6911E0E8
:10951000FB7D012B01D1BB680CE04FF0FF3309E06C
:10952000BB7D002B01D1FB6804E04FF0FF3301E06D
:109530004FF0FF3318461837BD4680BD781A00201B
:1095400080B590B000AF03463960FB8013467B7155
:10955000052387F83F300023FB620023BB63002311
:109560007B634FF000024FF00003C7E908234FF080
:1095700000024FF00003C7E9062300237B86002387
:10958000FB824FF000024FF00003C7E902237B7912
:10959000002B01D1022300E001231846FFF726FE2D
:1095A000B863BB6BB3F1FF3F01D10423C5E3AC4B00
:1095B00000221A80BB6BDAB2AA4B1A70AA4B402267
:1095C0001A607B79002B08D10121B86B00F0C8FC30
:1095D0000346002B01D00223AFE3A44B1B6803F129
:1095E0007842A34B1B884FF6FF718B420BD0A04BE8
:1095F0001B88002B04D09E4B1B889B025B0804E059
:109600004FF4801301E04FF48013B2FBF3F101FB40
:1096100003F3D31A5B0BBA6BD31A591D954BA3FBFB
:1096200001239A0813465B0013445B00CA1A8F4B50
:109630001B6803F178418E4B1B884FF6FF70834205
:109640000BD08B4B1B88002B04D0894B1B889B02B3
:109650005B0804E04FF4801301E04FF48013B1FB8A
:10966000F3F000FB03F3CB1A5B0B1344BB63BB6B40
:1096700003F580435A037D4B1B6803F178417C4B13
:109680001B884FF6FF7083420BD0794B1B88002B51
:1096900004D0774B1B889B025B0804E04FF48013D7
:1096A00001E04FF48013B1FBF3F1714B1B884FF6CF
:1096B000FF7083420BD06E4B1B88002B04D06C4B89
:1096C0001B889B025B0804E04FF4801301E04FF419
:1096D000801301FB03F31344FB62F86A00F0A8FD5A
:1096E000034687F83F3097F83F30022B04D097F8B5
:1096F0003F30042B40F03E8197F83F30022B08D1D9
:109700000421B86B00F02CFC0346002B01D002238F
:1097100013E3564B1B6803F17842554B1B884FF6F9
:10972000FF718B420BD0524B1B88002B04D0504B47
:109730001B889B025B0804E04FF4801301E04FF4A8
:109740008013B2FBF3F101FB03F3D31A5B0BBA6B8B
:10975000D31A591D474BA3FB01239A0813465B00FC
:1097600013445B00CA1A414B1B6803F17841404B1C
:109770001B884FF6FF7083420BD03D4B1B88002B9C
:1097800004D03B4B1B889B025B0804E04FF4801322
:1097900001E04FF48013B1FBF3F000FB03F3CB1AAD
:1097A0005B0B1344BB63BB6B03F580435A032F4B26
:1097B0001B6803F178412E4B1B884FF6FF708342E4
:1097C0000BD02B4B1B88002B04D0294B1B889B02F2
:1097D0005B0804E04FF4801301E04FF48013B1FB09
:1097E000F3F1234B1B884FF6FF7083420BD0204BC5
:1097F0001B88002B04D01E4B1B889B025B0804E0D7
:109800004FF4801301E04FF4801301FB03F3134482
:10981000FB62F86A00F00CFD034687F83F309EE0DB
:1098200097F83F30032B08D10421B86B00F098FB68
:109830000346002B01D002237FE20C4B1B6803F18F
:1098400078420B4B1B884FF6FF718B4217D0084BA9
:109850001B88002B10D0064B1B889B025B0810E076
:10986000D4950020D6950020781A00207C1A00207C
:10987000A007FA0BABAAAAAA4FF4801301E04FF499
:109880008013B2FBF3F101FB03F3D31A5B0BBA6B4A
:10989000D31A591DA14BA3FB01239A0813465B0061
:1098A00013445B00CA1A9E4B1B6803F178419D4B21
:1098B0001B884FF6FF7083420BD09A4B1B88002BFE
:1098C00004D0984B1B889B025B0804E04FF4801384
:1098D00001E04FF48013B1FBF3F000FB03F3CB1A6C
:1098E0005B0B1344BB63BB6B03F580435A038C4B88
:1098F0001B6803F178418B4B1B884FF6FF70834246
:109900000BD0884B1B88002B04D0864B1B889B02F6
:109910005B0804E04FF4801301E04FF48013B1FBC7
:10992000F3F1804B1B884FF6FF7083420BD07D4BC9
:109930001B88002B04D07B4B1B889B025B0804E038
:109940004FF4801301E04FF4801301FB03F3134441
:10995000FB62F86A00F06CFC034687F83F3097F82A
:109960003F30032B3FF45CAF97F83F30042B3FF4BC
:1099700057AF08E07B79012B03D197F83F30032BD9
:1099800001D00A23D9E17B79012B40F06F810023BC
:109990007B8640237B63B5E0634B1B7803F58043F4
:1099A0005A035F4B1B6803F178415E4B1B884FF6EF
:1099B000FF7083420BD05B4B1B88002B04D0594BAC
:1099C0001B889B025B0804E04FF4801301E04FF416
:1099D0008013B1FBF3F1534B1B884FF6FF708342AA
:1099E0000BD0504B1B88002B04D04E4B1B889B0286
:1099F0005B0804E04FF4801301E04FF4801301FB97
:109A000003F31A447B6B1344D3E90023C7E908230B
:109A1000454B1B7803F580435A03414B1B6803F108
:109A20007841404B1B884FF6FF7083420BD03D4B73
:109A30001B88002B04D03B4B1B889B025B0804E077
:109A40004FF4801301E04FF48013B1FBF3F1354B79
:109A50001B884FF6FF7083420BD0324B1B88002BC4
:109A600004D0304B1B889B025B0804E04FF480134A
:109A700001E04FF4801301FB03F31A447B6B1344A2
:109A80000833D3E90023C7E90623D7E908231343A2
:109A900012D1D7E9062313430ED17B8E01337B8687
:109AA000224B1B8801339AB2204B1A80204B1B6833
:109AB00010331F4A136022E0D7E90823B3F1FF3FB8
:109AC00008BFB2F1FF3F22D0D7E90623B3F1FF3F31
:109AD00008BFB2F1FF3F1AD0D7E90823134316D0CD
:109AE000D7E90623134312D0104B1B8801339AB2D7
:109AF0000E4B1A800E4B1B6810330D4A13607B6BA4
:109B000010337B637B6BB3F5005FFFF445AF064B0F
:109B10001B78BB6300237B63A2E000BFABAAAAAAA9
:109B20007C1A0020A007FA0BD6950020D4950020BF
:109B3000781A0020834B1B6803F17842824B1B8804
:109B40004FF6FF718B420BD07F4B1B88002B04D04C
:109B50007D4B1B889B025B0804E04FF4801301E0FF
:109B60004FF48013B2FBF3F101FB03F3D31A5B0B49
:109B7000BA6BD31A591D754BA3FB01239A081346E0
:109B80005B0013445B00CA1A6E4B1B6803F17841FB
:109B90006D4B1B884FF6FF7083420BD06A4B1B88BE
:109BA000002B04D0684B1B889B025B0804E04FF439
:109BB000801301E04FF48013B1FBF3F000FB03F3DB
:109BC000CB1A5B0B1344BB63BB6B03F580435A0397
:109BD0005C4B1B6803F178415B4B1B884FF6FF70B1
:109BE00083420BD0584B1B88002B04D0564B1B884C
:109BF0009B025B0804E04FF4801301E04FF48013F4
:109C0000B1FBF3F1504B1B884FF6FF7083420BD032
:109C10004D4B1B88002B04D04B4B1B889B025B08D1
:109C200004E04FF4801301E04FF4801301FB03F3D1
:109C30001344184600F0FCFA034687F83F3097F8C3
:109C40003F30032B11D1424B1B8803F5FE739AB2B0
:109C50003F4B1A807B8E02337B867B6B01337B63A9
:109C60007B6B052B7FF666AF00E000BFFB88002210
:109C70003968184600F070F80346002B01D0022323
:109C80005BE03B68D3E90023134308D13B6808330A
:109C9000D3E90023134302D17B8E01337B862C4B07
:109CA0001B88022B03D92A4B1B88023B00E00123AF
:109CB0007B637B8E7A6B9A4203D37B8E7A6BD31A4B
:109CC00000E001237B6327E0FB887A6B9A4220D077
:109CD0007B6B9BB207F1080211461846FFF7CEF8DE
:109CE0000346FB82FB8A002B0ED17B6B9BB207F1F4
:109CF00008010022184600F02FF80346FB82FB8A79
:109D0000002B06D0FB8A18E0FB8A072B01D0FB8AC8
:109D100013E07B6B01337B637B6BB3F57A7FD3D925
:109D20000C4B1B780221184600F01AF90346002B51
:109D300001D0022301E04FF4807318464037BD463E
:109D400080BD00BF7C1A0020A007FA0BABAAAAAA0C
:109D5000D4950020D69500202DE9B04F92B000AFE9
:109D60000346B961FB8313467B774FF000024FF047
:109D70000003C7E908234FF000024FF00003C7E9D2
:109D80000A234FF000024FF00003C7E91023704B85
:109D90001B8840F2F352934201D91223D2E00120F2
:109DA000FFF724FAF8630023BB63FB6BB3F1FF3FBB
:109DB00001D10323C6E0FB6B03F580435803654BD9
:109DC0001B6803F17841644B1A884FF6FF739A427F
:109DD0000BD0614B1B88002B04D05F4B1B889B0270
:109DE0005B0804E04FF4801301E04FF48013B1FBF3
:109DF000F3F1594B1A884FF6FF739A420BD0564B2A
:109E00001B88002B04D0544B1B889B025B0804E08A
:109E10004FF4801301E04FF4801301FB03F303447C
:109E2000BB63BB69D3E9002313430FD1BB6908337C
:109E3000D3E90023134309D1FB8B002B06D14FF04C
:109E400000024FF00003C7E9102327E0BB69083385
:109E5000D3E900234FF000004FF000011100002073
:109E6000FB8B00221C46154640EA04033B6141EA95
:109E700005037B61D7E90434C7E90834BB69D3E93A
:109E80000001D7E9082300F085FA03469BB20022BF
:109E90003B607A60D7E90034C7E910344FF0000224
:109EA0004FF00003C7E908234FF000024FF0000312
:109EB000C7E90A23BB690833D3E900234FF0000048
:109EC0004FF0000111000020D7E910454FF00002CB
:109ED0004FF000032B0443EA1443220440EA020833
:109EE00041EA0309FB8B00229A46934648EA0A039B
:109EF000BB6049EA0B03FB60D7E90234C7E90834C9
:109F0000BB69D3E90023C7E90A23144B1A68BB6B6A
:109F100013447A7F07F12001184600F073FA0346D4
:109F2000FB86FB8E002B01D0FB8E0BE00B4B1B68DE
:109F300010330A4A1360064B1B8801339AB2044B54
:109F40001A80002318464837BD46BDE8B08F00BFD1
:109F5000D49500207C1A0020A007FA0B781A002064
:109F600080B58AB000AF78600B46FB7000237B623F
:109F700000233B620023FB610023BB617B6803F588
:109F800080435A03A74B1B6803F17841A64B1B88FB
:109F90004FF6FF7083420BD0A34B1B88002B04D0DD
:109FA000A14B1B889B025B0804E04FF4801301E087
:109FB0004FF48013B1FBF3F19B4B1B884FF6FF70FE
:109FC00083420BD0984B1B88002B04D0964B1B88E8
:109FD0009B025B0804E04FF4801301E04FF4801310
:109FE00001FB03F313447B627B6803F580435A0350
:109FF0008C4B1B6803F178418B4B1B884FF6FF702D
:10A0000083420BD0884B1B88002B04D0864B1B88C7
:10A010009B025B0804E04FF4801301E04FF48013CF
:10A02000B1FBF3F1804B1B884FF6FF7083420BD0DE
:10A030007D4B1B88002B04D07B4B1B889B025B084D
:10A0400004E04FF4801301E04FF4801301FB03F3AD
:10A05000134410333B627B6803F580435A03714B12
:10A060001B6803F17841704B1B884FF6FF708342E9
:10A070000BD06D4B1B88002B04D06B4B1B889B02B5
:10A080005B0804E04FF4801301E04FF48013B1FB50
:10A09000F3F1654B1B884FF6FF7083420BD0624B88
:10A0A0001B88002B04D0604B1B889B025B0804E0DC
:10A0B0004FF4801301E04FF4801301FB03F31344CA
:10A0C0002033FB617B6803F580435A03554B1B68C3
:10A0D00003F17841544B1B884FF6FF7083420BD03D
:10A0E000514B1B88002B04D04F4B1B889B025B08F5
:10A0F00004E04FF4801301E04FF48013B1FBF3F15F
:10A10000494B1B884FF6FF7083420BD0464B1B8890
:10A11000002B04D0444B1B889B025B0804E04FF4E7
:10A12000801301E04FF4801301FB03F31344303339
:10A13000BB614FF000024FF00003C7E90223FB7838
:10A14000013B032B64D801A252F823F05DA1020861
:10A150008FA10208C1A10208E9A102084FF0AA32AA
:10A160004FF0AA33C7E9022307F108030222194678
:10A17000786A00F047F90346FB82FB8A002B01D086
:10A18000FB8A4BE07B68DAB2284B1A7045E04FF04F
:10A19000AA324FF0AA33C7E9022307F108030222CB
:10A1A0001946386A00F02EF90346FB82FB8A002B21
:10A1B00001D0FB8A32E07B68DAB21C4B1A702CE0CB
:10A1C0004FF0AA324FF0AA33C7E9022307F1080380
:10A1D00002221946F86900F015F90346FB82FB8A52
:10A1E000002B17D0FB8A19E04FF0AA324FF0AA33A8
:10A1F000C7E9022307F1080302221946B86900F0F3
:10A2000001F90346FB82FB8A002B05D0FB8A05E09F
:10A2100000BF02E000BF00E000BF0023184628375F
:10A22000BD4680BD7C1A0020A007FA0BD695002001
:10A2300080B493B000AF78604FF000024FF000039D
:10A24000C7E910234FF000024FF00003C7E90E23C7
:10A250004FF000024FF00003C7E90C234FF000025B
:10A260004FF00003C7E90A234FF000024FF000034C
:10A27000C7E908234FF000024FF00003C7E90623A7
:10A280004FF000024FF00003C7E904234FF0000233
:10A290004FF00003C7E902237B68D3E90023C7E935
:10A2A00010237B681033D3E90023C7E90E237B68B2
:10A2B0002033D3E90023C7E90C237B683033D3E98B
:10A2C0000023C7E90A237B680833D3E90023C7E9E1
:10A2D00008237B681833D3E90023C7E906237B688A
:10A2E0002833D3E90023C7E904237B683833D3E953
:10A2F0000023C7E90223D7E90A23B3F1FF3F08BFD0
:10A30000B2F1FF3F09D0D7E90223B3F1FF3F08BF05
:10A31000B2F1FF3F01D0042336E0D7E90C23B3F1BB
:10A32000FF3F08BFB2F1FF3F09D0D7E90423B3F1E3
:10A33000FF3F08BFB2F1FF3F01D0032324E0D7E97C
:10A340000E23B3F1FF3F08BFB2F1FF3F09D0D7E9B9
:10A350000623B3F1FF3F08BFB2F1FF3F01D0022354
:10A3600012E0D7E91023B3F1FF3F08BFB2F1FF3F7E
:10A3700009D0D7E90823B3F1FF3F08BFB2F1FF3F8F
:10A3800001D0012300E0002318464C37BD465DF89C
:10A39000047B704780B584B000AFC7E90201C7E90C
:10A3A00000231748FDF71CF9BB6819461448FDF750
:10A3B00027F9D7E902014FF000024FF000030A002D
:10A3C0000023134619460E48FDF71AF9D7E9000194
:10A3D0004FF000024FF000030A0000231346194615
:10A3E0000748FDF70DF93B8819460548FDF716F9B2
:10A3F0000348FDF724F9034618461037BD4680BDD3
:10A400000030024080B586B000AFF860B9601346F6
:10A41000FB710023FB82FB79022B0CD1BB68D3E9D3
:10A4200000231349C1E90023BB68D3E90023104985
:10A43000C1E902230BE0BB68D3E900230C49C1E961
:10A440000023BB68D3E902230949C1E90223084B71
:10A450001A46F9680120ECF777FA0346002B01D081
:10A460000223FB82FB8A18461837BD4680BD00BF19
:10A47000E095002080B58AB000AF78600B467B8005
:10A480000023FB8401233B620023FB607B6803F510
:10A4900080435A03274B1B6803F17841264B1B88E6
:10A4A0004FF6FF7083420BD0234B1B88002B04D048
:10A4B000214B1B889B025B0804E04FF4801301E0F2
:10A4C0004FF48013B1FBF3F11B4B1B884FF6FF7069
:10A4D00083420BD0184B1B88002B04D0164B1B88D3
:10A4E0009B025B0804E04FF4801301E04FF48013FB
:10A4F00001FB03F31344184600F026F838620223E8
:10A500003B617B88FB617B68BB613B6A7B6107F1D8
:10A510000C0207F1100311461846ECF78DFB0346B9
:10A52000002B01D00123FB84FB8C18462837BD4645
:10A5300080BD00BF7C1A0020A007FA0B80B500AFD9
:10A54000F0F7D8FC00BF80BD80B485B000AF786064
:10A550000023FB60244B1B6C03F48013002B1ED1E3
:10A56000224B1B884FF6FF7293420DD01F4B1B8866
:10A57000002B06D01D4B1B889B025B0803F1006378
:10A5800004E04FF0016301E04FF001637A68934209
:10A5900002D90123FB6020E00223FB601DE0134B86
:10A5A0001B884FF6FF7293420DD0104B1B88002B77
:10A5B00006D00E4B1B889B025B0803F1006304E08E
:10A5C0004FF0016301E04FF001637A68934202D9D2
:10A5D0000223FB6001E00123FB60FB68184614378F
:10A5E000BD465DF8047B704700200240A007FA0BCF
:10A5F00080B485B000AF78600023FB8100BF384B8A
:10A600001B6A03F48033B3F5803FF8D0344B1B6BE7
:10A61000334A43F040431363314B42F2FA021A6269
:10A620002F4B9B6A2E4A43F00103936279684FF0E7
:10A6300000024FF00003C1E900237B68083319468C
:10A640004FF000024FF00003C1E9002300BF244B8C
:10A650001B6A03F48033B3F5803FF8D0204B1B6AAC
:10A6600003F00203022B1DD01D4B1B6A03F00803ED
:10A67000082B17D01A4B1B6A03F01003102B11D0B4
:10A68000174B1B6A03F02003202B0BD0144B1B6AC3
:10A6900003F04003402B05D0114B1B6A03F08003ED
:10A6A000802B01D10D23FB810D4B1B6A03F00103AD
:10A6B000012B02D10A4B01221A62094B9B6A084AFC
:10A6C00023F001039362064B1B6B054A43F00043E2
:10A6D0001363FB8918461437BD465DF8047B704749
:10A6E0000020024080B400AF00231846BD465DF84C
:10A6F000047B704780B586B000AFF860B9607A60BF
:10A700007B800023FB82FB68002B24D0BB68B3F561
:10A71000801F20D27B68002B1DD07B88002B1AD095
:10A72000BB683B61FB6802221A70FB680133BA7C8C
:10A730001A70FB6802337A7C1A70FB6803333A7C28
:10A740001A70FB6804337A887968184600F058FA62
:10A750007B880433FB82FB8A18461837BD4680BDD0
:10A7600080B485B000AF786039600023FB817B68DE
:10A77000002B16D03B68B3F5801F12D23B68BB603C
:10A780007B6803221A707B680133BA7A1A707B687F
:10A7900002337A7A1A707B6803333A7A1A70042388
:10A7A000FB81FB8918461437BD465DF8047B704772
:10A7B00080B487B000AF03460A46FB711346BB80E6
:10A7C0003B1D7B61FB793B737B695B787B737B69AA
:10A7D0001B78BB7307F1100307F10C0212681146D6
:10A7E00019800233120C1A7000233A7C62F30703BB
:10A7F0007A7C62F30F23BA7C62F3174318461C3746
:10A80000BD465DF8047B7047B0B584B000AF044628
:10A81000084611461A462346FB800346BB800B467A
:10A82000FB701346BB70FA88BB889A4203D9284A4A
:10A83000BB88138002E0264AFB881380244B1B88C8
:10A840001846D5F763FE04460D46BB781846D5F783
:10A850005DFE02460B4620462946D5F7FBFF024621
:10A860000B4614461D46FB781846D5F74FFE0246A8
:10A870000B4620462946D5F7C3FE02460B46144632
:10A880001D46BB881846D5F741FE02460B462046BA
:10A890002946D5F7DFFF02460B46104619460AA3A4
:10A8A000D3E90023D5F7ACFE02460B46C7E90223E5
:10A8B000D7E90201D6F766F903469BB2184610376E
:10A8C000BD46B0BDAFF3008000000000E0FFEF40E8
:10A8D000F09500200000000080B586B000AF87ED45
:10A8E000000B4FF000024FF00003C7E904234FF0C4
:10A8F00000024FF00003D7E90001D6F7F3F8034652
:10A90000002B06D04FF000024FF00003C7E90423EC
:10A9100013E020A3D3E90023D7E90001D6F700F91B
:10A920000346002B05D01BA3D3E90023C7E904236A
:10A9300003E0D7E90023C7E9042318A3D3E90023E0
:10A94000D7E90401D5F786FF02460B4610461946A3
:10A950004FF000020E4BD5F79BFC02460B460AA1B6
:10A96000D1E90001D5F794FC02460B46C7E9022362
:10A97000D7E90201D6F706F90346DBB218461837C5
:10A98000BD4680BDAFF300800000000000E06F40D6
:10A990000000E03F00000000006AF84083828282ED
:10A9A000828278400000000080B586B000AF87ED5D
:10A9B000020B87ED001B1BA3D3E90023D7E900019D
:10A9C000D5F748FF02460B46104619464FF00002E5
:10A9D000134BD5F75DFC02460B46C7E904234FF045
:10A9E00000024FF00003D7E90401D6F799F80346B7
:10A9F000002B08D0D7E90423D7E90201D5F72AFFB5
:10AA000002460B4601E0D7E9022343EC172BB0EED8
:10AA1000470AF0EE670A1837BD4680BDAFF30080E5
:10AA20000000F03FAE47E17A14AEF33F80B485B04A
:10AA300000AF0346FB800723FB73FB88B3F5C87F99
:10AA400063D0B3F5C87F64DCC82B5AD0C82B60DC58
:10AA5000642B52D0642B5CDC192B3BDC002B58DBC5
:10AA6000192B56D801A252F823F000BF19AB0208E7
:10AA7000DBAA020813AB020813AB020813AB0208EF
:10AA800013AB020813AB020813AB020813AB0208A6
:10AA900013AB0208E3AA020813AB020813AB0208C7
:10AAA00013AB020813AB020813AB020813AB020886
:10AAB00013AB020813AB020813AB020813AB020876
:10AAC00013AB020813AB020813AB020813AB020866
:10AAD000EBAA0208322B0CD01BE0FB7B1033FB737C
:10AAE0001BE0FB7B2033FB7317E0FB7B3033FB73F6
:10AAF00013E0FB7B4033FB730FE0FB7B5033FB73B6
:10AB00000BE0FB7B6033FB7307E0FB7B7033FB7375
:10AB100003E00023FB7300E000BFFB7B1846143703
:10AB2000BD465DF8047B70470139024410B5904280
:10AB300001D1002005E0037811F8014FA34201D0B4
:10AB4000181B10BD0130F2E7884210B501EB02047A
:10AB500002D98442234607D8431EA14207D011F8E8
:10AB6000012B03F8012FF8E70244824200D110BD07
:10AB700013F8011D02F8011DF7E702440346934252
:10AB800000D1704703F8011BF9E7034670B51E4674
:10AB900013F8014B44B14A1E01E0A54204D012F85B
:10ABA000015F002DF9D1F2E7301A70BD014B186832
:10ABB000704700BF801A002070B50D4B00260D4D68
:10ABC0005B1B9C10A64209D10B4D01F049FB0B4BBE
:10ABD00000265B1B9C10A64205D170BD55F8043BB6
:10ABE00001369847EEE755F8043B01369847F2E7FF
:10ABF000C0C90208C0C90208C0C90208C4C9020805
:10AC00000A44431E914200D1704710B511F8014B20
:10AC1000914203F8014FF9D110BD000008B52DEDA8
:10AC2000028BB0EE408A00F0C1F8B4EE488AF1EE33
:10AC300010FA0FD6B5EEC08AF1EE10FA0ADCB5EEC6
:10AC4000408AF1EE10FA08D1FFF7B0FF22239FED02
:10AC5000090A0360BDEC028B08BDFFF7A7FF2122A4
:10AC600003460548BDEC028B1A60BDE8084000F0C1
:10AC700005B800BF000080FFDCC702089FED010A95
:10AC8000704700BF0000C07F51EC100B1E4A21F03E
:10AC9000004393421ED91D4A934200B585B007D99F
:10ACA00002460B46D5F7F4FA41EC100B05B000BD97
:10ACB000684600F079F900F0030001289DED000BD3
:10ACC0009DED021B16D0022809D0B0B9012001F079
:10ACD000EBF8EBE79FED0A1B002001F0E5B801203F
:10ACE00001F0E2F853EC102B03F1004300EE903A30
:10ACF00005B000BD00F0A0FFD8E700F09DFFF1E730
:10AD00000000000000000000FB21E93FFFFFEF7F93
:10AD100053EC102BC3F30A509C46A0F2FF311329C9
:10AD200010B5964613DC00292BDB1F4C0C4104EABE
:10AD30000300104310D04FF4002300200B41634464
:10AD400023EA040C6346024643EC102B10BD332962
:10AD500005DDB1F5806F1AD043EC102B10BDA0F2C9
:10AD600013404FF0FF34C4401442F5D0C1F1330119
:10AD700001208840801828BF03F1010C20EA04005C
:10AD8000E0E7013103F0004C08D00020DAE710467C
:10AD90001946D5F77FFA41EC100B10BD4CF07F5CE3
:10ADA00000204CF4401CCDE7FFFF0F0010EE102AEE
:10ADB00032F0004330D0002A134634DBB2F1FF4FAB
:10ADC00041DAB2F5000F00B534DB4FF0000EC3F3EB
:10ADD00016016348DB15F7EE007A084401F10F0C09
:10ADE0007F3B00F40002734482F07E5203EBD053A9
:10ADF0005C480A430CEA000000EE102A30EE670AB5
:10AE000020BBB5EE400AF1EE10FA60D1002B40F005
:10AE10008E809FED550A00BD9FED547ADFED527A8A
:10AE200087EE270A704770EE407A9FED4F7A87EEE3
:10AE3000870A7047DFED4E7A6FF0180E60EE277AC2
:10AE400017EE903AC3E730EE000A7047B0EE007A92
:10AE500006EE103ADFED472AB8EEC63ADFED464A75
:10AE600030EE077ADFED455ADFED453A9FED455A62
:10AE700080EE074ADFED447ADFED446A4448454AF4
:10AE80000844521A0243002A24EE046A26EE067A87
:10AE9000E7EE224AA7EE235AE4EE875AE5EE076A68
:10AEA000E5EE877A67EE867AE6EE877A2ADDB6EEF9
:10AEB000007A20EE077A27EE007A77EE877A67EE3F
:10AEC000847A3BBB37EE677A30EE470A00BDF6EE78
:10AED000007ADFED316A20EE007AE0EE667A27EE46
:10AEE000277A002BF0D007EE903A9FED2C6ADFED29
:10AEF0002C6AF8EEE77AA7EEC67A37EE400A97EEAC
:10AF0000A60A00BD70EE677A67EE847AE3B930EE88
:10AF1000670A00BD9FED216ADFED216AE3EE067A44
:10AF200037EE677A37EE400A93EE260A00BD07EE49
:10AF3000903A9FED1A0A9FED1A7AF8EEE77A27EE1B
:10AF4000800AA7EE870A00BDDFED146A9FED147A30
:10AF5000E3EE667A37EEC00A93EE070A00BD00BF43
:10AF600020FB4A00F0FF7F0000000000000000CC42
:10AF70000000004C9788173E25333A3E2549923E03
:10AF80004FD01C3E298E633EABAA2A3FCDCCCC3E8F
:10AF9000305CCFFF88C23500ABAAAA3ED1F7173785
:10AFA0008071313F0000000053EC102B2DE9F04F71
:10AFB000994923F000458FB004468D4240F28E80BF
:10AFC00096491F468D422AD8002F1046194688A35D
:10AFD000D3E9002340F3A681D5F75AF9904B0646F2
:10AFE0000F469D4200F08E8083A3D3E90023D5F75E
:10AFF0004FF9804689463046424639464B46D5F79A
:10B0000047F97DA3D3E90023D5F742F90126C4E926
:10B010000089C4E9020130460FB0BDE8F08F8149D4
:10B020008D4240F2898080498D4262D82E151046AB
:10B0300090460DF1380AA6F21646A5EB06590325EF
:10B040004946D5F777FDD5F771FA02460B464046DB
:10B050004946CDE90823D5F71BF90022734BD5F7F4
:10B06000CFFA89468046D5F765FDD5F75FFA0246E7
:10B070000B46404649464FF000084FF00009CDE925
:10B080000A23D5F705F90022684BD5F7B9FACDE9BF
:10B090000C017AE9020142464B46AB46013DD5F729
:10B0A00017FD0028F5D1624932465B4608A8019198
:10B0B00002210091214600F087F9002F0646AADA06
:10B0C00061684642226801F10043E168C4E9002357
:10B0D000A26801F10043C4E902239CE7002000219B
:10B0E00084ED000BC4E90201002630460FB0BDE834
:10B0F000F08F10461946D5F7CBF8C4E90201C4E930
:10B100000001F1E73EA3D3E90023D5F7C1F80646D5
:10B110000F463DA3D3E90023D5F7BAF88046894608
:10B120003046424639464B46D5F7B2F836A3D3E906
:10B130000023D5F7ADF869E700F078FF59EC108BE4
:10B1400033A3D3E9002340464946D5F759FA0022F4
:10B15000384BD5F79FF8D5F7EDFC0646D5F7E6F95D
:10B1600002460B46CDE9022321A3D3E90023D5F7FC
:10B1700047FA02460B4640464946D5F789F88246CB
:10B180008B461DA3D3E90023DDE90201D5F738FA88
:10B1900002460B4650465946CDE90423D5F778F8C8
:10B1A0001F2E8046894649DC234B721E53F82230FD
:10B1B000AB4243D042464B4650465946C4E900890B
:10B1C000D5F766F8DDE90423D5F762F8002FC4E966
:10B1D0000201BFF620AF09F100437642C4E90083C3
:10B1E00001F10043C4E9020315E700BFAFF300809B
:10B1F00000004054FB21F93F3163621A61B4D03D35
:10B200000000601A61B4D03D7370032E8A19A33B0D
:10B2100083C8C96D305FE43FFB21E93F7BD9024021
:10B22000FB21F93FFB213941FFFFEF7F0000704117
:10B2300060C802080000E03FE0C70208C9F30A53F3
:10B24000C3EB15532D15102BB4DD55A3D3E9002303
:10B25000DDE90201D5F7D4F98046894650464246D9
:10B2600059464B46D5F714F802460B465046594608
:10B2700092469B46CDE90623D5F70AF842464B464F
:10B28000D5F706F88046894647A3D3E90023DDE9D0
:10B290000201D5F7B5F942464B46D4F7F9FF0B4604
:10B2A000024659465046CDE90423D4F7F1FFC1F3D5
:10B2B0000A5380468946ED1A312D7FF77BAF3DA3B7
:10B2C000D3E90023DDE90201D5F79AF980468946E2
:10B2D00042464B46DDE90601D4F7DAFF82468B464B
:10B2E00052465B46DDE90601D4F7D2FF42464B46A3
:10B2F000D4F7CEFF8046894630A3D3E90023DDE9A9
:10B300000201D5F77DF942464B46D4F7C1FF02460C
:10B310000B4650465946CDE90423D4F7B9FF804681
:10B32000894647E7D4F7B6FF214B06460F469D42B4
:10B3300018D019A3D3E90023D4F7ACFF804689467F
:10B340003046424639464B46D4F7A2FF12A3D3E912
:10B350000023D4F79FFF4FF0FF36C4E90089C4E90A
:10B36000020158E60EA3D3E90023D4F793FF064663
:10B370000F460DA3D3E90023D4F78CFF80468946FE
:10B380003046424639464B46D4F782FF06A3D3E9FE
:10B390000023D4F77FFFDEE73163621A61B4D03D4A
:10B3A0000000601A61B4D03D7370032E8A19A33B6C
:10B3B000FB21F93F0000002E8A19A33BC14920253B
:10B3C0009A837B39000000002DE9F04FADF5197D1F
:10B3D0009C46B44B12F1140F0A91A299039053F8B2
:10B3E000213004930CF1FF330293C0F2B582D31ED7
:10B3F000AD4981FB0301DB17C3EBA10307930133C5
:10B40000A3EB8303DB00D318079A0B930CF1FF33F4
:10B41000D41A049AD71816D4013720AD4FF000087B
:10B420004FF000092744E246A39E002C40464946BF
:10B4300003DB56F82400D5F779F80134BC42E5E87F
:10B440000201F2D1D446049B002BC0F2BD830399C4
:10B450000DF18009029A0DF5E07B049B01EBCC080D
:10B4600009EBCC0992464FEACC0663440020002148
:10B47000002A80F296810AF1010A09F108099A4529
:10B48000EBE80201F4D1039B049A99190CAB0092EA
:10B4900003EB82038B46CDF824C0043B08930CAB2E
:10B4A00003EB820637460B9E009A0DEBC203002A7F
:10B4B0004FEAC208D3E970452CDD0DF5E07A0DF1B5
:10B4C00030090196D04405970022784B2046294642
:10B4D000D5F796F8D5F72EFBD5F728F80022744B50
:10B4E00006460F46D5F78CF802460B4620462946FD
:10B4F000D4F7CEFED5F71EFB394649F8040B30468B
:10B5000078E90223D4F7C6FE0446D0450D46DBD1C8
:10B51000019E059F304645EC104B00F091FD002246
:10B520004FF07F5355EC104B20462946D5F768F86D
:10B5300041EC100B00F010FE00225E4B51EC100BA2
:10B54000D5F75EF802460B4620462946D4F7A0FE02
:10B550000D460446D5F7EEFA8246D4F7E7FF0246D9
:10B560000B4620462946D4F793FE002E8046894696
:10B5700040F38880009B0CA9C6F117045A1EC6F13F
:10B58000180351F8221041FA03F000FA03F3824441
:10B59000CB1A0CA943FA04F441F82230002C00F332
:10B5A000E3800022002340464946D5F791FA00285F
:10B5B00000F09D82009B049A93420CDD0CAA02EBE2
:10B5C0008303002253F8041DBB4242EA0102F9D171
:10B5D000002A40F00E81049B0CAA013B52F8233054
:10B5E000009A501C8146002B40F0D980089A012314
:10B5F00052F8041D01330029FAD0009A1344009A2E
:10B600006FF0404A09990DF1800805960A440799A0
:10B610000193014408EBC20870AA06978A44A399D3
:10B6200002EBC00201EB8A0A00925AF8040FD4F729
:10B630007DFF029B002BE8E8020120DB4746039ECA
:10B640000024002577E90223F6E80201D4F7D8FFA9
:10B6500002460B4620462946D4F71CFE5E450446AA
:10B660000D46EFD1009B09F10109E3E80245009383
:10B67000019B9945D9DD0093DDE9056714E70024B6
:10B680000025EFE71AD000220B4BD5F73FFA04460E
:10B69000002886D0009B0AF1010A002B40F38A8221
:10B6A000022419E0A8C90208ABAAAA2A0000703E29
:10B6B00000007041000020400000E03F009B0CAA09
:10B6C000013B52F82340E415002C7FF76AAF009B42
:10B6D0000AF1010A002B56DD0CAB002153F8045B84
:10B6E000002D3CD0C5F180756FF07F4043F8045CBD
:10B6F00003E01A68821A43F8042B0131009A8A4247
:10B70000F7DC0125002E0EDD012E00F01A81022E3D
:10B7100009D1009B0CA95A1E0CAB53F82230C3F37D
:10B72000150341F82230022C7FF43BAF42464B46D2
:10B730000020AB49D4F7ACFD80468946002D3FF48C
:10B7400030AF30469FEDA40B00F07AFC40464946EE
:10B7500053EC102BD4F79CFD8046894621E701313C
:10B76000009A8A42BADCCDE700990AF1010A002961
:10B77000B2DC012E00F03582022E04D1C3F3150392
:10B780000CA941F82230022C7FF40BAF42464B4605
:10B7900000209349D4F77CFD8046894601E70346A3
:10B7A0002DE75246DA46CB4605969146CDE9003C58
:10B7B0005F46039E0024002577E90223F6E8020194
:10B7C000D4F71EFF02460B4620462946D4F762FDF9
:10B7D000464504460D46EFD109F10109009B0BF1E6
:10B7E000080B9945EAE80245E2D1DDF804C0059E60
:10B7F00049E60B9BDDF800B0A3F118020CABCDE9D4
:10B80000024A0BF1FF340B9253F8243063B96FF006
:10B8100040430CA95B4401EB830353F8041D013C36
:10B82000183A0029F9D00B920B989FED6B0B00F0A2
:10B8300007FC002C5BEC10ABC0F2C98104F10108DD
:10B840000DF5E0790CAB00264FEAC801654F03EB1C
:10B85000880509EBC808009155F8040DD4F766FE79
:10B8600052465B46D4F7CCFE3B46324668E90201BD
:10B8700050465946D4F7C4FE0CAB82468B469D42D7
:10B88000EAD1009948ABA346A1F1080A1A460793EA
:10B89000CA444FF000095346CA46DDF81090CDE97E
:10B8A0000541B9F1000FC0F29280DFF83C811F46DC
:10B8B000002600240025CDE9002B9B4610E0F7E888
:10B8C0000223F8E802010136D4F79AFE02460B463D
:10B8D00020462946D4F7DEFCB14504460D4601DB7F
:10B8E000B245ECDA5B46009ADDF804B00BF1FF3BA1
:10B8F0000AF1010A083BBBF1FF3FE2E80245D0D163
:10B90000A29A079B022ADDE905416FDC002A28DCA8
:10B9100010D15C18002000211D4674E90223D4F7E1
:10B92000B9FCA542F9D1029B002B40F03F810A9B54
:10B93000C3E90001039B03F007000DF5197DBDE885
:10B94000F08F009B0CA95A1E0CAB53F82230C3F3A6
:10B95000160341F82230E6E600216FF01703079145
:10B9600051E55D18002600279A46D3E9008975E95C
:10B97000022330463946D4F78DFCAA4506460F46C9
:10B98000F5D1029B40464946002B40F002813B46E0
:10B990003246D4F77DFC0A9BC3E900676CB14AAE1E
:10B9A00001250135F6E80223D4F774FCAC42F8DA3D
:10B9B000029B13B101F1004319460A9BC3E902013E
:10B9C000039B03F007000DF5197DBDE8F08F0024FF
:10B9D00000258BE7AFF30080000000000000F03F7F
:10B9E0000000F03F0000703E68C90208A29A032AD6
:10B9F000A0D1002C00F0038103EBC4059946E600BA
:10BA0000A84695ED007BCDE90054CDE9046552ECE4
:10BA1000171B0C46154620462946A246AB4678E938
:10BA2000026732463B46D4F735FC04460D463046A5
:10BA3000224639462B46D4F72BFC52465B46D4F7B8
:10BA400029FCC145C8E90201C8E90045E3D14B46DC
:10BA5000DDE900A4DDE90465012C00F0D08009F1E6
:10BA6000080BD5E90045CDE900697AE9028920464D
:10BA7000294642464B46D4F70DFC26462F4604463F
:10BA80000D464046224649462B46D4F701FC324635
:10BA90003B46D4F7FFFBD345CAE90201CAE900459A
:10BAA000E3D100200021DDE9006306F1080403F181
:10BAB00010051E461C4474E90223D4F7EBFBA54293
:10BAC000F9D13346D3E90045D3E90278029B002B34
:10BAD0004AD10A9BC3E90401C3E90045C3E90278DE
:10BAE000039B03F007000DF5197DBDE8F08F0B9E59
:10BAF000DDF800B0704249EC108BCDE9024A00F04D
:10BB00009FFA0022484B55EC104B20462946D4F7AB
:10BB1000FDFF00B30022454B20462946D4F770FDB7
:10BB20001836D5F707F80746D4F700FD00223E4B3C
:10BB3000D4F766FD0B460246294620460BF1010468
:10BB4000D4F7A6FBD4F7F6FF0CAB0B9643F82B000B
:10BB500043F8247068E620462946D4F7EBFF0CAB87
:10BB60005C4643F82B005FE6264608F1004305F1EA
:10BB700000440A9DC5E9027301F10043C5E90403CD
:10BB8000039B03F00700C5E900640DF5197DBDE8CE
:10BB9000F08F0A9A07F100431660536032463B4625
:10BBA000D4F776FB002C7FF4FAAE03E701F10043F3
:10BBB0001946BCE642464B4600201D49D4F768FBB7
:10BBC000022480468946ECE44FEACC065BE4A29B63
:10BBD000022B0FDC002B15DC7FF4ACAE0020002123
:10BBE000A1E6C3F316030CA9022C41F822307FF41E
:10BBF000D8ACCBE5A29B032B7FF49CAE48AB0020D6
:10BC000000215FE7029BDDE9480133B100224FF0DC
:10BC100000430A9CC4E90023CCE6002200230A9CCE
:10BC2000C4E90023C9E600BF000070410000703E77
:10BC30000000F03F000000002DE9F04F57EC106BC2
:10BC400027F0004885B0B8F1795F5BEC11AB71D299
:10BC500030463946D4F76EFF002800F0F4803246B3
:10BC60003B4630463946D4F7CBFC04460D4678A314
:10BC7000D3E90023D4F7C4FC77A3D3E90023D4F796
:10BC800009FB22462B46D4F7BBFC75A3D3E900235E
:10BC9000D4F7FEFA22462B46D4F7B2FC72A3D3E9BE
:10BCA0000023D4F7F7FA22462B46D4F7A9FC70A359
:10BCB000D3E90023D4F7ECFA22462B46D4F7A0FCB4
:10BCC0006DA3D3E90023D4F7E5FA22462B46D4F737
:10BCD00097FCCDE9000100226D4B20462946D4F7A0
:10BCE0008FFC804689462046294644464D46DDE97C
:10BCF0000023D4F785FC8046894652465B46304691
:10BD00003946D4F77DFC02460B4640464946D4F7F7
:10BD1000BFFA02460B4620462946D4F7B9FA024636
:10BD20000B4600205B49D4F7B3FA41EC100B05B089
:10BD3000BDE8F08F32463B4630463946D4F760FCCA
:10BD400004460D4642A3D3E90023D4F759FC42A38D
:10BD5000D3E90023D4F79EFA22462B46D4F750FCB1
:10BD60003FA3D3E90023D4F793FA22462B46D4F716
:10BD700047FC3DA3D3E90023D4F78CFA22462B4697
:10BD8000D4F73EFC3AA3D3E90023D4F781FA224644
:10BD90002B46D4F735FC38A3D3E90023D4F77AFA3D
:10BDA0002B462246D4F72CFC3B4B9845CDE90001AD
:10BDB00091D93A4B98453DD8A8F5001300220020B0
:10BDC000344990469946D4F763FACDE9020100223E
:10BDD0002F4B20462946D4F713FC42464B46D4F756
:10BDE00057FA804689462046294644464D46DDE9B5
:10BDF0000023D4F705FC8046894652465B46304610
:10BE00003946D4F7FDFB02460B4640464946D4F777
:10BE10003FFA02460B4620462946D4F739FA024635
:10BE20000B46DDE90201D4F733FA41EC100B05B003
:10BE3000BDE8F08F9FED127B4FF00008DFF86090B7
:10BE40008DED027BC3E79FED100B05B0BDE8F08FD1
:10BE5000D43888BEE9FAA8BDC4B1B4BD9EEE213E77
:10BE6000AD529C804F7E923E9015CB19A001FA3EB8
:10BE70007751C1166CC1563F4C5555555555A53F88
:10BE8000000000000000E73F000000000000F03F5D
:10BE90000000E03F0000F03F3233D33F0000E93FB5
:10BEA0000000D23F000000002DE9F04F55EC104B90
:10BEB00025F0004385B08246B3F1795F8DED001B1C
:10BEC00006D220462946D4F735FE002800F08C80A3
:10BED00022462B4620462946D4F792FB06460F46BB
:10BEE0002046324629463B46D4F78AFB45A3D3E990
:10BEF0000023CDE9020130463946D4F781FB43A344
:10BF0000D3E90023D4F7C4F932463B46D4F778FB93
:10BF100040A3D3E90023D4F7BDF932463B46D4F71A
:10BF20006FFB3EA3D3E90023D4F7B2F932463B4678
:10BF3000D4F766FB3BA3D3E90023D4F7ABF98046E3
:10BF40008946BAF1000F37D000222D4BDDE9000100
:10BF5000D4F756FB42464B4680468946DDE902ABA4
:10BF600050465946D4F74CFB02460B4640464946DC
:10BF7000D4F78EF932463B46D4F742FBDDE9002385
:10BF8000D4F786F906460F46504659461AA3D3E918
:10BF90000023D4F735FB02460B4630463946D4F72A
:10BFA00079F902460B4620462946D4F771F941EC4F
:10BFB000100B05B0BDE8F08F02460B4630463946FF
:10BFC000D4F71EFB0CA3D3E90023D4F761F9DDE914
:10BFD0000223D4F715FB22462B46D4F75BF941EC3C
:10BFE000100B05B0BDE8F08F45EC104B05B0BDE877
:10BFF000F08F00BFAFF30080495555555555C53FEB
:10C000000000E03F7CD5CF5A3AD9E53DEB9C2B8A26
:10C01000E6E55A3E7DFEB157E31DC73ED561C11925
:10C02000A0012A3FA6F810111111813F51EC100B0D
:10C03000024621F0004343EC102B70470000000043
:10C0400070B555EC104BC5F30A522B46064672BB31
:10C0500025F00043234329D03B4B204629460022AC
:10C06000D4F7CEFA394B04460D469E4252DBC1F35B
:10C070000A520B46363A4CF250318E4223DC1644BB
:10C0800040F2FE7296421EDC002E34DC16F1350FB3
:10C0900038DB6FF31E5336360022204643EA06553E
:10C0A0002B4B2946D4F7ACFA41EC100B70BD40F293
:10C0B000FF718A42DFD1224620462946D4F7EAF8AA
:10C0C00041EC100B70BD002D17A1D1E9000107DB79
:10C0D00015A3D3E90023D4F793FA41EC100B70BDFC
:10C0E00013A1D1E9000110A3D3E90023D4F788FA02
:10C0F00041EC100BF3E76FF31E5343EA065545EC92
:10C10000104B70BD002D0CA1D1E9000102DA0CA189
:10C11000D1E9000108A3D3E90023D4F771FA41EC77
:10C12000100B70BDAFF300809C7500883CE4377E37
:10C130009C7500883CE437FE59F3F8C21F6EA501D8
:10C1400059F3F8C21F6EA58100005043B03CFFFFB9
:10C150000000903C0000000051EC100BC1F30A53AA
:10C160002DE9F041A3F2FF350C460646132D22DCE3
:10C17000002D41DB384B0F4643FA05F801EA08036E
:10C1800003431DD032A3D3E90023D4F783F8002260
:10C190000023D4F7C5FC40B1002C03DA4FF4801320
:10C1A0002B411F4427EA080400262346324643EC6D
:10C1B000102BBDE8F081332D06DDB5F5806F2BD057
:10C1C00041EC100BBDE8F081A3F213434FF0FF37B1
:10C1D000DF403842F4D01EA3D3E90023D4F75AF845
:10C1E00000220023D4F79CFC0028DED0002C33462C
:10C1F00020DB23EA0706D8E715A3D3E90023D4F709
:10C2000049F800220023D4F78BFC0028CDD0002C65
:10C2100009DB00263446C8E702460B46D4F73AF855
:10C2200041EC100BCEE724F0004426430DD14FF033
:10C230000044BAE7142D06D0C5F134050122AA4006
:10C2400013449E42D5D90134D3E70026034CACE712
:10C250009C7500883CE4377EFFFF0F000000F0BFB4
:10C26000F8B500BFF8BC08BC9E467047F8B500BFE3
:08C27000F8BC08BC9E467047B3
:10C2780048503039000000004850313200000000BA
:10C2880048503234000000004850323500000000A9
:10C298004D442020200000005B323059592D4D4D6F
:10C2A8002D44445468683A6D6D3A73735A2875750D
:10C2B80075295D00594D44686D7300003C45563E34
:10C2C800000000003C42413E00000000413D582E65
:10C2D80058562C20423D592E5956000058590000F6
:10C2E8003C494D3E00000000582C5858582C5858CE
:10C2F800586F686D000000003C50413E000000008F
:10C30800287850494429000056616C3D787878783F
:10C318007878000030313233343536373839414295
:10C328004344454600000000303000004850303596
:10C3380000000000535431310000000053543231E2
:10C3480000000000535433310000000053543431CE
:10C3580000000000535435310000000053543631BA
:10C3680000000000535431320000000053543232B0
:10C37800000000005354333200000000535434329C
:10C388000000000053543532000000005354363288
:10C3980000000000485031380000000055462020B9
:10C3A8002000000048503236000000005350303161
:10C3B800000000004850323700000000454F53206D
:10C3C800200000004850323200000000485032334C
:10C3D800000000004D442020200000000A00030156
:10C3E8005450303100000000504F20202000000041
:10C3F8004850323600000000485032370000000034
:10C408004552202020000000454F53202000000006
:10C41800485030350000000048503033000000001C
:10C42800485031330000000048503131000000000E
:10C43800424320202000000042503031000000001C
:10C4480042503032000000004850313400000000F3
:10C4580042503033000000004850313500000000E1
:10C4680042503031000000004250303200000000DD
:10C4780053442020200000004850313600000000BE
:10C4880048500000535000005354000042442020FC
:10C498002000000053503039000000005350313064
:10C4A8000000000053503133000000005350313475
:10C4B80000000000534320202000000048492020AD
:10C4C800200000004E492020200000005343202077
:10C4D8002000000053503032000000005350303329
:10C4E8000000000053503034000000005350303535
:10C4F8000000000053503036000000005350303721
:10C50800000000005350303800000000535030390C
:10C518000000000053503130000000005350313308
:10C5280000000000535031350000000053503136F0
:10C5380000000000535031370000000053503138DC
:10C548000000000053503139000000004C534120D6
:10C5580020000000535320202000000053452020D5
:10C5680020000000485033300000000048503033AD
:10C5780000000000425030310000000042503032CC
:10C5880000000000485031340000000042503033B1
:10C5980000000000485032360000000053452020BB
:10C5A800200000004850333000000000574B202086
:10C5B800200000004850323900000000677D512EED
:10C5C8009044344923992B03CDFB595CFA4E531FF1
:10C5D800983AD720B8C29F06B06C2036EAA4E7AFD5
:10C5E80008EBA2DA587D4487F84901FCE350D2C62B
:10C5F8007DC9F76E05F3BC6F8CBBA6750D0A0000EC
:10C6080014000000C0ED010019000000A086010020
:10C618001E000000E63601002800000078C800006F
:10C6280032000000FE83000000000000000000004F
:10C6380001020304060708090000000001020304C0
:10C64800006CDC0200366E010024F400001BB70009
:10C6580000093D0080841E00504B140040420F002A
:10C6680000E02E000070170000A00F0000B80B00BB
:10C67800801A0600400D030088070200A08601000A
:10C688000000024201000000000002420300000016
:10C6980000000242060000000004024201000000FF
:10C6A800000402420A0000000008024202000000E2
:10C6B800000C02420D000000000C024202000000C3
:10C6C800000802420A0000000004024200000000C4
:10C6D800000802420C0000000004024203000000AF
:10C6E80000040242040000000010024200000000A2
:10C6F8000010024202000000001002420300000085
:10C70800010002000400060008000A000C001000E6
:10C718002000400080000001010101030701000022
:10C728000804020408010101FFFFFFFF00000001E7
:10C73800000000000000000000000000FFFFFFFFF5
:10C74800FFFFFFFFFFFFFFFF2000000000000000C9
:10C7580000000000000000000000000000000000D1
:10C7680000000000000000000000000301000000BD
:10C778006B17D1F2E12C4247F8BCE6E563A440F21E
:10C7880077037D812DEB33A0F4A13945D898C29663
:10C798004FE342E2FE1A7F9B8EE7EB4A7C0F9E1620
:10C7A8002BCE33576B315ECECBB6406837BF51F5D1
:10C7B800FFFFFFFF00000000FFFFFFFFFFFFFFFF7D
:10C7C800BCE6FAADA7179E84F3B9CAC2FC6325512B
:10C7D8002000000000000000FB21F93FFB21094078
:10C7E8007CD91240FB2119407A6A1F407CD922402B
:10C7F800BBFD2540FB2129403A462C407A6A2F4050
:10C808005C4731407CD932409C6B3440BBFD35409D
:10C81800DB8F3740FB2139401BB43A403A463C4055
:10C828005AD83D407A6A3F404C7E40405C47414080
:10C838006C1042407CD942408CA243409C6B4440DF
:10C84800AC344540BBFD4540CBC64640DB8F474036
:10C85800EB584840FB21494083F9A200444E6E0042
:10C86800FC291500D1572700DD34F50062DBC00034
:10C878003C999500419043006351FE00BBDEAB003C
:10C88800B761C5003A6E2400D24D42004906E00067
:10C8980009EA2E001C92D100EB1DFE0029B11C00F4
:10C8A800E83EA700F535820044BB2E009CE98400D1
:10C8B800B4267000417E5F00D69139005383390059
:10C8C8009CF439008B5F840028F9BD00F81F3B00F9
:10C8D800DEFF97000F980500112FEF000A5A8B0012
:10C8E8006D1F6D00CF7E360009CB2700464FB7007D
:10C8F8009E663F002DEA5F00BA277500E5EBC7008A
:10C908003D7BF100F739070092528A00FB6BEA0081
:10C918001FB15F00085D8D00300356007BFC4600A8
:10C92800F0AB6B0020BCCF0036F49A00E3A91D00E1
:10C938005E619100081BE60085996500A0145F0000
:10C948008D40680080D8FF0027734D00060631002F
:10C95800CA561500C9A873007BE260006B8CC00042
:10C9680000000040FB21F93F000000002D44743E08
:10C97800000000809846F83C0000006051CC783BED
:10C9880000000080831BF0390000004020257A3821
:10C99800000000802282E336000000001DF36935A4
:10C9A8000200000003000000040000000600000070
:08C9B800C038FD7F0100000002
:04C9C0005D0200080C
:04C9C400390200082C
:10C9C800060000000C000000120000001800000023
:10C9D80000010000060100000C0100001201000027
:10C9E8001801000000020000060200000C0200000E
:10C9F80012020000180200000003000006030000F5
:10CA0800688E0020F48E0020FFFFFFFF0100000069
:10CA180000000000000000000000000054C70208E9
:10CA280030C7020878C7020898C70208000000004B
:10CA380000000000000000000000000000000000EE
:10CA4800B8C70208FF000000FFFFFFFF5B32305944
:10CA5800592D4D4D2D44445468683A6D6D3A7373A1
:10CA68005A28757575295D002C49002002000000C0
:10CA78003030303030300000B000002006000000B8
:10CA880001000000C000002001000000F0F00000DC
:10CA9800CC0000200200000059594C4C3030303195
:10CAA800D8000020080000004F4E2D303100000053
:10CAB800E8000020050000003049002004000000C4
:10CAC800344900200A000000323630393032000084
:10CAD8000801002006000000312E302E3030000002
:10CAE8001801002006000000595959592D4D4D2DA7
:10CAF80044440000280100200A00000059595959EF
:10CB08002D4D4D2D444400003C0100200A0000003A
:10CB1800F69D818D758012243860FD3A2DB1F71984
:10CB2800A32C02ADC94087660999A741316109C2A2
:10CB3800386539B86634F40A7D1662FA4D739BB8C5
:10CB480097BB48DB8DC09BA2A9D3A71252F6BE5251
:10CB58005001002040000000D10649A65B8E12203B
:10CB6800367FCD4BA0DBFA905F112769AFD82FEF46
:10CB7800DAE7314831F2871A7D4D92B200A011856B
:10CB88006F96CBA4BD39343EC24371E844EA686A63
:10CB98002206890B18F3F481980100204000000058
:10CBA80000000000000024400000000000C0824097
:10CBB8000000000000C05D400000000000002440AC
:10CBC80000000000000024400000000000C0824077
:10CBD8000000000000C07240000000000000244077
:10CBE80000000000000024400000000000C0824057
:10CBF8000000000000002440000000000000244065
:10CC0800000000000000F03F0000000000C082406B
:10CC18000000000000004E40000000000000F03F4F
:10CC2800000000000000F03F000000000000584035
:10CC3800000000000000F03F000000000000F03F8E
:10CC4800000000000000F03F000000000000584015
:10CC5800000000000000F03F000000000000F03F6E
:10CC6800000000000000F03F0000000000004E40FF
:10CC78000000000000000040000000000000F03F3D
:10CC8800000000000000F03F0000000000004E40DF
:10CC98000000000000001840000000000000F03F05
:10CCA800000000000000F03F0000000000004E40BF
:10CCB8000000000000002240000000000000F03FDB
:10CCC800000000000000F03F0000000000004E409F
:10CCD8000000000000002A40000000000000F03FB3
:10CCE80000000000000000400000000000001040AC
:10CCF8006666666666660A409A9999999999B93FEF
:10CD0800000000000000004000000000000010408B
:10CD18009A999999999909409A9999999999B93F9C
:10CD2800000000000000F03F00000000000010407C
:10CD3800000000000000F03F000000000000F03F8D
:10CD4800000000000000F03F0000000000C082402A
:10CD5800000000000000F03F000000000000F03F6D
:10CD68000000000000004E400000000000004E409F
:10CD78000000000000004E40000000000000F03FEE
:10CD8800000000000000F03F000000000000184014
:10CD98000000000000000840000000000000F03F14
:10CDA8009A9999999999C93F000000000000144088
:10CDB8009A9999999999C93F9A9999999999B93F3D
:10CDC80000000000000059400000000000408F40B3
:10CDD8000000000000407F400000000000004940C3
:10CDE800000000000000F03F0000000000409F40ED
:10CDF8000000000000001440000000000000F03FA8
:10CE080000000000000000000000000000002440B6
:10CE18000000000000000040000000000000F03F9B
:10CE28000000000000000000000000000000244096
:10CE38000000000000000040000000000000F03F7B
:10CE480000000000000024400000000000C0724004
:10CE58000000000000002440000000000000244002
:10CE680000000000000000000000000000C0724048
:10CE78000000000000805640000000000000244030
:10CE8800000000000000F03F000000000000144017
:10CE9800000000000000F03F000000000000F03F2C
:10CEA800000000000000F03F0000000000001440F7
:10CEB8000000000000000040000000000000F03FFB
:10CEC800000000000000F03F0000000000001440D7
:10CED800000000000000F03F000000000000F03FEC
:10CEE800000000000000F03F0000000000001440B7
:10CEF8000000000000000040000000000000F03FBB
:10CF0800000000000000E03F0000000000001440A6
:10CF1800000000000000E03F9A9999999999B93F5B
:10CF280000000000000059400000000000C08240DE
:10CF38000000000000207C400000000000002440A9
:10CF48009A9999999999B93F00000000000000400A
:10CF5800000000000000F03F9A9999999999A93F1B
:10CF68000000000000000040000000000000004039
:10CF78000000000000000040000000000000F03F3A
:10CF8800000000000000E03F0000000000002E400C
:10CF980000000000000004409A9999999999B93FB6
:10CFA800000000000000F03F0000000000C08240C8
:10CFB8000000000000002440000000000000F03FD6
:10CFC80000000000000000000000000000C08240D7
:10CFD8000000000000002440000000000000F03FB6
:10CFE80000000000000000000000000000789640EB
:10CFF8000000000000007E40000000000000F03F3C
:10D00800000000000000F03F00000000007C964097
:10D018000000000000E07F40000000000000F03F3A
:10D0280000000000000000000000000000789640AA
:10D038000000000000007E40000000000000F03FFB
:10D04800000000000000F03F00000000007C964057
:10D058000000000000E07F40000000000000F03FFA
:10D06800000000000000000000000000007896406A
:10D078000000000000007E40000000000000F03FBB
:10D08800000000000000F03F00000000007C964017
:10D098000000000000E07F40000000000000F03FBA
:10D0A800000000000000000000000000007896402A
:10D0B8000000000000007E40000000000000F03F7B
:10D0C800000000000000F03F00000000007C9640D7
:10D0D8000000000000E07F40000000000000F03F7A
:10D0E80000000000000000000000000000789640EA
:10D0F8000000000000007E40000000000000F03F3B
:10D10800000000000000F03F00000000007C964096
:10D118000000000000E07F40000000000000F03F39
:10D1280000000000000000000000000000789640A9
:10D138000000000000007E40000000000000F03FFA
:10D14800000000000000F03F00000000007C964056
:10D158000000000000E07F40000000000000F03FF9
:10D168005450303100000000A800002000000000EA
:10D178004250303100000000B800002000000000DC
:10D188004250303200000000C400002000000000BF
:10D198004250303300000000D000002000000000A2
:10D1A8004850303100000000E0000020000000007E
:10D1B8004850303200000000F0000020000000005D
:10D1C8004850303300000000F80000200000000044
:10D1D800485030340000000000010020000000002A
:10D1E8004850303500000000100100200000000009
:10D1F80048503036000000003401002000000000D4
:10D2080048503037000000004801002000000000AE
:10D218004850303800000000F800002000000000EE
:10D228004850303900000000900100200000000044
:10D2380048503130000000002001002000000000AC
:10D248004850313100000000F800002000000000C4
:10D258004850313200000000D801002000000000D2
:10D268004850313300000000200100200000000079
:10D27800485031340000000000000000E0010020A8
:10D288004850313500000000000000000002002076
:10D298004850313600000000000000002002002045
:10D2A8004850313700000000000000004002002014
:10D2B80048503138000000000000000060020020E3
:10D2C80048503139000000000000000080020020B2
:10D2D800485032320000000000000000A002002088
:10D2E800485032330000000000000000C002002057
:10D2F800485032340000000000000000E002002026
:10D3080048503235000000000000000000030020F3
:10D3180048503236000000000000000020030020C2
:10D328004850323700000000000000004003002091
:10D338004850323800000000000000006003002060
:10D34800485032390000000000000000800300202F
:10D35800485033300000000000000000A003002007
:10D36800535030310000000000000000C0030020CE
:10D37800535030320000000000000000E00300209D
:10D38800535030330000000000000000000400206B
:10D39800535030340000000000000000200400203A
:10D3A8005350303500000000000000004004002009
:10D3B80053503036000000000000000060040020D8
:10D3C80053503037000000000000000080040020A7
:10D3D800535030380000000000000000A004002076
:10D3E800535030390000000000000000C004002045
:10D3F800535031300000000000000000E00400201D
:10D4080053503131000000000000000000050020EA
:10D4180053503132000000000000000020050020B9
:10D428005350313300000000000000004005002088
:10D438005350313400000000000000006005002057
:10D448005350313500000000000000008005002026
:10D45800535031360000000000000000A0050020F5
:10D46800535031370000000000000000C0050020C4
:10D47800535031380000000000000000E005002093
:10D488005350313900000000000000000006002061
:10D498005354313100000000000000002006002035
:10D4A8005354313200000000000000004006002004
:10D4B80053543231000000000000000060060020D4
:10D4C80053543232000000000000000080060020A3
:10D4D800535433310000000000000000A006002073
:10D4E800535433320000000000000000C006002042
:10D4F800535434310000000000000000E006002012
:10D5080053543432000000000000000000070020DF
:10D5180053543531000000000000000020070020AF
:10D52800535435320000000000000000400700207E
:10D53800535436310000000000000000600700204E
:10D54800535436320000000000000000800700201D
:10D55800FFFFFFFFFFFFFFFF3CC3020844C30208B1
:10D568004CC3020854C302085CC3020864C302081F
:10D578006CC3020874C302087CC3020884C302088F
:10D588008CC3020894C302086400C800E80364005E
:10D59800C800E8030A00C8003000000000000000CE
:10D5A8000000000000000000000000000000000073
:10D5B8000000000000000000000000000000000063
:10D5C8000000000000000000000000000000000053
:10D5D8000000000000000000000000000000000043
:10D5E8000000000000000000000000000000000033
:10D5F8000000000000000000000000000000000023
:10D608000000000000000000000000000000000012
:10D618000000000000000000000000000000000002
:10D6280000000000000000000000000000000000F2
:10D6380000000000000000000000000000000000E2
:10D6480000000000000000000000000000000000D2
:10D6580000000000000000000000000000000000C2
:10D6680000000000000000000000000000000000B2
:10D6780000000000000000000000000000000000A2
:10D688000000000000000000000000000000000092
:10D698000000000000000000000000000000000082
:10D6A8000000000000000000000000000000000072
:10D6B8000000000000000000000000000000000062
:10D6C8000000000000000000000000000000000052
:10D6D8000000000000000000000000000000000042
:10D6E8000000000000000000000000000000000032
:10D6F8000000000000000000000000000000000022
:10D708000000000000000000000000000000000011
:10D718000000000000000000000000000000000001
:10D7280000000000000000000000000000000000F1
:10D7380000000000000000000000000000000000E1
:10D7480000000000000000000000000000000000D1
:10D7580000000000000000000000000000000000C1
:10D7680000000000000000000000000000000000B1
:10D7780000000000000000000000000000000000A1
:10D788000000000000000000000000000000000091
:10D798000000000000000000000000000000000081
:10D7A8000000000000000000000000000000000071
:10D7B8000000000000000000000000000000000061
:10D7C8000000000000000000000000000000000051
:10D7D8000000000000000000000000000000000041
:10D7E8000000000000000000000000000000000031
:10D7F8000000000000000000000000000000000021
:10D808000000000000000000000000000000000010
:10D818000000000000000000000000000000000000
:10D8280000000000000000000000000000000000F0
:10D8380000000000000000000000000000000000E0
:10D8480000000000000000000000000000000000D0
:10D8580000000000000000000000000000000000C0
:10D8680000000000000000000000000000000000B0
:10D8780000000000000000000000000000000000A0
:10D888000000000000000000000000000000000090
:10D898000000000000000000000000000000000080
:10D8A8000000000000000000000000000000000070
:10D8B8000000000000000000000000000000000060
:10D8C8000000000000000000000000000000000050
:10D8D8000000000000000000000000000000000040
:10D8E8000000000000000000000000000000000030
:10D8F8000000000000000000000000000000000020
:10D90800000000000000000000000000000000000F
:10D9180000000000000000000000000000000000FF
:10D9280000000000000000000000000000000000EF
:10D9380000000000000000000000000000000000DF
:10D9480000000000000000000000000000000000CF
:10D9580000000000000000000000000000000000BF
:10D9680000000000000000000000000000000000AF
:10D97800000000000000000000000000000000009F
:10D98800000000000000000000000000000000008F
:10D99800000000000000000000000000000000007F
:10D9A800000000000000000000000000000000006F
:10D9B800000000000000000000000000000000005F
:10D9C800000000000000000000000000000000004F
:10D9D800000000000000000000000000000000003F
:10D9E800000000000000000000000000000000002F
:10D9F800000000000000000000000000000000001F
:10DA0800000000000000000000000000000000000E
:10DA180000000000000000000000000000000000FE
:10DA280000000000000000000000000000000000EE
:10DA380000000000000000000000000000000000DE
:10DA480000000000000000000000000000000000CE
:10DA580000000000000000000000000000000000BE
:10DA680000000000000000000000000000000000AE
:10DA7800000000000000000000000000000000009E
:10DA8800000000000000000000000000000000008E
:10DA9800000000000000000000000000000000007E
:10DAA800000000000000000000000000000000006E
:10DAB800000000000000000000000000000000005E
:10DAC800000000000000000000000000000000004E
:10DAD800000000000000000000000000000000003E
:10DAE800000000000000000000000000000000002E
:10DAF800000000000000000000000000000000001E
:10DB0800000000000000000000000000000000000D
:10DB180000000000000000000000000000000000FD
:10DB280000000000000000000000000000000000ED
:10DB380000000000000000000000000000000000DD
:10DB480000000000000000000000000000000000CD
:10DB580000000000000000000000000000000000BD
:10DB680000000000000000000000000000000000AD
:10DB7800000000000000000000000000000000009D
:10DB8800000000000000000000000000000000008D
:10DB9800000000000000000000000000000000007D
:10DBA800000000000000000000000000000000006D
:10DBB800000000000000000000000000000000005D
:10DBC800000000000000000000000000000000004D
:10DBD800000000000000000000000000000000003D
:10DBE800000000000000000000000000000000002D
:10DBF800000000000000000000000000000000001D
:10DC0800000000000000000000000000000000000C
:10DC180000000000000000000000000000000000FC
:10DC280000000000000000000000000000000000EC
:10DC380000000000000000000000000000000000DC
:10DC480000000000000000000000000000000000CC
:10DC580000000000000000000000000000000000BC
:10DC680000000000000000000000000000000000AC
:10DC7800000000000000000000000000000000009C
:10DC8800000000000000000000000000000000008C
:10DC9800000000000000000000000000000000007C
:10DCA800000000000000000000000000000000006C
:10DCB800320000000000000000000000000000002A
:10DCC800000000000000000000000000000000004C
:10DCD800000000000000000000000000000000003C
:10DCE800000000000000000000000000000000002C
:10DCF800000000000000000000000000000000001C
:10DD0800000000000000000000000000000000000B
:10DD180000000000000000000000000000000000FB
:10DD280000000000000000000000000000000000EB
:10DD380000000000000000000000000000000000DB
:10DD480000000000000000000000000000000000CB
:10DD580000000000000000000000000000000000BB
:10DD680000000000000000000000000000000000AB
:10DD7800000000000000000000000000000000009B
:10DD8800000000000000000000000000000000008B
:10DD9800000000000000000000000000000000007B
:10DDA800000000000000000000000000000000006B
:10DDB800000000000000000000000000000000005B
:10DDC800000000000000000000000000000000004B
:10DDD800000000000000000000000000000000003B
:10DDE800000000000000000000000000000000002B
:10DDF800000000000000000000000000000000001B
:10DE0800000000000000000000000000000000000A
:10DE180000000000000000000000000000000000FA
:10DE280000000000000000000000000000000000EA
:10DE380000000000000000000000000000000000DA
:10DE480000000000000000000000000000000000CA
:10DE580000000000000000000000000000000000BA
:10DE680000000000000000000000000000000000AA
:10DE7800000000000000000000000000000000009A
:10DE8800000000000000000000000000000000008A
:10DE9800000000000000000000000000000000007A
:10DEA800000000000000000000000000000000006A
:10DEB800000000000000000000000000000000005A
:10DEC800000000000000000000000000000000004A
:10DED800000000000000000000000000000000003A
:10DEE800000000000000000000000000000000002A
:10DEF800000000000000000000000000000000001A
:10DF08000000000000000000000000000000000009
:10DF180000000000000000000000000000000000F9
:10DF280000000000000000000000000000000000E9
:10DF380000000000000000000000000000000000D9
:10DF480000000000000000000000000000000000C9
:10DF580000000000000000000000000000000000B9
:10DF680000000000000000000000000000000000A9
:10DF78000000000000000000000000000000000099
:10DF88000000000000000000000000000000000089
:10DF98000000000000000000000000000000000079
:10DFA8000000000000000000000000000000000069
:10DFB8000000000000000000000000000000000059
:10DFC8000000000000000000000000000000000049
:10DFD8000000000000000000000000000000000039
:10DFE8000000000000000000000000000000000029
:10DFF8000000000000000000000000000000000019
:10E008000000000000000000000000000000000008
:10E0180000000000000000000000000000000000F8
:10E0280000000000000000000000000000000000E8
:10E0380000000000000000000000000000000000D8
:10E0480000000000000000000000000000000000C8
:10E0580000000000000000000000000000000000B8
:10E0680000000000000000000000000000000000A8
:10E078000000000000000000000000000000000098
:10E088000000000000000000000000000000000088
:10E098000000000000000000000000000000000078
:10E0A8000000000000000000000000000000000068
:10E0B8000000000000000000000000000000000058
:10E0C8000000000000000000000000000000000048
:10E0D8000000000000000000000000000000000038
:10E0E8000000000000000000000000000000000028
:10E0F8000000000000000000000000000000000018
:10E108000000000000000000000000000000000007
:10E1180000000000000000000000000000000000F7
:10E1280000000000000000000000000000000000E7
:10E1380000000000000000000000000000000000D7
:10E1480000000000000000000000000000000000C7
:10E1580000000000000000000000000000000000B7
:10E1680000000000000000000000000000000000A7
:10E178000000000000000000000000000000000097
:10E188000000000000000000000000000000000087
:10E198000000000000000000000000000000000077
:10E1A8000000000000000000000000000000000067
:10E1B8000000000000000000000000000000000057
:10E1C8000000000000000000000000000000000047
:10E1D8000000000000000000000000000000000037
:10E1E8000000000000000000000000000000000027
:10E1F8000000000000000000000000000000000017
:10E208000000000000000000000000000000000006
:10E2180000000000000000000000000000000000F6
:10E2280000000000000000000000000000000000E6
:10E2380000000000000000000000000000000000D6
:10E2480000000000000000000000000000000000C6
:10E2580000000000000000000000000000000000B6
:10E2680000000000000000000000000000000000A6
:10E278000000000000000000000000000000000096
:10E288000000000000000000000000000000000086
:10E298000000000000000000000000000000000076
:10E2A8000000000000000000000000000000000066
:10E2B8000000000000000000000000000000000056
:10E2C8000000000000000000000000000000000046
:10E2D8000000000000000000000000000000000036
:10E2E8000000000000000000000000000000000026
:10E2F8000000000000000000000000000000000016
:10E308000000000000000000000000000000000005
:10E3180000000000000000000000000000000000F5
:10E3280000000000000000000000000000000000E5
:10E3380000000000000000000000000000000000D5
:10E3480000000000000000000000000000000000C5
:10E3580000000000000000000000000000000000B5
:10E3680000000000000000000000000000000000A5
:10E378000000000000000000000000000000000095
:10E388000000000000000000000000000000000085
:10E398000000000000000000000000000000000075
:10E3A8000000000000000000000000000000000065
:10E3B8000000000000000000000000000000000055
:10E3C8000000000000000000303030303030000124
:10E3D80000000000000000FFFF0000000000000037
:10E3E8000000000000000000000000000000000025
:10E3F80015000000FFFFFFFFFFFFFFFFFFFFFFFF0C
:10E40800F401000010270000C80000000000000010
:10E4180000093D001000000001000000000000009D
:10E4280000000000000000000000000001000000E3
:10E438000000000000000000400000000000040888
:10E44800841A002000000000F49500205C9600204B
:10E45800C49600200000000000000000000000003A
:10E4680000000000000000000000000000000000A4
:10E478000000000000000000000000000000000094
:10E488000000000000000000000000000000000084
:0400000508011DB120
:00000001FF
