:020000040800F2
:1000000000000C205D1E01088D13010895130108E6
:100010009D130108A5130108AD130108AD1E0108C9
:10002000000000000000000000000000B5130108FF
:10003000C313010800000000D1130108DF130108F9
:10004000AD1E0108AD1E0108ED130108AD1E01082B
:10005000AD1E0108AD1E0108AD1E0108AD1E010850
:10006000AD1E0108AD1E0108AD1E0108AD1E010840
:10007000AD1E0108AD1E010801140108AD1E0108E6
:10008000AD1E0108AD1E01080F140108AD1E0108C8
:10009000AD1E0108AD1E0108AD1E0108AD1E010810
:1000A000AD1E0108AD1E0108AD1E01081D1401089A
:1000B000AD1E01083114010845140108AD1E0108E8
:1000C000AD1E0108AD1E0108AD1E0108AD1E0108E0
:1000D000AD1E010859140108AD1E0108AD1E01082E
:1000E000AD1E0108AD1E0108AD1E0108AD1E0108C0
:1000F000AD1E0108AD1E01086D1401088114010830
:1001000095140108A9140108AD1E0108AD1E0108CF
:10011000AD1E0108AD1E0108AD1E0108AD1E01088F
:10012000AD1E0108BD140108D1140108E514010831
:10013000AD1E0108F9140108AD1E0108AD1E01082D
:10014000AD1E0108AD1E0108AD1E01080D15010808
:100150002115010835150108AD1E0108AD1E010865
:10016000AD1E0108AD1E0108AD1E0108AD1E01083F
:10017000AD1E0108AD1E0108AD1E0108AD1E01082F
:10018000AD1E0108AD1E0108AD1E0108AD1E01081F
:10019000AD1E0108AD1E0108AD1E0108AD1E01080F
:1001A000491501085D150108AD1E0108AD1E0108C5
:1001B000AD1E0108AD1E010871150108AD1E010834
:1001C0008515010899150108AD150108AD1E010836
:1001D000AD1E0108AD1E0108AD1E0108AD1E0108CF
:1001E000AD1E0108AD1E0108AD1E0108C1150108B4
:1001F000AD1E0108AD1E0108CD150108AD1E010898
:10020000AD1E0108E1150108AD1E0108AD1E010873
:10021000AD1E0108AD1E0108AD1E0108AD1E01088E
:10022000AD1E0108AD1E0108AD1E0108AD1E01087E
:08023000AD1E0108AD1E01081E
:1002380010B5054C237833B9044B13B10448AFF318
:1002480000800123237010BDD01A00200000000098
:1002580010C3020808B5034B1BB103490348AFF3A9
:10026800008008BD00000000D41A002010C3020856
:10027800034613F8012B002AFBD1181A01387047DE
:1002880081F0004102E000BF83F0004330B54FEA3F
:1002980041044FEA430594EA050F08BF90EA020FAC
:1002A8001FBF54EA000C55EA020C7FEA645C7FEA3F
:1002B800655C00F0E2804FEA5454D4EB5555B8BF62
:1002C8006D420CDD2C4480EA020281EA030382EAD3
:1002D800000083EA010180EA020281EA0303362D65
:1002E80088BF30BD11F0004F4FEA01314FF4801C38
:1002F8004CEA113102D0404261EB410113F0004F4A
:100308004FEA03334CEA133302D0524263EB430300
:1003180094EA050F00F0A780A4F10104D5F1200E9E
:100328000DDB02FA0EFC22FA05F2801841F10001F9
:1003380003FA0EF2801843FA05F359410EE0A5F1CD
:1003480020050EF1200E012A03FA0EFC28BF4CF0FE
:10035800020C43FA05F3C01851EBE37101F00045B4
:1003680007D54FF0000EDCF1000C7EEB00006EEBC1
:100378000101B1F5801F1BD3B1F5001F0CD349084B
:100388005FEA30004FEA3C0C04F101044FEA4452A2
:1003980012F5800F80F09A80BCF1004F08BF5FEA29
:1003A800500C50F1000041EB045141EA050130BD09
:1003B8005FEA4C0C404141EB0101013C28BFB1F51B
:1003C800801FE9D291F0000F04BF01460020B1FA66
:1003D80081F308BF2033A3F10B03B3F120020CDA39
:1003E8000C3208DD02F1140CC2F10C0201FA0CF017
:1003F80021FA02F10CE002F11402D8BFC2F1200C7C
:1004080001FA02F120FA0CFCDCBF41EA0C01904031
:10041800E41AA2BF01EB0451294330BD6FEA04047A
:100428001F3C1CDA0C340EDC04F11404C4F1200265
:1004380020FA04F001FA02F340EA030021FA04F377
:1004480045EA030130BDC4F10C04C4F1200220FACE
:1004580002F001FA04F340EA0300294630BD21FA0C
:1004680004F0294630BD94F0000F83F4801306BFD2
:1004780081F480110134013D4EE77FEA645C18BFC6
:100488007FEA655C29D094EA050F08BF90EA020F5D
:1004980005D054EA000C04BF1946104630BD91EA55
:1004A800030F1EBF0021002030BD5FEA545C05D158
:1004B8004000494128BF41F0004130BD14F5800497
:1004C8003CBF01F5801130BD01F0004545F0FE410B
:1004D80041F470014FF0000030BD7FEA645C1ABF40
:1004E800194610467FEA655C1CBF0B46024650EA77
:1004F800013406BF52EA033591EA030F41F40021A3
:1005080030BD00BF90F0000F04BF0021704730B528
:100518004FF4806404F132044FF000054FF00001FD
:1005280050E700BF90F0000F04BF0021704730B5BE
:100538004FF4806404F1320410F0004548BF404293
:100548004FF000013EE700BF42004FEAE2014FEAE8
:1005580031014FEA02701FBF12F07F4393F07F4FC3
:1005680081F06051704732F07F4208BF704793F0C6
:100578007F4F04BF41F40021704730B54FF46074D9
:1005880001F0004521F000411CE700BF50EA0102DC
:1005980008BF704730B54FF000050AE050EA010285
:1005A80008BF704730B511F0004502D5404261EBF5
:1005B80041014FF4806404F132045FEA915C3FF436
:1005C800D8AE4FF003025FEADC0C18BF03325FEAD3
:1005D800DC0C18BF033202EBDC02C2F1200300FA84
:1005E80003FC20FA02F001FA03FE40EA0E0021FAA9
:1005F80002F11444BDE600BF70B54FF0FF0C4CF497
:10060800E06C1CEA11541DBF1CEA135594EA0C0F48
:1006180095EA0C0F00F0DEF82C4481EA030621EA83
:100628004C5123EA4C5350EA013518BF52EA0335BE
:1006380041F4801143F4801338D0A0FB02CE4FF070
:100648000005E1FB02E506F00042E0FB03E54FF0A0
:100658000006E1FB03569CF0000F18BF4EF0010E98
:10066800A4F1FF04B6F5007F64F5407404D25FEA94
:100678004E0E6D4146EB060642EAC62141EA555147
:100688004FEAC52040EA5E504FEACE2EB4F1FD0C89
:1006980088BFBCF5E06F1ED8BEF1004F08BF5FEA07
:1006A800500E50F1000041EB045170BD06F00046B9
:1006B80046EA010140EA020081EA0301B4EB5C0466
:1006C800C2BFD4EB0C0541EA045170BD41F480115E
:1006D8004FF0000E013C00F3AB8014F1360FDEBF83
:1006E800002001F0004170BDC4F10004203C35DA5F
:1006F8000C341BDC04F11404C4F1200500FA05F3E2
:1007080020FA04F001FA05F240EA020001F0004282
:1007180021F0004110EBD37021FA04F642EB0601F8
:100728005EEA430E08BF20EAD37070BDC4F10C0422
:10073800C4F1200500FA04F320FA05F001FA04F2E6
:1007480040EA020001F0004110EBD37041F10001D2
:100758005EEA430E08BF20EAD37070BDC4F12005DD
:1007680000FA05F24EEA020E20FA04F301FA05F245
:1007780043EA020321FA04F001F0004121FA04F2ED
:1007880020EA020000EBD3705EEA430E08BF20EABD
:10079800D37070BD94F0000F0FD101F000464000F7
:1007A80041EB010111F4801F08BF013CF7D041EA79
:1007B800060195F0000F18BF704703F0004652007D
:1007C80043EB030313F4801F08BF013DF7D043EA4E
:1007D8000603704794EA0C0F0CEA135518BF95EA04
:1007E8000C0F0CD050EA410618BF52EA4306D1D18B
:1007F80081EA030101F000414FF0000070BD50EAAA
:10080800410606BF1046194652EA430619D094EA33
:100818000C0F02D150EA013613D195EA0C0F05D11D
:1008280052EA03361CBF104619460AD181EA030171
:1008380001F0004141F0FE4141F470014FF0000029
:1008480070BD41F0FE4141F4780170BD70B54FF0C4
:10085800FF0C4CF4E06C1CEA11541DBF1CEA135544
:1008680094EA0C0F95EA0C0F00F0A7F8A4EB050426
:1008780081EA030E52EA03354FEA013100F088801D
:100888004FEA03334FF0805545EA131343EA1263E6
:100898004FEA022245EA111545EA10654FEA00269B
:1008A8000EF000419D4208BF964244F1FD0404F554
:1008B800407402D25B084FEA3202B61A65EB0305B0
:1008C8005B084FEA32024FF480104FF4002CB6EB6D
:1008D800020E75EB030E22BFB61A754640EA0C00ED
:1008E8005B084FEA3202B6EB020E75EB030E22BF2D
:1008F800B61A754640EA5C005B084FEA3202B6EB6E
:10090800020E75EB030E22BFB61A754640EA9C002C
:100918005B084FEA3202B6EB020E75EB030E22BFFC
:10092800B61A754640EADC0055EA060E18D04FEABA
:10093800051545EA16754FEA06164FEAC30343EA5A
:1009480052734FEAC2025FEA1C1CC0D111F4801F27
:100958000BD141EA00014FF000004FF0004CB6E720
:1009680011F4801F04BF01430020B4F1FD0C88BFBF
:10097800BCF5E06F3FF6AFAEB5EB030C04BFB6EBCA
:10098800020C5FEA500C50F1000041EB045170BDBD
:100998000EF0004E4EEA113114EB5C04C2BFD4EBEA
:1009A8000C0541EA045170BD41F480114FF0000E6E
:1009B800013C90E645EA060E8DE60CEA135594EAEA
:1009C8000C0F08BF95EA0C0F3FF43BAF94EA0C0FED
:1009D8000AD150EA01347FF434AF95EA0C0F7FF462
:1009E80025AF104619462CE795EA0C0F06D152EAB6
:1009F80003353FF4FDAE1046194622E750EA41069A
:100A080018BF52EA43067FF4C5AE50EA41047FF4AA
:100A18000DAF52EA43057FF4EBAE12E74FF0FF3C0F
:100A280006E000BF4FF0010C02E000BF4FF0010CE0
:100A38004DF804CD4FEA410C7FEA6C5C4FEA430C59
:100A480018BF7FEA6C5C1BD001B050EA410C0CBFA8
:100A580052EA430C91EA030F02BF90EA020F00200A
:100A6800704710F1000F91EA030F58BF994208BF71
:100A780090422CBFD8176FEAE37040F0010070472E
:100A88004FEA410C7FEA6C5C02D150EA013C07D185
:100A98004FEA430C7FEA6C5CD6D152EA033CD3D0D0
:100AA8005DF8040B704700BF8446104662468C46CA
:100AB8001946634600E000BF01B5FFF7B7FF0028FD
:100AC80048BF10F1000F01BD4DF808EDFFF7F4FF26
:100AD8000CBF012000205DF808FB00BF4DF808EDB1
:100AE800FFF7EAFF34BF012000205DF808FB00BFD4
:100AF8004DF808EDFFF7E0FF94BF012000205DF8F6
:100B080008FB00BF4DF808EDFFF7CEFF94BF0120AA
:100B180000205DF808FB00BF4DF808EDFFF7C4FFA3
:100B280034BF012000205DF808FB00BF4FEA4102F6
:100B380012F5001215D211D56FF47873B3EB625227
:100B480012D94FEAC12343F0004343EA505311F04E
:100B5800004F23FA02F018BF404270474FF00000E0
:100B6800704750EA013005D111F0004008BF6FF01E
:100B7800004070474FF00000704700BF4A0011D294
:100B880012F5001211D20DD56FF47873B3EB6252DF
:100B98000ED44FEAC12343F0004343EA505323FAEB
:100BA80002F070474FF00000704750EA013002D160
:100BB8004FF0FF3070474FF0000070474FEA410296
:100BC800B2F1E04324BFB3F5001CDCF1FE5C0DD9A3
:100BD80001F0004C4FEAC0024CEA5070B2F1004FED
:100BE80040EB830008BF20F00100704711F0804FF0
:100BF80021D113F13872BCBF01F00040704741F4B5
:100C080080114FEA5252C2F11802C2F1200C10FAB8
:100C18000CF320FA02F018BF40F001004FEAC1239C
:100C28004FEAD32303FA0CFC40EA0C0023FA02F340
:100C38004FEA4303CCE77FEA625307D150EA013316
:100C48001EBF4FF0FE4040F44000704701F00040E6
:100C580040F0FE4040F40000704700BF53B94AB965
:100C6800002908BF00281CBF4FF0FF314FF0FF30AC
:100C780000F0B2B9ADF1080C6DE904CE00F006F849
:100C8800DDF804E0DDE9022304B070472DE9F04FF8
:100C98008C46099E04460F46002B48D18A421546C9
:100CA8005ED9B2FA82F33BB1C3F120029F409D4066
:100CB8009C4020FA02F217434FEA154E1FFA85FCB2
:100CC800220CB7FBFEF10EFB117701FB0CF042EA98
:100CD8000742904207D9AA1801F1FF3702D2904281
:100CE80000F258813946121AA4B2B2FBFEF00EFB8C
:100CF800102200FB0CFC44EA0244A4450BD92C1931
:100D080000F1FF322CBF01270027A44502D9002F8C
:100D180000F04381104640EA0140A4EB0C04002196
:100D28001EB1DC400023C6E90043BDE8F08F8B42CA
:100D380006D90EB1C6E9000100210846BDE8F08FCA
:100D4800B3FA83F1002951D16345C0F0168182427C
:100D580040F213810846002EE7D0C6E90047E4E7D1
:100D6800002A00F0AF80B2FA82F3002B40F0C28074
:100D78008A1A4FEA154EAFB20121200CB2FBFEFCD5
:100D88000EFB1C2240EA024207FB0CF090420ED9EF
:100D9800AA180CF1FF382CBF4FF001094FF00009D9
:100DA800904203D9B9F1000F00F0F080C446121A3E
:100DB800A4B2B2FBFEF00EFB102200FB07F744EAD8
:100DC8000244A7420ED92C1900F1FF322CBF4FF074
:100DD800010E4FF0000EA74203D9BEF1000F00F03C
:100DE800D2801046E41B40EA0C4099E7C1F1200587
:100DF8008B400CFA01F400FA01F922FA05F72CFAF3
:100E080005FC8A401F4320FA05F3380C23431FFAD8
:100E180087FE1C0CBCFBF0F800FB18CC44EA0C4421
:100E280008FB0EFCA4450ED93C1908F1FF3A2CBF6B
:100E38004FF0010B4FF0000BA44503D9BBF1000F95
:100E480000F0B880D046A4EB0C041FFA83FCB4FB76
:100E5800F0F300FB134403FB0EFE4CEA0444A645E2
:100E68000ED93C1903F1FF302CBF4FF0010C4FF0A5
:100E7800000CA64503D9BCF1000F00F09F80034683
:100E880043EA0840A4EB0E04A0FB02EC6445734659
:100E9800E04602D307D1F14505D2BEEB02036CEB65
:100EA800070C0138E0465EB1B9EB030264EB0804B5
:100EB80004FA05F522FA01F3CC401D43C6E90054B3
:100EC800002132E742082F464B08AC4642EAC1727D
:100ED800AE46C407110C92B241EA034142EA01420C
:100EE800B1FBF5F1B3FBF5F01F23A2EB0C0241EACD
:100EF800004142E79D40C3F1200299409C402CFAF2
:100F080002FC4FEA154E20FA02F2AFB2BCFBFEF823
:100F18000A430EFB18CC110C41EA0C4108FB07FCF4
:100F28008C4550D9691808F1FF302CBF4FF00109E2
:100F38004FF000098C4502D9B9F1000F30D0A1EB70
:100F48000C01B1FBFEF808FB07FC0EFB181192B26E
:100F580042EA0142624534D2AA1808F1FF312CBF97
:100F68004FF001094FF000096245BED2B9F1000FF8
:100F7800BBD1A8F102012A44B7E7841A6CEB03023B
:100F880001201746E7E62C4402382BE7ACF1020CA7
:100F98002A440CE702392A44A5E62C440238BAE66A
:100FA800A5EB0C0CA8F102006144B1FBFEF808FBAC
:100FB80007FCCAE7A8F102083C4444E7023B3C446A
:100FC8005EE7414691E7A1EB0C014046B1FBFEF814
:100FD80008FB07FCB9E700BF704700BF80B586B0C3
:100FE80000AF78600B467B801CF0F0FB78617B6873
:100FF8001B689B6A01333B617A693B69B2FBF3F278
:101008007B88B2FBF3F3FB607B681B68FA68013AE4
:10101800DA62FB685A1E7B68DA6000BF1837BD4683
:1010280080BD80B582B000AF7860786812F0BAF9F8
:10103800786811F0EBFE7B6800229A6200BF0837DF
:10104800BD4680BDB0B58CB000AFF860B9607A60BD
:1010580007F1100320220021184629F0E2FD7B68E1
:101068003B6104233B6200237B62BB68144A9342C2
:101078000BD10023BB614FF6FF73FB61104B9B6ADA
:10108800104A52F823307B6107E0BB680E4A93424E
:1010980003D101237B610023BB61BB689B6A5A1C97
:1010A800BB689A62FB681D4607F110040FCC0FC598
:1010B80094E80F0085E80F00F8683037BD46B0BDEA
:1010C800688E002000000020F48E002080B586B0D5
:1010D80000AFF860B9601346FB71F86811F0CCFBFB
:1010E8000023FB750AE0FB7D5B01BA6813441946CF
:1010F800F86812F03DFCFB7D0133FB75FA7DFB7946
:101108009A42F0D300BF00BF1837BD4680BD00002B
:1011180080B584B000AFF860B96011461A460B4636
:10112800FB801346BB802B4AFB681360294ABB68C7
:101138009360284AFB889381264ABB88D381254B34
:1011480001221A74234B00225A74224B1868214B2F
:101158009968204B9B891A46FB689B6A02FB03F33C
:101168001A4612F015F81B4B1B681B4A934203D111
:10117800184B1A4A5A6007E0164B1B68184A9342E4
:1011880002D1144B174A5A60124B5B68114AD28934
:1011980011461846FFF722FF0E4B5B68184621F0F0
:1011A8003DFD00BF0B4B5B68184623F009F803466A
:1011B800022BF7D000BF074B5B7C83F00103DBB247
:1011C800002BF8D1034B00225A7400BF1037BD46DC
:1011D80080BD00BF343A0020688E0020A49400200F
:1011E800F48E0020F094002080B582B000AF7860C3
:1011F8000A4B01225A747B68094A934203D1094871
:1012080021F0E5FC06E07B68074A934202D10748D3
:1012180021F0DDFC00BF0837BD4680BD343A002010
:10122800688E0020A4940020F48E0020F094002002
:1012380080B58EB000AF6423BB8542F210737B8506
:10124800002387F8373059E097F83730304A52F89A
:1012580023307B62786AFFF7E4FE3B1D2D4A796AEA
:101268001846FFF7EFFE3B1D01221946786AFFF783
:101278002DFF4FF6FF724FF00111786A13F0AEFCA4
:101288000346002B01D00FF08FFD7B8DBA8D2249CC
:10129800786AFFF73DFF00233B63002387F82F3070
:1012A8000CE097F82F301C4A52F823303A6B13445D
:1012B8003B6397F82F30013387F82F3097F82F309A
:1012C8009BB2BA8D9A42ECD8BB8D3A6BB2FBF3F362
:1012D8003B63124B1B881A4640F6B83303FB02F1F6
:1012E8003B6B9A0097F83730B1FBF2F20C4941F8A2
:1012F800232097F83730013387F8373097F837309D
:10130800012BA1D900BF00BF3837BD4680BD00BF43
:101318004000002001000080EC1A0020A507FA0B0D
:101328002C3A002080B58EB000AFB9607A601A46BA
:101338000346FB731346BB81FB7B254A52F82330D7
:101348003B63386BFFF76DFE07F11003BA68396B22
:101358001846FFF777FE07F1100301221946386B8C
:10136800FFF7B4FEB7F84030BA891A49386BFFF76F
:10137800CFFE0023FB8619E0FB8E164A52F8233075
:10138800FA7B154951F8222003FB02F2134BA3FB09
:101398000213D21A52081344D90AFB8E5B007A68EA
:1013A80013448AB21A80FB8E0133FB86FA8EBB89FE
:1013B8009A42E1D30A4A7B685361FB7B064A52F89A
:1013C8002330074A936100BF3837BD4680BD00BF50
:1013D80040000020EC1A00202C3A002001011000E7
:1013E800343A002080B582B000AF0346FB71114A41
:1013F800FB7913740F4B00225A740E4B18680D4B6F
:1014080099680C4B9B891A460A4B1B7C02FB03F319
:101418001A46084B1B689B6A02FB03F31A4611F035
:10142800B7FE044B5B68184621F0F8FB00BF08378D
:10143800BD4680BD343A002080B485B000AF034675
:10144800FB710023FB731DE0154B9A68FB7BF97950
:1014580001FB03F39B0013441B68114A926903FBC9
:1014680002F2104BA3FB0213D21A52081344D90AF2
:101478000B4B5A69FB7B5B0013448AB21A80FB7BD7
:101488000133FB73FB7B9AB2054B9B899A42DBD3F2
:1014980000BF00BF1437BD465DF8047B704700BF2E
:1014A800343A00200101100080B400AF034B5B7C8C
:1014B8001846BD465DF8047B704700BF343A0020EB
:1014C80080B582B000AF7860074A7B68136001225C
:1014D8004FF48071054816F005FB012010F096FDC9
:1014E80000BF0837BD4680BD543A002000000242C4
:1014F80080B500AF00E000BF00F00EFB0346002BF4
:10150800F9D100224FF48071024816F0EBFA00BFBF
:1015180080BD00BF0000024280B584B000AFF86013
:10152800B96011461A460B46FB8013467B714FF48F
:101538008071114816F0BEFA0346002B18D00F4BE5
:1015480000221A70FB881A46B968F86800F0FEF99C
:101558007B79002B0DD000E000BF084B1B7883F08F
:101568000103DBB2002BF7D1012010F04FFD00E0A2
:1015780000BF1037BD4680BD00000242503A00202F
:1015880080B584B000AFF860B9601346FB80FB8873
:101598001A46B968F86800F013FA00BF1037BD465C
:1015A80080BD80B582B000AF7860396039687868EE
:1015B80000F03EFA00BF0837BD4680BD80B582B056
:1015C80000AF78600B467B80064B1B687A88114613
:1015D80078689847044B01221A7000BF0837BD4647
:1015E80080BD00BF543A0020503A002080B483B038
:1015F80000AF7860044A7B68136000BF0C37BD46B3
:101608005DF8047B704700BF583A002080B400AFF3
:10161800064B1B68002B04DB044B1B680133034A91
:10162800136000BFBD465DF8047B7047480000208A
:1016380080B584B000AF0346FB71FB79002B0BD05B
:10164800134B00221A60134819F0CCFE0346002BF6
:101658001AD00FF0A9FB17E00E4819F00CFF03464B
:10166800002B01D00FF0A0FB094B1B68FB73084B44
:101678004FF0FF321A60084B1B68002B04D0064B52
:101688001B68FA7B1046984700BF1037BD4680BDDF
:1016980048000020E4910020583A002080B582B02C
:1016A80000AF0346FB80FB88082B03D10120FFF71E
:1016B800BFFF05E0FB88802B02D1002003F080FEED
:1016C80000BF0837BD4680BD80B582B000AF034675
:1016D800FB80FB88082B03D10020FFF7A9FF05E05A
:1016E800FB88802B02D1012003F06AFE00BF083777
:1016F800BD4680BD80B582B000AF786039604FF4D8
:10170800007200211F4829F08CFA4FF40072002162
:101718001D4829F086FA4FF4807200211B4829F0F1
:1017280080FA1B4A7B6813601A4A3B6813600122DF
:101738001021194816F0D6F901222021174816F071
:10174800D1F9174B1B7883F00103DBB2002B0BD0C8
:1017580014480FF03DFD14480EF0EEFE134810F04B
:10176800E5FA0F4B01221A70FF2211490F4825F0A4
:10177800DCFE0346002B01D00FF016FB00BF083734
:10178800BD4680BD5C3A00205C3D00205C3C0020EA
:10179800604100206441002000000242001802421B
:1017A8004C00002030930020D89000203C95002069
:1017B8005C3E002080B500AF174820F02DFB0346A3
:1017C800002B01D00FF0F0FA144823F09BFC0346DD
:1017D800002B01D00FF0E8FA114B1B78002B0BD02F
:1017E8000D480FF067FD0F480EF080FF0B4810F012
:1017F8000DFB0B4B00221A70002210210A4816F02C
:1018080071F900222021094816F06CF9084B0022D2
:101818001A7000BF80BD00BF309300203C950020A7
:101828004C000020D890002000000242001802421C
:101838005C3F002080B582B000AF78600B46FB703B
:10184800FB781A467968054829F02EFA034AFB788E
:1018580082F8FF3000BF0837BD4680BD5C3C0020E1
:1018680080B586B004AF03463960FB71FB799AB244
:1018780005230293022301933B68009301239021DF
:10188800034817F061F8034618460837BD4680BD7F
:10189800D890002080B586B004AF03463960FB714C
:1018A800FB799AB205230293022301933B680093C4
:1018B80001239021034817F05BF9034618460837BF
:1018C800BD4680BDD890002080B584B002AF0346E5
:1018D8003960FB710B4AFB7913703B681B889AB21D
:1018E800094B1A80074B1B781A4602230193064BB3
:1018F800009301239021054817F054FA00BF0837D8
:10190800BD4680BD684100206C410020D890002071
:1019180080B588B004AF03460A46FB8013467B7146
:101928007B79FB73FA88052302930123019307F15E
:101938000F0300930123A021034817F005F803467D
:1019480018461037BD4680BDD890002080B584B0B9
:1019580000AFF860B9601346FB80FB88BA68F96885
:10196800104828F019FF03461A460F4B1A800E4BF1
:101978001B88043B9AB20D4B1A800D4AFB68136012
:101988000C4B06221A70002210210B4816F0AAF8F8
:1019980001220849094820F06DF900BF1037BD46FB
:1019A80080BD00BF603F0020544100205C41002002
:1019B800584100205C3F0020000002423093002084
:1019C80080B586B000AFF860B9601346FB8000238D
:1019D8007B6107F11403F968184628F013FF002209
:1019E8001021114816F07EF807F11401052304228E
:1019F8000E481FF091FC0346002B01D00FF0D4F9DC
:101A0800FA880523B96809481FF09AFE0346002B97
:101A180001D00FF0C9F901221021034816F062F82D
:101A280000BF1837BD4680BD000002423093002039
:101A380080B588B000AF7860396007F110030022E4
:101A48001A601A710023FB7307F10F0207F11000E7
:101A58000123796828F0A0FE0623BB730022102119
:101A68002A4816F03FF807F10E01052301222848FD
:101A78001FF052FC0346002B01D00FF095F901220C
:101A88001021224816F02EF81BF0A0FE0346214A2A
:101A9800A2FB03231B0DFB6102E0FB69013BFB6119
:101AA800FB69002BF9D100221021184816F01AF80A
:101AB80007F110010523052215481FF02DFC0346E8
:101AC800002B01D00FF070F97B680133BB610EE089
:101AD80007F10F01052301220D481FF01DFC0346E5
:101AE800002B01D00FF060F9BB690133BB617A6844
:101AF8003B681344BA699A42EAD301221021034889
:101B080015F0F0FF00BF2037BD4680BD000002423F
:101B18003093002083DE1B4380B483B000AF0023E2
:101B2800FB71064B1B78002B01D00123FB71FB795D
:101B380018460C37BD465DF8047B70475C3F0020B3
:101B480080B582B000AF78600B467B8000222021F0
:101B58000B4815F0C7FF7A880A23796809481FF0EF
:101B6800DBFB0346002B01D00FF01EF901222021D8
:101B7800034815F0B7FF00BF0837BD4680BD00BF5A
:101B8800001802423093002080B584B000AF78601E
:101B98000023FB7300222021134815F0A3FF07F14F
:101BA8000F010523012211481FF0CAFD0346002B2F
:101BB80001D00FF0F9F8FB7B002B0BD0FB7B1A460A
:101BC8000A23796809481FF0BBFD0346002B01D0A2
:101BD8000FF0EAF801222021034815F083FFFB7B70
:101BE80018461037BD4680BD0018024230930020C9
:101BF80080B582B000AF0346FB71174B1B78FA79AA
:101C08009A4225D000224FF48061144815F06AFFEB
:101C180000224FF40071114815F064FF0A2010F0FB
:101C2800F5F9FB791A464FF480610C4815F05AFF14
:101C3800FB7983F00103DBB21A464FF400710748C1
:101C480015F050FF642010F0E1F9034AFB79137096
:101C580000BF0837BD4680BD6E4100200018024213
:101C680080B586B004AF3A601A460346FB710B464E
:101C7800BB711346BB80FB7999B2BB799AB20A2330
:101C88000293BB8801933B6800930123034816F035
:101C98005BFE034618460837BD4680BD2C910020E0
:101CA80080B586B004AF3A601A460346FB710B460E
:101CB800BB711346BB80FB7999B2BB799AB20A23F0
:101CC8000293BB8801933B6800930123034816F0F5
:101CD8004FFF034618460837BD4680BD2C910020AB
:101CE80080B582B000AF0023FB7100E000BFFFF7B2
:101CF80013FF0346002BF9D11021464815F0DAFEF0
:101D08000346012B0AD1012010F080F94248FFF761
:101D18003BFF0346DAB2414B83F8FF213F4B93F870
:101D2800FF31002B0ED03E4B1B683C4A3D493A48D8
:101D3800984703461A46394B83F8FF200123FB7165
:101D480000E000BFFFF7E8FE0346002BF9D14FF48F
:101D58008051304815F0AEFE0346012B29D11021E1
:101D68002C4815F0A7FE0346002B22D12B4B93F8E5
:101D7800FF30002B0BD0294B93F8FF30194627482A
:101D8800FFF7DEFE254B002283F8FF2011E0264BEB
:101D980093F8FF30002B0BD0234B93F8FF301946F4
:101DA8002148FFF7CDFE204B002283F8FF2000E0FA
:101DB80000BF1E4B93F8FF31002B0CD0184B1B684B
:101DC8001A4A1B491B48984703461A46174B83F87B
:101DD800FF200123FB71154B93F8FF30002B10D027
:101DE800124B93F8FF301A461049134823F0E6F8CF
:101DF8000346002B01D00EF0D7FF0C4B002283F8CE
:101E0800FF20012010F002F9FB7918460837BD467B
:101E180080BD00BF001802425C3B00205C3A0020F5
:101E2800604100205B3C00205C3C00205C3D0020C1
:101E38005B3F00205C3E00203C95002080B582B0CE
:101E480000AF7860786820F0DDF80346002B01D0F9
:101E58000EF0AAFF00BF0837BD4680BD80B582B02E
:101E680000AF78607B680D4A934212D14FF400723C
:101E780000210B4828F0D5FE01222021094815F041
:101E880031FE01221021084815F02CFE074B0022D4
:101E98001A7000BF0837BD4680BD00BF30930020D0
:101EA8005C3A002000180242000002425C3F002019
:101EB80080B584B000AF78607B68284A934247D1E8
:101EC8001021274815F0F6FD0346002B41D10122C9
:101ED8001021234815F006FE224B1B78062B23D130
:101EE800204B02221A701BF071FC03461E4AA2FB0B
:101EF80003231B0DFB6002E0FB68013BFB60FB68F2
:101F0800002BF9D100221021154815F0EBFD174BD5
:101F18001B881A46164911481FF0ACFE0346002BD1
:101F280017D00EF041FF14E00E4B1B78022B0BD19B
:101F38000C4B00221A700F4B1B680F4A12680F498E
:101F480009881046984704E0064B00221A7000E002
:101F580000BF00BF1037BD4680BD00BF30930020D2
:101F6800000002425C3F002083DE1B4354410020F6
:101F7800603F002064410020584100205C4100205F
:101F880080B582B000AF7860786823F095F9034691
:101F9800002B01D00EF008FF00BF0837BD4680BDFA
:101FA80080B582B000AF78607B680A4A93420DD151
:101FB800094B002283F8FF21FF220849054825F034
:101FC800B4FA0346002B01D00EF0EEFE00BF08372E
:101FD800BD4680BD3C9500205C3D00205C3E002055
:101FE80080B582B000AF78600B467B807B680B4A77
:101FF80093420ED17B88DAB2094B83F8FF21FF2286
:102008000849064825F091FA0346002B01D00EF046
:10201800CBFE00BF0837BD4680BD00BF3C95002001
:102028005C3D00205C3E002080B582B000AF0346D6
:10203800FB71074819F0ABF80346002B01D00EF0EE
:10204800B3FE044AFB79137000BF0837BD4680BD54
:10205800809100206F41002080B500AF044819F03E
:1020680096F80346002B01D00EF09EFE00BF80BDFF
:102078008091002080B582B000AF7860094B1B7852
:1020880083F00103DBB2002B07D0786819F07FF8E2
:102098000346002B01D00EF087FE00BF0837BD466F
:1020A80080BD00BF6F41002084B0B0B582B000AFE2
:1020B80007F1180484E80F000023FB71354B002258
:1020C8001A70354B1B68354A1360354B1B68334A09
:1020D8005360344B1B68314A9360304B07F1180248
:1020E8005A622E4A07F1380393622C4A07F15803C3
:1020F800D3622A4B2C4ADA61284B2C4A1A6241F2E5
:10210800883226492A4819F062FC0346002B01D080
:102118000EF04AFE264819F06EFC0346012B2ED11C
:10212800244B1D4607F1180420686168A268E3681B
:102138000FC520696169A269E3690FC51D4B03F1E9
:10214800200407F1380528686968AA68EB680FC495
:1021580028696969AA69EB690FC4164B03F1400441
:1021680007F1580528686968AA68EB680FC42869E8
:102178006969AA69EB690FC40123FB7101E00023B7
:10218800FB71FB7918460837BD46BDE8B04004B07E
:10219800704700BF7842002088C80208500000201D
:1021A80000C8020824C8020874C6020894C60208B7
:1021B800D49200201842002080B586B002AF786023
:1021C8007B68002B71D03E4B00221A603D4A7B6829
:1021D80013607B68013BFB608023BB6023E0FFF753
:1021E8003BFF374B1B6803F58023BA6892B2364928
:1021F8001846FFF7C5F900E000BF344815F044FD64
:102208000346012BF8D1BA682F49304816F0D7FA9F
:102218000346002B01D00EF0C7FD294B1A68BB6896
:102228001344274A1360264B1B68FA68D31ABA6806
:102238009A42D4D3224B1B687A68D31ABB60204BCE
:102248001B6803F58023BA6892B21F491846FFF746
:1022580097F90A2300931E4BBA681B491B4816F0CE
:10226800C0FA0346002B01D00EF09EFD202218492B
:10227800184828F0ADFC0346002B03D1164B00226A
:102288001A700AE0242200210E4828F0CAFC124BDA
:102298001B780133DAB2104B1A7001232422094942
:1022A8004FF40020FFF738F905E00B4B1B7801339A
:1022B800DAB2094B1A70084B18461037BD4680BD74
:1022C80070410020F44100207441002094900020C7
:1022D800F8410020584200207842002080B58CB098
:1022E80002AF7860396007F1080320220021184600
:1022F80028F097FC1A4B1B884FF6FF7293420ED0BA
:10230800174B1B88002B07D0154B1B889B025B08BB
:1023180003F10063194604E04FF0016101E04FF05A
:10232800016107F108030A2200927A680D4816F045
:102338002FFA0346002B01D00EF036FD07F10803F3
:1023480020223968184628F043FC0346002B01D1A7
:10235800012300E0002318462837BD4680BD00BF92
:10236800A007FA0B9490002084B0B0B590B000AFED
:1023780007F1500484E80F00464B1B68464A136077
:10238800464B1B68444A5360454B1B68424A93605E
:10239800414B07F150025A623F4A07F170039362BA
:1023A8003D4A07F19003D3623E4B3C461D460FCD94
:1023B8000FC495E80F0084E80F003A4B07F120049A
:1023C80003F120050FCD0FC495E80F0084E80F0036
:1023D800314A3B46D361304A3B462033136241F2CF
:1023E80088322D49304819F0F2FA0346002B01D003
:1023F8000EF0DAFC2C4819F0FEFA0346012B01D145
:10240800FF2340E03B4640221946284802F0D7FB0C
:10241800214A3B46D361204A3B462033136241F2AE
:1024280088321D49204819F0D2FA0346002B01D002
:102438000EF0BAFC1C4819F0DEFA0346012B01D154
:10244800022320E03B4640221946194802F0B7FB18
:10245800114A3B46D361104A3B462033136241F28E
:1024680088320D49104819F0B2FA0346002B01D002
:102478000EF09AFC0C4819F0BEFA0346012B01D164
:10248800012300E0002318464037BD46BDE8B040B0
:1024980004B0704788C802085000002000C802082D
:1024A80024C8020874C60208D492002028C302086F
:1024B80030C3020880B586B000AF3B1D83E8070033
:1024C8000023FB750023BB753B79503B052B00F2BD
:1024D8008F8001A252F823F0F92400083B25000858
:1024E8006125000887250008AD250008D3250008C8
:1024F8007B79002B7ED10123FB750223BB753B7BC7
:10250800FA7D9A4276D83B7BBA7D9A4272D3BB68F1
:102518001B787B757B7D184600F022F93B7B022BEC
:1025280068D1BB685B783B753B7D184600F03AF98B
:1025380060E07B79002B5FD10023FB750023BB751E
:102548003B7BFA7D9A4257D83B7BBA7D9A4253D35C
:10255800012000F005F94FE07B79002B4ED10023D4
:10256800FB750023BB753B7BFA7D9A4246D83B7BC3
:10257800BA7D9A4242D3002000F0F2F83EE07B791F
:10258800002B3DD10023FB750023BB753B7BFA7DF7
:102598009A4235D83B7BBA7D9A4231D3002000F06D
:1025A800DFF82DE07B79002B2CD10023FB7500236D
:1025B800BB753B7BFA7D9A4224D83B7BBA7D9A4215
:1025C80020D3144B01221A701CE07B79002B1BD1FD
:1025D8000023FB750023BB753B7BFA7D9A4213D819
:1025E8003B7BBA7D9A420FD30B4B01221A700BE04A
:1025F80000BF0AE000BF08E000BF06E000BF04E03B
:1026080000BF02E000BF00E000BF00BF1837BD46B2
:1026180080BD00BF7B4200207C42002080B584B092
:1026280000AF0346FB71354BFF221A70FFF714FD0C
:10263800FFF7C0F801224FF40061314815F052FA53
:10264800002240212F4815F04DFA64200FF0DEFCDF
:10265800FB79002B4DD02C4800F080FA0122402154
:10266800284815F03FFA00224FF40061244815F07D
:1026780039FA64200FF0CAFC24492548FFF73AF8D4
:102688000A200FF0C3FCFFF7E7FC0023FB732CE0E4
:10269800002240211B4815F025FA32200FF0B6FC25
:1026A80001224021174815F01DFAC8200FF0AEFC92
:1026B800FFF7D2FC4FF48051124815F0FBF903469E
:1026C800002BE5D000F082F80023FB7302E0FB7BCF
:1026D8000133FB73FFF704FB034683F00103DBB20E
:1026E800002B02D0FB7B632BF1D9044B1B78FF2B0B
:1026F800E0D000BF1037BD4680BD00BF8400002079
:102708000000024200180242BD240008C515000856
:10271800852B000880B586B000AF786051233B73E5
:102728007B683B6129233B7507F10C0393E807009D
:1027380000F0AEFA00BF1837BD4680BD80B584B042
:1027480000AF53233B710023BB6000233B733B1D49
:1027580093E8070000F09CFA00BF1037BD4680BD23
:1027680080B483B000AF0346FB71074B1B78FA793E
:102778009A4202D0044AFB79137000BF0C37BD4659
:102788005DF8047B704700BF8400002080B400AF70
:10279800034B1B781846BD465DF8047B704700BFA5
:1027A8008400002080B483B000AF0346FB71FB793E
:1027B800002B02D0044AFB79137000BF0C37BD46CA
:1027C8005DF8047B704700BF7942002080B584B073
:1027D80000AF50233B710023BB6000233B733B1DBC
:1027E80093E8070000F054FA00BF1037BD4680BDDB
:1027F80080B584B000AF094B00221A7055233B7195
:102808000023BB6000233B733B1D93E8070000F0E7
:102818003FFA00BF1037BD4680BD00BF7C42002094
:1028280080B500AF0E4B1B68002B04DD0C4B1B68FA
:10283800013B0B4A13600A4B1B68002B0ED1094859
:1028480018F019FE0346002B01D00EF0ADFA044B28
:102858004FF0FF321A60044B00221A7000BF80BD8F
:1028680088000020349200207A42002080B400AF13
:10287800074B1B68002B05DD064B1B78042B01D981
:10288800012300E000231846BD465DF8047B70472D
:10289800880000207A42002080B588B000AF034647
:1028A800FB714FF000024FF00003C7E9042307F162
:1028B800100308221946264802F081F9D7E90423B3
:1028C80010461946FEF75AF90346FB774FF0000207
:1028D8004FF00003C7E9022307F10803082219464D
:1028E8001C4802F06CF9D7E9022310461946FEF796
:1028F80045F90346BB77FA79FB7F9A4224D3FA79E4
:10290800BB7F9A4220D80021134800F0DFFB134B0D
:102918001B780133DAB2114B1A70104B1B78012B5C
:102928000BD10F4B0A221A600E4818F05BFD0346C4
:10293800002B09D00EF038FA06E0084B1B78052B5F
:1029480002D1074B0A221A6000BF2037BD4680BD5E
:1029580038C3020840C3020848C302087A4200206C
:10296800880000203492002080B584B000AF7860E1
:102978000B46FB700023FB7300237B81FB78023B33
:102988001A467968104828F08FF9FB78023B7A6874
:1029980013441B889BB27B81FB78023B1A460A4989
:1029A8000A4812F023FD0346BB817B89BA899A4203
:1029B80002D10123FB7301E00023FB73FB7B184664
:1029C8001037BD4680BD00BF8842002070900020AF
:1029D80090B583B000AF78600B46FB70124B1B6854
:1029E800002B1CD07B681A78104B1A707B689A7879
:1029F8000E4B5A700D4B00225A607B685A780B4B6D
:102A08001A720A4B1B7A002B03D07B680333074AE0
:102A18005360054B1C68054B93E80700A04700BFAF
:102A28000C37BD4690BD00BF844200207C43002087
:102A3800B0B58AB000AFF8610B467A61FB76FB69E6
:102A48001A78394B1A70384BF2225A70364B0022DA
:102A58005A60354B00221A72344B1B68002B1FD06A
:102A6800FB691A78324B1A70314B00225A60FB69A5
:102A78005A782F4B1A722E4B1B7A002B03D0FB6906
:102A880002332B4A5360294B1C68274D3846284B84
:102A98000ECBA0472C463B4693E8070084E8070086
:102AA800214B1B7A053387F827301F4B1A787B692F
:102AB8001A707B6901331C4A127A1A707B690233D7
:102AC800194A52781A70184B1B7A002B0CD0164BE7
:102AD8005B68002B08D07B690333134A5168124A9C
:102AE800127A184628F0E0F897F82730023B1A4681
:102AF8007969104828F0D8F897F82730023B1A4629
:102B08000C490D4812F072FC03469BB2BB8497F83F
:102B18002730023B7A691344BA8C1A8097F8273019
:102B280018462837BD46B0BD7C43002080420020AF
:102B380088430020884200207090002080B483B031
:102B480000AF7860044A7B68136000BF0C37BD464D
:102B58005DF8047B704700BF8042002080B483B0DA
:102B680000AF7860044A7B68136000BF0C37BD462D
:102B78005DF8047B704700BF8442002080B586B0B2
:102B880000AFF860B9607A600023FB750023BB755D
:102B9800FB685B787B757B7DEF2B23D87B7D0533CA
:102BA800DBB21946F868FFF7DFFE0346002B19D0A1
:102BB8007B7D0533BB75BB7D1946F868FFF708FFB9
:102BC800BB7DFA68D118BB7DC3F1FF031A46F868CC
:102BD80028F00EF8BB681A78BB7DD31ADAB2BB6846
:102BE8001A704BE07B7DF02B26D87B7D0433DBB25B
:102BF8001946F868FFF7B8FE0346002B1CD07B7D0A
:102C08000433BB75BB7D7A681946F868FFF710FF77
:102C18000346FB75BB7DFA68D118BB7DC3F1FF0382
:102C28001A46F86827F0E4FFBB681A78BB7DD31A08
:102C3800DAB2BB681A7021E0FB681A787B681A70F0
:102C48007B68013300221A707B680233F0221A7005
:102C5800032279680C4828F027F803220A490B4810
:102C680012F0C4FB03469BB27B827B6803337A8AEB
:102C78001A800523FB75BB6800221A70FB7D184675
:102C88001837BD4680BD00BF8842002070900020E4
:102C980080B5C2B000AF07F58473A3F5827383E8EB
:102CA800070007F58473A3F582731B783B7507F556
:102CB8008473A3F582731B7A7B7507F58473A3F578
:102CC80082731B7A002B17D007F58473A3F58273E0
:102CD8005B68002B10D007F58473A3F582735968DD
:102CE80007F58473A3F582731B7A1A4607F1140358
:102CF8000233184627F0D8FF07F58473A3F58273CB
:102D08001B7A9A1C07F114031946174827F0CCFFC1
:102D180007F58473A3F582731B7A02331A461249A6
:102D2800124812F063FB03469BB27B8207F584735B
:102D3800A3F582731B7A023307F1140213447A8ACB
:102D48001A8007F58473A3F582731B7A0433DAB209
:102D580007F1140311461846FEF76CFD00BF07F58E
:102D68008477BD4680BD00BF884200207090002057
:102D780080B5C2B000AF07F58473A3F5827383E80A
:102D8800070007F58473A3F582731B783B7507F575
:102D98008473A3F582731B7A7B7507F58473A3F597
:102DA80082735B78BB7507F58473A3F582731B7A0E
:102DB800002B17D007F58473A3F582735B68002B8B
:102DC80010D007F58473A3F58273596807F58473E7
:102DD800A3F582731B7A1A4607F1140303331846C6
:102DE80027F062FF07F58473A3F582731B7ADA1C58
:102DF80007F114031946174827F056FF07F584739F
:102E0800A3F582731B7A03331A461249124812F04B
:102E1800EDFA03469BB27B8207F58473A3F58273B0
:102E28001B7A033307F1140213447A8A1A8007F5D0
:102E38008473A3F582731B7A0533DAB207F114039E
:102E480011461846FEF7F6FC00BF07F58477BD4625
:102E580080BD00BF8842002070900020B0B596B0B9
:102E680000AF786007F13C030022194672481DF054
:102E7800BDFD0346002B01D00DF096FF07F1380386
:102E8800002219466C481DF0A9FE0346002B01D00C
:102E98000DF08AFF97F83B3087F8303097F83930D3
:102EA80087F8313097F83A3087F8323097F83C3065
:102EB80087F8333097F83D3087F8343097F83E304C
:102EC80087F835303B6CDBB2DB43DBB287F8363052
:102ED8007B68002B0BD07A6807F130031068186004
:102EE8009188927999809A71544B7B6507E04FF4E9
:102EF80000720021524827F094FE514B7B65514BDC
:102F080007F114041D460FCD0FC495E8070084E8A7
:102F180007004D4A07F10C0392E8030018600433D8
:102F2800198002330A0C1A70002387F853303EE0E8
:102F380097F8533007F10C021A4407F114031146AD
:102F4800184627F076FE034687F8523097F8533034
:102F580058333B4413F8283C3C4AA2FB0323DB08C4
:102F6800DAB297F852303032D2B258333B4403F8D1
:102F7800442C97F8533058333B4413F8282C334BE0
:102F8800A3FB0213D9080B469B000B445B00D31A22
:102F9800DAB297F8523001333032D2B258333B4468
:102FA80003F8442C97F85330013387F8533097F8D7
:102FB8005330062BBCD997F83630254AA2FB032399
:102FC8005B09DBB23033DBB287F82A3097F836304A
:102FD8001F4AA2FB03125209642101FB02F29B1A49
:102FE800DBB21A4AA2FB0323DB08DBB23033DBB2C5
:102FF80087F82B3097F83620144BA3FB0213D90817
:103008000B469B000B445B00D31ADBB23033DBB2B8
:1030180087F82C307B6D1D4607F114040FCC28600F
:103028006960AA60EB6007CC28616961AA611B230B
:1030380018465837BD46B0BD00930020984500207B
:103048009843002050C302086CC30208CDCCCCCCF6
:103058001F85EB5180B584B000AF78600B467B804C
:103068007B68FB600A4B1A687B881344B3F5003F02
:1030780002D3074B00221A60054B18687A88002390
:10308800F968FEF749FA00BF1037BD4680BD00BF9A
:103098009443002080B500AF04220B494FF4003060
:1030A800FEF76EFA084B1B68B3F5003F09D3064BD1
:1030B80000221A600023042203494FF40030FEF76F
:1030C8002BFA00BF80BD00BF9443002080B584B0B8
:1030D80000AF786039600020FFF7C0FE0346FB812F
:1030E800FB89144A134404221349184627F0DCFDCF
:1030F800FB890433FB81FB890E4A13440522796856
:10310800184627F0D1FDFB890533FB81FB89094A65
:1031180013440A4A1188927819809A70FB890333FC
:10312800FB81FB8919460348FFF794FF00BF10375E
:10313800BD4680BD9843002074C30208B4C6020887
:1031480090B589B000AF03460A46FB801346BB80A2
:103158000020FFF783FE0346FB83FB8B5F4A134483
:1031680004225F49184627F09FFDFB8B0433FB833D
:103178005C4B07F10C040FCB07C4238002341B0CF3
:103188002370594A07F1080312681146198002335F
:10319800120C1A7007F1080207F10C0311461846C1
:1031A80027F047FD03467B77FB88504AA2FB0312B2
:1031B800520B42F2107101FB02F29B1A9BB24C4A6D
:1031C800A2FB03239B099BB2DAB27B7F3032D2B2D7
:1031D80020333B4403F8142CFB88454AA2FB031216
:1031E80092094FF47A7101FB02F29B1A9BB2414A91
:1031F800A2FB03235B099BB2DAB27B7F0233303236
:10320800D2B220333B4403F8142C07F108035A1CAC
:1032180007F10C031146184627F00BFD03467B7790
:10322800BB88324AA2FB0312520B42F2107101FB17
:1032380002F29B1A9BB22E4AA2FB03239B099BB264
:10324800DAB27B7F3032D2B220333B4403F8142CFD
:10325800BB88274AA2FB031292094FF47A7101FB3B
:1032680002F29B1A9BB2234AA2FB03235B099BB27F
:10327800DAB27B7F02333032D2B220333B4403F8D8
:10328800142CFB8B154A9C1807F10C031846FCF705
:10329800EFFF024607F10C031946204627F004FD0C
:1032A80007F10C031846FCF7E3FF03469AB2FB8BC1
:1032B8001344FB83FB8B094A13440F4A1188927805
:1032C80019809A70FB8B0333FB83FB8B19460348E9
:1032D800FFF7C0FE00BF2437BD4690BD98430020CD
:1032E8007CC3020884C3020894C302085917B7D1E3
:1032F800D34D62101F85EB51B4C60208B0B588B033
:1033080000AF78600020FFF7A9FD0346BB83BB8BA5
:103318007D4A134404227D49184627F0C5FCBB8B1F
:103328000433BB837A4B07F10C040FCB07C423701B
:1033380058233B8107F1080207F10C031146184690
:1033480027F077FC0346FB767A68724BA3FB0213DF
:103358009B0D714901FB03F3D31A704AA2FB0323A7
:103368009B0CDAB2FB7E3032D2B220333B4403F8F6
:10337800142C7A68694BA3FB02139B0C684901FB68
:1033880003F3D31A5B09674AA2FB0323DB09DAB20A
:10339800FB7E02333032D2B220333B4403F8142C84
:1033A8007A6853095F49A1FB0313DB095E4901FBF6
:1033B80003F3D31A5D4AA2FB03235B0BDAB2FB7E4D
:1033C80003333032D2B220333B4403F8142C7A68EA
:1033D800564BA3FB02135B0B42F2107101FB03F384
:1033E800D31A534AA2FB03239B09DAB2FB7E0433A8
:1033F8003032D2B220333B4403F8142C7A684C4B59
:10340800A3FB02139B094FF47A7101FB03F3D31A50
:10341800484AA2FB03235B09DAB2FB7E063330324B
:10342800D2B220333B4403F8142C7A68414BA3FBF7
:1034380002135B09642101FB03F3D31A3E4AA2FB82
:103448000323DB08DAB2FB7E07333032D2B22033F3
:103458003B4403F8142C7968374BA3FB0123DA08A3
:1034680013469B0013445B00CA1AD2B2FB7E083392
:103478003032D2B220333B4403F8142C0023FB77BC
:1034880002E0FB7F0133FB77FB7F20333B4413F8DB
:10349800143C302BF5D0FB7F20333B4413F8143C0D
:1034A8002C2BEED0BB8B184A9C18FB7F07F10C0223
:1034B800D51807F10C031846FCF7DAFE0246FB7F25
:1034C800D31A1A462946204627F0EEFB07F10C03CB
:1034D8001846FCF7CDFE03469AB2BB8B1344BB8358
:1034E800BB8B094A1344154A1188927819809A703F
:1034F800BB8B0333BB83BB8B19460348FFF7AAFD7D
:1035080000BF2037BD46B0BD9843002098C30208CD
:10351800A0C302086BCA5F6B8096980083DE1B43CA
:1035280040420F00C55A7C0AA08601005917B7D13E
:10353800D34D62101F85EB51CDCCCCCCB4C602085C
:10354800B0B594B000AFF8607A601A460B46FB72CB
:1035580013463B810020FFF781FC0346A7F84E3055
:10356800B7F84E30B04A13440422B049184627F041
:103578009BFBB7F84E300433A7F84E30AC4A07F13E
:10358800400392E8030018600433198002330A0CE0
:103598001A70FB681B68C7F84130B7F84E30A24A6A
:1035A800134407F140010622184627F07DFBB7F8BF
:1035B8004E300633A7F84E30FB7A022B40F0DA8003
:1035C8004FF000024FF00003C7E90E237B681C6828
:1035D8005D6822462B46C7E90E23D7E90E014FF056
:1035E8000002944BFDF708F802460B46C7E90E2384
:1035F800D7E90E2310461946FDF7C0FA0346A7F887
:103608004A308D4A07F12C0307CA03C31A800233D4
:10361800120C1A7078233B8507F1280207F12C0356
:103628001146184627F005FB034687F84930B7F8D6
:103638004A2053098149A1FB0313DB09804901FB97
:1036480003F3D31A7F4AA2FB03235B0BDAB297F882
:1036580049303032D2B250333B4403F8242CB7F807
:103668004A30784AA2FB0312520B42F2107101FB56
:1036780002F29B1A9BB2744AA2FB03239B099BB2DA
:10368800DAB297F8493001333032D2B250333B4482
:1036980003F8242CB7F84A306B4AA2FB03129209AC
:1036A8004FF47A7101FB02F29B1A9BB2674AA2FBA4
:1036B80003235B099BB2DAB297F849300233303200
:1036C800D2B250333B4403F8242CB7F84A305F4A4F
:1036D800A2FB03125209642101FB02F29B1A9BB25E
:1036E8005B4AA2FB0323DB089BB2DAB297F84930A6
:1036F80003333032D2B250333B4403F8242C97F8CA
:103708004930043350333B442E2203F8242CB7F8B5
:103718004A204F4BA3FB0213D9080B469B000B44CE
:103728005B00D31A9BB2DAB297F8493005333032CE
:10373800D2B250333B4403F8242CB7F84E303A4AFF
:103748009C1807F12C031846FCF792FD024607F176
:103758002C031946204627F0A7FA07F12C03184630
:10376800FCF786FD03469AB2B7F84E301344A7F823
:103778004E3041E0374B07F114041D460FCD0FC4FE
:103788002B682370344A07F1100312681146198018
:103798000233120C1A700023A7F84C3027E0B7F850
:1037A8004C307A6813441B781B09DBB250333B4416
:1037B80013F83C3C3B74B7F84C307A6813441B78D8
:1037C80003F00F0350333B4413F83C3C7B74B7F8C9
:1037D8004E30154A13443A8A1A80B7F84E300233ED
:1037E800A7F84E30B7F84C300133A7F84C30B7F88B
:1037F8004C203B899A42D2D3B7F84E300A4A134438
:10380800164A1188927819809A70B7F84E300333A7
:10381800A7F84E30B7F84E3019460348FFF71AFCA0
:1038280000BF5037BD46B0BD98430020B0C3020862
:10383800B8C3020800002440C0C30208C55A7C0A65
:10384800A08601005917B7D1D34D62101F85EB51DF
:10385800CDCCCCCCCCC30208E0C30208B4C6020865
:1038680080B586B000AF78600023FB754FF4007216
:103878000021204827F0D5F90023FB811D4BBB60B0
:10388800FB89BA68134404221B49184627F00CFA2E
:10389800FB890433FB81FB89BA68134405227968E4
:1038A800184627F001FAFB890533FB8100233B61A9
:1038B80016E0FB891A4611493869FDF761FEFB8954
:1038C8001A460E49B86827F083F90346002B02D13F
:1038D8000123FB7508E0FEF7BFFB3B6901333B6141
:1038E8003B69B3F5003FE4D3FB7D18461837BD4666
:1038F80080BD00BF9843002074C30208984500208B
:1039080080B588B000AF786039600023FB777868AD
:10391800FFF7A4FA03463B823D4BFB603D4B1B6817
:10392800BB613B8A1A46F9683B4827F051F90346C0
:10393800002B02D1394B1B68BB610023BB600023FD
:103948007B615CE0BA697B691344C3F31003BB6015
:1039580001223968B868FDF713FE3B681B785B2BBA
:1039680048D13B8A1A463968B868FDF709FE3B8A90
:10397800013B3A6813441B785D2B3BD13B8A1A46BE
:10398800F968386827F024F90346002B32DD3B8AB2
:10399800FB770023FB742AE0FEF75EFBFA7FBB6827
:1039A800D018FB7F3A68134401221946FDF7E8FD59
:1039B800FB7F3A6813441B780A2B05D0FB7F3A68D3
:1039C80013441B78002B0CD13B8A1A4639681248DD
:1039D80027F06AF9114ABB681360FB7F0133DBB239
:1039E80012E0FB7F0133FB77FB7C0133FB74FB7C2C
:1039F800EE2BD1D9FEF730FB7B6901337B617B6904
:103A0800B3F5003F9ED3002318462037BD4680BD3E
:103A180098450020944300208C00002098470020FF
:103A280080B500AFFEF718FB4FF400310020FDF71A
:103A3800B8FD04214FF40030FDF7B3FD0422002146
:103A4800034827F0EEF8024B00221A6000BF80BD41
:103A58009443002080B582B000AF78600B467B802D
:103A68007B68B3F5003F0DD2084B1A687B88134476
:103A7800013B064A13600023042204494FF4003036
:103A8800FDF74AFD00BF0837BD4680BD94430020BE
:103A980080B582B000AF0346FB71FB791A4604215A
:103AA800034814F01FF800BF0837BD4680BD00BFAB
:103AB8000000024280B588B002AF786039606423A4
:103AC80000936423224A23490020FDF72BFC64233A
:103AD80000936423204A21490020FDF723FC00239A
:103AE8007B6100233B610023FB7312E0FB7B184AD8
:103AF80032F813301A467B6913447B61FB7B164A04
:103B080032F813301A463B6913443B61FB7B01339F
:103B1800FB73FB7B632BE9D97B69114AA2FB032367
:103B28005B097B613B690E4AA2FB03235B093B618E
:103B38007B699BB25B009AB27B681A803B699BB237
:103B48005B009AB23B681A8000BF1837BD4680BD3B
:103B58009C47002020000014644800204000001802
:103B68001F85EB5180B582B000AF0346FB71FB792E
:103B78001A460421034813F0B5FF00BF0837BD46B5
:103B880080BD00BF0014024290B583B000AF044668
:103B9800084611461A462346FB710346BB710B467D
:103BA8007B7113463B71FB791A4602210C4813F0CE
:103BB80099FFBB791A460821094813F093FF7B79CE
:103BC8001A461021064813F08DFF3B791A46012149
:103BD800034813F087FF00BF0C37BD4690BD00BFF8
:103BE800001402420000000080B586B000AF786083
:103BF80039603868FCF786FC1AA3D3E90023FCF780
:103C0800FBFC02460B46C7E902237868FCF77AFCFE
:103C1800D7E90223FCF7F0FC02460B46104619468A
:103C28004FF000020E4BFCF731FB02460B461046E4
:103C38001946FCF7A3FF03467B617B69002B02D181
:103C480001237B6106E07B69B3F5FA6F02D94FF473
:103C5800FA637B617B699BB218461837BD4680BD05
:103C68000000E03F8DEDB5A0F7C6B03E80B586B048
:103C780002AFF860B96011461A460B46FB8013463E
:103C8800BB80FA88BB8800931346BA68F96801209C
:103C9800FDF748FB00BF1037BD4680BD000000009F
:103CA80080B58AB000AF78600B467B8013463B80B6
:103CB8007B687B614FF000024FF00003C7E90823DF
:103CC8000223FB747B885B083B823B885B08FB8193
:103CD8000023FB7644E00023FB834FF6FF73BB838E
:103CE800FB7E9BB23A8A12FB03F39AB2FB89134418
:103CF800BB813B8A5B089AB2BB8913447B81BB8931
:103D08003B8316E03B8B5B007A6913441B88FA8B74
:103D1800934238BF1346FB833B8B5B007A6913449D
:103D28001B88BA8B934228BF1346BB833B8B013356
:103D38003B833A8B7B899A42E4D3FA8BBB8BD31AA9
:103D48001846FCF7EFFB02460B46D7E90801FCF7DB
:103D58009DFA02460B46C7E90823FB7E0133FB7632
:103D6800FA7EFB7C9A42B6D3FB7C1846FCF7CAFB6A
:103D780002460B46D7E90801FCF768FD02460B46E8
:103D8800C7E9082308A3D3E90023D7E90801FCF70A
:103D980033FC02460B4643EC172BB0EE470AF0EE15
:103DA800670A2837BD4680BDAAAAAAAAAAAAEA3FD6
:103DB8002DE9B04F90B000AF87ED020B87ED001BE7
:103DC8004FF000027A4BD7E90201FCF73FFD0246AB
:103DD8000B46104619466CA3D3E90023FCF736FDC1
:103DE80002460B46C7E90A234FF000024FF00003D2
:103DF800D7E90A01FCF77CFE0346002B04D04FF0FC
:103E080000024FF00003B3E061A3D3E90023D7E930
:103E18000A01FCF7F1FB02460B46C7E90E23002313
:103E280087F837308EE0D7E90E23D7E90A01FCF787
:103E38000DFD02460B4610461946FCF7BFFE034629
:103E480000EE103A26F03EFFF0EE407A9FED597AE8
:103E580067EE877A17EE900AFCF776FB804689466C
:103E68004DA3D3E90023D7E90E01FCF7C5FB0246B1
:103E78000B4692469B464FF000024D4BD7E90A018C
:103E8800FCF7BAFB02460B4650465946FCF7FCF9CC
:103E980002460B4640464946FCF7F6F902460B46F1
:103EA800C7E90823D7E90E233DA1D1E90001FCF7B2
:103EB800CDFC02460B46144683F0004536A3D3E9F1
:103EC800002320462946FCF7DFF902460B46C7E9DE
:103ED8000623D7E90623D7E90801FCF7B7FC024611
:103EE8000B46C7E90423D7E90423D7E90E01FCF7F9
:103EF800CBF902460B46C7E90E23D7E90401FCF7C4
:103F08005DFE07EE900AF0EEE77A9FED2B7AF4EE6D
:103F1800C77AF1EE10FA1BD44FF000024FF00003FD
:103F2800D7E90E01FCF7E4FD0346002B05D01EA3DC
:103F3800D3E90023C7E90E230BE097F837300133A4
:103F480087F8373097F83730132B7FF66CAF00E0DF
:103F580000BF4FF00002164BD7E90E01FCF74CFBEF
:103F680002460B46D7E90001FCF770FC02460B46F7
:103F780043EC172BB0EE470AF0EE670A4037BD4610
:103F8800BDE8B08FAFF300800000000000E0A5405E
:103F9800000000A0AAAA1A400000000000C0624069
:103FA800000000206C789A3F000000809997713DCE
:103FB80000408F4061C3D33CCCBC8C2B80B582B011
:103FC80000AF0346FB71FB791A464FF48061034842
:103FD80013F088FD00BF0837BD4680BD00040242CB
:103FE80080B582B000AF03460A46FB711346BB7129
:103FF800FB79013B032B35D801A252F823F000BF0F
:1040080019400008334000084F4000085F4000088E
:10401800BB791A462021164813F064FDBB791A466D
:104028001021134813F05EFD1DE0BB791A464FF4CA
:104038008051104813F056FDBB791A4610210C48E0
:1040480013F050FD0FE0BB791A464FF48071084811
:1040580013F048FD07E0BB791A460421064813F01F
:1040680041FD00E000BF00BF0837BD4680BD00BF6E
:1040780000040242000802420018024280B586B0DD
:1040880002AF396011461A460346FB710B46BB71F5
:104098001346BB80BB795B08DBB2FB81FB79013B34
:1040A800032B33D801A252F823F000BFC540000803
:1040B800D9400008ED40000801410008FA89BB8892
:1040C800009313463A6814490020FDF72BF91EE0C7
:1040D800FA89BB88009313463A6810490020FDF717
:1040E80021F914E0FA89BB88009313463A680C4911
:1040F8000020FDF717F90AE0FA89BB8800931346F8
:104108003A6808490120FDF70DF900E000BF00BF3B
:104118001037BD4680BD00BF0080003E0000014250
:10412800000002468000001C80B584B000AF034642
:10413800B96087ED010AFB731346BB737868FCF717
:1041480003FA4FF000020B4BFCF756FA02460B46F7
:1041580010461946FCF712FD03469BB2BA7BF87B62
:10416800B968FFF78BFF0A20FDF73CF900BF10374D
:10417800BD4680BD0000244080B500AF0A20FDF791
:104188005BF90A20FDF72EF900BF80BD80B582B02B
:1041980000AF0346FB71FB791A464FF48061034870
:1041A80013F0A0FC00BF0837BD4680BD00080242DE
:1041B80080B586B002AF78600B46FB7013463B8033
:1041C800FB785B08DBB2FB81FA893B8800931346D6
:1041D8007A6804490120FDF7A5F800BF1037BD46ED
:1041E80080BD00BF0000405A80B582B000AF0346D2
:1041F800FB71FB791A462021034813F073FC00BFBA
:104208000837BD4680BD00BF0008024280B586B0B1
:1042180002AF396011461A460346FB710B46BB7163
:104228001346BB80BB795B08DBB2FB81FB79032BB0
:104238001AD0032B22DC012B02D0022B0AD01DE05E
:10424800FA89BB88009313463A680F490120FDF7A5
:1042580069F814E0FA89BB88009313463A680B4959
:104268000120FDF75FF80AE0FA89BB88009313463E
:104278003A6807490120FDF755F800E000BF00BF84
:104288001037BD4680BD00BF0800000C04000008C0
:104298000200000480B500AF0020FFF7F9FB002002
:1042A800FFF760FC0020FFF789FE00210120FFF7DF
:1042B80097FE00210220FFF793FE00210320FFF75D
:1042C8008FFE00210420FFF78BFE0020FFF75EFF22
:1042D8000020FFF789FF00BF80BD80B58AB000AF1E
:1042E800B9607A601A460346FB8113467B73FB89E3
:1042F800FB84082387F82230BB681B68BB61002356
:10430800BB84002387F8233049E04FF000024FF0C8
:104318000003C7E904237A7B97F82330D31A87F878
:10432800213097F8212097F822309A420BD297F83B
:1043380023307A68D11897F8212007F1100318461E
:1043480026F0B2FC0AE097F823307A68D11897F87B
:10435800222007F11003184626F0A6FC07F11002E8
:10436800FB8C1146184624F0BFFC0346BB84BB8C6B
:1043780003F48073002B03D024F0D0FC0346BB84E5
:10438800BB8C002B01D00CF00FFDFB8C0133FB84A0
:1043980097F8232097F82230134487F8233097F8AA
:1043A80023207B7B9A42B0D316F0F6FD0346002B00
:1043B80001D00CF0F9FCFB8C18462837BD4680BDAF
:1043C80080B58AB000AFB9607A601A460346FB81AF
:1043D80013467B73FB89FB8407F1100300221A60E4
:1043E8005A609A60DA60082387F8243000237B84B7
:1043F800002387F8253048E007F11002FB8C1146AE
:10440800184624F053FC03467B847B8CDBB2FF2BDD
:1044180001D10CF0C9FC7A7B97F82530D31A87F8BC
:1044280021307A7B97F824309A4207D27A7B07F1B9
:1044380010031946786826F037FC1CE097F821200D
:1044480097F824309A420BD297F825307A681344AB
:1044580097F8212007F11001184626F025FC0AE0FC
:1044680097F825307A68134497F8242007F110014B
:10447800184626F019FCFB8C0133FB8497F825209D
:1044880097F82430134487F8253097F825207B7B4C
:104498009A42B1D3BB68002B02D0BA69BB681A60D4
:1044A800FB8C18462837BD4680BD000080B584B017
:1044B80000AF78600023FB607B68002B1DD03F2392
:1044C8003B8100237B8114E07B891B010D4A134447
:1044D80004227968184626F07BFB0346002B05D199
:1044E8007B891B01074A1344FB6006E07B89013383
:1044F8007B817A893B899A42E6D3FB681846103754
:10450800BD4680BDA007002080B594B000AF002351
:104518007B620023A7F84E30B44B1B681B699BB223
:104528007B84002387F84D30B04B1B689A68AF4BEB
:104538001B6842F001029A600023A7F84A3048E05D
:10454800B7F84A301B01AA4A1344184600F0CDFABE
:10455800034687F82B3097F82B3003F00703DBB2BC
:10456800002B07D097F82B30DB08DBB2013387F834
:104578004D3004E097F82B30DB0887F84D300023E6
:1045880087F849301AE0B7F84A301B01984A1344B3
:104598001B687B6207F1240304221946934810F034
:1045A800E1FE03469BB27B84B7F84E300133A7F88F
:1045B8004E3097F84930013387F8493097F8492049
:1045C80097F84D309A42DED3B7F84A300133A7F84E
:1045D8004A303F22B7F84A309342B1D312F050FA2A
:1045E8000346002B01D00CF0DFFB0023A7F8463070
:1045F800002023F083F80346A7F84630B7F8463082
:10460800002B01D00CF0D0FB0023A7F84630002384
:10461800A7F84430754B1B681B699BB2FB81734B31
:104628001B689A68714B1B6842F001029A6000236C
:10463800A7F842302DE0B7F842300133A7F84230EE
:1046480007F11002B7F842301146184624F02EFB45
:104658000346A7F84630B7F84630002B19D1BB6996
:104668007B62FA89614B1B681A6107F124030422F3
:1046780019465E4810F076FE03469BB2FB815B4B01
:104688001B685A4A12691A61B7F844300133A7F80F
:104698004430B7F84630002BCDD0B7F84230012B64
:1046A80003D1B7F84630072B10D007F10E0107F1F8
:1046B80022030222184626F08BFA0346002B05D166
:1046C800B7F84E20B7F844309A4261D0002024F061
:1046D800E9F90346A7F84630B7F84630002B01D071
:1046E8000CF062FB0123A7F842300023A7F8403002
:1046F80048E0B7F840303E4A1B0113440433B7F88A
:1047080042201A800023FB63002387F83B30B7F868
:104718004030374A1B01134408331B68002B0FD065
:10472800B7F84030324A1B01134408331B68FB6258
:10473800FB6A1B68FB63FB6A1B7987F83B300DE05B
:10474800B7F840302A4A1B0113440C331B683B63FB
:104758003B6B1033FB63082387F83B30B7F84030D6
:104768001B01234A991897F83B30B7F84200FA6BB7
:10477800FFF7B3FD0346A7F84230B7F840300133DE
:10478800A7F840303F22B7F840309342B1D377E1E1
:104798000123A7F8423000233B8734E03B8F144ABB
:1047A8001B0113440433B7F842201A803B8F1B01C6
:1047B8000F4A1344184600F098F9034687F8373033
:1047C80097F83730DB08DBB2BB8697F8373003F051
:1047D8000703DBB2002B0DD0B7F84220BB8E134481
:1047E8009BB20133A7F842300AE000BF7090002066
:1047F800A0070020B7F84220BB8E1344A7F8423028
:104808003B8F01333B873F223B8F9342C6D33223F2
:10481800A3F1300213469B0013445B001A4636236B
:10482800303B13449C4A82FB03129210DB17D31AC5
:10483800DBB23033DBB23B723223A3F130021346D2
:104848009B0013445B001A463623303B1A44924BB4
:1048580083FB02139910D317C91A0B469B000B440C
:104868005B00D11ACBB23033DBB27B7253234A2BB5
:1048780005D16523612B02D170236E2B37D05323CA
:10488800462B34D053234D2B05D16523612B02D100
:104898007023722B2BD05323412B02D16523702B0D
:1048A80025D053234D2B05D16523612B02D17023CD
:1048B800792B1CD053234A2B05D16523752B02D1A4
:1048C80070236E2B13D053234A2B05D16523752BE8
:1048D80002D170236C2B0AD05323412B02D16523BC
:1048E800752B04D05323532B01D0012300E0002360
:1048F800DBB23033DBB2BB7253234A2B05D16523BD
:10490800612B02D170236E2B51D05323462B4CD0F0
:1049180053234D2B05D16523612B02D17023722BB4
:1049280041D05323412B02D16523702B39D0532317
:104938004D2B05D16523612B02D17023792B2ED005
:1049480053234A2B05D16523752B02D170236E2B77
:1049580023D053234A2B05D16523752B02D170230D
:104968006C2B18D05323412B02D16523752B10D003
:104978005323532B0BD053234F2B06D053234E2BAB
:1049880001D1312314E0322312E0302310E039231F
:104998000EE038230CE037230AE0362308E03523FD
:1049A80006E0342304E0332302E0322300E031231D
:1049B800FB723123202B0BD13823303B364A82FB44
:1049C80003129210DB17D31ADBB23033DBB213E0D9
:1049D8003123A3F1300213469B0013445B001A46AF
:1049E8003823303B13442C4A82FB03129210DB1706
:1049F800D31ADBB23033DBB23B733123202B11D116
:104A08003823A3F13002244B83FB02139910D317E8
:104A1800C91A0B469B000B445B00D11ACBB230334A
:104A2800DBB218E03123A3F1300213469B00134494
:104A38005B001A463823303B1A44174B83FB02139A
:104A48009910D317C91A0B469B000B445B00D11A67
:104A5800CBB23033DBB27B733B46062219460F4894
:104A680000F0ADF807F108013B460622184626F08B
:104A7800AFF80346002B03D00021084800F057F890
:104A880012F020F80346002B01D00CF08DF900BF7E
:104A98005037BD4680BD00BF67666666E4C302083E
:104AA80080B584B000AF78600023FB737B68002B6F
:104AB80016D07868FFF7FAFCB860BB68002B0FD0F7
:104AC800BB689B68002B02D00123FB7308E0BB681E
:104AD800DB68002B02D00223FB7301E00023FB7389
:104AE800FB7B18461037BD4680BD80B586B000AF49
:104AF80078600023FB757B68002B13D07868FFF77C
:104B0800D5FC38613B69002B0CD03B699B68002BB6
:104B180006D03B699B68FB60FB681B79FB7501E06D
:104B28000823FB75FB7D18461837BD4680BD80B548
:104B380088B000AF786039607B68002B3BD078681C
:104B4800FFF7B4FC78617B69002B34D00023FB7736
:104B58003B68BB617B699B68002B0CD07B699B68B9
:104B6800FB60FB681B79FB77BB69002B0ED1FB68E8
:104B78001B68BB610AE00823FB77BB69002B05D1E2
:104B88007B69DB683B613B691033BB6111F078FFDF
:104B98000346002B01D00CF007F97B699888FB7F4E
:104BA800BA697968FFF799FB11F08CFF0346002B6F
:104BB80001D00CF0F9F800BF2037BD4680BD80B5A4
:104BC80088B000AFF860B9601346FB71FB68002B32
:104BD80025D0BB68002B22D0F868FFF767FCB861C6
:104BE800BB69002B1BD00023FB77BB699B68002B9C
:104BF80006D0BB699B687B617B691B79FB7701E009
:104C08000823FB77FA79FB7F9A4201D2FB79FB777D
:104C1800BB699888FB7FBA680021FFF7D1FB00BF0A
:104C28002037BD4680BD80B586B000AF786039605A
:104C38007B68002B23D03B68002B20D07868FFF7D7
:104C480035FC78617B69002B19D07B699B68002B48
:104C58000BD07B699B68FB60FB681968FB681B7954
:104C68001A46386826F020F809E07B69DB683B6162
:104C78003B69103308221946386826F015F800BF3A
:104C88001837BD4680BD80B586B000AF78604FF05C
:104C980000024FF00003C7E904237B68002B12D001
:104CA8007868FFF703FCF860FB68002B0BD0FB6803
:104CB800DB68002B07D0FB68DB68BB60BB68D3E907
:104CC8000623C7E90423D7E9042343EC172BB0EEE6
:104CD800470AF0EE670A1837BD4680BD80B588B030
:104CE80000AFF86087ED000B0023FB77FB68002B13
:104CF80023D0F868FFF7DAFBB861BB69002B1CD03A
:104D0800BB69DB68002B18D0BB69DB687B617B69FA
:104D1800D3E90223D7E90001FBF7EAFE0346002B9B
:104D28000BD07B69D3E90023D7E90001FBF7EAFE42
:104D38000346002B01D00123FB77FB7F1846203761
:104D4800BD4680BD80B588B000AFF86087ED000B28
:104D5800FB68002B48D0F868FFF7A8FBF861FB69EF
:104D6800002B41D0FB69DB68002B3DD0FB69DB6879
:104D7800BB61BB69D3E90623D7E90001FBF766FDF0
:104D880002460B4643EC172BB0EE470AF0EE670AD3
:104D980026F012F851EC100BBB69D3E90623FBF798
:104DA8002BFC02460B46C7E90423BB69D3E9002361
:104DB800D7E90401FBF792FE0346002B03D0BB6939
:104DC800D3E9002314E0BB69D3E90223D7E904013E
:104DD800FBF7A2FE0346002B03D0BB69D3E90223ED
:104DE80006E0D7E9042303E04FF000024FF0000388
:104DF80043EC172BB0EE470AF0EE670A2037BD46A2
:104E080080BD000080B483B000AF0346FB80044A35
:104E1800FB88138000BF0C37BD465DF8047B7047E4
:104E28004449002080B400AF034B1B881846BD4698
:104E38005DF8047B704700BF4449002080B582B00C
:104E480000AF4FF000024FF00003C7E900233B46D4
:104E5800082219460748FFF7B2FED7E90023104693
:104E68001946FBF763FE0346034A136000BF083781
:104E7800BD4680BD4CC40208900B002080B582B0AE
:104E880000AF4FF000024FF00003C7E900233B4694
:104E9800082219460748FFF792FED7E90023104673
:104EA8001946FBF743FE0346034A136000BF083761
:104EB800BD4680BD4CC40208940B002080B588B064
:104EC80000AF04227A494FF42020FCF759FB784BB5
:104ED8001B88002B03D0764B5B88002B13D1744BB7
:104EE80040F201221A80724B40F201225A800123BB
:104EF80004226F494FF42020FCF70EFB6D4B40F263
:104F080001221A801DE06A4B1B8840F2012293425D
:104F180013D0674B40F201221A80654B40F2012200
:104F28005A800123042262494FF42020FCF7F4FA46
:104F3800604B40F201221A8003E05D4B5A885D4BBA
:104F48001A805D4BD3F8F43003F00053002B03D0E4
:104F580000215A48FEF7BAF8574BD3F8F43003F05B
:104F68000073002B08D0534B1B88B3F5027F03D086
:104F7800504B4FF400721A804F4BD3F8F4304E4A1E
:104F880043F40003C2F8F4304A4B1B88B3F5027FA0
:104F980062D0484B1B884FF6FF7293425CD00221C7
:104FA80047481CF05FF8F861FB69022B54D94FF0B1
:104FB80000024FF00003C7E9022307F108030822A3
:104FC80019464048FFF7FBFD0023FB800023BB8008
:104FD8000120FEF75DFD0A200DF018F83A1DBB1DF3
:104FE80011461846FEF766FD0020FEF751FDFA88C7
:104FF800BB889A420BD3FB881846FBF783FA4FF01D
:105008000002314BFBF722FC02460B460AE0BB8844
:105018001846FBF777FA4FF000022B4BFBF716FC0C
:1050280002460B46C7E90423D7E90223D7E904015E
:10503800FBF772FD0346002B0AD00022012120480D
:105048001BF0F8FF002202211D481BF0F3FF03E0CC
:10505800184B4FF480721A80FFF7F0FEFFF70EFF2F
:10506800144B1B88B3F5027F14D0B3F5027F1ADC0A
:10507800B3F5017F04D040F20522934205D012E037
:10508800124B4FF0FF321A600EE0114B4FF0FF3217
:105098001A6009E00D4B4FF0FF321A600C4B4FF0CD
:1050A800FF321A6000E000BF00BF2037BD4680BD58
:1050B8004049002044490020000C024654C402081C
:1050C800009300205CC4020800408F40900B002031
:1050D800940B002080B58AB000AF0346FB71334AB9
:1050E800FB791370314B1B78002B5AD04FF000021C
:1050F8004FF00003C7E9062307F1180308221946F1
:105108002B48FFF75CFDD7E9062310461946FBF745
:1051180035FD034687F8273097F82730002B3DD018
:1051280097F82730062B39D84FF000024FF00003CC
:10513800C7E9042397F82730013B1E4A52F8233069
:1051480007F1100108221846FFF739FDD7E90423B3
:1051580010461946FBF712FD03469AB2164B1A8001
:105168004FF000024FF00003C7E9022397F82730F9
:10517800013B124A52F8233007F108010822184669
:10518800FFF71DFDD7E9022310461946FBF7F6FC89
:1051980003469AB20A4B1A8000BF02E0034B002272
:1051A8001A7000BF2837BD4680BD00BF4A4900209D
:1051B80064C40208980B002046490020B00B002068
:1051C8004849002080B400AF0B4B1B68002B04DD5E
:1051D800094B1B68013B084A1360084B1B68002BEE
:1051E80004DD064B1B68013B044A136000BFBD4643
:1051F8005DF8047B704700BF900B0020940B0020E3
:1052080080B58CB000AF0CF0F5FE7862644B1B687B
:105218007A6AD31A47F22F52934240F2B880604A12
:105228007B6A13605F4B1B8840F20922934200F0AF
:10523800B0805C4B1B8840F20A22934200F0A980A0
:10524800584B1B88B3F5027F00F0A380554B1B8891
:10525800B3F5807F00F09D80524B1B884FF6FF729C
:10526800934200F096804FF400714F4812F022FCF0
:105278000346012B00F08F804FF000024FF000032F
:10528800C7E904234FF000024FF00003C7E90223E7
:1052980007F11003082219464448FFF790FC07F16C
:1052A8000803082219464248FFF789FC0023FB80BF
:1052B8000023BB800120FEF7EBFB0A200CF0A6FEC2
:1052C8003A1DBB1D11461846FEF7F4FB0020FEF7F9
:1052D800DFFBFA88BB889A420BD3FB881846FBF79A
:1052E80011F94FF00002334BFBF7B0FA02460B46B8
:1052F8000AE0BB881846FBF705F94FF000022D4B72
:10530800FBF7A4FA02460B46C7E9062301212A48FF
:105318001BF0A8FEF862022127481BF0A3FEB86222
:10532800D7E90423D7E90601FBF7F6FB0346002B70
:1053380004D00023FB620023BB621DE0D7E90223EF
:10534800D7E90601FBF7E8FB0346002B03D0FB6A0D
:105358000133FB6210E0FB6A0133FB62BB6A013375
:10536800BB62BB6A022B07D900211448FDF7AEFEC9
:105378000C4B4FF480721A80FA6A01210E481BF018
:1053880059FEBA6A02210C481BF054FE04E000BF23
:1053980002E000BF00E000BF3037BD4680BD00BF5F
:1053A8004C49002044490020000802425CC402081D
:1053B8006CC4020800408F400093002074C40208A7
:1053C80080B483B000AF0346FB71FB79002B23D078
:1053D8001C4B1B88B3F5807F04D01A4B1B88B3F590
:1053E800007F29D3174B1B884FF6FF72934223D0B7
:1053F800144B1B88B3F5027F1ED0124B1B88B3F5E4
:10540800807F04D10F4B40F201221A8014E00D4B2B
:1054180040F209221A800FE00A4B1B8840F2092249
:10542800934205D0074B1B8840F20A22934203D1CE
:10543800044B40F201221A8000BF0C37BD465DF8CC
:10544800047B70474449002080B588B000AF364BD4
:105458001B8840F20922934262D0334B1B8840F2EA
:105468000A2293425CD007F10803002219462F480C
:105478001BF0BCFA0346002B01D00BF095FC3B1D3A
:105488000022194629481BF0A9FB0346002B01D02E
:105498000BF08AFC3B7A1A461201D31A9B009BB286
:1054A8007A7A1344FB83204B1B88B3F5807F27D17E
:1054B8001F4B1B68002B08D11B4B4FF401721A803D
:1054C8001B4B4FF0FF321A602BE01A4B1B68002B66
:1054D80008D1154B40F205221A80164B4FF0FF32C7
:1054E8001A601EE0144B1B78002B1AD0134B1B8834
:1054F800FA8B9A4215D10C4B40F203221A8010E025
:10550800094B1B8840F2032293420AD10C4B1B889B
:10551800FA8B9A4205D1044B4FF400721A8000E0CE
:1055280000BF2037BD4680BD4449002000930020BD
:10553800900B0020940B00204A4900204649002087
:105548004849002080B588B000AF0346FB712C4B5A
:105558001B884FF6FF7293424DD0294B1B88B3F539
:10556800027F48D04FF000024FF00003C7E9042340
:1055780007F11003082219462248FFF720FBD7E954
:10558800042310461946FBF7F9FA0346FB774FF058
:1055980000024FF00003C7E9022307F108030822BD
:1055A80019461948FFF70BFBD7E90223104619469D
:1055B800FBF7E4FA0346BB77FA79FB7F9A421AD3E2
:1055C800FA79BB7F9A4216D800211048FDF77EFD74
:1055D8000B4B1B88B3F5807F04D1094B40F20122A5
:1055E8001A8008E0064B1B88B3F5007F03D3044BF1
:1055F8004FF480721A8000BF2037BD4680BD00BFBF
:10560800444900207CC4020884C402088CC40208EF
:10561800B0B586B000AFF860B96087ED000BBA6826
:10562800FB689A4204D94FF000024FF0000324E0CF
:10563800B868FAF767FF16A3D3E90023FAF7DCFF87
:1056480002460B4614461D46F868FAF75BFF024609
:105658000B4620462946FBF7F9F802460B46C7E9F0
:10566800042397ED040B25F063FB51EC100BD7E9ED
:105678000023FAF7C1FF02460B4643EC172BB0EEA6
:10568800470AF0EE670A1837BD46B0BDAFF3008091
:10569800182D4454FB21194080B584B000AF07F1A0
:1056A800080383E803001346FB717B7A002B13D0B1
:1056B800364B1B7883F00103DBB2002B06D0FB7955
:1056C8001A460121324812F00DFA05E0FB791A4614
:1056D80004212F4812F006FABB7A002B13D02B4B6B
:1056E8001B7883F00103DBB2002B06D0FB791A4646
:1056F8000121274812F0F6F905E0FB791A46042142
:10570800234812F0EFF9FB7A002B10D01F4B5B787F
:10571800002B06D0FB791A4601211D4812F0E2F948
:1057280005E0FB791A460421194812F0DBF93B7BA6
:10573800002B10D0154B5B78002B06D0FB791A464E
:105748000121134812F0CEF905E0FB791A4604212D
:105758000F4812F0C7F93B7A002B13D00B4B1B787C
:1057680083F00103DBB2002B06D0FB791A46012136
:10577800074812F0B7F905E0FB791A4604210448F6
:1057880012F0B0F900BF1037BD4680BD484D00206B
:10579800000C024280B584B000AF07F1080383E82B
:1057A80003001346FB717B7A002B05D0FB791A4660
:1057B8000221154812F096F9BB7A002B05D0FB7927
:1057C8001A460821104812F08DF9FB7A002B05D0F3
:1057D800FB791A4610210C4812F084F93B7B002B08
:1057E80005D0FB791A462021074812F07BF93B7A4D
:1057F800002B05D0FB791A464021034812F072F9B4
:1058080000BF1037BD4680BD000C024290B585B080
:1058180000AF07F1080484E80300394681E80C006A
:105828007B78002B0BD07B7A83F00103DBB21A461E
:105838008021254812F056F97A7A244BDA70BB7821
:10584800002B0CD0BB7A83F00103DBB21A464FF46D
:1058580080711D4812F046F9BA7A1C4B1A71FB7810
:10586800002B0CD0FB7A83F00103DBB21A464FF40D
:105878000071154812F036F9FA7A144B5A713B79CF
:10588800002B0CD03B7B83F00103DBB21A464FF4AC
:1058980080610D4812F026F93A7B0C4B9A713B78DF
:1058A800002B0CD03B7A83F00103DBB21A464FF48D
:1058B8000061054812F016F93A7A044B9A7000BF55
:1058C8001437BD4690BD00BF000C0242484D002071
:1058D80090B585B000AF07F1080484E803003946A5
:1058E80081E80C0000223B4693E80300FFF7D4FE52
:1058F80000223B4693E80300FFF74CFF3B460CCBE6
:1059080007F1080103C9FFF781FF01223B4693E82D
:105918000300FFF73FFF01223B4693E80300FFF730
:10592800BBFE00BF1437BD4690BD000090B587B0E0
:1059380000AF07F1080484E80300394681E80C0049
:10594800FF23FB750023BB7500237B7500233B7584
:105958007B78002B07D07B7A83F00103DBB2002B26
:1059680001D00123FB75BB78002B07D0BB7A83F0ED
:105978000103DBB2002B01D00223FB75FB78002B5F
:1059880007D0FB7A83F00103DBB2002B01D003239D
:10599800FB753B79002B07D03B7B83F00103DBB21F
:1059A800002B01D00423FB753B78002B07D03B7AF2
:1059B80083F00103DBB2002B01D00523FB75FB7DCF
:1059C800052B28D8FB7D013BBB75BB7D03F001038C
:1059D800BB75FB7D013B5B107B757B7D03F0010391
:1059E8007B75FB7D013B9B103B753B7D03F0010301
:1059F8003B75BB7D1A460221094812F073F87B7D7E
:105A08001A460821064812F06DF83B7D1A46102107
:105A1800034812F067F800BF1C37BD4690BD00BFB1
:105A28000014024280B582B000AF03460A46FB71FB
:105A38001346BB71FB791A464FF400610E4812F009
:105A480051F80A200CF0E2FABB791A464FF480515B
:105A5800094812F047F80A200CF0D8FABB791A4620
:105A68004FF40041044812F03DF80A200CF0CEFA39
:105A780000BF0837BD4680BD000402420000000098
:105A880080B58AB000AF0346FB8001224FF48051F5
:105A98001F4812F027F80A200CF0B8FAFB881846BD
:105AA800FAF730FD4FF000021A4BFAF7CFFE024624
:105AB8000B46C7E9082397ED081B9FED110B24F04F
:105AC800C7FF87ED060B10A3D3E90023D7E906012A
:105AD800FAF7DAFB02460B46C7E9042397ED040BF5
:105AE80024F04EFF0346FB73FB7B19460020FBF7AF
:105AF8000FFF034618462837BD4680BDAFF3008028
:105B08000000000080C014410000000000A1E34034
:105B18000004024200408F4080B582B000AF0346C7
:105B2800FB71FB791A464FF40071034811F0DAFF54
:105B380000BF0837BD4680BD0004024280B582B070
:105B480000AF0023FB712E4B1B683B603B88194656
:105B5800052024F07FFE02462A4B11461970C2F335
:105B680007215970C2F307429A70264B1B782649C1
:105B78001846FBF775FE03461A46FB791343FB717B
:105B880005200CF043FA7B881946042024F062FEB5
:105B980002461C4B11461970C2F307215970C2F313
:105BA80007429A70174B1B7817491846FBF758FE9F
:105BB80003461A46FB791343FB7105200CF026FABD
:105BC800104B1A78114B1A70104B1B781049184655
:105BD800FBF760FE03461A46FB791343FB71032269
:105BE8000A49084824F0F4FF0346002B03D0FB7948
:105BF80043F00103FB71FB7918460837BD4680BDA9
:105C080094C402085C4D00205D4D0020604D0020CA
:105C1800614D002080B584B000AF03460A46FB8082
:105C28001346BB800023BB810023FB73F888022343
:105C3800022240F6C41124F03BFE0346BB81BB8917
:105C48001946082024F006FE0246394B1146197001
:105C5800C2F307215970C2F307429A70344B1B787C
:105C680034491846FBF7FCFD03461A46FB7B1343F1
:105C7800FB732F4B1A78304B1A702F4B1B782F4918
:105C88001846FBF707FE03461A46FB7B1343FB73D4
:105C980003222949264824F09BFF0346002B03D002
:105CA800FB7B43F00103FB73B8880223022240F612
:105CB800C41124F0FDFD0346BB81BB8919460920A8
:105CC80024F0C8FD02461A4B11461970C2F3072189
:105CD8005970C2F307429A70154B1B78154918463C
:105CE800FBF7BEFD03461A46FB7B1343FB73104BC1
:105CF8001A78114B1A70104B1B7810491846FBF78D
:105D0800C9FD03461A46FB7B1343FB7303220A496A
:105D1800074824F05DFF0346002B03D0FB7B43F0CC
:105D28000103FB73FB7B18461037BD4680BD00BFDF
:105D38005C4D00205D4D0020604D0020614D00202D
:105D480080B485B000AFF860B9601346FB80FB688B
:105D58004FF47A7202FB03F3174AD362BB684FF41D
:105D68007A7202FB03F3144A1363134AFB88A2F8FE
:105D78004C30114B0022A3F84E200F4B00225A63DF
:105D88000D4B5A6B0C4BDB6A13440B4A93630A4B5B
:105D9800DA68094B1B6BD31A074AD363064BDB68D7
:105DA800054A1364044B9B68034A536400BF1437C5
:105DB800BD465DF8047B7047504900200000000094
:105DC800B0B590B000AF87ED000B4FF00002844BE8
:105DD800D7E90001FAF73AFD02460B46C7E90A235C
:105DE8004FF000024FF00003D7E90A01FAF780FEEE
:105DF8000346002B04D04FF000024FF00003CCE024
:105E08006BA3D3E90023D7E90A01FAF7F5FB0246A9
:105E18000B461046194668A3D3E90023FAF7ECFBB2
:105E280002460B46C7E90E2300237B6397E064A371
:105E3800D3E90023D7E90E01FAF7DEFB02460B4649
:105E4800C7E9082360A3D3E90023D7E90A01FAF7D1
:105E5800D3FB02460B4614461D46D7E90A23D7E969
:105E68000801FAF7F3FC02460B4610461946FAF702
:105E7800A5FE034600EE103A24F024FFF0EE407A27
:105E88009FED587A67EE877A17EE900AFAF75CFB6F
:105E980002460B4620462946FAF7F6F902460B4613
:105EA80014461D464FF000024D4BD7E90801FAF79A
:105EB800A3FB02460B4620462946FAF7E5F90246B7
:105EC8000B46C7E90623D7E90E2341A1D1E9000112
:105ED800FAF7BCFC02460B46104619463EA3D3E926
:105EE8000023FAF7D1F902460B46C7E90423D7E99C
:105EF8000423D7E90601FAF7A9FC02460B46C7E9CD
:105F08000223D7E90223D7E90E01FAF7BDF90246C1
:105F18000B46C7E90E23D7E90201FAF74FFE07EE51
:105F2800900AF0EEE77A9FED307AF4EEC77AF1EE58
:105F380010FA19D44FF000024FF00003D7E90E0110
:105F4800FAF7D6FD0346002B06D04FF000024FF0BB
:105F58000003C7E90E2308E07B6B01337B637B6B8F
:105F6800132B7FF764AF00E000BF4FF000021F4B18
:105F7800D7E90E01FAF7D0FD0346002B04D04FF005
:105F880000021A4BC7E90E234FF00002144BD7E961
:105F98000E01FAF731FB02460B4643EC172BB0EE25
:105FA800470AF0EE670A4037BD46B0BDAFF3008040
:105FB800000000403333C33F0000000000E0A5406C
:105FC800B1A934E4DC67373F0000000000C062403C
:105FD800000000206C789ABFB76DDBB66DDBD63F4A
:105FE80000408F4061C3D33CCCBC8C2B00000440E4
:105FF80080B582B000AF0346FB71FB791A460221D7
:10600800034811F06FFD00BF0837BD4680BD00BFD3
:106018000010024280B582B000AF0346FB71FB79E5
:106028001A460421034811F05DFD00BF0837BD463C
:1060380080BD00BF0010024280B582B000AF0346A9
:10604800FB71FB7983F00103DBB21A468021034818
:1060580011F048FD00BF0837BD4680BD0010024260
:1060680080B582B000AF3B4683E803003B7883F0FD
:106078000103DBB21A464FF48051264811F032FD75
:106088007B7883F00103DBB21A464FF400512148B4
:1060980011F028FDFB7883F00103DBB21A4680215A
:1060A8001C4811F01FFD3B7983F00103DBB21A464F
:1060B8004FF48071174811F015FD7B7983F00103C7
:1060C800DBB21A464FF40071124811F00BFDBB7990
:1060D80083F00103DBB21A464FF480610D4811F0DA
:1060E80001FDBB7883F00103DBB21A464FF400616F
:1060F800084811F0F7FC084B3A4692E8030018608C
:106108000433198002330A0C1A7000BF0837BD46E1
:1061180080BD00BF000C0242484D002080B582B00F
:1061280000AF3B4683E80300264B3A4692E803005B
:1061380018600433198002330A0C1A70224B5B7DF5
:1061480083F00103DBB2002B37D0204B5B7D83F05B
:106158000103DBB2002B30D01D4B1B7F83F0010302
:10616800DBB2002B29D03B781A460121194811F0DF
:10617800B9FC7B781A460421164811F0B3FCBB78A9
:106188001A460221134811F0ADFCFB781A46082183
:10619800104811F0A7FC3B791A4610210D4811F060
:1061A800A1FC7B791A4620210A4811F09BFCBB7997
:1061B8001A464021074811F095FC00BF0837BD4634
:1061C80080BD00BF504D002050490020A04900204C
:1061D800F0490020000C024290B585B000AF3C4663
:1061E80084E80F003B68184A13607B685B08164A0E
:1061F8005360BA68FB6813444FF47A7202FB03F3E6
:10620800114A9360BB684FF47A7202FB03F30E4A9B
:10621800D3600D4B5B7D002B11D00B4B5A680B4B99
:106228001B68013ADA62084B5B68013B074AD36096
:10623800064B1B68044A12685A6301F017F800BF3E
:106248001437BD4690BD00BF50490020C0930020C0
:1062580090B585B000AF3C4684E80F003B68184A0B
:1062680013607B685B08164A5360BA68FB6813447E
:106278004FF47A7202FB03F3114A9360BB684FF440
:106288007A7202FB03F30E4AD3600D4B5B7D002B41
:1062980011D00B4B5A680B4B1B68013ADA62084B5A
:1062A8005B68013B074AD360064B1B68044A1268C7
:1062B8005A6300F0DBFF00BF1437BD4690BD00BF36
:1062C800A04900205894002080B584B000AF034650
:1062D800FB717F4B5B7D002B40F0F6807C4B0022EE
:1062E8001A617B4B00229A64794B01221A75784B0C
:1062F800002283F82A20764AFB7982F82B30744BE7
:1063080093F82B30002B03D0714BDB68704A9360F5
:106318006F4B704A163302321168196012791A717C
:106328006B4BDB7D002B14BF01230023DBB283F012
:106338000103DBB203F00103DAB2654B1A77644B51
:106348001B7E002B14BF01230023DBB283F0010363
:10635800DBB203F00103DAB25D4B5A775C4B5B7E2C
:10636800002B14BF01230023DBB283F00103DBB24F
:1063780003F00103DAB2564B9A77554B9B7E002BFC
:1063880014BF01230023DBB283F00103DBB203F067
:106398000103DAB24E4BDA774D4B9B7D002B14BFCD
:1063A80001230023DBB283F00103DBB203F0010316
:1063B800DAB2474BDA76464B002283F82120444B69
:1063C800002283F82220424B002283F82320404BEE
:1063D800002283F824203E4B002283F82020052247
:1063E80000213D4824F01DFC3C4B1B78002B23D09A
:1063F800384B1B7883F00103DBB2002B0ED0374BF0
:106408009A78334B83F82620344BDA78304B83F86C
:106418002720324B9A792E4B83F825202D4B5B7819
:10642800002B09D02D4B1A79294B83F828202B4BA8
:106438005A79274B83F829200023FB60244B5B689B
:10644800092B0BD9224B5B680A3BFB60204B1B686E
:10645800FA689A4202D21E4B1B68FB601C4B5A68B2
:106468001F4B1B68013ADA62194B5B68013B1C4AF7
:10647800D3601B481CF0D2FB0346002B01D00AF066
:1064880093FC174B1B68124A12685A630021144880
:106498001CF0FCFF0346002B01D00AF085FC104BD2
:1064A8001B68FA689A6304210D481CF0E7FC034650
:1064B800002B01D00AF078FC094B1B6800225A62B5
:1064C800034B01225A7500E000BF1037BD4680BD5E
:1064D80050490020484D002075490020504D0020AB
:1064E800C093002080B582B000AF7B4B5B7D002B52
:1064F80040F0ED80784B00221A61774B00229A64B5
:10650800754B01221A75744B002283F82A20724BAE
:10651800002283F82B20704B704A16330232116820
:10652800196012791A716C4BDB7D002B14BF0123A3
:106538000023DBB283F00103DBB203F00103DAB21C
:10654800654B1A77644B1B7E002B14BF0123002375
:10655800DBB283F00103DBB203F00103DAB25E4B76
:106568005A775D4B5B7E002B14BF01230023DBB2FF
:1065780083F00103DBB203F00103DAB2564B9A77DA
:10658800554B9B7E002B14BF01230023DBB283F005
:106598000103DBB203F00103DAB24F4BDA774E4B5B
:1065A8009B7D002B14BF01230023DBB283F0010382
:1065B800DBB203F00103DAB2474BDA76464B00222E
:1065C80083F82120444B002283F82220424B0022EA
:1065D80083F82320404B002283F824203E4B0022DE
:1065E80083F82020052200213D4824F01AFB3D4B6A
:1065F8005B78002B23D0394B1B78002B0ED0394BFE
:106608009A78354B83F82620364BDA78324B83F864
:106618002720344B9A79304B83F825202F4B5B7811
:1066280083F00103DBB2002B09D02E4B1A792A4BD9
:1066380083F828202B4B5A79274B83F829200023ED
:106648007B60254B5B68092B0BD9234B5B680A3BA6
:106658007B60214B1B687A689A4202D21E4B1B68EA
:106668007B601D4B5A68204B1B68013ADA621A4B53
:106678005B68013B1C4AD3601B481CF0CFFA0346F9
:10668800002B01D00AF090FB174B1B68124A1268C6
:106698005A63002114481CF0F9FE0346002B01D070
:1066A8000AF082FB104B1B687A689A6304210E4833
:1066B8001CF0E4FB0346002B01D00AF075FB0A4BE3
:1066C8001B6800225A62044B01225A7500E000BF81
:1066D8000837BD4680BD00BFA0490020484D0020B6
:1066E800C5490020504D00205894002080B500AFC7
:1066F800124B5B7D002B1ED011481CF02FFB03466C
:10670800002B01D00AF050FB00210D481DF05EF867
:106718000346002B01D00AF047FB042108481CF06F
:106728004DFD0346002B01D00AF03EFB502200210C
:10673800024824F076FA00BF80BD00BF504900200F
:10674800C093002080B500AF124B5B7D002B1ED09C
:1067580011481CF003FB0346002B01D00AF024FB70
:1067680000210D481DF032F80346002B01D00AF035
:106778001BFB042108481CF021FD0346002B01D017
:106788000AF012FB50220021024824F04AFA00BF06
:1067980080BD00BFA04900205894002090B593B058
:1067A80000AF0346FB71FB79002B40F0A180B04B92
:1067B8001B68DB6A01337B63AD4B1B685B6A3B6319
:1067C800AC4B1A693B6B1344AA4A9268B3FBF2F1CB
:1067D80001FB02F29B1AFB62A64B1A697B6B1344FE
:1067E800A44A9268B3FBF2F101FB02F29B1AA14A98
:1067F8001361A04BDB68FA6A9A4269D29D4B93F801
:106808002A3083F00103DBB2002B61D0994B1B7D4A
:10681800002B2ED0974B974AD3F825100C4693F8A7
:106828002910002361F30703D2F816100846927E58
:10683800002162F307012246FFF74AF88D4B93F8CF
:106848002B30002B00F04B818A4B8A4AD3F8251055
:106858000C4693F82910002361F30703D2F81610A9
:106868000846927E002162F307012246FFF75EF890
:1068780035E1804B7F4AD3F825100C4693F8291050
:10688800002361F30703D2F81B100846D27F0021CA
:1068980062F307012246FFF71BF8764B93F82B307B
:1068A800002B00F01C81734B724AD3F825100C465C
:1068B80093F82910002361F30703D2F81B10084648
:1068C800D27F002162F307012246FFF72FF806E185
:1068D800684B6849D3F82520104693F829200023EF
:1068E80062F307030246203103C9FEF7F1FFF7E020
:1068F800FB79012B00F0F480FB79022B40F0F0804B
:106908005C4B93F82B3083F00103DBB2002B0ED0E5
:10691800584B5849D3F82520104693F829200023CE
:1069280062F307030246203103C9FEF7D1FF514B3A
:106938001B7D002B14BF01230023DBB283F001036E
:10694800DBB203F00103DAB24A4B1A7507F1080308
:1069580024220021184624F064F907F108032422B0
:106968001946454824F034F90346002B00F0B88056
:106978003F4B1B68DB6A01337B643E4B9A6C7B6C34
:1069880013443C4A526CB3FBF2F101FB02F29B1A2E
:10699800384A9364374B9A6C364B5B6B9A4224D3D4
:1069A800344B9A6C334B9B6B9A421ED2314B9B6C87
:1069B8003B64304BDB6A9C002E4BB3F84C301846D6
:1069C800F9F7A0FD02460B4643EC102B396C204624
:1069D800FEF71EFE53EC102B10461946FAF7CEF8B8
:1069E80003469AB2254B1A804DE0224B9A6C214BF4
:1069F8009B6B9A420BD31F4B9A6C1E4BDB6B9A42D4
:106A080005D21C4BB3F84C201C4B1A803BE0194BA9
:106A18009A6C184BDB6B9A4232D3164B9A6C154B17
:106A28001B6C9A422CD2134B9A6C124BDB6BD21A0A
:106A3800104B1B6B1344FB630E4B1B6B9C000D4BE5
:106A4800B3F84C301846F9F75DFD02460B4643ECA7
:106A5800102BF96B2046FEF7DBFD53EC102B10468C
:106A68001946FAF78BF803469AB2044B1A800AE0E3
:106A7800C0930020504900207C490020584D002038
:106A8800194B00221A80194BB3F84E20164B1B885D
:106A98009A4225D0144B1A88144BA3F84E20124B57
:106AA80018880223022240F6C41123F001FF03468E
:106AB8007B877B8F1946082023F0CCFE02460C4BBF
:106AC80011461970C2F307215970C2F307429A7030
:106AD800074B1B7807491846FAF7F6FE00E000BF97
:106AE80000BF4C37BD4690BD584D0020504900208E
:106AF8005C4D00205D4D002090B587B000AF034687
:106B0800FB71FB79002B6CD1504B1B68DB6A01339E
:106B18007B614E4B1B685B6A3B614D4B1A693B6955
:106B280013444B4A9268B3FBF2F101FB02F29B1A41
:106B3800FB60474B1A697B691344454A9268B3FB6B
:106B4800F2F101FB02F29B1A414A1361404BDB68E8
:106B5800FA689A4235D23E4B93F82A3083F0010303
:106B6800DBB2002B2DD03A4B1B7D002B14D0384BB9
:106B7800374AD3F825100C4693F82910002361F3FF
:106B88000703D2F816100846927E002162F3070127
:106B98002246FEF79DFE54E02D4B2D4AD3F82510D2
:106BA8000C4693F82910002361F30703D2F81B1051
:106BB8000846D27F002162F307012246FEF788FECD
:106BC8003FE0234B2249D3F82520104693F829208B
:106BD800002362F307030246203103C9FEF778FE5B
:106BE8002FE0FB79012B05D101220221194810F071
:106BF80079FF26E0FB79022B23D1002202211548D8
:106C080010F070FF124B1249D3F82520104693F864
:106C18002920002362F307030246203103C9FEF747
:106C280057FE0B4B1B7D002B14BF01230023DBB247
:106C380083F00103DBB203F00103DAB2044B1A75E7
:106C4800FFE700BF1C37BD4690BD00BF5894002029
:106C5800A04900200010024284B0F0B587B000AF10
:106C680007F1300686E80F003B6B524A13603B6B16
:106C7800514AA2FB03235B094E4A93607B6B3A6B34
:106C8800B3FBF2F101FB02F29B1A4A4A53603A8FB6
:106C9800484B9A81FA6B3B6C13444FF47A7202FBAF
:106CA80003F3444A1361FB6B4FF47A7202FB03F35C
:106CB800404A53613F4B5B683E4A1268B3FBF2F1AE
:106CC80001FB02F29A1A3B4B9B68B2FBF3F39BB2AF
:106CD80001339AB2374BA3F85423364BB3F85433E5
:106CE800354AA2FB03125209642101FB02F29B1AE6
:106CF8009AB2304BA3F8542300237B613EE02D4B1E
:106D08009B687A6903FB02F22A497B690633DB0038
:106D18000B445A60274B1E68264A7B690633DB0002
:106D280013445B687B60234B9B891846F9F7EAFBA1
:106D380002460B4643EC102B79683046FEF768FC98
:106D480087ED020BBC68FB6823F000452046294606
:106D5800F9F714FF034698B20223022240F6C41141
:106D680023F0A6FD03461946124A7B690633DB0069
:106D780013440A461A817B6901337B617B69632B63
:106D8800BDD90C4B1B7F002B0DD00A4BB3F85433E5
:106D980018460A4B1A680749831DDB000B445B68D9
:106DA800936300F063FA00BF1C37BD46BDE8F040AE
:106DB80004B07047F04900201F85EB510C94002067
:106DC80080B582B000AF974B00229A61954B0022A4
:106DD80083F83120934B944A1D33023211681960AD
:106DE80012791A718F4B9B7F002B14BF012300234C
:106DF800DBB283F00103DBB203F00103DAB2894BA3
:106E080083F82320874BDB7F002B14BF012300234B
:106E1800DBB283F00103DBB203F00103DAB2814B8A
:106E280083F824207F4B93F82030002B14BF0123D4
:106E38000023DBB283F00103DBB203F00103DAB213
:106E4800784B83F82520774B93F82130002B14BF1B
:106E580001230023DBB283F00103DBB203F001035B
:106E6800DAB2704B83F826206E4B5B7F002B14BF81
:106E780001230023DBB283F00103DBB203F001033B
:106E8800DAB2684B83F82220664B002283F8282068
:106E9800644B002283F82920624B002283F82A20C1
:106EA800604B002283F82B205E4B002283F82720BA
:106EB800052200215D4823F0B4FE5D4B5B78002B72
:106EC80023D0594B1B78002B0ED0594B9A78554B31
:106ED80083F82D20564BDA78524B83F82E20544BEA
:106EE8009A79504B83F82C204F4B5B7883F0010341
:106EF800DBB2002B09D04E4B1A794A4B83F82F206E
:106F08004B4B5A79474B83F83020012202214948DC
:106F180010F0E8FD0223022240F6C411002023F0FD
:106F2800C7FC0346FB80FB881946092023F092FC26
:106F38000246414B11461970C2F307215970C2F33A
:106F480007429A703C4B1B783C491846FAF788FC74
:106F5800344B5A68334B1B685B089A420FD2314A4C
:106F6800304BD3F81D10084693F82130002163F305
:106F7800070102F12C030CCBFEF7AAFC0EE0294A0C
:106F8800284BD3F82210084693F82630002163F3E3
:106F9800070102F12C030CCBFEF79AFC214B1A686F
:106FA800274B1B68013ADA621E4B1B68013B244AD7
:106FB800D36023481BF032FE0346002B01D009F0B2
:106FC800F3FE184B1A681E4B1B6852085A630021BF
:106FD8001B481CF05BFA0346002B01D009F0E4FEC5
:106FE800104BB3F854331846154B1A680D49831DD6
:106FF800DB000B445B689363042111481BF03EFFE0
:107008000346002B01D009F0CFFE0D4B1B68054A43
:1070180052685A62034B01221A7700BF0837BD46EF
:1070280080BD00BFF0490020484D00201C4A0020C8
:10703800504D0020001002425C4D00205D4D0020A4
:107048000C94002080B500AF124B1B7F002B1FD083
:1070580011481BF083FE0346002B01D009F0A4FE63
:1070680000210D481CF0B2FB0346002B01D009F0AB
:107078009BFE042108481CF0A1F80346002B01D010
:1070880009F092FE4FF456720021024823F0C9FD20
:1070980000BF80BDF04900200C94002080B586B068
:1070A80000AF0346FB71FB79002B40F081806A4BEF
:1070B8001B68DB6A01337B61674B1B685B6A3B615A
:1070C800664BB3F854335A1C654BA3FB02135B0998
:1070D800642101FB03F3D31A9AB2604BA3F854233B
:1070E8005E4BB3F8543318465B4B1A685B49831DF3
:1070F800DB000B445B689363584B9A693B69134404
:10710800564A1269B3FBF2F101FB02F29B1AFB60CB
:10711800524BB3F85433514A0633DB0013445B68CF
:10712800002B0CD14D4B9A697B6913444B4A126969
:10713800B3FBF2F101FB02F29B1A484A9361474BF9
:107148005B69FA689A421AD2444B002283F83120CC
:10715800424BB3F85433414A0633DB0013441B89CE
:107168001946092023F076FB02463E4B114619705A
:10717800C2F307215970C2F307429A7011E0374BE6
:10718800012283F831200021092023F063FB024605
:10719800344B11461970C2F307215970C2F30742E4
:1071A8009A70304B1B7830491846FAF78DFB4EE041
:1071B800FB79012B24D1294B93F83130002B0FD0C8
:1071C800264A264BD3F82710084693F82B3000217F
:1071D80063F3070102F12C030CCBFEF779FB36E0D1
:1071E8001E4A1E4BD3F81D10084693F82130002183
:1071F80063F3070102F12C030CCBFEF769FB26E0D1
:10720800FB79022B23D1154B93F83130002B0FD08B
:10721800124A124BD3F82710084693F82B30002156
:1072280063F3070102F12C030CCBFEF751FB0EE0D0
:107238000A4A0A4BD3F82210084693F82630002150
:1072480063F3070102F12C030CCBFEF741FB00BFEF
:107258001837BD4680BD00BF0C940020F0490020BF
:107268001F85EB515C4D00205D4D002080B400AFC0
:10727800134B00221A61124B00229A64104B012210
:107288001A75104B00221A610E4B00229A640D4B9E
:1072980001221A750C4B00229A610C4B1B680022C4
:1072A8005A620B4B1B6800225A620A4B1B68064A3B
:1072B80052685A6200BFBD465DF8047B704700BF44
:1072C80050490020A0490020F0490020C093002028
:1072D800589400200C94002080B582B000AFFFF7CE
:1072E80005FAFFF72FFAFFF7ADFE0020FEF792FE32
:1072F8000020FEF7A1FE0020FEF77AFE0020FEF730
:107308000BFC00210020FEF78DFB3B4600221A6093
:10731800C3F803203B4693E80300FEF7FFFE00BFD7
:107328000837BD4680BD80B584B000AFF860B9604D
:107338001346FB80FB881A46B968F86823F0B4FC4A
:10734800FB88FA68134418461037BD4680BD80B5DF
:1073580084B000AFF860B9601346FB80FB881A461A
:10736800F968B86823F0A0FCFB88FA68134418464B
:107378001037BD4680BD000090B5ADF2444D02AF58
:1073880007F58764A4F22C44206007F58760A0F510
:10739800876080E80E0007F58763A3F587631B788D
:1073A80087F84C33002387F84D330023C7F8503350
:1073B800002387F8543307F58763A3F587631B78A1
:1073C800F62B02F2428401A252F823F05978000801
:1073D8007D7800080379000857790008BF7900080C
:1073E800E3790008337A0008997A0008E97A0008F6
:1073F800157B0008557B0008B77B0008E37B000875
:107408006B7C0008777E0008517F0008EB7F00083E
:107418001D8000084F8000087B800008E581000877
:10742800C98200081F8300084B830008EB8400080A
:10743800C5850008F3850008218600084F860008E6
:107448007D860008EF860008618700084D880008DF
:107458005B89000887890008B38900089D8A0008AD
:10746800178B0008918B0008038C0008358C0008E6
:10747800678C0008F18C0008638D0008DF8D000818
:10748800118E00084D8E0008BF8E00083B8F000843
:10749800678F0008938F00087F9000086B910008A1
:1074A8005B92000889920008B7920008E5920008EC
:1074B8001393000883930008F3930008DD940008F1
:1074C800C595000839960008679600089596000843
:1074D8004D970008CF9700087D990008C9990008C2
:1074E800059A0008759A00089D9A00081F9B0008D5
:1074F8008B9B0008F79B0008259C0008539C0008FC
:10750800539C0008539C0008539C0008539C000897
:10751800539C0008539C0008539C0008539C000887
:10752800539C0008539C0008539C0008539C000877
:10753800539C0008539C0008539C0008539C000867
:10754800539C0008539C0008539C0008539C000857
:10755800539C0008539C0008539C0008539C000847
:10756800539C0008539C0008539C0008539C000837
:10757800539C0008539C0008539C0008539C000827
:10758800539C0008539C0008539C0008539C000817
:10759800539C0008539C0008539C0008539C000807
:1075A800539C0008539C0008539C0008539C0008F7
:1075B800539C0008539C0008539C0008539C0008E7
:1075C800539C0008539C0008539C0008539C0008D7
:1075D800539C0008539C0008539C0008539C0008C7
:1075E800539C0008539C0008539C0008539C0008B7
:1075F800539C0008539C0008539C0008539C0008A7
:10760800539C0008539C0008539C0008539C000896
:10761800539C0008539C0008539C0008539C000886
:10762800539C0008539C0008539C0008539C000876
:10763800539C0008539C0008539C0008539C000866
:10764800539C0008539C0008539C0008539C000856
:10765800539C0008539C0008539C0008539C000846
:10766800539C0008539C0008539C0008539C000836
:10767800539C0008539C0008539C0008539C000826
:10768800539C0008539C0008539C0008539C000816
:10769800539C0008539C0008539C0008539C000806
:1076A800539C0008539C0008539C0008539C0008F6
:1076B800539C0008539C0008539C0008539C0008E6
:1076C800539C0008539C0008539C0008539C0008D6
:1076D800539C0008539C0008539C0008539C0008C6
:1076E800539C0008539C0008539C0008539C0008B6
:1076F800539C0008539C0008539C0008539C0008A6
:10770800539C0008539C0008539C0008539C000895
:10771800539C0008539C0008539C0008539C000885
:10772800539C0008539C0008539C0008539C000875
:10773800539C0008539C0008539C0008539C000865
:10774800539C0008539C0008539C0008539C000855
:10775800539C0008539C0008539C0008539C000845
:10776800539C0008539C0008539C0008539C000835
:10777800539C0008539C0008539C0008539C000825
:10778800539C0008539C0008539C0008539C000815
:10779800539C0008539C0008539C0008539C000805
:1077A800539C0008B1770008022387F8373407F59F
:1077B8008763A3F587631B7A97F837249A4204D026
:1077C800F12387F84D3302F04BBA0023A7F84A3368
:1077D80007F58763A3F587635B681B889BB2A7F8E7
:1077E8004A33B7F84A33B3F5807F17D0B3F5807FB3
:1077F80028DBB3F5027F25DCB3F5007F22DBA3F598
:10780800007340F23B1222FA03F303F00103002B4A
:1078180014BF01230023DBB2002B13D040F2012355
:10782800A7F84433B7F84A33A7F8463307F5517138
:10783800012304224FF42020F9F76EFECC4B0122DD
:107848001A7003E0012387F84D3300BF02F008BA2D
:10785800002387F8373407F58763A3F587631B7A16
:1078680097F837249A4202F0F481F12387F84D33D0
:1078780002F0EFB9002387F8373407F58763A3F5DB
:1078880087631B7A97F837249A4204D0F12387F844
:107898004D3302F0E5B907F54F73C7F858330122A5
:1078A800B449D7F85803FFF73EFDC7F8580301223B
:1078B800B149D7F85803FFF736FDC7F85803012236
:1078C800AE49D7F85803FFF72EFDC7F8580305222D
:1078D800AB49D7F85803FFF726FDC7F8580307F553
:1078E8004F73D7F85823D31ADBB287F8543307F508
:1078F8004F73C7F8503302F0B3B9022387F837340F
:1079080007F58763A3F587631B7A97F837249A42AC
:1079180004D0F12387F84D3302F0A2B907F5876345
:10792800A3F587635B68C7F85C3307F54E730222DB
:107938001946D7F85C03FFF70AFDC7F85C0307F59B
:107948004E7319468F48FDF7F2F802F089B9002303
:1079580087F8373407F58763A3F587631B7A97F8A9
:1079680037249A4204D0F12387F84D3302F078B9CE
:1079780007F54D73022219468248FDF720F907F5ED
:107988004C73C7F8603307F54D7302221946D7F8D0
:107998006003FFF7C8FCC7F8600307F54C73D7F816
:1079A8006023D31ADBB287F8543307F54C73C7F852
:1079B800503302F055B9012387F8373407F5876348
:1079C800A3F587631B7A97F837249A4202F043811C
:1079D800F12387F84D3302F03EB9002387F8373496
:1079E80007F58763A3F587631B7A97F837249A42CC
:1079F80004D0F12387F84D3302F032B9624B0122EB
:107A08001A70614B1B78002B14BF01230023DAB2D4
:107A1800584B1B78002B14BF01230023DBB21946F7
:107A28001046FDF7FFFF02F01BB9022387F8373431
:107A380007F58763A3F587631B7A97F837249A427B
:107A480004D0F12387F84D3302F007B907F58763AF
:107A5800A3F587635B68C7F8643307F54B730222A5
:107A68001946D7F86403FFF772FCC7F8640307F5F3
:107A78008763A3F586731B881846FEF701F803464B
:107A8800002B02F0EA80012387F84D3302F0E5B8B5
:107A9800002387F8373407F58763A3F587631B7AD4
:107AA80097F837249A4204D0F12387F84D3302F02F
:107AB800D7B8304B01221A70334B1B78002B14BFF8
:107AC80001230023DAB22B4B1B78002B14BF0123B0
:107AD8000023DBB219461046FDF7A4FF02F0C0B838
:107AE800002387F8373407F58763A3F587631B7A84
:107AF80097F837249A4204D0F12387F84D3302F0DF
:107B0800AFB8224B01221A7002F0AAB8002387F8F6
:107B1800373407F58763A3F587631B7A97F837240B
:107B28009A4204D0F12387F84D3302F099B8114BEB
:107B380001225A700F4B5B78002B14BF01230023DE
:107B4800DBB21846FDF7E8FF02F08AB8002387F891
:107B5800373407F58763A3F587631B7A97F83724CB
:107B68009A4215D0F12387F84D3302F079B800BF57
:107B7800654D00206C4D00206D4D00206E4D00209D
:107B88006F4D002098C40208634D0020644D00200A
:107B9800C14B01229A70C04B9B78002B14BF012364
:107BA8000023DBB21846FCF709FA02F059B80023A3
:107BB80087F8373407F58763A3F587631B7A97F847
:107BC80037249A4204D0F12387F84D3302F048B89D
:107BD8000120FBF75DFF02F043B8002387F8373434
:107BE80007F58763A3F587631B7A97F837249A42CA
:107BF80004D0F12387F84D3302F032B807F54A7301
:107C08009A1C07F54A7311461846FBF753FF0020E4
:107C1800FBF73EFF07F54973C7F8683307F54A7362
:107C280002221946D7F86803FFF77DFBC7F86803F7
:107C380007F54A73023302221946D7F86803FFF79B
:107C480072FBC7F8680307F54973D7F86823D31A96
:107C5800DBB287F8543307F54973C7F8503301F09E
:107C6800FFBF0D2387F8373407F58763A3F58763CC
:107C78001B7A97F837249A4204D0F12387F84D33BA
:107C880001F0EEBF07F58763A3F587635B68C7F864
:107C98006C3307F5457302221946D7F86C03FFF7D2
:107CA80056FBC7F86C0307F54573023301221946E2
:107CB800D7F86C03FFF74BFBC7F86C0307F5457360
:107CC800043302221946D7F86C03FFF740FBC7F8C4
:107CD8006C0307F54573063302221946D7F86C037F
:107CE800FFF735FBC7F86C0307F545730833012226
:107CF8001946D7F86C03FFF72AFBC7F86C0307F59A
:107D080045730A3302221946D7F86C03FFF71FFBA5
:107D1800C7F86C0307F545730C3301221946D7F8E9
:107D28006C03FFF714FBC7F86C0307F545730E33B4
:107D380002221946D7F86C03FFF709FBC7F86C0352
:107D4800564A07F58763A3F5927314460FCB84E868
:107D58000F00524B1B881A4607F58763A3F59A73E1
:107D68001A604E4B9B881A4607F58763A3F59A73EA
:107D78005A604A4B9B781A4607F58763A3F59A73AE
:107D88009A60464B9B781A4607F58763A3F59A7362
:107D9800DA60424BDB881A4607F58763A3F5A273BE
:107DA8001A603E4B5B891A4607F58763A3F5A273F1
:107DB8005A603A4B1B7A1A4607F58763A3F5A273F4
:107DC8009A60364B1B7A1A4607F58763A3F5A273A8
:107DD800DA60324B1B7B1846F8F794FB02460B46D9
:107DE8002BA1D1E90001F8F731FD02460B461046F8
:107DF8001946F8F7C3FE024607F58763A3F5AC7387
:107E08001A6007F58763A3F5AC7300225A60244B08
:107E18005A8807F58763A3F5AC731A811F4BDB8972
:107E28001A4607F58763A3F5AC73DA601B4BDB8949
:107E38001A4607F58763A3F5AC731A6107F58763DC
:107E4800A3F59A730FCBFEF7C7F907F58763A3F578
:107E5800A2730FCBFEF7FCF907F58763A3F5AC73A4
:107E68001A6900920FCBFEF7F7FE01F0F9BE002366
:107E780087F8373407F58763A3F587631B7A97F884
:107E880037249A420ED0F12387F84D3301F0E8BE2B
:107E98000000000080842E416C4D0020C80B00209B
:107EA800744D002007F53473C7F870330222D449A3
:107EB800D7F87003FFF737FAC7F870030122D149E2
:107EC800D7F87003FFF72FFAC7F870030222CE49DC
:107ED800D7F87003FFF727FAC7F870030222CB49D7
:107EE800D7F87003FFF71FFAC7F870030122C849D3
:107EF800D7F87003FFF717FAC7F870030222C549CD
:107F0800D7F87003FFF70FFAC7F870030122C249C8
:107F1800D7F87003FFF707FAC7F870030222BF49C2
:107F2800D7F87003FFF7FFF9C7F8700307F5347344
:107F3800D7F87023D31ADBB287F8543307F53473B4
:107F4800C7F8503301F08CBE042387F8373407F59F
:107F58008763A3F587631B7A97F837249A4204D07E
:107F6800F12387F84D3301F07ABE07F58763A3F54F
:107F780087635B68C7F8743307F5337302221946C1
:107F8800D7F87403FFF7E3F9C7F8740307F53373F9
:107F9800023302221946D7F87403FFF7D8F9C7F855
:107FA800740307F58763A3F5B6731B689C4A1360CF
:107FB800FDF7C4FD0346002B02D0012387F84D339B
:107FC800974B1B88964A528811461846FDF722FEA1
:107FD8000346002B01F04386012387F84D3301F057
:107FE8003EBE002387F8373407F58763A3F5876318
:107FF8001B7A97F837249A4204D0F12387F84D3337
:1080080001F02EBE0120FDF7F3FF864B01229A7086
:1080180001F026BE002387F8373407F58763A3F5F8
:1080280087631B7A97F837249A4204D0F12387F89C
:108038004D3301F015BE0020FDF7DAFF794B002221
:108048009A7001F00DBE002387F8373407F587636F
:10805800A3F587631B7A97F837249A4204D0F12353
:1080680087F84D3301F0FCBD0120FDF7D3FF01F087
:10807800F7BD072387F8373407F58763A3F58763C8
:108088001B7A97F837249A4204D0F12387F84D33A6
:1080980001F0E6BD07F58763A3F587635B68C7F85A
:1080A800783307F5317301221946D7F87803FFF7BB
:1080B8004EF9C7F8780307F53173013301221946E1
:1080C800D7F87803FFF743F9C7F8780307F5317352
:1080D800023301221946D7F87803FFF738F9C7F8B1
:1080E800780307F53173033301221946D7F878036B
:1080F800FFF72DF9C7F8780307F531730433012228
:108108001946D7F87803FFF722F9C7F8780307F577
:108118003173053301221946D7F87803FFF717F9A9
:10812800C7F8780307F53173063301221946D7F8E3
:108138007803FFF70CF9C7F878033B4907F587631D
:10814800A3F5BA720B4692E803001860043319804D
:1081580002330A0C1A70344B1A7807F58763A3F5B3
:10816800BE731A70304B5A7807F58763A3F5BE7350
:108178005A702D4B9A7807F58763A3F5BE739A70EA
:10818800294BDA7807F58763A3F5BE73DA70264BB7
:108198001A7907F58763A3F5BE731A71224B5A79CA
:1081A80007F58763A3F5BE735A711F4B9A7907F5D4
:1081B8008763A3F5BE739A7107F58763A3F5BE734A
:1081C80093E80300FDF7AAFF174B1A78154B1A70AE
:1081D800154B5A78134B5A7001F042BD002387F8AB
:1081E800373407F58763A3F587631B7A97F8372435
:1081F8009A421BD0F12387F84D3301F031BD00BFFF
:10820800C80B0020CA0B0020CC0B0020CE0B00208E
:10821800D00B0020D20B0020D40B0020D60B00205E
:10822800744D0020684D0020784D002007F52D730F
:10823800C7F87C330122B349D7F87C03FFF773F8FA
:10824800C7F87C030122B049D7F87C03FFF76BF825
:10825800C7F87C030122AD49D7F87C03FFF763F820
:10826800C7F87C030122AA49D7F87C03FFF75BF81B
:10827800C7F87C030122A749D7F87C03FFF753F816
:10828800C7F87C030122A449D7F87C03FFF74BF811
:10829800C7F87C030122A149D7F87C03FFF743F80C
:1082A800C7F87C0307F52D73D7F87C23D31ADBB204
:1082B80087F8543307F52D73C7F8503301F0D0BC55
:1082C800002387F8373407F58763A3F587631B7A9C
:1082D80097F837249A4204D0F12387F84D3301F0F8
:1082E800BFBC8F4B1B78002B04D08D4BDB78184616
:1082F800FDF7EAFF8A4B5B78002B08D0884B9B7808
:10830800002B02D0FEF75CFD01E0FEF7EBF8FEF76C
:10831800ADFF01F0A5BC002387F8373407F5876364
:10832800A3F587631B7A97F837249A4204D0F12380
:1083380087F84D3301F094BC0120FDF77DFE01F074
:108348008FBC072387F8373407F58763A3F587635E
:108358001B7A97F837249A4204D0F12387F84D33D3
:1083680001F07EBC07F58763A3F587635B68C7F8F0
:10837800803307F52B7301221946D7F88003FEF7DF
:10838800E6FFC7F8800307F52B730133012219466E
:10839800D7F88003FEF7DBFFC7F8800307F52B73D8
:1083A800023301221946D7F88003FEF7D0FFC7F839
:1083B800800307F52B73033301221946D7F880038E
:1083C800FEF7C5FFC7F8800307F52B7304330122B6
:1083D8001946D7F88003FEF7BAFFC7F8800307F5F8
:1083E8002B73053301221946D7F88003FEF7AFFF38
:1083F800C7F8800307F52B73063301221946D7F80F
:108408008003FEF7A4FFC7F88003464907F5876392
:10841800A3F5C6720B4692E803001860043319806E
:1084280002330A0C1A703F4B1B78002B14BF012330
:108438000023DAB207F58763A3F5CA731A70394BBC
:108448005B78002B14BF01230023DAB207F587639A
:10845800A3F5CA735A70334B9B78002B14BF0123C2
:108468000023DAB207F58763A3F5CA739A702D4B18
:10847800DB78002B14BF01230023DAB207F58763EA
:10848800A3F5CA73DA70274B1B79002B14BF01239D
:108498000023DAB207F58763A3F5CA731A71214B73
:1084A8005B79002B14BF01230023DAB207F5876339
:1084B800A3F5CA735A711B4B9B79002B14BF012378
:1084C8000023DAB207F58763A3F5CA739A7107F533
:1084D8008763A3F5CA7393E80300FDF7C1FD01F0B4
:1084E800BFBB002387F8373407F58763A3F5876395
:1084F8001B7A97F837249A4216D0F12387F84D3320
:1085080001F0AEBB784D0020794D00207A4D002057
:108518007B4D00207C4D00207D4D00207E4D0020AD
:10852800684D0020804D002007F52773C7F8843375
:108538000122CD49D7F88403FEF7F5FEC7F8840376
:108548000122CA49D7F88403FEF7EDFEC7F8840371
:108558000122C749D7F88403FEF7E5FEC7F884036C
:108568000122C449D7F88403FEF7DDFEC7F8840367
:108578000122C149D7F88403FEF7D5FEC7F8840362
:108588000122BE49D7F88403FEF7CDFEC7F884035D
:108598000122BB49D7F88403FEF7C5FEC7F8840358
:1085A80007F52773D7F88423D31ADBB287F8543337
:1085B80007F52773C7F8503301F052BB002387F83B
:1085C800373407F58763A3F587631B7A97F8372451
:1085D8009A4204D0F12387F84D3301F041BB0021C2
:1085E8000120FBF7FDFC01F03BBB002387F8373483
:1085F80007F58763A3F587631B7A97F837249A42B0
:1086080004D0F12387F84D3301F02ABB0021022062
:10861800FBF7E6FC01F024BB002387F8373407F5A5
:108628008763A3F587631B7A97F837249A4204D0A7
:10863800F12387F84D3301F013BB01210120FBF72B
:10864800CFFC01F00DBB002387F8373407F58763AB
:10865800A3F587631B7A97F837249A4204D0F1234D
:1086680087F84D3301F0FCBA01210220FBF7B8FC72
:1086780001F0F6BA002387F8373407F58763A3F5C6
:1086880087631B7A97F837249A4204D0F12387F836
:108698004D3301F0E5BA4FF400517A480FF00AFA69
:1086A80003461A4607F58763A3F5D0731A7007F5D2
:1086B8002573C7F8883307F5267301221946D7F8BA
:1086C8008803FEF730FEC7F8880307F52573D7F847
:1086D8008823D31ADBB287F8543307F52573C7F814
:1086E800503301F0BDBA002387F8373407F58763A4
:1086F800A3F587631B7A97F837249A4204D0F123AD
:1087080087F84D3301F0ACBA4FF400615D480FF0C3
:10871800D1F903461A4607F58763A3F5D4731A708F
:1087280007F52373C7F88C3307F52473012219461C
:10873800D7F88C03FEF7F7FDC7F88C0307F523730A
:10874800D7F88C23D31ADBB287F8543307F5237391
:10875800C7F8503301F084BA032387F8373407F594
:108768008763A3F587631B7A97F837249A4204D066
:10877800F12387F84D3301F073BA07F58763A3F542
:1087880087635B68C7F8903307F52273012219469F
:10879800D7F89003FEF7DBFDC7F8900307F52273BF
:1087A800023302221946D7F89003FEF7D0FDC7F826
:1087B800900307F11003EF220021184622F031FA46
:1087C80007F58763A3F5D8731A7807F58763A3F5C8
:1087D80085631A7007F58763A3F585631A7807F52B
:1087E8008763A3F5D873588807F11003591C03460B
:1087F8000120FBF743FC07F58073C7F8903307F1B6
:10880800100301221946D7F89003FEF78CFDC7F82C
:10881800900307F110030133EE221946D7F89003AD
:10882800FEF781FDC7F8900307F58073D7F890230A
:10883800D31ADBB287F8543307F58073C7F850337F
:1088480001F00EBA032387F8373407F58763A3F5D9
:1088580087631B7A97F837249A4215D0F12387F853
:108868004D3301F0FDB900BF804D0020814D00203F
:10887800824D0020834D0020844D0020854D00202E
:10888800864D00200008024207F58763A3F5876339
:108898005B68C7F8943307F5217301221946D7F8A6
:1088A8009403FEF754FDC7F8940307F521730233C8
:1088B80002221946D7F89403FEF749FDC7F8940336
:1088C80007F11003EF220021184622F0AAF907F554
:1088D8008763A3F5DA731A7807F58763A3F58563C9
:1088E8001A7007F58763A3F585631A7807F5876318
:1088F800A3F5DA73588807F11003591C03460220C0
:10890800FBF7BCFB07F58073C7F8943307F1100336
:1089180001221946D7F89403FEF705FDC7F894031A
:1089280007F110030133EE221946D7F89403FEF736
:10893800FAFCC7F8940307F58073D7F89423D31A81
:10894800DBB287F8543307F58073C7F8503301F06A
:1089580087B9002387F8373407F58763A3F587635A
:108968001B7A97F837249A4204D0F12387F84D33BD
:1089780001F076B90120FBF709FC01F071B9002379
:1089880087F8373407F58763A3F587631B7A97F869
:1089980037249A4204D0F12387F84D3301F060B9A7
:1089A8000020FBF7F3FB01F05BB9032387F83734AA
:1089B80007F58763A3F587631B7A97F837249A42EC
:1089C80004D0F12387F84D3301F04AB907F58763DE
:1089D800A3F587635B68C7F8983307F5207301220E
:1089E8001946D7F89803FEF7B2FCC7F8980307F5BD
:1089F8002073023302221946D7F89803FEF7A7FC22
:108A0800C7F8980307F11003EF220021184622F057
:108A180008F907F58763A3F5DC731A7807F5876308
:108A2800A3F585631A7007F58763A3F5856319783D
:108A380007F58763A3F5DC735A8807F11003013340
:108A48001846FBF7B5FB07F58073C7F8983307F1AD
:108A5800100301221946D7F89803FEF764FCC7F8FB
:108A6800980307F110030133EE221946D7F898034B
:108A7800FEF759FCC7F8980307F58073D7F89823D1
:108A8800D31ADBB287F8543307F58073C7F850332D
:108A980001F0E6B8002387F8373407F58763A3F5B4
:108AA80087631B7A97F837249A4204D0F12387F812
:108AB8004D3301F0D5B88021DC480EF0FBFF0346AA
:108AC800002B0CBF01230023DBB21A4607F587638E
:108AD800A3F5DE731A7007F51E73C7F89C3307F504
:108AE8001F7301221946D7F89C03FEF71CFCC7F830
:108AF8009C0307F51E73D7F89C23D31ADBB287F8BB
:108B0800543307F51E73C7F8503301F0A9B8002392
:108B180087F8373407F58763A3F587631B7A97F8D7
:108B280037249A4204D0F12387F84D3301F098B8DE
:108B38004021BE480EF0BEFF0346002B0CBF0123A8
:108B48000023DBB21A4607F58763A3F5E2731A70B0
:108B580007F51C73C7F8A03307F51D7301221946E2
:108B6800D7F8A003FEF7DFFBC7F8A00307F51C73CF
:108B7800D7F8A023D31ADBB287F8543307F51C7350
:108B8800C7F8503301F06CB8002387F8373407F57D
:108B98008763A3F587631B7A97F837249A4204D032
:108BA800F12387F84D3301F05BB84FF400719F480B
:108BB8000EF080FF03461A4607F58763A3F5E673B0
:108BC8001A7007F51A73C7F8A43307F51B73012247
:108BD8001946D7F8A403FEF7A6FBC7F8A40307F5C0
:108BE8001A73D7F8A423D31ADBB287F8543307F5DE
:108BF8001A73C7F8503301F033B8002387F83734B5
:108C080007F58763A3F587631B7A97F837249A4299
:108C180004D0F12387F84D3301F022B801224FF434
:108C2800806183480EF05EFF01F01AB8002387F8D0
:108C3800373407F58763A3F587631B7A97F83724DA
:108C48009A4204D0F12387F84D3301F009B8002285
:108C58004FF4806176480EF045FF01F001B8022319
:108C680087F8373407F58763A3F587631B7A97F886
:108C780037249A4204D0F12387F84D3300F0F0BF2F
:108C880007F58763A3F587635B68C7F8A83307F51B
:108C9800197301221946D7F8A803FEF758FBC7F83D
:108CA800A80307F51973013301221946D7F8A80359
:108CB800FEF74DFBC7F8A80307F58763A3F5EA732A
:108CC8001B781A464FF4807159480EF00BFF07F5D0
:108CD8008763A3F5EA735B781A464FF4007154482A
:108CE8000EF000FF00F0BCBF002387F8373407F50B
:108CF8008763A3F587631B7A97F837249A4204D0D1
:108D0800F12387F84D3300F0ABBF4FF4804148485A
:108D18000EF0D0FE03461A4607F58763A3F5EC73F9
:108D28001A7007F51773C7F8AC3307F518730122E3
:108D38001946D7F8AC03FEF7F6FAC7F8AC0307F5FF
:108D48001773D7F8AC23D31ADBB287F8543307F577
:108D58001773C7F8503300F083BF002387F8373400
:108D680007F58763A3F587631B7A97F837249A4238
:108D780004D0F12387F84D3300F072BF4FF48051CF
:108D88002B480EF097FE0346002B0CBF012300234F
:108D9800DBB21A4607F58763A3F5F0731A7007F577
:108DA8001573C7F8B03307F5167301221946D7F8BB
:108DB800B003FEF7B8FAC7F8B00307F51573D7F88C
:108DC800B023D31ADBB287F8543307F51573C7F805
:108DD800503300F045BF002387F8373407F5876321
:108DE800A3F587631B7A97F837249A4204D0F123B6
:108DF80087F84D3300F034BF01224FF400610C486E
:108E08000EF070FE00F02CBF002387F8373407F50A
:108E18008763A3F587631B7A97F837249A4209D0AA
:108E2800F12387F84D3300F01BBF00BF0008024252
:108E38000010024200224FF40061D2480EF052FEA8
:108E480000F00EBF002387F8373407F58763A3F5D2
:108E580087631B7A97F837249A4204D0F12387F85E
:108E68004D3300F0FDBE4FF40041C6480EF022FE1F
:108E780003461A4607F58763A3F5F4731A7007F5D6
:108E88001373C7F8B43307F5147301221946D7F8DA
:108E9800B403FEF748FAC7F8B40307F51373D7F815
:108EA800B423D31ADBB287F8543307F51373C7F822
:108EB800503300F0D5BE002387F8373407F58763B1
:108EC800A3F587631B7A97F837249A4204D0F123D5
:108ED80087F84D3300F0C4BE4FF40051A9480EF096
:108EE800E9FD0346002B0CBF01230023DBB21A4621
:108EF80007F58763A3F5F8731A7007F51173C7F8B8
:108F0800B83307F5127301221946D7F8B803FEF7EC
:108F18000AFAC7F8B80307F51173D7F8B823D31AB4
:108F2800DBB287F8543307F51173C7F8503300F0F4
:108F380097BE002387F8373407F58763A3F587635F
:108F48001B7A97F837249A4204D0F12387F84D33D7
:108F580000F086BE0120FBF747F900F081BE002330
:108F680087F8373407F58763A3F587631B7A97F883
:108F780037249A4204D0F12387F84D3300F070BEAD
:108F88000020FBF731F900F06BBE032387F8373474
:108F980007F58763A3F587631B7A97F837249A4206
:108FA80004D0F12387F84D3300F05ABE07F58763E4
:108FB800A3F587635B68C7F8BC3307F51073012214
:108FC8001946D7F8BC03FEF7C2F9C7F8BC0307F582
:108FD8001073023302221946D7F8BC03FEF7B7F91B
:108FE800C7F8BC0307F11003EF220021184621F04F
:108FF80018FE07F58763A3F5FC731A7807F58763EE
:10900800A3F585631A7007F58763A3F585631A7856
:1090180007F58763A3F5FC73588807F11003591CFB
:1090280003460120FBF7F2F807F58073C7F8BC3355
:1090380007F1100301221946D7F8BC03FEF773F9AC
:10904800C7F8BC0307F110030133EE221946D7F81D
:10905800BC03FEF768F9C7F8BC0307F58073D7F8B7
:10906800BC23D31ADBB287F8543307F58073C7F8EB
:10907800503300F0F5BD032387F8373407F58763CD
:10908800A3F587631B7A97F837249A4204D0F12313
:1090980087F84D3300F0E4BD07F58763A3F58763D0
:1090A8005B68C7F8C03307F50F7301221946D7F874
:1090B800C003FEF74CF9C7F8C00307F50F73023376
:1090C80002221946D7F8C003FEF741F9C7F8C003D2
:1090D80007F11003EF220021184621F0A2FD07F541
:1090E8008763A3F5FE731A7807F58763A3F585638D
:1090F8001A7007F58763A3F585631A7807F5876300
:10910800A3F5FE73588807F11003591C0346022083
:10911800FBF77CF807F58073C7F8C03307F1100335
:1091280001221946D7F8C003FEF7FDF8C7F8C003B7
:1091380007F110030133EE221946D7F8C003FEF7F2
:10914800F2F8C7F8C00307F58073D7F8C023D31A1D
:10915800DBB287F8543307F58073C7F8503300F053
:109168007FBD032387F8373407F58763A3F5876343
:109178001B7A97F837249A4206D0F12387F84D33A3
:1091880000F06EBD0010024207F58763A3F5876300
:109198005B68C7F8C43307F50E7301221946D7F880
:1091A800C403FEF7D4F8C7F8C40307F50E730233F7
:1091B80002221946D7F8C403FEF7C9F8C7F8C40352
:1091C80007F11003EF220021184621F02AFD07F5C8
:1091D8008763A3F500731A7807F58763A3F585639A
:1091E8001A7007F58763A3F585631A7807F587630F
:1091F800A3F50073588807F11003591C0346032090
:10920800FBF704F807F58073C7F8C43307F11003B8
:1092180001221946D7F8C403FEF785F8C7F8C40336
:1092280007F110030133EE221946D7F8C403FEF7FD
:109238007AF8C7F8C40307F58073D7F8C423D31A9C
:10924800DBB287F8543307F58073C7F8503300F062
:1092580007BD002387F8373407F58763A3F58763CD
:109268001B7A97F837249A4204D0F12387F84D33B4
:1092780000F0F6BC00210320FAF7B2FE00F0F0BCC3
:10928800002387F8373407F58763A3F587631B7ACC
:1092980097F837249A4204D0F12387F84D3300F029
:1092A800DFBC00210420FAF79BFE00F0D9BC0023A4
:1092B80087F8373407F58763A3F587631B7A97F830
:1092C80037249A4204D0F12387F84D3300F0C8BC04
:1092D80001210320FAF784FE00F0C2BC002387F8BE
:1092E800373407F58763A3F587631B7A97F8372424
:1092F8009A4204D0F12387F84D3300F0B1BC012124
:109308000420FAF76DFE00F0ABBC002387F8373471
:1093180007F58763A3F587631B7A97F837249A4282
:1093280004D0F12387F84D3300F09ABC4021DF4880
:109338000EF0C0FB03461A4607F58763A3F50173D1
:109348001A7007F50C73C7F8C83307F50D730122B7
:109358001946D7F8C803FDF7E6FFC7F8C80307F5AD
:109368000C73D7F8C823D31ADBB287F8543307F540
:109378000C73C7F8503300F073BC002387F83734F8
:1093880007F58763A3F587631B7A97F837249A4212
:1093980004D0F12387F84D3300F062BC0221C448A1
:1093A8000EF088FB03461A4607F58763A3F5037397
:1093B8001A7007F50A73C7F8CC3307F50B73012247
:1093C8001946D7F8CC03FDF7AEFFC7F8CC0307F56D
:1093D8000A73D7F8CC23D31ADBB287F8543307F5CE
:1093E8000A73C7F8503300F03BBC032387F83734BF
:1093F80007F58763A3F587631B7A97F837249A42A2
:1094080004D0F12387F84D3300F02ABC07F58763B1
:10941800A3F587635B68C7F8D03307F509730122A2
:109428001946D7F8D003FDF792FFC7F8D00307F520
:109438000973023302221946D7F8D003FDF787FFD4
:10944800C7F8D00307F11003EF220021184621F0D6
:10945800E8FB07F58763A3F505731A7807F58763B3
:10946800A3F585631A7007F58763A3F585631A78F2
:1094780007F58763A3F50573588807F11003591C8E
:1094880003460320FAF7FAFD07F58073C7F8D033CF
:1094980007F1100301221946D7F8D003FDF743FF5F
:1094A800C7F8D00307F110030133EE221946D7F8A5
:1094B800D003FDF738FFC7F8D00307F58073D7F856
:1094C800D023D31ADBB287F8543307F58073C7F873
:1094D8005033C5E3032387F8373407F58763A3F5CB
:1094E80087631B7A97F837249A4203D0F12387F8C9
:1094F8004D33B5E307F58763A3F587635B68C7F862
:10950800D43307F5087301221946D7F8D403FDF7B9
:109518001EFFC7F8D40307F5087302330222194661
:10952800D7F8D403FDF713FFC7F8D40307F11003E6
:10953800EF220021184621F074FB07F58763A3F595
:1095480006731A7807F58763A3F585631A7007F51C
:109558008763A3F585631A7807F58763A3F5067310
:10956800588807F11003591C03460420FAF786FDB2
:1095780007F58073C7F8D43307F1100301221946A1
:10958800D7F8D403FDF7CFFEC7F8D40307F11003CB
:109598000133EE221946D7F8D403FDF7C4FEC7F805
:1095A800D40307F58073D7F8D423D31ADBB287F82E
:1095B800543307F58073C7F8503351E3002387F815
:1095C800373407F58763A3F587631B7A97F8372441
:1095D8009A4203D0F12387F84D3341E308213548F7
:1095E8000EF068FA0346002B14BF01230023DAB2F9
:1095F80007F58763A3F507731A7007F50673C7F8AD
:10960800D83307F5077301221946D7F8D803FDF7B1
:109618008AFEC7F8D80307F50673D7F8D823D31AF4
:10962800DBB287F8543307F50673C7F8503317E3EE
:10963800002387F8373407F58763A3F587631B7A18
:1096480097F837249A4203D0F12387F84D3307E37C
:109658000120FAF787FA184B0122DA7000E3002399
:1096680087F8373407F58763A3F587631B7A97F87C
:1096780037249A4203D0F12387F84D33F0E20020D3
:10968800FAF770FA0C4B0022DA70E9E2042387F843
:10969800373407F58763A3F587631B7A97F8372470
:1096A8009A420BD0F12387F84D33D9E200040242E5
:1096B8000018024200000242684D002007F5876347
:1096C800A3F587635B68C7F8DC3307F505730122E8
:1096D8001946D7F8DC03FDF73AFEC7F8DC0307F5AF
:1096E8000573013301221946D7F8DC03FDF72FFE75
:1096F800C7F8DC0307F50573023301221946D7F8CA
:10970800DC03FDF724FEC7F8DC0307F50573033314
:1097180001221946D7F8DC03FDF719FEC7F8DC0368
:1097280007F58763A3F509731B68BC4A1360BB4B35
:109738001878BA4B5978B94B9A78B84BDB78FAF75E
:1097480023FA8DE2002387F8373407F58763A3F5FA
:1097580087631B7A97F837249A4203D0F12387F856
:109768004D337DE207F50473C7F8E0330122AB49B6
:10977800D7F8E003FDF7D7FDC7F8E0030122A849B1
:10978800D7F8E003FDF7CFFDC7F8E0030122A549AC
:10979800D7F8E003FDF7C7FDC7F8E0030122A249A7
:1097A800D7F8E003FDF7BFFDC7F8E00307F504733A
:1097B800D7F8E023D31ADBB287F8543307F50473DC
:1097C800C7F850334CE2002387F8373407F587632E
:1097D800A3F587631B7A97F837249A4203D0F123BD
:1097E80087F84D333CE24CF25033A7F82634B7F8EB
:1097F80026348E4A928811461846FAF7F5F9034638
:10980800A7F82434B7F82634884A1288114618462F
:10981800FAF7EAF90346A7F82234844B9B781846EE
:1098280008F0F4FBFDF722FDB7F82634B7F8242436
:109838007F498048FAF71AFAFDF718FDB7F8263479
:10984800B7F824247C497D48FAF710FAB7F822249F
:10985800B7F8243419467648FAF722FA07F58363ED
:1098680083ED000BB7F82224B7F824341946724860
:10987800FAF716FA07F5826383ED000B07F58263A2
:10988800D3E9002307F58361D1E90001F6F7FEFC6F
:1098980002460B4607F58161C1E90023684B1B7836
:1098A800002B07D1674B1B881846F6F72BFE02469C
:1098B8000B4606E0634B5B881846F6F723FE024624
:1098C8000B4607F58061C1E900235D4B5B78012BEE
:1098D80007D15C4B1B881846F6F714FE02460B4668
:1098E80006E0584B5B881846F6F70CFE02460B4616
:1098F800C7E9FE23494BDB7883F00103DBB2002B79
:1099080004D007F58063D3E9002301E0D7E9FE23FB
:10991800C7E9FC2307F5816393ED001B97EDFC0B6A
:10992800FAF746FA87EDFA0BD7E9FA01F7F726F9BD
:1099380003469AB207F58763A3F50B731A8007F5F8
:109948000273C7F8E43307F5037302221946D7F800
:10995800E403FDF7E8FCC7F8E40307F50273D7F85A
:10996800E423D31ADBB287F8543307F50273C7F838
:10997800503375E1002387F8373407F58763A3F57B
:1099880087631B7A97F837249A4203D0F12387F824
:109998004D3365E12C4B00221A702C4B1B78002BA1
:1099A80014BF01230023DAB2274B1B78002B14BF06
:1099B80001230023DBB219461046FCF733F84FE1C8
:1099C800002387F8373407F58763A3F587631B7A85
:1099D80097F837249A4203D0F12387F84D333FE1B3
:1099E800194B00225A70184B5B78002B14BF0123C7
:1099F8000023DBB21846FCF78FF831E1002387F823
:109A0800373407F58763A3F587631B7A97F83724FC
:109A18009A421DD0F12387F84D3321E1884D00206B
:109A2800894D00208A4D00208B4D0020C80B002056
:109A3800904D002020000014305D002040000018E8
:109A4800804D0020744D00206C4D0020634D002097
:109A58008E4B00229A708D4B9B78002B14BF0123EC
:109A68000023DBB21846FAF7A9FAF9E0002387F8D1
:109A7800373407F58763A3F587631B7A97F837248C
:109A88009A4203D0F12387F84D33E9E00020FCF730
:109A9800C1FAE5E0022387F8373407F58763A3F5B1
:109AA80087631B7A97F837249A4203D0F12387F803
:109AB8004D33D5E007F58763A3F587635B68C7F87F
:109AC800283407F5017301221946D7F82804FDF751
:109AD8003EFCC7F8280407F5017301330122194633
:109AE800D7F82804FDF733FCC7F8280407F55373A3
:109AF80003F1080207F5FE7107F58763A3F50D73F7
:109B0800186800F0F5FA034687F84D3307F5FE7339
:109B1800C7F85033A4E0012387F8373407F5876383
:109B2800A3F587631B7A97F837249A4203D0F12369
:109B380087F84D3394E007F58763A3F587635B687F
:109B4800C7F82C3407F5FC7301221946D7F82C0402
:109B5800FDF7FDFBC7F82C0407F5537303F1080262
:109B680007F5807107F58763A3F51073187800F07F
:109B7800CBFD034687F84D3307F58073C7F850339C
:109B88006EE0012387F8373407F58763A3F5876309
:109B98001B7A97F837249A4203D0F12387F84D337C
:109BA8005EE007F58763A3F587635B68C7F8303421
:109BB80007F5FA7301221946D7F83004FDF7C7FBF9
:109BC800C7F8300407F5537303F1080207F5F87175
:109BD80007F58763A3F51173187801F02BF903468D
:109BE80087F84D3307F5F873C7F8503338E000238A
:109BF80087F8373407F58763A3F587631B7A97F8E7
:109C080037249A4203D0F12387F84D3328E0002205
:109C18004FF480711E480DF065FF21E0002387F89E
:109C2800373407F58763A3F587631B7A97F83724DA
:109C38009A4203D0F12387F84D3311E001224FF403
:109C4800807113480DF04EFF0AE0F22387F84D3378
:109C580006E000BF04E000BF02E000BF00E000BF74
:109C680007F58763A3F22C431B681C4607F553735B
:109C780093E8070084E8070007F58763A3F22C43FD
:109C8800186807F23C47BD4690BD00BF6C4D0020E8
:109C9800000802420000000080B590B002AF4FF407
:109CA8000061AB480DF006FF03461A46A94B1A702F
:109CB8004FF40041A6480DF0FDFE03461A46A64B98
:109CC8001A704FF40071A2480DF0F4FE03461A46CC
:109CD800A14B5A704FF480619D480DF0EBFE03468E
:109CE8001A469D4B9A7001219C480DF0E3FE0346ED
:109CF800002B14BF01230023DAB2994B1A700421F8
:109D080096480DF0D7FE0346002B14BF012300230D
:109D1800DAB2934B5A70022190480DF0CBFE0346FD
:109D2800002B14BF01230023DAB28D4B9A7008214F
:109D38008A480DF0BFFE0346002B14BF0123002301
:109D4800DAB2874BDA70102184480DF0B3FE03466F
:109D5800002B14BF01230023DAB2814B1A71202192
:109D68007E480DF0A7FE0346002B14BF01230023F5
:109D7800DAB27B4B5A71402178480DF09BFE0346BE
:109D8800002B14BF01230023DAB2754B9A714FF4EC
:109D9800805172480DF08EFE0346002B0CBF012344
:109DA8000023DBB21A466F4B1A704FF400516B4810
:109DB8000DF080FE0346002B0CBF01230023DBB20D
:109DC8001A46684B5A704FF4006164480DF072FEF1
:109DD8000346002B0CBF01230023DBB21A46614B5C
:109DE8009A7080215D480DF065FE0346002B0CBF7C
:109DF80001230023DBB21A465A4BDA704FF4807104
:109E080056480DF057FE0346002B0CBF01230023D4
:109E1800DBB21A46534B1A714FF400714F480DF0DC
:109E280049FE0346002B0CBF01230023DBB21A4670
:109E38004C4B5A714FF4806148480DF03BFE034685
:109E4800002B0CBF01230023DBB21A46454B9A7145
:109E5800022145480DF02EFE0346002B14BF0123B6
:109E68000023DAB2414B1A7008213F480DF022FE58
:109E78000346002B14BF01230023DAB23B4B5A7070
:109E8800102139480DF016FE0346002B14BF01239C
:109E98000023DAB2354B9A70012133480DF00AFEDF
:109EA8000346002B14BF01230023DAB22F4BDA70CC
:109EB80001212A480DF0FEFD0346002B14BF0123A3
:109EC8000023DAB22A4B1A70042124480DF0F2FD5F
:109ED8000346002B14BF01230023DAB2244B5A7027
:109EE800022124480DF0E6FD0346002B14BF012390
:109EF8000023DAB21E4B9A7004211B480DF0DAFDDC
:109F08000346002B14BF01230023DAB2184BDA7082
:109F1800FBF714FE184B1B88174A5288114618463F
:109F2800FBF778FE154B1B88BB62144B9B88FB62C2
:109F3800124B9B783B63114B9B787B630F4BDB8801
:109F4800BB610E4B5B89FB610C4B1B7A18E000BFB1
:109F580000040242634D00206C4D0020000C0242B8
:109F6800784D0020804D002000140242884D0020CA
:109F7800684D002000100242744D0020C80B0020DC
:109F88003B621D4B1B7A7B621B4B1B7B1846F6F70B
:109F9800B9FA02460B4616A1D1E90001F6F756FCBC
:109FA80002460B4610461946F6F7E8FD03467B6065
:109FB8000023BB60114B5B88BB810F4BDB893B6186
:109FC8000D4BDB897B6107F128030FCBFCF704F904
:109FD80007F118030FCBFCF73BF97B6900933B1D96
:109FE8000FCBFCF739FE00BF3837BD4680BD00BF38
:109FF8000000000080842E41C80B0020744D002012
:10A0080080B582B000AF0020F8F70EF8FFF744FEE5
:10A018002F48F8F793FDF8F7B9FB0346FB71FB7976
:10A02800FF2B06D10120F8F7F9FAF8F7AFFB034642
:10A03800FB71FB79002B13D1264B1B7883F00103AE
:10A04800DBB2002B05D0F8F7D3FB224B01221A70A4
:10A058000CE0214801F0DAFC2048F8F75BFB05E04A
:10A06800F8F7B4FB02E0012007F0D0FFF7F738FE5D
:10A07800034683F00103DBB2002BF4D1F8F786FB2B
:10A088000346FB71164B1B78002B05D001224FF4B9
:10A09800805114480DF026FD134B1B78002BC8D0B7
:10A0A8000020F8F7BBFA0120F8F7B8FAF8F7A0FB98
:10A0B80004E0F7F715FEC82007F0A8FF0B4B1B7844
:10A0C80083F00103DBB2002BF3D10BF02EF8B0E7DD
:10A0D800817300088C4D0020191A0020081A0020EE
:10A0E800644D002000000242654D00207C420020A3
:10A0F80090B58BB000AFB881B9607A607B7BDB0923
:10A1080087F823307B7B03F07F0387F8223097F8AA
:10A1180022305B0087F82130BB6897F822201A703C
:10A128007B6801221A703B7B0A2B0DD03B7B192BD5
:10A138000AD03B7B322B07D03B7B642B04D03B7B84
:10A14800C82B01D00423D9E297F82130302B05D051
:10A1580097F82130322B01D00423CFE20120F7F702
:10A1680047FD00237B62C4E2CA4A7B6A4FF4E3617D
:10A1780001FB03F313441B7897F821209A4240F01F
:10A18800B582C44A7B6A4FF4E36101FB03F31344CD
:10A1980003F2167301221A70BE4A7B6A4FF4E36118
:10A1A80001FB03F313441B78194605230322BA481D
:10A1B8000EF082FE0346002B40F09682002387F8BB
:10A1C8002030B44A7B6A4FF4E36101FB03F3134484
:10A1D80003F2127300221A701C23FB77AD4A7B6AC4
:10A1E8004FF4E36101FB03F3134401330F221A70A8
:10A1F800A84A7B6A4FF4E36101FB03F31344187820
:10A20800A44A7B6A4FF4E36101FB03F3134401336F
:10A2180019787B6A4FF4E36202FB03F39D4A134407
:10A228009A1C0123F7F73CFD9A4A7B6A4FF4E361D5
:10A2380001FB03F3134402331B78332B40F05282A3
:10A24800944A7B6A4FF4E36101FB03F3134401333F
:10A2580020221A70002020F03DFC034618468D4A43
:10A268007B6A4FF4E36101FB03F3134402330246B4
:10A278001A70884A7B6A4FF4E36101FB03F31344C5
:10A288001878844A7B6A4FF4E36101FB03F31344B3
:10A29800013319787B6A4FF4E36202FB03F37D4ACA
:10A2A80013449A1C0123F7F7DBFC7A4A7B6A4FF4C4
:10A2B800E36101FB03F31344013324221A70754A46
:10A2C8007B6A4FF4E36101FB03F31344023340223A
:10A2D8001A70704A7B6A4FF4E36101FB03F313447D
:10A2E80018786C4A7B6A4FF4E36101FB03F313446B
:10A2F800013319787B6A4FF4E36202FB03F3654A82
:10A3080013449A1C0123F7F7ABFC624A7B6A4FF4AB
:10A31800E36101FB03F3134401332E221A70FB7F20
:10A32800803BD8B25B4A7B6A4FF4E36101FB03F3DD
:10A338001344023302461A70564A7B6A4FF4E361AB
:10A3480001FB03F3134418787B6A4FF4E36202FBC2
:10A3580003F3504A13449A1C01232E21F7F780FC7B
:10A368004C4A7B6A4FF4E36101FB03F31344013366
:10A378002F221A70474A7B6A4FF4E36101FB03F30B
:10A3880013441878434A7B6A4FF4E36101FB03F3F3
:10A398001344013319787B6A4FF4E36202FB03F339
:10A3A800C0333C4A13441A1D0123F7F779FC394A94
:10A3B8007B6A4FF4E36101FB03F31344C4331B7856
:10A3C80003F02003002B39D1324A7B6A4FF4E36152
:10A3D80001FB03F31344C4331B7803F01F03DBB200
:10A3E8000133BB772B4A7B6A4FF4E36101FB03F32C
:10A3F80013440133A8221A70264A7B6A4FF4E3619A
:10A4080001FB03F313441878224A7B6A4FF4E36193
:10A4180001FB03F31344013319787B6A4FF4E362B9
:10A4280002FB03F31B4A13441A1DBB7F9BB21C4655
:10A43800640023445B009BB2F7F732FC154A7B6A41
:10A448004FF4E36101FB03F31344013320221A7034
:10A458003B7B184620F03EFB034618460D4A7B6AB4
:10A468004FF4E36101FB03F31344023302461A700D
:10A47800084A7B6A4FF4E36101FB03F3134418783D
:10A48800044A7B6A4FF4E36101FB03F3134401338D
:10A4980004E000BFD80B00202C91002019787B6ABB
:10A4A8004FF4E36202FB03F3964A13449A1C012318
:10A4B800F7F7D6FB03461A4697F82030134487F877
:10A4C800203097F82030002B01D0022316E18D4A66
:10A4D8007B6A4FF4E36101FB03F3134403F20C734B
:10A4E80000221A80874A7B6A4FF4E36101FB03F379
:10A4F800134403F20E7300221A80824A7B6A4FF4D7
:10A50800E36101FB03F3134403F5E26300221A80BD
:10A518007C4A7B6A4FF4E36101FB03F3134403F2C3
:10A52800147300221A70774A7B6A4FF4E36101FBC7
:10A5380003F3134403F2137301221A70714A7B6AFE
:10A548004FF4E36101FB03F3134401332F221A7024
:10A558006C4A7B6A4FF4E36101FB03F313441878F8
:10A56800684A7B6A4FF4E36101FB03F31344013348
:10A5780019787B6A4FF4E36202FB03F3C033614A44
:10A5880013441A1D0123F7F78BFB5E4A7B6A4FF4CD
:10A59800E36101FB03F31344C4331B785B1103F03D
:10A5A8000103DBB2002BC9D1564A7B6A4FF4E36141
:10A5B80001FB03F31344C4331B7803F01F03DBB21E
:10A5C80001337B774F4A7B6A4FF4E36101FB03F366
:10A5D80013440133A8221A704A4A7B6A4FF4E36194
:10A5E80001FB03F313441878464A7B6A4FF4E3618E
:10A5F80001FB03F31344013319787B6A4FF4E362D8
:10A6080002FB03F33F4A13441A1D7B7F9BB21C468F
:10A61800640023445B009BB2F7F742FB07F0EAFCB7
:10A62800024638497B6A4FF4E36000FB03F30B44AE
:10A6380003F5E1631A60334A7B6A4FF4E36101FB77
:10A6480003F3134403F2127397F823201A7007F1E7
:10A65800100300221A605A6097F822303B747B7FFF
:10A668005A1E13465B0013445B007A6A4FF4E36199
:10A6780001FB02F21344234A1344191D07F1100386
:10A6880002330622184620F00FFBBB68BB6107F1B6
:10A69800100301221946B869FCF745FEB86107F1B5
:10A6A8001003023302221946B869FCF73CFEB86170
:10A6B80007F11003043302221946B869FCF733FE88
:10A6C800B86107F11003063302221946B869FCF78E
:10A6D8002AFEB861BA69BB68D31ADAB27B681A7005
:10A6E80000230BE0032309E0032307E07B6A01331F
:10A6F8007B627B6A012B7FF737AD032318462C3723
:10A70800BD4690BDD80B002090B5C3B000AF3873DC
:10A7180007F58473A3F58073196007F58473A3F5AF
:10A7280082731A603B7B5B0087F8E7303A7B07F55A
:10A738008473A3F580731B681A7007F58473A3F5F7
:10A7480082731B6801221A7097F8E730302B05D006
:10A7580097F8E730322B01D0042366E30023C7F8CB
:10A7680004315CE3CB4AD7F804314FF4E36101FBD1
:10A7780003F313441B7897F8E7209A4240F04A8382
:10A78800C44AD7F804314FF4E36101FB03F31344DF
:10A7980003F213731B7883F00103DBB2002B01D0A3
:10A7A800032342E3BB4AD7F804314FF4E36101FBCA
:10A7B80003F3134403F212731B78DBB2002B40F04F
:10A7C8006B81B44AD7F804314FF4E36101FB03F31A
:10A7D800134401332F221A70AE4AD7F804314FF4CC
:10A7E800E36101FB03F313441878AA4AD7F804314C
:10A7F8004FF4E36101FB03F3134401331978D7F8ED
:10A8080004314FF4E36202FB03F3C033A14A13445B
:10A818001A1D0123F7F744FA034687F8E33097F83F
:10A82800E330002B01D00423FFE29A4AD7F8043121
:10A838004FF4E36101FB03F31344C4331B785B114A
:10A8480003F00103DBB2002B01D00223EDE2002369
:10A8580087F803318F4AD7F804314FF4E36101FBDD
:10A8680003F31344C4331B789B1103F00103DBB2D9
:10A87800002B02D0012387F80331864AD7F8043128
:10A888004FF4E36101FB03F31344C4331B7803F073
:10A898001F03DBB2013387F8E2307E4AD7F8043170
:10A8A8004FF4E36101FB03F313440133A8221A7048
:10A8B800784AD7F804314FF4E36101FB03F31344FA
:10A8C8001878744AD7F804314FF4E36101FB03F3B5
:10A8D800134401331978D7F804314FF4E36202FBCB
:10A8E80003F36C4A13441A1D97F8E2309BB21C46D6
:10A8F800640023445B009BB2F7F7D2F907F1140315
:10A90800CC220021184620F08CF93B7B3B7507F0E0
:10A9180071FB0346BB615F4AD7F804314FF4E3612A
:10A9280001FB03F3134403F5E2631B88BB83D7F8E9
:10A9380004314FF4E36202FB03F3564A1344191D32
:10A9480097F8E22013465B0013445B001A4607F1B0
:10A9580014030A33184620F0A7F94E4AD7F80431F1
:10A968004FF4E36101FB03F3134403F5E2631A8830
:10A9780097F8E2309BB2134498B2464AD7F80431AC
:10A988004FF4E36101FB03F3134403F5E26302466A
:10A998001A8007F58473A3F580731B68C7F8FC3029
:10A9A80007F1140301221946D7F8FC00FCF7BBFC99
:10A9B800C7F8FC0007F11403043304221946D7F83A
:10A9C800FC00FCF7B0FCC7F8FC0007F114030833DF
:10A9D80002221946D7F8FC00FCF7A5FCC7F8FC00D2
:10A9E8000023C7F8F8303DE007F11401D7F8F82044
:10A9F80013465B0013445B0008330B440233022206
:10AA08001946D7F8FC00FCF78EFCC7F8FC0007F1E4
:10AA18001401D7F8F82013465B0013445B00083391
:10AA28000B44043302221946D7F8FC00FCF77BFCE0
:10AA3800C7F8FC0007F11401D7F8F82013465B00AB
:10AA480013445B0008330B44063302221946D7F837
:10AA5800FC00FCF768FCC7F8FC00D7F8F8300133B5
:10AA6800C7F8F83097F8E230D7F8F8209A42BBDBFD
:10AA780007F58473A3F58073D7F8FC201B68D31AF5
:10AA8800DAB207F58473A3F582731B681A7097F816
:10AA98000331CAE1D80B0020DC4AD7F804314FF45F
:10AAA800E36101FB03F3134403F212731B78DBB277
:10AAB800012B40F0AF81D54AD7F804314FF4E36158
:10AAC80001FB03F3134403F2157301221A70CF4AF2
:10AAD800D7F804314FF4E36101FB03F3134403F2A5
:10AAE80014731B78DBB283F00103DBB2002B27D091
:10AAF800C64AD7F804314FF4E36101FB03F313446A
:10AB080003F20E731B889AB2C049D7F804314FF488
:10AB1800E36000FB03F30B4403F20C731B889BB246
:10AB28009A420DD1B94AD7F804314FF4E36101FBD9
:10AB380003F3134403F2157300221A70022374E11D
:10AB4800002387F8F730B14AD7F804314FF4E361AE
:10AB580001FB03F3134403F214731B78DBB2002BDD
:10AB680002D0012387F8F73007F11403CC22002123
:10AB7800184620F056F83B7B3B75A44AD7F80431B9
:10AB88004FF4E36101FB03F3134403F20E731B88D4
:10AB98009BB218469D4AD7F804314FF4E37101FB84
:10ABA80003F3034403F5917352F82330BB61974ACA
:10ABB800D7F804314FF4E36101FB03F3134403F2C4
:10ABC8000E731B889BB2BB832023A7F8E430B7F829
:10ABD800E430A7F8F4300023A7F8F23077E0B7F8AC
:10ABE800F22007F1140113465B0013445B0008339D
:10ABF8000B44981C854AD7F804314FF4E36101FBF4
:10AC080003F3134403F20E731B889BB21A461346D0
:10AC18005B0013445B00D7F804214FF4E36101FBA8
:10AC280002F21344C033794A134406330622194604
:10AC380020F03AF8754AD7F804314FF4E36101FB84
:10AC480003F3134403F20E731B889BB25A1C704B18
:10AC580083FB02139911D317C91A0B469B000B44A7
:10AC68005B01D11A88B2694AD7F804314FF4E3611D
:10AC780001FB03F3134403F20E7302461A80634A7E
:10AC8800D7F804314FF4E36101FB03F3134403F2F3
:10AC98000E731B889AB25D49D7F804314FF4E3600C
:10ACA80000FB03F30B4403F20C731B889BB29A421C
:10ACB80008D1B7F8F2300133A7F8F430B7F8E43028
:10ACC800A7F8F230B7F8F2300133A7F8F230B7F846
:10ACD800F220B7F8E4309A4281D34C4AD7F80431CD
:10ACE8004FF4E36101FB03F3134403F214730022EE
:10ACF8001A7007F58473A3F580731B68C7F8EC30E6
:10AD080007F1140301221946D7F8EC00FCF70BFBF6
:10AD1800C7F8EC0007F11403043304221946D7F8E6
:10AD2800EC00FCF700FBC7F8EC0007F1140308334C
:10AD380002221946D7F8EC00FCF7F5FAC7F8EC0040
:10AD48000023C7F8E8303DE007F11401D7F8E82000
:10AD580013465B0013445B0008330B4402330222A2
:10AD68001946D7F8EC00FCF7DEFAC7F8EC0007F153
:10AD78001401D7F8E82013465B0013445B0008333E
:10AD88000B44043302221946D7F8EC00FCF7CBFA3F
:10AD9800C7F8EC0007F11401D7F8E82013465B0068
:10ADA80013445B0008330B44063302221946D7F8D4
:10ADB800EC00FCF7B8FAC7F8EC00D7F8E830013334
:10ADC800C7F8E830B7F8F430D7F8E8209A42BBDB88
:10ADD80007F58473A3F58073D7F8EC201B68D31AA2
:10ADE800DAB207F58473A3F582731B681A70074AF1
:10ADF800D7F804314FF4E36101FB03F3134403F282
:10AE0800157300221A7097F8F7300EE0D80B00205F
:10AE180067666666D7F804310133C7F80431D7F896
:10AE28000431012B7FF79EAC0423184607F586777B
:10AE3800BD4690BD80B586B000AF3873B9607A6002
:10AE48003B7B5B00FB743A7BBB681A707B68012212
:10AE58001A7000237B616FE0464A7B694FF4E36117
:10AE680001FB03F313441B78FA7C9A4261D1414AEF
:10AE78007B694FF4E36101FB03F3134403F2167398
:10AE880000221A703B4A7B694FF4E36101FB03F32C
:10AE9800134403F2127300221A70364A7B694FF486
:10AEA800E36101FB03F3134403F213731B78002BD4
:10AEB8003FD0304A7B694FF4E36101FB03F313444D
:10AEC800013320221A7000201FF004FE03461846A2
:10AED800284A7B694FF4E36101FB03F3134402330F
:10AEE80002461A70234A7B694FF4E36101FB03F3BE
:10AEF800134418781F4A7B694FF4E36101FB03F39D
:10AF08001344013319787B694FF4E36202FB03F3BE
:10AF1800184A13449A1C0123F6F7A2FE154A7B69C6
:10AF28004FF4E36101FB03F3134403F213730022AC
:10AF38001A707B6901337B617B69012B8CDD0D4BBA
:10AF480093F81637DBB283F00103DBB2002B0BD08A
:10AF5800084B93F82E3EDBB283F00103DBB2002BE3
:10AF680002D00020F6F744FE002318461837BD46E5
:10AF780080BD00BFD80B002090B587B000AF00237C
:10AF88007B618CE1564A7B694FF4E36101FB03F373
:10AF9800134403F212731B78DBB2012B40F07C815F
:10AFA8004F4A7B694FF4E36101FB03F3134403F257
:10AFB80015731B78DBB283F00103DBB2002B00F0C2
:10AFC8006B81474A7B694FF4E36101FB03F3134448
:10AFD80001332F221A70424A7B694FF4E36101FB67
:10AFE80003F3134418783E4A7B694FF4E36101FB8D
:10AFF80003F31344013319787B694FF4E36202FBCE
:10B0080003F3C033364A13441A1D0123F6F748FEEA
:10B0180003467B747B7C002B40F03E81304A7B6981
:10B028004FF4E36101FB03F31344C4331B785BB2B1
:10B03800DB115BB203F00103DBB2002B00F02C81C3
:10B04800274A7B694FF4E36101FB03F31344C433DC
:10B058001B7803F01F033B74214A7B694FF4E361BB
:10B0680001FB03F313440133A8221A701C4A7B69BD
:10B078004FF4E36101FB03F313441878184A7B6922
:10B088004FF4E36101FB03F31344013319787B693F
:10B098004FF4E36202FB03F3114A13441A1D3B7C8D
:10B0A8009BB21C46640023445B009BB2F6F7F8FD94
:10B0B80003467B747B7C002B40F0EE80084A7B695A
:10B0C8004FF4E36101FB03F3134403F5E1631B68E9
:10B0D800FB6006F08FFFB86000237B82D6E000BFDC
:10B0E800D80B0020724A7B694FF4E36101FB03F33C
:10B0F800134403F20C731B889BB25A1C6D4B83FBE1
:10B1080002139911D317C91A0B469B000B445B0114
:10B11800D11A0B46FB80664A7B694FF4E36101FB59
:10B1280003F3134403F20E731B889BB2FA889A4206
:10B138002DD15F4A7B694FF4E36101FB03F31344AC
:10B1480003F2147301221A70594A7B694FF4E361C0
:10B1580001FB03F3134403F20E731B889BB25A1CC2
:10B16800544B83FB02139911D317C91A0B469B0042
:10B178000B445B01D11A88B24D4A7B694FF4E361F5
:10B1880001FB03F3134403F20E7302461A807A8A12
:10B1980047497B694FF4E36000FB03F30B4403F278
:10B1A8000C731B889BB21C464148796923465B0097
:10B1B80023445B004FF4E36404FB01F10B440344B4
:10B1C80003F1C6043A48796913465B0013445B00EF
:10B1D8004FF4E36201FB02F21344034422460433B2
:10B1E800196811609B889380BA68FB68D31A7A8AB9
:10B1F800013203FB02F23B7CB2FBF3F22C497B6980
:10B208004FF4E36000FB03F30B4403F20C731B8859
:10B218009BB21C46FB681A4425497B694FF4E370CE
:10B2280000FB03F3234403F5917341F82320204ADC
:10B238007B694FF4E36101FB03F3134403F20C73DE
:10B248001B889BB218461A4A7B694FF4E37101FBCD
:10B2580003F3034403F5917352F8232014497B69DF
:10B268004FF4E36000FB03F30B4403F5E1631A605A
:10B278000F4A7B694FF4E36101FB03F3134403F2C4
:10B288000C73FA881A807B8A01337B823B7C9BB2E1
:10B298007A8A9A42FFF426AF7B6901337B617B6926
:10B2A800012B7FF76FAE00BF00BF1C37BD4690BDB6
:10B2B800D80B00206766666680B582B000AF03468B
:10B2C800FB71FB791846FAF73DF9FB791846F7F751
:10B2D800E3FA00BF0837BD4680BD000080B500AF67
:10B2E800FA2006F093FE17480FF051FFFA2006F0F7
:10B2F8008DFE802114480CF0DDFB0346012B05D19F
:10B3080001224FF4807110480CF0ECFB0F491048F3
:10B31800F6F7F0F90F48F6F7D3F80F48F6F766F99D
:10B32800F5F786FFF7F7B6FEF9F7EEF8F9F7C6FD79
:10B3380000210A48F7F7CAFE0120F6F775FE00BF9C
:10B3480080BD00BF8091002000080242C51500089A
:10B35800852B00085D3A0008C1B20008A0C40208A5
:10B3680080B500AFF6F778FEF9F75CFD03464FF6B7
:10B37800FF7293422CD0B3F5803F4DDAB3F5807F4E
:10B3880029D0B3F5807F47DB40F20A22934243DCA1
:10B39800B3F5007F40DBA3F500730A2B3CD801A26C
:10B3A80052F823F0E5B30008EBB30008F1B3000846
:10B3B800F7B30008FDB3000803B4000809B4000897
:10B3C8000FB4000815B400081BB400081BB400082B
:10B3D80003F052FF21E003F061FF1EE004F022FABF
:10B3E8001BE000F00FFD18E002F058F915E003F03B
:10B3F800ABFA12E002F080FD0FE000F015F90CE066
:10B4080002F0FAFE09E002F08DFA06E0FEF7F8FD18
:10B4180003E003F0F1FB00E000BF00BF80BD00BF08
:10B4280080B500AF084B1B781A46084B1B681344BD
:10B43800064A136000F038FE02F04CFAFFF79CFD54
:10B4480003F0BCFB00BF80BD581A0020D095002037
:10B4580080B582B000AF78607B680F4A934202D112
:10B46800F9F7B0FE13E07B680C4A934202D1F6F775
:10B47800CDF80CE07B680A4A934202D1F7F7D0F97D
:10B4880005E07B68074A934201D1F6F7E5FD00BF66
:10B498000837BD4680BD00BF94910020E49100208C
:10B4A800349200208492002080B582B000AF78608A
:10B4B800F9F7CAFF00BF0837BD4680BD80B582B026
:10B4C80000AF78607B68134A934207D17B681B7F83
:10B4D800012B03D10220FBF761F917E07B680E4AC4
:10B4E800934207D17B681B7F012B03D10220FBF716
:10B4F80003FB0BE07B68094A934207D17B681B7FFB
:10B50800012B03D10220FBF7C9FDFFE700BF083775
:10B51800BD4680BDC0930020589400200C940020A4
:10B5280080B582B000AF78607B68124A934203D13D
:10B538000120FBF733F919E07B680F4A934203D1E6
:10B548000120FBF7D9FA11E07B680C4A934203D13A
:10B558000120FBF7A3FD09E07B68094A934203D069
:10B568007B68084A934201D1F6F776FD00BF083799
:10B57800BD4680BDC0930020589400200C94002044
:10B58800A4940020F094002080B582B000AF7860C9
:10B598007B68134A934207D17B681B7F022B03D138
:10B5A8000020FBF77BFD17E07B680E4A934207D12A
:10B5B8007B681B7F022B03D10020FBF7EFF80BE021
:10B5C8007B68094A934207D17B681B7F022B03D112
:10B5D8000020FBF791FAFFE700BF0837BD4680BDA2
:10B5E8000C940020C09300205894002080B582B0AD
:10B5F80000AF786039600120F8F74AFA0A2006F0AF
:10B6080005FD39687868F8F755FA0020F8F740FA28
:10B618007B681A883B681B8819461046F7F790FD27
:10B6280000BF0837BD4680BD80B58EB000AFF9F7C2
:10B63800F9FB0346FB864FF400716C480CF03AFAAC
:10B648000346012B00F0CE804FF000024FF00003BC
:10B65800C7E904234FF000024FF00003C7E90223B3
:10B6680007F11003082219466148F9F7A8FA07F10B
:10B678000803082219465F48F9F7A1FA0023FB805E
:10B688000023BB804FF000024FF00003C7E90A23F4
:10B698004FF000024FF00003C7E908234FF0000203
:10B6A8004FF00003C7E906233A1DBB1D1146184693
:10B6B800FFF79CFFFB881846F4F724FF4FF00002C1
:10B6C8004D4BF5F7C3F802460B46C7E90823BB887C
:10B6D8001846F4F717FF4FF00002474BF5F7B6F896
:10B6E80002460B46C7E906230121444815F0BAFC77
:10B6F8000346434A13600221404815F0B3FC034651
:10B70800404A1360D7E90623D7E90801F5F7FAF9A3
:10B718000346002B04D0D7E90823C7E90A2303E02E
:10B72800D7E90623C7E90A23D7E90423D7E90A0199
:10B73800F5F7F2F90346002B06D0314B00221A60C8
:10B74800304B00221A6021E0D7E90423D7E90A0127
:10B75800F5F7CEF90346002B0ED0D7E90223D7E937
:10B768000A01F5F7D9F90346002B05D0244B1B68CD
:10B778000133234A136009E0214B1B680133204A37
:10B788001360204B1B6801331E4A13601C4B1B6857
:10B79800022B03D900211C48F7F798FC194B1B68AA
:10B7A800022B07D900211948F7F790FC4FF4807352
:10B7B800FB8602E04FF40073FB86FB8E1846F9F710
:10B7C80021FBF9F75BFB0E4B1B681A4601210B485E
:10B7D80015F030FC0B4B1B681A460221074815F080
:10B7E80029FC00E000BF3837BD4680BD0008024292
:10B7F800A8C40208B0C4020800408F40009300208B
:10B80800D06C0020D46C0020B8C40208C0C4020860
:10B8180080B588B000AFF860B9607A603B60FB68BB
:10B82800002B02D03B68002B01D101233CE07B6850
:10B83800DB08FB617B6803F00703BB61FA69BB683F
:10B848009A4201D301232FE03B8D194638680CF04A
:10B8580031F90346FB75FB7D012B11D1FA68FB69B1
:10B8680013441B785AB20121BB6901FA03F35BB296
:10B87800134359B2FA68FB691344CAB21A7012E04A
:10B88800FA68FB6913441B785AB20121BB6901FAB3
:10B8980003F35BB2DB435BB2134059B2FA68FB694E
:10B8A8001344CAB21A70002318462037BD4680BD1B
:10B8B80090B5B5B014AFF860384680E80E003B7814
:10B8C80087F87030002387F8713000237B670023E6
:10B8D80087F878303B78F02B7AD14548F9F705F9A5
:10B8E800034687F87F304348F9F7FFF8034687F89F
:10B8F8007E3097F87F2097F87E301344DBB26033B0
:10B9080087F87D3097F87F2097F87E301344DBB2B4
:10B91800603387F87C303B7A97F87D209A4204D8C8
:10B928003B7A97F87C209A4203D2F12387F871304A
:10B9380052E007F110036022002118461FF071F948
:10B948007A6807F110031146602218461FF0ACF917
:10B95800684607F12003502219461FF0A5F907F1A0
:10B9680010030FCBF6F700FD03461A46224B1A7058
:10B97800214B1B78002B06D1012387F871301F4B10
:10B9880001221A701EE01C4B1B78022B03D01A4BA5
:10B998001B78012B0ED17B68603319461848F9F7DC
:10B9A800C6F87A6897F87F3060331344194615480B
:10B9B800F9F7BDF840F20220F9F724FA00211248FD
:10B9C800F7F784FB012387F878300B4B7B6703E09C
:10B9D800F32387F8713000BFFB681C4607F170033A
:10B9E80093E8070084E80700F8688437BD4690BDEF
:10B9F800C8C40208D0C40208DC6C0020DD6C00203A
:10BA0800D8C40208E0C40208E8C4020880B58AB0B5
:10BA180002AF78604FF47A7300930123364A3749AE
:10BA28000020F5F77FFC0120F8F732F80A2006F02D
:10BA3800EDFA33493348F8F73DF84FF47A73009339
:10BA48000123314A31490120F5F76CFC4FF47A7330
:10BA5800009301232E4A2F490120F5F763FC4FF488
:10BA68007A7302222C490120F8F7D0FB4FF47A733D
:10BA780002222A490220F8F7C9FB4FF47A730222FE
:10BA880027490320F8F7C2FB1B4B1B88254A82FB7A
:10BA98000312D210DB17D31AFB771A4B1B88214AE3
:10BAA800A2FB03235B099BB2BB77164B5B881D4A3D
:10BAB800A2FB03235B099BB27B77134B1B881A4AB3
:10BAC800A2FB0323DB089BB23B770F4B5B88164A2C
:10BAD800A2FB0323DB089BB2FB760F4B1B8840F6C7
:10BAE800F612934222D80C4B1B880F4AA2FB032361
:10BAF800DB089BB2DBB21AE0DE6C0020000004CA4F
:10BB0800E26C0020E06C0020E46C002020000014AF
:10BB1800E66C002040000018E86C0020EA6C002069
:10BB2800EC6C00201F85EB51CDCCCCCCFF23BB7631
:10BB3800A74B5B88A74AA2FB0323DB089BB27B7653
:10BB4800A34B9B88A34AA2FB0323DB089BB23B764B
:10BB58007B687B617B695A1C7A61FA7F1A707B6902
:10BB68005A1C7A61BA7F1A707B695A1C7A617A7F8B
:10BB78001A707B695A1C7A613A7F1A707B695A1C61
:10BB88007A61FA7E1A707B695A1C7A61BA7E1A70D9
:10BB98007B695A1C7A617A7E1A707B695A1C7A61B1
:10BBA8003A7E1A707A697B68D31ADBB2C3F118033C
:10BBB800FB74F97C80230093874B00227869FFF798
:10BBC80027FE0346002B01D005F0EEF8F97C402350
:10BBD8000093814B01227869FFF71AFE0346002B78
:10BBE80001D005F0E1F8F97C4FF4007300937A4B2B
:10BBF80002227869FFF70CFE0346002B01D005F0FE
:10BC0800D3F8F97C4FF480430093744B032278698E
:10BC1800FFF7FEFD0346002B01D005F0C5F8F97CBF
:10BC28004FF4805300936D4B04227869FFF7F0FDC1
:10BC38000346002B01D005F0B7F8F97C4FF4004318
:10BC48000093664B05227869FFF7E2FD0346002B57
:10BC580001D005F0A9F8F97C4FF4005300935F4B2D
:10BC680006227869FFF7D4FD0346002B01D005F0C2
:10BC78009BF8F97C04230093594B07227869FFF756
:10BC8800C7FD0346002B01D005F08EF8F97C4FF470
:10BC980080730093534B08227869FFF7B9FD034678
:10BCA800002B01D005F080F8F97C102300934D4B50
:10BCB80009227869FFF7ACFD0346002B01D005F097
:10BCC80073F8F97C20230093464B0A227869FFF722
:10BCD8009FFD0346002B01D005F066F8F97C4FF470
:10BCE800805300933C4B0B227869FFF791FD034684
:10BCF800002B01D005F058F8F97C20230093364B2F
:10BD08000C227869FFF784FD0346002B01D005F06B
:10BD18004BF8F97C04230093334B0D227869FFF725
:10BD280077FD0346002B01D005F03EF8F9F77AF8C5
:10BD380003463B823B8A40F20922934204D03B8A65
:10BD480040F20A22934201D1012300E00023FB7351
:10BD5800FB7B03F00103FB733B8A40F20A22934208
:10BD68000CBF01230023BB73FB7B002B09D07B692D
:10BD780001331A787B69013342F04002D2B21A705B
:10BD880008E07B6901331A787B69013322F04002AD
:10BD9800D2B21A70BB7B002B09D07B6901331A78A9
:10BDA8007B69013362F07F02D2B21A7008E07B69C6
:10BDB80001331A787B69013302F07F02D2B21A701C
:10BDC8007A697B68D31ADBB218462037BD4680BD36
:10BDD800E86C0020CDCCCCCC000802420010024216
:10BDE80000180242000402420014024280B400AF6C
:10BDF800034B1B781846BD465DF8047B704700BFAF
:10BE0800DC6C002080B592B000AFF9F70BF8034660
:10BE1800A7F846309A48F6F791FE9A4B00221A7016
:10BE28000120F8F7E1F90120F7F732FE07F11003D6
:10BE38002922002118461EF0F4FE4FF000024FF0B0
:10BE48000003C7E902239048F8F74FFE034687F836
:10BE5800443007F1100311331846FFF7D7FD0346A6
:10BE680087F8433007F11003062219468748F8F788
:10BE7800A6FE07F110030633012219468448F8F795
:10BE88009EFE07F10803082219468248F8F797FE34
:10BE980097F8433007F1100210331344013397F831
:10BEA800442019467848F8F78AFE07F110030F3343
:10BEB800022219467848F8F782FED7E9022310468D
:10BEC8001946F4F75BFE0346FB63FB6B5B087B607C
:10BED8007B68C7F81B300123C7F81730152387F88C
:10BEE8003830F6F7C3FC0346002B07D007F11003E0
:10BEF80019466648F8F797FE0023BB750120F6F748
:10BF08008DFBF6F743FC034687F8453007F110032D
:10BF180011331846FFF77AFD07F110031846F6F7B4
:10BF2800F9FB02E0012006F071F8F5F7D9FE0346A7
:10BF380083F00103DBB2002BF4D1FB6B4FF47A7270
:10BF480002FB03F3554A136014E0F6F785F8F6F799
:10BF58003DFC02E0012006F059F8F5F7C1FE034662
:10BF680083F00103DBB2002BF4D1F6F70FFC034694
:10BF780087F8453097F84530012B76D0474B1B683A
:10BF8800002BE2D171E0F6F767F8802144480BF006
:10BF980091FD0346002B03D140F20920F8F732FF48
:10BFA8003E4B1B68002B07D14FF40070F8F72AFFAF
:10BFB8000020F6F733FB51E03A4B1B78002B08D0F2
:10BFC800322006F023F8F6F7B9FB364B00221A7038
:10BFD80001E0F6F7FBFBF5F783FE322006F016F8D2
:10BFE800F6F7D4FB034687F8453097F84530002B21
:10BFF80034D107F1100311331846FFF707FD07F195
:10C0080010031846F6F786FB02E0012005F0FEFF54
:10C01800F5F766FE034683F00103DBB2002BF4D18B
:10C0280014E0F6F719F8F6F7D1FB02E0012005F065
:10C03800EDFFF5F755FE034683F00103DBB2002B55
:10C04800F4D1F6F7A3FB034687F8453097F8453057
:10C05800012B03D0114B1B68002BE2D1F9F7D0F864
:10C06800F8F7E0FE0346A7F84630B7F8463040F246
:10C078000122934287D000BF00BF4837BD4680BD2C
:10C08800B9B80008DC6C0020D0C40208F0C402086B
:10C09800F8C4020800C5020808C50208D86C0020C8
:10C0A80000080242DD6C002080B400AF064B1B681C
:10C0B800002B04D0044B1B68013B034A136000BFEC
:10C0C800BD465DF8047B7047D86C002090B5FDB084
:10C0D80014AF07F5D074A4F5CA74206007F5D070C2
:10C0E800A0F5D07080E80E0007F5D073A3F5D073E3
:10C0F8001B7887F83431002387F835310023C7F8D7
:10C108003831002387F83C31002387F89B3100231E
:10C1180087F89A31002387F89F31FFF767FE0346B7
:10C1280087F899310822D849D848F8F748FDD64BFE
:10C13800D3E900014FF00002D54BF4F75DFA02464F
:10C148000B46D149C1E90023CF4BD3E90023104660
:10C158001946F4F7EBFC0346CE4A136007F5D07393
:10C16800A3F5D0731B78473BAF2B01F27A8201A26B
:10C1780052F823F0B7D400084FD50008E3D50008DB
:10C188006BD600086BD600086BD600086BD6000883
:10C198006BD600086BD600086BD600086BD6000873
:10C1A8006BD600086BD600086BD600086BD6000863
:10C1B8006BD600086BD600086BD600086BD6000853
:10C1C8006BD600086BD600086BD600086BD6000843
:10C1D8006BD600086BD600086BD600086BD6000833
:10C1E8006BD600086BD600086BD600086BD6000823
:10C1F8006BD600086BD600086BD600086BD6000813
:10C208006BD600086BD600086BD600086BD6000802
:10C218006BD600086BD600086BD600086BD60008F2
:10C228006BD600086BD600086BD600086BD60008E2
:10C238006BD600086BD600086BD600086BD60008D2
:10C248006BD600086BD600086BD600086BD60008C2
:10C258006BD600086BD600086BD600086BD60008B2
:10C268006BD600086BD600086BD600086BD60008A2
:10C278006BD600086BD600086BD600086BD6000892
:10C288006BD600086BD600086BD600086BD6000882
:10C298006BD600086BD600086BD600086BD6000872
:10C2A8006BD600086BD600086BD600086BD6000862
:10C2B8006BD600086BD600086BD600086BD6000852
:10C2C8006BD600086BD600086BD600086BD6000842
:10C2D8006BD600086BD60008F3C600085DC70008D7
:10C2E800BFC700087DC8000811C9000871C9000847
:10C2F80025CA000889CA000827CB0008BBCB00085C
:10C30800A3CD000837CF0008A3CD000837CF000819
:10C3180089D10008FBD1000853D200081DD30008BA
:10C328006BD600086BD600086BD600086BD60008E1
:10C338006BD600086BD600086BD600086BD60008D1
:10C348006BD600086BD600086BD600086BD60008C1
:10C358006BD600086BD600086BD600086BD60008B1
:10C368006BD600086BD600086BD600086BD60008A1
:10C378006BD600086BD600086BD600086BD6000891
:10C388006BD600086BD600086BD600086BD6000881
:10C398006BD600086BD600086BD600086BD6000871
:10C3A8006BD600086BD600086BD600086BD6000861
:10C3B8006BD600086BD600086BD600086BD6000851
:10C3C8006BD600086BD600086BD600086BD6000841
:10C3D8006BD600086BD600086BD600086BD6000831
:10C3E8006BD600086BD600086BD600086BD6000821
:10C3F8006BD600086BD600086BD600086BD6000811
:10C408006BD600086BD600086BD600086BD6000800
:10C418006BD600086BD600086BD6000827C5000845
:10C42800B1C500083FC600086BD600086BD60008E7
:10C438003DC40008022387F89B31022387F89A310C
:10C44800FF2387F89F3107F5D073A3F5D0731B7AC4
:10C4580097F89B219A4208D807F5D073A3F5D073B3
:10C468001B7A97F89A219A4203D2F12387F835313B
:10C4780053E097F8992197F89F319A420CD2F32309
:10C4880087F8353101F0F2B8F06C002010C50208C9
:10C4980000408F40341A00200023A7F8323107F5F6
:10C4A800D073A3F5D0735B681B889BB2A7F83231B1
:10C4B800B7F83231B3F5807F17D0B3F5807F28DB2A
:10C4C800B3F5027F25DCB3F5007F22DBA3F500730B
:10C4D80040F23B1222FA03F303F00103002B14BFCE
:10C4E80001230023DBB2002B13D040F20123A7F86D
:10C4F8002C31B7F83231A7F82E3107F596710123A0
:10C5080004224FF42020F5F707F8D24B01221A70C5
:10C5180003E0012387F8353100BF01F0A7B80023F5
:10C5280087F89B31002387F89A31FF2387F89F31DA
:10C5380007F5D073A3F5D0731B7A97F89B219A421D
:10C5480008D807F5D073A3F5D0731B7A97F89A210A
:10C558009A4204D2F12387F8353101F087B897F869
:10C56800992197F89F319A4204D2F32387F83531FD
:10C5780001F07CB8B84BC7F89431D7F8943106224B
:10C588001946B648F8F71BFBD7F894310633012251
:10C598001946B348F8F713FB072387F83C31AE4B2D
:10C5A800C7F8383101F062B8072387F89B310723B1
:10C5B80087F89A31FF2387F89F3107F5D073A3F5E1
:10C5C800D0731B7A97F89B219A4208D807F5D07345
:10C5D800A3F5D0731B7A97F89A219A4204D2F123D3
:10C5E80087F8353101F042B897F8992197F89F31CB
:10C5F8009A4204D2F32387F8353101F037B807F5AA
:10C60800D073A3F5D0735A6807F592731068186051
:10C618009188927999809A7107F5927319468F4893
:10C62800F8F785FA07F59273063319468C48F8F738
:10C638007EFA01F01BB8602387F89B31602387F8E6
:10C648009A31FF2387F89F3107F5D073A3F5D0738C
:10C658001B7A97F89B219A4208D807F5D073A3F55F
:10C66800D0731B7A97F89A219A4204D2F12387F85B
:10C67800353100F0FBBF97F8992197F89F319A421E
:10C6880004D2F32387F8353100F0F0BF07F5D073F3
:10C69800A3F5D0735A6807F5D073A3F5C873184685
:10C6A800114660231A461EF0FFFA07F5D073A3F56A
:10C6B800C874684604F11003502219461EF0F4FAB3
:10C6C80094E80F00F5F7F0FC034683F00103DBB2B2
:10C6D800002B04D0012387F8353100F0C7BF40F2A2
:10C6E8000620F8F78FFB00F0C1BF002387F89B31C5
:10C6F800002387F89A31FF2387F89F3107F5D07315
:10C70800A3F5D0731B7A97F89B219A4208D807F5AE
:10C71800D073A3F5D0731B7A97F89A219A4204D262
:10C72800F12387F8353100F0A1BF97F8992197F8E0
:10C738009F319A4204D2F32387F8353100F096BF2F
:10C7480000214848F6F7C2FC4FF6FF70F8F75AFB8D
:10C7580000F08CBF002387F89B31002387F89A31BB
:10C76800FF2387F89F3107F5D073A3F5D0731B7AA1
:10C7780097F89B219A4208D807F5D073A3F5D07390
:10C788001B7A97F89A219A4204D2F12387F8353117
:10C7980000F06CBF97F8992197F89F319A4204D21C
:10C7A800F32387F8353100F061BF40F20720F8F72E
:10C7B80029FB00F05BBF002387F89B31002387F833
:10C7C8009A31FF2387F89F3107F5D073A3F5D0730B
:10C7D8001B7A97F89B219A4208D807F5D073A3F5DE
:10C7E800D0731B7A97F89A219A4204D2F12387F8DA
:10C7F800353100F03BBF97F8992197F89F319A425D
:10C8080004D2F32387F8353100F030BF4FF000022F
:10C818004FF00003C7E9462307F58C730822194631
:10C828001148F8F7CCF9D7E946014FF000020F4B51
:10C83800F3F7E2FE02460B46C7E94623D7E946234B
:10C8480010461946F4F772F90346094A136000F0D6
:10C858000DBF00BFF86C0020F86D002018C5020855
:10C8680020C5020828C5020830C5020800408F40CC
:10C87800381A0020002387F89B31012387F89A3162
:10C88800012387F89F3107F5D073A3F5D0731B7A7E
:10C8980097F89B219A4208D807F5D073A3F5D0736F
:10C8A8001B7A97F89A219A4204D2F12387F83531F6
:10C8B80000F0DCBE97F8992197F89F319A4204D28C
:10C8C800F32387F8353100F0D1BE07F5D073A3F50F
:10C8D800D0731B7A97F89A219A420DD107F5D07335
:10C8E800A3F5D0735B681B78002B14BF01230023CA
:10C8F800DAB2C54B1A7002E0C34B00221A7001204D
:10C90800F8F7E8FB00F0B2BE002387F89B3100235C
:10C9180087F89A31012387F89F3107F5D073A3F57B
:10C92800D0731B7A97F89B219A4208D807F5D073E1
:10C93800A3F5D0731B7A97F89A219A4204D2F1236F
:10C9480087F8353100F092BE97F8992197F89F3112
:10C958009A4204D2F32387F8353100F087BE0020CD
:10C96800F8F7B8FB00F082BE002387F89B3101235B
:10C9780087F89A31FF2387F89F3107F5D073A3F51D
:10C98800D0731B7A97F89B219A4208D807F5D07381
:10C99800A3F5D0731B7A97F89A219A4204D2F1230F
:10C9A80087F8353100F062BE97F8992197F89F31E2
:10C9B8009A4204D2F32387F8353100F057BE07F5C1
:10C9C800D073A3F5D0731B7A97F89A219A420DD1A8
:10C9D80007F5D073A3F5D0735B681B78002B14BFE1
:10C9E80001230023DAB2884B1A7002E0864B00223A
:10C9F8001A7001F051FC034683F00103DBB2002BEF
:10CA080004D0012387F8353100F030BE0020F8F754
:10CA180061FB7E4B01221A7000F028BE002387F8C4
:10CA28009B31002387F89A31FF2387F89F3107F558
:10CA3800D073A3F5D0731B7A97F89B219A4208D834
:10CA480007F5D073A3F5D0731B7A97F89A219A4209
:10CA580004D2F12387F8353100F008BE97F8992100
:10CA680097F89F319A4204D2F32387F8353100F0C2
:10CA7800FDBD01F04BFF654B00221A7000F0F6BDBA
:10CA8800002387F89B31002387F89A31FF2387F822
:10CA98009F3107F5D073A3F5D0731B7A97F89B21C4
:10CAA8009A4208D807F5D073A3F5D0731B7A97F884
:10CAB8009A219A4204D2F12387F8353100F0D6BD85
:10CAC80097F8992197F89F319A4204D2F32387F86F
:10CAD800353100F0CBBD4E4B1B78002B04D0012321
:10CAE80087F8353100F0C2BD0020F8F7F3FA494B5A
:10CAF800C7F8403101F010F853EC102B10461946D6
:10CB0800F4F73CF803469AB2D7F840311A8002236A
:10CB180087F83C313F4BC7F8383100F0A7BD0023F8
:10CB280087F89B31002387F89A31FF2387F89F31D4
:10CB380007F5D073A3F5D0731B7A97F89B219A4217
:10CB480008D807F5D073A3F5D0731B7A97F89A2104
:10CB58009A4204D2F12387F8353100F087BD97F85F
:10CB6800992197F89F319A4204D2F32387F83531F7
:10CB780000F07CBD264B1B78002B04D0012387F8DE
:10CB8800353100F073BD234BC7F84831D7F8483129
:10CB98000233C7F84431D7F84411D7F84801FEF7F3
:10CBA80025FD042387F83C311A4BC7F8383100F0CB
:10CBB8005DBD012387F89B31052387F89A31FF2350
:10CBC80087F89F3107F5D073A3F5D0731B7A97F8D0
:10CBD8009B219A420CD007F5D073A3F5D0731B7A2A
:10CBE80097F89A219A4203D0F12387F83531D2E099
:10CBF80097F8992197F89F319A420FD2F32387F833
:10CC0800353100F033BD00BF598E0020F96C00208B
:10CC1800FA6C0020F86D002000CCCC4507F5D073E5
:10CC2800A3F5D0735B681B7887F857314FF0000382
:10CC3800C7F8143107F5D073A3F5D0731B7A97F8AA
:10CC48009A219A421FD107F5D073A3F5D0735B6878
:10CC580001331B68C7F81431D7ED457AB7EE087A67
:10CC6800F4EEC77AF1EE10FA08D4D7ED457A1FED45
:10CC7800167AF4EEC77AF1EE10FA04DD012387F88C
:10CC8800353100F0F3BCC34BC7F85031C24B00221A
:10CC98001A70C82387F84F3197F85731012B0BD0FA
:10CCA80097F85731022B07D097F85731032B03D049
:10CCB80097F85731042B4DD1B84B01221A70D7ED94
:10CCC800457AF5EE407AF1EE10FA0FD197F8573120
:10CCD800032B03D097F85731042B02D141F2883344
:10CCE80001E04FF48073A7F89C3107E0D7ED457A4F
:10CCF800FCEEE77A17EE903AA7F89C310120F7F797
:10CD08005DF997F8573101211846F7F769F9B7F82F
:10CD18009C3107EE903AF8EE677A97F84F2197F82A
:10CD28005731B0EE670AD7F850111846F7F7FCF9F3
:10CD380097F84F310133DBB287F83C31964BC7F88F
:10CD48003831974B1C4607F59A7393E8070084E837
:10CD5800070020E097F85731002B17D18F4B00229E
:10CD68001A700020F7F72AF900210120F7F738F99F
:10CD780000210220F7F734F900210320F7F730F9F2
:10CD880000210420F7F72CF900F070BC012387F884
:10CD9800353100F06BBC00F069BC042387F89B3187
:10CDA800042387F89A31FF2387F89F3107F5D0735A
:10CDB800A3F5D0731B78AC2B02D1022387F89F31DF
:10CDC80007F5D073A3F5D0731B7A97F89B219A4285
:10CDD80008D807F5D073A3F5D0731B7A97F89A2172
:10CDE8009A4203D2F12387F835319FE097F89921C9
:10CDF80097F89F319A4204D2F32387F8353100F02F
:10CE080035BC07F5D073A3F5D0735B68C7F87031EC
:10CE1800D7F870311B681A46624B1A6007F5D07351
:10CE2800A3F5D0731B78AA2B0CD102225E49D7F840
:10CE380070011DF0CDFE0346002B03D0012387F8B7
:10CE4800353173E007F5D073A3F5D0731B78AC2B9D
:10CE580015D102225549D7F870011DF0B9FE0346D5
:10CE6800002B0CD002225249D7F870011DF0B0FEF9
:10CE78000346002B03D0012387F8353156E0D7F855
:10CE88007001F7F70DFE034687F86F3197F86F3199
:10CE9800012B12D1EB224749D7F87001F7F78FFE23
:10CEA800D7F87001F7F721FE03460433DBB287F8A1
:10CEB8003C313C4BC7F83831D8E397F86F31022B37
:10CEC80030D14FF000024FF00003C7E9422307F5C5
:10CED800847308221946D7F87001F7F770FED7F85F
:10CEE8007001F7F7D0FE87ED580BD7E94201D7E973
:10CEF8005823F3F7ABFC02460B46C7E95623D7E99C
:10CF08005601F3F73BFE03469BB2A7F80631B7F884
:10CF18000621244B9A80062387F83C31214BC7F819
:10CF28003831A3E3012387F835319FE39EE30423D7
:10CF380087F89B31F02387F89A31FF2387F89F31D0
:10CF480007F5D073A3F5D0731B78AD2B02D102235C
:10CF580087F89F3107F5D073A3F5D0731B7A97F83C
:10CF68009B219A4208D807F5D073A3F5D0731B7A92
:10CF780097F89A219A4203D2F12387F83531FEE0D7
:10CF880097F8992197F89F319A4215D2F32387F899
:10CF980035316BE3FD6C0020FC6C0020FA6C00203E
:10CFA800EC6D0020F86D002038C502083CC5020869
:10CFB80040C50208FC6D002007F5D073A3F5D073B7
:10CFC8005B68C7F890310023C7F88C3107F5D07338
:10CFD800A3F5D0731B78AB2B0CD10222AF49D7F83D
:10CFE80090011DF0F5FD0346002B03D0012387F8BF
:10CFF8003531C4E007F5D073A3F5D0731B78AD2B9A
:10D0080015D10222A649D7F890011DF0E1FD03468B
:10D01800002B0CD00222A349D7F890011DF0D8FDAF
:10D028000346002B03D0012387F83531A7E0D7F852
:10D038009001F7F735FD034687F88B3107F5D07374
:10D04800A3F5D0731B7A042B05D10021D7F89001E2
:10D05800F7F76DFD0AE397F88B31012B2ED1D7F83E
:10D068009001F7F742FD034687F8773107F5D0734B
:10D07800A3F5D0731B7A1A4697F8773104339A428E
:10D0880003D0F12387F83531F0E207F5D073A3F523
:10D09800D0735B680433C7F88C31D7F88C11D7F894
:10D0A8009001F7F744FD97F877319BB2D7F88C21B8
:10D0B8000121D7F89001F6F743FAD7E297F88B31B8
:10D0C800022B58D107F5D073A3F5D0731B7A062B22
:10D0D80003D0F12387F83531C8E207F5D073A3F5FB
:10D0E800D0735B680433C7F88C310023A7F8043188
:10D0F800D7F88C311B889BB2A7F80431B7F80431F4
:10D108001846F3F7FFF902460B46C7E96023D7F83C
:10D118009001F7F7B8FD87ED5E0BD7E95E23D7E9F5
:10D128006001F3F769FA02460B46C7E93E2397ED1B
:10D138003E7BB0EE470AF0EE670AD7F89001F7F7A2
:10D14800CDFD034683F00103DBB2002B03D001239E
:10D1580087F835318AE207F1F8031946D7F89001C4
:10D16800F7F7E5FC07F1F80208230221D7F8900148
:10D17800F6F7E6F97AE2012387F8353176E275E2C7
:10D18800072387F89B31072387F89A31FF2387F80D
:10D198009F3107F5D073A3F5D0731B7A97F89B21BD
:10D1A8009A4208D807F5D073A3F5D0731B7A97F87D
:10D1B8009A219A4203D2F12387F8353156E297F83B
:10D1C800992197F89F319A4203D2F32387F8353192
:10D1D8004CE207F5D073A3F5D0735B683249184663
:10D1E800F6F78EFB034687F83C312F4BC7F83831EA
:10D1F8003CE2002387F89B31002387F89A31FF230C
:10D2080087F89F3107F5D073A3F5D0731B7A97F889
:10D218009B219A4208D807F5D073A3F5D0731B7ADF
:10D2280097F89A219A4203D2F12387F835311DE203
:10D2380097F8992197F89F319A4203D2F32387F8F8
:10D24800353113E2F6F7ECFB10E2002387F89B3147
:10D25800002387F89A31FF2387F89F3107F5D073A9
:10D26800A3F5D0731B7A97F89B219A4208D807F543
:10D27800D073A3F5D0731B7A97F89A219A4203D2F8
:10D28800F12387F83531F1E197F8992197F89F3123
:10D298009A420BD2F32387F83531E7E138C5020803
:10D2A8003CC5020840C50208F86D00200022BA49B2
:10D2B800BA4813F09BFB0346002B01D003F074FD22
:10D2C8000022B749B54813F089FC0346002B01D06A
:10D2D80003F06AFDB24BDB7887F8F030B04B5B782F
:10D2E80087F8F130AE4B9B7887F8F230AA4B1B7861
:10D2F80087F8F330A84B5B7887F8F430A64B9B7817
:10D3080087F8F530062387F83C3107F1F003C7F8B2
:10D318003831ABE1062387F89B31062387F89A3129
:10D32800FF2387F89F3107F5D073A3F5D0731B7AD5
:10D3380097F89B219A4208D807F5D073A3F5D073C4
:10D348001B7A97F89A219A4203D2F12387F835314C
:10D358008BE197F8992197F89F319A4203D2F323EA
:10D3680087F8353181E107F5D073A3F5D0735B6891
:10D378001B78632B02D9012387F8353107F5D07361
:10D38800A3F5D0735B6801331B78002B08D007F531
:10D39800D073A3F5D0735B6801331B780C2B02D9CB
:10D3A800012387F8353107F5D073A3F5D0735B688F
:10D3B80002331B78002B08D007F5D073A3F5D07380
:10D3C8005B6802331B781F2B02D9012387F835319C
:10D3D80007F5D073A3F5D0735B6803331B78172B5D
:10D3E80002D9012387F8353107F5D073A3F5D07337
:10D3F8005B6804331B783B2B02D9012387F835314E
:10D4080007F5D073A3F5D0735B6805331B783B2B06
:10D4180002D9012387F8353197F83531002B40F0D0
:10D42800248107F5D073A3F5D0735B681A785C4B39
:10D43800DA7007F5D073A3F5D0735B685A78584B48
:10D448005A7007F5D073A3F5D0735B689A78544B7C
:10D458009A7007F5D073A3F5D0735B68DA784E4BF2
:10D468001A7007F5D073A3F5D0735B681A794A4B25
:10D478005A7007F5D073A3F5D0735B685A79464B99
:10D488009A7000224449454813F014FA0346002BC9
:10D4980001D003F089FC00224149404813F018FBF1
:10D4A8000346002B00F0E18003F07EFCDDE0022360
:10D4B80087F89B31022387F89A31FF2387F89F3139
:10D4C80007F5D073A3F5D0731B7A97F89B219A427E
:10D4D80008D807F5D073A3F5D0731B7A97F89A216B
:10D4E8009A4203D2F12387F83531BFE097F89921A2
:10D4F80097F89F319A4203D2F32387F83531B5E084
:10D5080007F5D073A3F5D0735B681B7887F8EC3008
:10D5180007F5D073A3F5D0735B685B7887F8ED30B7
:10D5280007F59A7303F1080207F1E4031946D7F8DF
:10D53800EC00FCF7DDFD034687F8353107F1E4031D
:10D54800C7F8383192E0012387F89B31012387F827
:10D558009A31FF2387F89F3107F5D073A3F5D0736D
:10D568001B7A97F89B219A4208D807F5D073A3F540
:10D57800D0731B7A97F89A219A4203D2F12387F83D
:10D58800353173E097F8992197F89F319A4209D27B
:10D59800F32387F8353169E0E86E00200093002016
:10D5A800FC6E002007F5D073A3F5D0735B681B7879
:10D5B80087F8E03007F59A7303F1080207F11003C2
:10D5C800194697F8E000FDF79FF8034687F83531CC
:10D5D80007F11003C7F8383148E0012387F89B3179
:10D5E800012387F89A31FF2387F89F3107F5D07315
:10D5F800A3F5D0731B7A97F89B219A4208D807F5B0
:10D60800D073A3F5D0731B7A97F89A219A4203D264
:10D61800F12387F8353129E097F8992197F89F3158
:10D628009A4203D2F32387F835311FE007F5D07308
:10D63800A3F5D0735B681B7887F8DC30012387F883
:10D648003C3107F59A7308331A46134997F8DC00FA
:10D65800FDF7F0FB034687F835310F4BC7F8383133
:10D6680004E0F22387F8353100E000BF07F5D073F6
:10D67800A3F5CA731B681C4607F59A7393E807005D
:10D6880084E8070007F5D073A3F5CA73186807F58F
:10D69800D277BD4690BD00BFF86D002080B582B03E
:10D6A80000AFF7F7BFFB0346FB807C48F5F746FA67
:10D6B800F5F76CF803467B71082279497948F7F742
:10D6C8007EFA774BD3E900014FF00002764BF2F770
:10D6D80093FF02460B467249C1E90023704BD3E918
:10D6E800002310461946F3F721FA03466F4A1360E0
:10D6F8006F4B4FF0FF321A606E4B4FF47A721A601C
:10D708008EE0F4F7A9FC694B1B68002B03D0684B2B
:10D718001B68002B1AD101F00BF9034683F00103B3
:10D72800DBB2002B12D0F5F709F800216248F5F7B3
:10D73800CDFC5E4B4FF0FF321A605D4B4FF0FF326D
:10D748001A604FF40070F7F75DFB40E05B4B1B7805
:10D75800002B26D0F3F7A8FE0346002B21D0F6F7BE
:10D768000BFD574B1B785A1C564BA3FB02135B0946
:10D77800642101FB03F3D31ADAB2514B1A70524BEE
:10D7880093E80700F5F7F4FA454BD3E90023104670
:10D798001946F3F7CBF90346444A1360F4F7A0FAA5
:10D7A80015E0444B1B68002B11D1F5F70FF802E088
:10D7B800012004F02BFCF4F793FA034683F00103ED
:10D7C800DBB2002BF4D13B4B4FF47A721A603F4B1B
:10D7D8001B78002B01D007F0A8FCF4F7D7FF03460D
:10D7E8007B71FB8840F20222934205D0F4F734FCA7
:10D7F800642004F00BFC0DE07B79002B0AD100219A
:10D808002D48F5F763FC2D4B00221A7040F20120D9
:10D81800F7F7F8FAF7F7F4FCF7F704FB0346FB8091
:10D82800FB8840F2022293423FF46BAFF7F7FAFA13
:10D838000346FB80FB8840F20922934204D0FB8810
:10D8480040F20A22934225D1214B1B78002B04D0A9
:10D8580001F05CF81E4B00221A70184B1B78002B45
:10D8680015D0164B00221A700020F6F7A7FB0021EE
:10D878000120F6F7B5FB00210220F6F7B1FB0021E5
:10D888000320F6F7ADFB00210420F6F7A9FB0020E2
:10D89800F4F7C4FE00BF0837BD4680BDD5C00008F8
:10D8A800F06C002010C5020800408F40341A002098
:10D8B800381A00203C1A002044C50208FA6C0020DF
:10D8C800FC6C00201F85EB51EC6D0020F86C0020EB
:10D8D800F96C002080B400AF0F4B1B68002B04DDEF
:10D8E8000D4B1B68013B0C4A13600C4B1B68002B4B
:10D8F80004DD0A4B1B68013B084A1360084B1B6890
:10D90800002B04DD064B1B68013B054A136000BF72
:10D91800BD465DF8047B7047341A0020381A002091
:10D928003C1A002080B5A0B000AF07F13C031846B0
:10D9380009F0BCFA07F12C0300221A605A609A60B9
:10D94800DA600223FB62724B1B884FF6FF72934228
:10D958000BD06F4B1B88002B05D06D4B1B889B028F
:10D968005B085B0B02E0802300E08023BB63BB6D98
:10D9780003F48013002B05D102233B634FF480137B
:10D98800BB6503E001233B630023BB650423FB6302
:10D998004FF400737B650023FB6700237B60002343
:10D9A80087F87B309FE0F4F757FB09F069F80346E6
:10D9B800002B01D003F0F8F907F1080324221946D7
:10D9C8004FF40020F3F7DCFD00237B603A1D07F1DC
:10D9D8002C031146184609F081F90346002B01D0A3
:10D9E80003F0E2F94B4B7B67494B1B884FF6FF72FC
:10D9F80093420DD0464B1B88002B06D0444B1B8806
:10DA08009B025B0803F1006304E04FF0016301E04F
:10DA18004FF001633B670023FB6719E0F4F71CFB39
:10DA2800FB6F03F5802310223A491846F3F7A8FD47
:10DA38003A6FFB6F13447A6F1946012008F0D6FF3E
:10DA48000346002B01D003F0AFF9FB6F1033FB67DF
:10DA5800BB68FA6F9A42E1D30DF09EFA0346002B99
:10DA680001D003F0A1F909F02DF80346002B01D0ED
:10DA780003F09AF9F4F7F0FABA6807F108030433E7
:10DA880019461046F4F72AFC0346002B26D008F066
:10DA9800F7FF0346002B01D003F086F90DF07CFA5E
:10DAA8000346002B01D003F07FF909F025F803465F
:10DAB800002B01D003F078F907F13C03184609F070
:10DAC8007DF90346002B01D003F06EF909F036F812
:10DAD8000346002B07D003F067F904E097F87B3082
:10DAE800013387F87B3097F87B30022B7FF65BAFEA
:10DAF80008F0E8FF0346002B01D003F055F94FF476
:10DB08000070F7F77FF900BF8037BD4680BD00BFC2
:10DB1800A007FA0B006F002080B594B000AF4FF05B
:10DB280000024FF00003C7E908234FF000024FF04E
:10DB38000003C7E906234FF000024FF00003C7E9CE
:10DB4800042307F1200308221946E248F7F737F8BB
:10DB580007F1180308221946DF48F7F730F807F1EC
:10DB6800100308221946DD48F7F729F897ED047BDA
:10DB7800B0EE470AF0EE670AF8F722F953EC102BDB
:10DB880010461946F2F7FAFF0346A7F84C30D7E9D2
:10DB9800062310461946F2F7F1FF034687F84B3083
:10DBA800D7E9082310461946F2F7E8FF034687F835
:10DBB8004A3001233B7200237B720023BB7200238F
:10DBC800FB7200233B7300237B730023BB7300238A
:10DBD8003B7001237B700023BB700023FB70002384
:10DBE8003B7100237B710023BB7197F84A30013BDE
:10DBF80087F8493097F8493003F0010387F849302E
:10DC080097F84A30013B5B1087F8483097F848305E
:10DC180003F0010387F8483097F84A30013B9B101E
:10DC280087F8473097F8473003F0010387F8473003
:10DC3800002387F84F3097F84B30013B042B49D825
:10DC480001A252F823F000BF65DC00087DDC000863
:10DC580095DC0008ADDC0008C5DC00080123BB72B8
:10DC680000233B7000237B700123FB70002387F89F
:10DC78004F302FE00123FB7200233B7000237B70A1
:10DC880001233B71002387F84F3023E001233B73C6
:10DC980001233B7001237B7001237B71012387F8EB
:10DCA8004F3017E001237B7301233B7001237B7006
:10DCB8000123BB71012387F84F300BE00123BB73AD
:10DCC80000233B7000237B700123BB70002387F87F
:10DCD8004F3000BF97F84A30013B042B1BD801A2F4
:10DCE80052F823F001DD000807DD00080DDD00080B
:10DCF80013DD000819DD00080123BB720BE00123C6
:10DD0800FB7208E001233B7305E001237B7302E00B
:10DD18000123BB7300BF4CF25033A7F84430B7F867
:10DD280044306F4A526811461846F5F75DFF0346BE
:10DD3800A7F84230B7F84430694A126811461846C5
:10DD4800F5F752FF0346A7F840304FF47A620021F6
:10DD580064481CF066FF4FF47A62002162481CF0A8
:10DD680060FFF4F779F9F9F7B7FA642004F04EF98F
:10DD780007F1080393E80300F8F7D0F9584B0FCBE5
:10DD8800F8F72AFA01210120F7F74CFE41F2680062
:10DD9800F7F776FE0346002B01D003F005F80120C3
:10DDA800F7F7BAFE642004F031F9F7F7C7FE034627
:10DDB800002B01D002F0F8FFB7F84C3000211846CC
:10DDC800F7F728FF0346002B01D002F0EDFF3B4692
:10DDD80093E80300F8F744F90120F8F71BF997F8DE
:10DDE8004F3097F8472097F8481097F84900F5F70B
:10DDF800CBFE0120F5F7B6FE642004F007F9F4F72E
:10DE08002BF90120F8F718F90120F8F75DFA344BDF
:10DE18009B68184604F0FAF8F9F728FAB7F844307E
:10DE2800B7F842202F493148F5F720FFF9F71EFAD5
:10DE3800B7F84430B7F842202B492D48F5F716FFBC
:10DE4800F9F74AFA0020F5F78DFEB7F84020B7F841
:10DE5800423019462348F5F723FF87ED0E0BB7F834
:10DE68004020B7F8423019461F48F5F719FF87EDEB
:10DE78000C0BD7E90C23D7E90E01F2F707FA024693
:10DE88000B461C49C1E90023B7F84C301846F2F795
:10DE980039FB184B93ED007BB0EE471AF0EE671A8A
:10DEA80041EC100BF5F784FF87ED0A0BD7E90A015F
:10DEB800F2F764FE03461846F5F720FAD7E90A2375
:10DEC80043EC172BB0EE470AF0EE670A5037BD4611
:10DED80080BD00BF4CC5020854C502085CC50208D5
:10DEE800401A0020106F0020B07E0020200000148F
:10DEF80040000018508E002080B588B000AF4FF069
:10DF080000024FF00003C7E902234FF000024FF070
:10DF18000003C7E9002307F108030822194632481D
:10DF2800F6F74DFE3B46082219463048F6F747FEFD
:10DF3800FFF7F2FD87ED060BD7E90023D7E90601C5
:10DF4800F2F7CCFD0346002B03D000212848F5F753
:10DF5800BDF8284BD3E90001D7E90623F2F776FC90
:10DF680002460B46C7E9042397ED040B1E48F6F753
:10DF7800E9FE87ED040BD7E90223D7E90401F2F79C
:10DF8800A3FD0346002B24D1D7E90223D7E90401D6
:10DF9800F2F7A4FD0346002B04D000211648F5F73C
:10DFA80095F80CE0D7E90223D7E90401F2F7B4FDAC
:10DFB8000346002B03D000211048F5F787F8D7E96E
:10DFC8000423C7E9022307F1080319460648F6F7B0
:10DFD800AEFD4FF40070F6F715FFF6F72FFF00BF00
:10DFE8002037BD4680BD00BF5CC5020864C5020875
:10DFF8006CC50208508E002074C502087CC5020852
:10E0080090B5CDB000AF07F59874A4F59274206070
:10E0180007F59870A0F5987080E80E0007F59873DA
:10E02800A3F598731B7887F81C31002387F81D31F6
:10E038000023C7F82031002387F82431002387F80C
:10E048002F31002387F82E3107F59873A3F59873BD
:10E058001B78F42B02D0F52B66D0B1E0842387F827
:10E068002F31842387F82E3107F59873A3F5987319
:10E078001B7A97F82F219A4208D807F59873A3F5C9
:10E0880098731B7A97F82E219A4203D2F12387F8C6
:10E098001D3199E007F59873A3F59873596807F14E
:10E0A8001003842218461CF0FFFD07F59873A3F5AA
:10E0B80090731B688033B3F5802F03D9012387F849
:10E0C8001D3181E007F59873A3F59873596807F136
:10E0D8009403842218461CF0E7FDD7F8943003F522
:10E0E800802007F19403043380221946F3F748FA95
:10E0F80007F11003191D07F1940304338022184611
:10E108001CF066FD0346002B5ED007F59873A3F557
:10E1180090731B6803F5802007F11003191D012374
:10E128008022F3F7F9F94FE0042387F82F3104230D
:10E1380087F82E3107F59873A3F598731B7A97F82B
:10E148002F219A4208D807F59873A3F598731B7A7C
:10E1580097F82E219A4203D2F12387F81D3135E032
:10E168000123C7F8183107F59873A3F598735B680E
:10E178001B68C7F81831D7F818311846F4F71CF897
:10E18800C7F82801D7F828311B78002B04D140F2B2
:10E198000720F6F737FE19E0012387F81D31012320
:10E1A80087F82431D7F82831C7F82031D7F8283133
:10E1B8001B78022B0AD940F20220F6F723FE05E06D
:10E1C800F22387F81D3102E000BF00E000BF07F529
:10E1D8009873A3F592731B681C4607F58E7393E832
:10E1E800070084E8070007F59873A3F59273186889
:10E1F80007F59A77BD4690BD80B582B000AFF6F7B7
:10E2080011FE0346FB802348F4F798FCF4F7BEFAA6
:10E2180003463B71FF237B7132E0F3F71DFF7B79E7
:10E22800002B03D1F4F7D2FAFF237B71F3F758FDE3
:10E23800322003F0EBFEF4F7A9FA03463B71F6F738
:10E24800F1FD0346FB80FB8840F20622934207D08B
:10E25800F3F702FFF3F744FD642003F0D7FE0CE068
:10E268003B79002B08D140F20120F6F7CBFDF6F7F9
:10E27800D9FD0346FB8000E000BF7B79013B7B7141
:10E28800FB8840F206229342C7D000BF00BF083780
:10E29800BD4680BD09E0000880B5BEB002AFC24BE4
:10E2A80000221A70C148F5F7DBFA034683F0010330
:10E2B800DBB2002B00F012834FF000024FF0000396
:10E2C800C7E92A234FF000024FF00003C7E92823CB
:10E2D8004FF000024FF00003C7E926234FF0000279
:10E2E8004FF00003C7E924234FF000024FF000036A
:10E2F800C7E922234FF000024FF00003C7E92023AB
:10E308004FF000024FF00003C7E91E234FF0000250
:10E318004FF00003C7E91C234FF000024FF0000341
:10E32800C7E91A234FF000024FF00003C7E918238A
:10E338004FF000024FF00003C7E916234FF0000228
:10E348004FF00003C7E914234FF000024FF0000319
:10E35800C7E912234FF000024FF00003C7E910236A
:10E368004FF000024FF00003C7E90E2307F1A8039E
:10E37800082219468E48F6F722FC07F1A003082266
:10E3880019468C48F6F71BFC07F198030822194632
:10E398008948F6F714FC07F19003082219468748C4
:10E3A800F6F70DFC07F18803082219468448F6F7AA
:10E3B80006FC07F18003082219468248F6F7FFFB9E
:10E3C80007F17803082219467F48F6F7F8FB07F1AA
:10E3D8007003082219467D48F6F7F1FB07F1680338
:10E3E800082219467A48F6F7EAFB07F16003082283
:10E3F80019467848F6F7E3FB07F15803082219464F
:10E408007548F6F7DCFB07F15003082219467348F4
:10E41800F6F7D5FB07F14803082219467048F6F7C6
:10E42800CEFB07F14003082219466E48F6F7C7FBF2
:10E4380007F13803082219466B48F6F7C0FBD7E9FD
:10E448002A01D7E91823F2F767FB0346002B0DD002
:10E45800D7E91823C7E92A2307F1A803194654481E
:10E46800F6F765FB00216148F4F730FE97ED2A7B4B
:10E47800B0EE470AF0EE670AF7F7A2FC53EC102B50
:10E4880010461946F2F77AFB0346A7F8EE30D7E9AB
:10E4980026234FF000005649F2F7D8F902460B46FA
:10E4A800104619463EA3D3E90023F2F7A5F8024621
:10E4B8000B46C7E938234FF000024FF08043D7E9F5
:10E4C8003801F2F7C3F902460B46C7E93623D7E904
:10E4D8002823D7E93601F2F701FB0346002B09D0C0
:10E4E800D7E93623C7E9282307F1A003194631489D
:10E4F800F6F71DFBD7E9282310461946F2F73EFB2D
:10E508000346BB62D7E93801F2F738FB0346FB62E2
:10E51800D7E920014FF00002364BF2F76DF80246BA
:10E528000B4610461946F2F729FB03463B63D7E929
:10E538001E014FF000022F4BF2F75EF802460B4621
:10E5480010461946F2F71AFB03467B63D7E9240104
:10E558004FF00002274BF2F74FF802460B461046E1
:10E568001946F2F70BFB0346C7F8D430D7E9220166
:10E578004FF000021F4BF2F73FF802460B461046D9
:10E588001946F2F7FBFA0346C7F8D030D7E9160167
:10E59800D7E91423F2F7C0FA0346002B36D02BE054
:10E5A8000000000080842E41588E002084C5020897
:10E5B8008CC5020894C502089CC50208A4C50208B7
:10E5C800ACC50208B4C50208BCC50208C4C5020827
:10E5D800CCC50208D4C50208DCC50208E4C5020897
:10E5E800ECC50208F4C50208FCC5020804C6020806
:10E5F8000000F03F00408F40D7E91423C7E91623F5
:10E6080007F158031946BC48F6F791FA97ED167BBF
:10E61800B0EE470AF0EE670AF7F7D2FB53EC102B7F
:10E6280010461946F2F7AAFA0346A7F8CE30D7E9FA
:10E638001223ADA1D1E90001F2F708F902460B4611
:10E64800C7E93023AAA3D3E90023D7E93001F1F7BA
:10E65800D3FF02460B46D7E93801F1F717FE024609
:10E668000B46C7E92E23D7E93001F2F787FA0346AC
:10E678007B61D7E92E01F2F781FA0346BB61B7F84F
:10E68800CE30BB83D7E910014FF000029B4BF1F766
:10E69800B3FF02460B4610461946F2F76FFA0346D7
:10E6A8003B62D7E90E014FF00002944BF1F7A4FF4B
:10E6B80002460B4610461946F2F760FA03467B629B
:10E6C80001233B7300237B730023BB730023FB737D
:10E6D80000233B7400237B740023BB7400233B712D
:10E6E80001237B710023BB710023FB7100233B7264
:10E6F80000237B720023BB72814B1B78002B12D046
:10E7080001237B730123BB730123FB7301233B7438
:10E7180001237B7400233B7100237B710123FB7170
:10E7280001237B7273E0D7E91A2310461946F2F7E2
:10E7380025FA034687F8B730D7E91C23104619464F
:10E74800F2F71CFA034687F8B63097F8B730013B62
:10E75800042B3AD801A252F823F000BF79E7000849
:10E768008BE700089DE70008AFE70008C1E700084D
:10E778000123BB7300233B7100237B710123FB71D1
:10E7880023E00123FB7300233B7100237B710123EA
:10E798003B721AE001233B7401233B7101237B7117
:10E7A80001237B7211E001237B7401233B71012358
:10E7B8007B710123BB7208E00123BB7400233B710A
:10E7C80000237B710123BB7100BF97F8B630013B72
:10E7D800042B1CD801A252F823F000BFF9E7000867
:10E7E800FFE7000805E800080BE8000811E8000842
:10E7F8000123BB730BE00123FB7308E001233B7487
:10E8080005E001237B7402E00123BB7400BFF3F72A
:10E8180023FCF8F761FD642003F0F8FB07F10C0313
:10E8280093E80300F7F77AFC07F128030FCBF7F713
:10E83800D3FC7B6A009307F114030FCBF8F70CFAAB
:10E8480001210120F7F7EEF842F67150F7F718F9B1
:10E858000346002B01D002F0A7FA0120F7F75CF974
:10E86800642003F0D3FBF7F769F90346002B01D0C6
:10E8780002F09AFA00210020F7F7CCF90346002BA2
:10E8880001D002F091FAB7F8EE301A46D7F8D01056
:10E89800D7F8D400F7F754FA3B1D93E80300F7F7CD
:10E8A800DFFB0120F7F7B6FB642003F0AFFBF3F7BB
:10E8B800D3FB0120F7F7C0FB0020F7F705FD104B4D
:10E8C8001B78002B03D0F8F77BFAF8F7CFFC0D4B39
:10E8D80001221A7000210C48F4F7F8FB094B1B7849
:10E8E8001846F037BD4680BD0000000080842E41E8
:10E8F800333333333333C33FDCC5020800408F4022
:10E90800598E0020588E00200CC6020880B500AF32
:10E9180000210548F4F7DAFBF8F7DEFC034B002288
:10E928001A7000BF80BD00BF14C60208588E0020B0
:10E9380080B400AF034B1B781846BD465DF8047BD6
:10E94800704700BF588E002080B584B000AFFFF735
:10E95800A3FC0346002B38D04FF000024FF0000311
:10E96800C7E900233B46082219461C48F6F727F951
:10E97800D7E9002310461946F2F700F90346FB6071
:10E98800FB68002B0BD0FB68591E00230422144897
:10E9980012F09CFA0346002B01D002F005FA012080
:10E9A800F6F798FB03E0F3F757FBF6F729FCF6F7C1
:10E9B80039FA03461A4640F203239A42F3D000205C
:10E9C800F6F788FBFFF7A2FF03E04FF40070F6F7B5
:10E9D80019FA00BF1037BD4680BD00BF1CC602082B
:10E9E8000093002080B48DB000AF0346FB800B4637
:10E9F800BB8013467B80BB8807EE903AB8EE677AF7
:10EA08007B8807EE903AF8EE677A77EE677AC7ED7B
:10EA18000A7AFB8807EE903AB8EE677ABB8807EE69
:10EA2800903AF8EE677A77EE677AC7ED097AD7ED0C
:10EA3800097AF5EEC07AF1EE10FA06D9D7ED0A7A1E
:10EA4800F5EEC07AF1EE10FA02D8DFED557A9FE0C4
:10EA580097ED097ADFED536AC7EE267AC7ED087A93
:10EA6800D7ED0A6A97ED087AC6EE877AC7ED077A76
:10EA7800DFED4D7AF8EE677A97ED077AB4EEE77A2C
:10EA8800F1EE10FA04DBDFED497AF8EEE77A7FE081
:10EA9800DFED477AF8EE677A97ED077AB4EEE77A12
:10EAA800F1EE10FA04D8DFED437AF8EEE77A6FE07A
:10EAB800002387F82F3065E097F82F303E4ADB00B7
:10EAC80013445B6807EE903AF8EE677AC7ED067A6A
:10EAD80097F82F300133384ADB0013445B6807EEA0
:10EAE800903AF8EE677AC7ED057A97ED077AD7ED91
:10EAF800067AB4EEE77AF1EE10FA3ED897ED077A87
:10EB0800D7ED057AB4EEE77AF1EE10FA35DB97ED3A
:10EB1800067AD7ED077A77EE676A97ED067AD7ED2A
:10EB2800057A37EE677AC6EE877AC7ED047A97F8E2
:10EB38002F30214A32F9333007EE903AF8EEE77A6F
:10EB4800C7ED037A97F82F3001331B4A32F9333077
:10EB580007EE903AF8EEE77AC7ED027A97ED027A77
:10EB6800D7ED037A37EE677AD7ED047A27EE277A5E
:10EB7800D7ED037A77EE277A0AE097F82F3001333A
:10EB880087F82F3097F82F30032B95D9DFED047ACB
:10EB9800B0EE670A3437BD465DF8047B704700BFA6
:10EBA8000000000000EC4247C0ED01001400000026
:10EBB800FE83000032000000B8C6020880B400AF2F
:10EBC8000B4B1B68002B04D0094B1B68013B084A00
:10EBD8001360084B1B68002B04D0064B1B68013BD5
:10EBE800044A136000BFBD465DF8047B704700BF50
:10EBF800608E0020648E002080B59EB000AFF6F7CE
:10EC080011F90346A7F8683001224FF4807198483B
:10EC180008F068FF01224FF40071954808F062FF80
:10EC280001224FF48061934808F05CFF00224FF402
:10EC38008071904808F056FF0120F5F7D5FA0120B9
:10EC4800F4F726FF0023A7F854300023A7F856301E
:10EC580007F154039A1C07F1540311461846F4F7B8
:10EC680029FF854B01221A70844B01221A70844BAC
:10EC780000221A70834B00221A70834B00221A60FC
:10EC88007D4B1B78002B05D001224FF4806178481A
:10EC980008F028FF794B1B78002B05D001224FF490
:10ECA8000061734808F01EFF07F12803292200219C
:10ECB80018461BF0B6FF4FF000024FF00003C7E9FB
:10ECC80008237248F5F711FF034687F8673007F104
:10ECD800280311331846FCF799FE034687F8663077
:10ECE80007F12803062219466948F5F768FF07F176
:10ECF80028030633012219466648F5F760FF07F135
:10ED08002003082219466448F5F759FF97F866303A
:10ED180007F1280210331344013397F86720194686
:10ED28005A48F5F74CFF07F128030F33022219461A
:10ED38005A48F5F744FF0123FB61D7E90823104639
:10ED48001946F1F71BFF03465B08BB61BB69C7F8AF
:10ED58003330FB69C7F82F30152387F85030F3F7A5
:10ED680085FD0346002B08D007F1280319464848BB
:10ED7800F5F759FF002387F82E300120F3F74EFCF2
:10ED8800F3F704FD034687F86B3097F86B3003F010
:10ED98000203002B29D040F6B833FB6620E0F3F7D6
:10EDA8005BF9F3F713FD02E0012003F02FF9F2F706
:10EDB80097FF034683F00103DBB2002BF4D1F3F78E
:10EDC800E5FC034687F86B3097F86B3003F00203D5
:10EDD800002B09D0012003F019F9FB6E013BFB66FB
:10EDE800FB6E002BDBD100E000BF07F128031133D5
:10EDF8001846FCF70BFE07F128031846F3F78AFCC0
:10EE080002E0012003F002F9F2F76AFF034683F0FB
:10EE18000103DBB2002BF4D14FF47A733B671AE09D
:10EE2800F3F71AF9F3F7D2FC02E0012003F0EEF849
:10EE3800F2F756FF034683F00103DBB2002BF4D14F
:10EE4800F3F7A4FC034687F86B30012003F0DEF8E3
:10EE58003B6F013B3B6797F86B30012B02D03B6F50
:10EE6800002BDDD10E4B4FF47A721A6074E100BFAB
:10EE780000100242000802425A8E00205B8E0020D9
:10EE88005C8E00205D8E0020648E002024C602085F
:10EE98002CC6020834C602083CC6020844C602084A
:10EEA800608E0020F3F7D8F8914B1B68002B40F0D8
:10EEB800EF808F4B4FF47A721A6007F154039A1C53
:10EEC80007F1540311461846F4F7F4FD00233B827A
:10EED80000237B820023BB8207F110014FF47A7371
:10EEE80002220120F5F792F907F11003991C4FF45B
:10EEF8007A7302220220F5F789F907F11003191D28
:10EF08004FF47A7302220320F5F780F93B8A798A55
:10EF1800BA8A1846FFF766FD87ED170A754B002277
:10EF28001A70754B00221A704FF48051734808F01C
:10EF3800C1FD0346002B0CBF0123002387F85B307B
:10EF48004FF400516D4808F0B5FD0346002B0CBF87
:10EF58000123002387F85A304021694808F0AAFDA8
:10EF68000346002B0CBF0123002387F85930B7F85C
:10EF7800683040F2092293424AD1624B1B78002B39
:10EF880003D097F85B30002B14D15F4B1B78002B14
:10EF980003D097F85A30002B0CD1D7ED177A9FED94
:10EFA8005B7AF4EEC77AF1EE10FA03DC97F8593081
:10EFB800002B01D0012300E0002387F8583097F890
:10EFC800583003F0010387F8583097F85830002B71
:10EFD80058D001224FF48071494808F083FD00227F
:10EFE8004FF48061454808F07DFD00224FF4006130
:10EFF800424808F077FD97F85930002B03D0444B6E
:10F0080041F288321A6040F20A20F5F7FBFE39E037
:10F018003C4B1B78002B03D13B4B1B78002B31D08A
:10F02800D7ED177A9FED397AF4EEC77AF1EE10FA38
:10F0380028D597F8593083F00103DBB2002B21D093
:10F04800334B1B68002B1DD100224FF480712C48D4
:10F0580008F048FD2B4B1B78002B05D001224FF4FC
:10F068008061264808F03EFD274B1B78002B05D011
:10F0780001224FF40061214808F034FD40F20920D4
:10F08800F5F7C0FE07F1280311331846FCF7BEFC5C
:10F09800F3F79CFBF2F724FE322002F0B7FFF3F7F8
:10F0A80075FB034687F86B3097F86B30002B4ED111
:10F0B80007F1280311331846FCF7A8FC07F12803C9
:10F0C8001846F3F727FB02E0012002F09FFFF2F752
:10F0D80007FE034683F00103DBB2002BF4D14FF4A3
:10F0E8007A737B672CE0F2F7B7FFF3F76FFB14E056
:10F0F800608E00205C8E00205D8E00200010024291
:10F10800000802425A8E00205B8E00200000284230
:10F11800648E0020012002F079FFF2F7E1FD03463A
:10F1280083F00103DBB2002BF4D1F3F72FFB034686
:10F1380087F86B30012002F069FF7B6F013B7B672A
:10F1480097F86B30012B02D07B6F002BCBD1F5F7F2
:10F1580069FE0346A7F86830B7F8683040F209221C
:10F1680093423FF49FAEB7F8683040F20A229342C8
:10F178003FF498AE01224FF480712F4808F0B2FC9A
:10F1880000224FF480612D4808F0ACFC00224FF4B7
:10F1980000612A4808F0A6FC00224FF48061264846
:10F1A80008F0A0FC4FF000024FF00003C7E902236B
:10F1B80007F10803082219462148F5F700FDD7E9A9
:10F1C80002014FF000021F4BF1F716FA02460B46F8
:10F1D80010461946F1F7D2FC0346A7F8643000231D
:10F1E800BB800023FB803B1D9A1C3B1D1146184623
:10F1F800F4F760FCBA88FB88934238BF1346A7F837
:10F208006230B7F86220B7F864309A4209D9002210
:10F2180001210D4811F00EFF002202210A4811F0C9
:10F2280009FF0020F4F734FC0020F3F7F7F900BFDA
:10F238007837BD4680BD00BF000802420010024278
:10F248004CC6020800408F400093002080B500AFF4
:10F25800FFF76EFB0346002B03D000210548F3F7A8
:10F2680035FFF8F739F8F5F715F80020F3F7D6F970
:10F2780000BF80BD54C6020880B500AFF2F738F968
:10F28800F2F798FAFFF7E2FF01224FF480510248A3
:10F2980008F028FC00BF80BD0000024280B59AB08B
:10F2A80000AFF2F7D9FEF2F723F9F2F783FAFFF786
:10F2B800CDFF00222021A74808F014FC07F13C03E9
:10F2C80000221A605A609A60DA601A6103233B646C
:10F2D80000237B644FF48053FB6307F13C0319461A
:10F2E8009D4808F031F91023FB6307F13C031946E8
:10F2F800994808F029F92023FB6307F13C031946D4
:10F30800954808F021F92023FB6307F13C031946CF
:10F31800904808F019F91023FB6307F13C031946DC
:10F328008C4808F011F98023FB6307F13C03194668
:10F33800884808F009F90223FB6307F13C031946E2
:10F34800864808F001F90823FB6307F13C031946D6
:10F35800824808F0F9F81023FB6307F13C031946CB
:10F368007E4808F0F1F82023FB6307F13C031946B7
:10F378007A4808F0E9F84023FB6307F13C03194693
:10F38800764808F0E1F88023FB6307F13C0319464F
:10F39800724808F0D9F84FF48073FB6307F13C0317
:10F3A80019466E4808F0D0F84FF40073FB6307F174
:10F3B8003C031946694808F0C7F84FF48063FB63BB
:10F3C80007F13C031946654808F0BEF84FF400639E
:10F3D800FB6307F13C031946604808F0B5F84FF4A1
:10F3E8008053FB6307F13C0319465C4808F0ACF80E
:10F3F8004FF40053FB6307F13C031946574808F0E4
:10F40800A3F80423FB6307F13C031946544808F0AA
:10F418009BF80123FB6307F13C031946504808F0A9
:10F4280093F80223FB6307F13C0319464C4808F0A4
:10F438008BF80823FB6307F13C031946484808F09A
:10F4480083F81023FB6307F13C031946444808F08E
:10F458007BF80221434811F005FE38663B6E022B0B
:10F4680014D907F1280300221A605A609A60DA60FA
:10F478001A614FF40043BB620323FB6200233B6322
:10F4880007F128031946384808F05EF802F0E2FD53
:10F49800364BD3F8D830354A43F40063C2F8D83035
:10F4A800324BD3F8D830314A43F48053C2F8D830BD
:10F4B8002E4BD3F8D8302D4A43F40053C2F8D83035
:10F4C8002B480BF08FFF0346002B01D001F06CFC9A
:10F4D80028480BF087FF0346002B01D001F064FC9D
:10F4E8004FF000024FF00003C7E9142307F150035F
:10F4F800082219462048F5F762FBD7E9142310467D
:10F508001946F1F73BFB0346FB65FB6D002B0BD05F
:10F51800FB6D591E00230422124811F0D7FC034644
:10F52800002B01D001F040FC144B1B781846F5F76E
:10F53800D1FD8021124808F0BDFA0346002B02D104
:10F548000120F5F73DFFF5F76DFC0346A7F8663097
:10F5580021E000BF0010024200180242000C0242E3
:10F56800001402420093002000000242000C0246F0
:10F5780094910020849200205CC602084A49002029
:10F5880000080242012100200CF018FFF5F74AFCA0
:10F598000346A7F86630B7F86630B3F5807FF1D038
:10F5A80093480BF068FF0346002B01D001F0FCFBE9
:10F5B80090480BF060FF0346002B01D001F0F4FBEC
:10F5C8008D4811F0EFFC0346002B01D001F0ECFB55
:10F5D8000020F5F77FFD01F0E5FA01F055FB874BB8
:10F5E8009B6B864A43F00103936302F043FD3B465D
:10F5F80000221A605A609A60DA601A614FF4004378
:10F608003B6001237B600123BB600023FB603B461A
:10F6180019467B4807F098FF01224FF400417848CB
:10F6280008F060FA07F1140300221A605A609A6021
:10F63800DA601A6100233B620023BB610123FB618E
:10F6480041F210037B6107F1140319466D4807F076
:10F658007BFF0123BB610023FB6120237B6107F152
:10F6680014031946674807F06FFF20237B6107F1F1
:10F6780014031946644807F067FF012220216248F5
:10F6880008F030FA10237B6107F1140319465E482D
:10F6980007F05AFF80237B6107F1140319465A4883
:10F6A80007F052FF01228021574808F01BFA012376
:10F6B800FB6102237B6107F114031946534807F0E5
:10F6C80043FF08237B6107F1140319464F4807F0ED
:10F6D8003BFF10237B6107F1140319464B4807F0E1
:10F6E80033FF20237B6107F114031946474807F0CD
:10F6F8002BFF40237B6107F114031946434807F0A9
:10F7080023FF80237B6107F1140319463F4807F064
:10F718001BFF4FF480737B6107F1140319463B48C4
:10F7280007F012FF4FF400737B6107F114031946C9
:10F73800364807F009FF4FF480637B6107F1140333
:10F748001946324807F000FF4FF400637B6107F168
:10F75800140319462D4807F0F7FE4FF480537B61D8
:10F7680007F114031946294807F0EEFE4FF4005339
:10F778007B6107F114031946244807F0E5FE0423CA
:10F788007B6107F114031946214807F0DDFE0123C8
:10F798007B6107F1140319461D4807F0D5FE0223C3
:10F7A8007B6107F114031946194807F0CDFE0823B9
:10F7B8007B6107F114031946154807F0C5FE1023AD
:10F7C8007B6107F114031946114807F0BDFEF2F7F3
:10F7D80043FC1048F1F774FE0F491048F1F78AFF0F
:10F7E80000210F48F3F772FC00BF6837BD4680BDA3
:10F7F8009491002084920020009300200008024683
:10F80800000002420018024200100242000C0242AC
:10F81800001402425D3A0008C5150008852B00084F
:10F8280064C6020880B584B000AF4FF000024FF004
:10F838000003C7E900233B46082219461448F5F798
:10F84800BEF9D7E900014FF00002124BF0F7D4FEE1
:10F8580002460B46C7E90023D7E90023104619469C
:10F86800F1F78CF90346FB60FFF7F0FC0020F2F794
:10F87800DBFBF86802F0CAFB0120F2F7D5FB4FF476
:10F888008070F5F7BFFA00BF1037BD4680BD00BFD6
:10F898006CC6020800408F4080B588B000AF3B4678
:10F8A8002022002118461BF0BCF9364B364A1A6054
:10F8B800344B4FF480225A60324B04229A60314B09
:10F8C8000022DA602F4B01221A612E4B04229A6122
:10F8D8002C4B00221A772B4B002283F82420294B2B
:10F8E80002229A62274B002283F82C20254B4FF4E2
:10F8F800B4625A63234B4FF480629A63214B00220F
:10F9080083F840201F4B00229A661E4B00225A643F
:10F918001C4B00221A651B4B0122DA63194B00228B
:10F9280083F85420174802F0A7FF0346002B01D0A4
:10F9380001F03AFA154B3B6006237B600023BB605D
:10F948004FF6FF73FB6004233B6100237B613B465A
:10F9580019460C4804F00CF80346002B01D001F0BE
:10F9680023FA0C237B603B461946064804F000F84E
:10F978000346002B01D001F017FA00BF2037BD461F
:10F9880080BD00BF688E0020008002420100008018
:10F9980080B588B000AF3B462022002118461BF0F6
:10F9A80040F9324B324A1A60304B4FF480225A6089
:10F9B8002E4B04229A602D4B00225A612B4B4FF09C
:10F9C80000421A61294B04229A61284B00221A62CC
:10F9D800264B00221A77254B002283F82420234B3C
:10F9E80001229A62214B002283F82C201F4B4FF4EE
:10F9F80098625A631D4B4FF480629A631B4B002236
:10FA080083F84020194B4FF000529A66174B00229A
:10FA1800DA66164B00225A64144B02229A64134B7E
:10FA28000022DA64114B002283F854200F4802F0B8
:10FA380023FF0346002B01D001F0B6F90D4B3B60C4
:10FA480001237B600023BB6004233B6100237B61AF
:10FA58003B461946054803F08BFF0346002B01D0AF
:10FA680001F0A2F900BF2037BD4680BDF48E00200A
:10FA7800001002460100008080B58EB000AF7860AB
:10FA880007F1240300221A605A609A60DA601A614A
:10FA98007B681B68A54A934240F09180A44BD3F839
:10FAA8008C30A34A43F48063C2F88C30A04BD3F85F
:10FAB8008C3003F480633B623B6A9D4BD3F88C30F7
:10FAC8009B4A43F00103C2F88C30994BD3F88C3031
:10FAD80003F00103FB61FB69954BD3F88C30944A22
:10FAE80043F00203C2F88C30914BD3F88C3003F00A
:10FAF8000203BB61BB6903237B620323BB62002350
:10FB0800FB6207F1240319468A4807F01DFD072305
:10FB18007B620323BB620023FB6207F124031946BF
:10FB2800854807F011FD854B854A1A60834B0022F2
:10FB38005A60824B00229A60804B0022DA607F4B29
:10FB480000221A617D4B4FF400225A617B4B02223E
:10FB58009A617A4B4FF40032DA61784B00221A62CC
:10FB6800764B01225A62754B01229A62734B00222E
:10FB7800DA62724B00221A63704B00225A636F4894
:10FB880005F0D8FD0346002B01D001F00DF97B6884
:10FB98006A4A1A67694A7B68D3651021674806F084
:10FBA8004FFA0346002B01D001F0FEF80022002195
:10FBB800252005F084FA252005F09BFAB2E07B6841
:10FBC8001B68604A934240F0AD80594BD3F894309B
:10FBD800574A43F02003C2F89430554BD3F8943079
:10FBE80003F020037B617B69514BD3F88C30504A7A
:10FBF80043F00403C2F88C304D4BD3F88C3003F03B
:10FC080004033B613B694A4BD3F88C30484A43F0C4
:10FC18002003C2F88C30464BD3F88C3003F0200315
:10FC2800FB60FB68424BD3F88C30414A43F04003F9
:10FC3800C2F88C303E4BD3F88C3003F04003BB60E5
:10FC4800BB6817237B620323BB620023FB6207F1B7
:10FC5800240319463C4807F077FC4FF440437B6285
:10FC68000323BB620023FB6207F1240319463748CC
:10FC780007F06AFC01237B620323BB620023FB625B
:10FC880007F124031946324807F05EFC314B324A2B
:10FC98001A60304B01225A602E4B00229A602D4B7D
:10FCA8000022DA602B4B00221A612A4B4FF4002203
:10FCB8005A61284B02229A61264B4FF40032DA61CE
:10FCC800244B00221A62234B01225A62214B012243
:10FCD8009A62204B4FF04022DA621E4B00221A63D0
:10FCE8001C4B00225A631B4805F024FD0346002BD9
:10FCF80001D001F059F87B68164A1A67154A7B68E3
:10FD0800D3651021134806F09BF90346002B01D058
:10FD180001F04AF800220021712005F0D0F9712085
:10FD280005F0E7F900BF3837BD4680BD00800242C4
:10FD3800000C02460000024200040242808F0020AC
:10FD4800500002400010024600080242001402421D
:10FD580000180242F88F0020D000024080B582B01F
:10FD680000AF78607B681B68204A934218D1204B0B
:10FD7800D3F88C301E4A23F48063C2F88C300321F8
:10FD88001C4807F0B9FD07211B4807F0B5FD7B6843
:10FD98001B6F184605F0FAFD252005F0B8F921E09B
:10FDA8007B681B68154A93421CD1114BD3F89430D9
:10FDB8000F4A23F02003C2F894301721104807F0A7
:10FDC8009BFD4FF440410F4807F096FD01210E4876
:10FDD80007F092FD7B681B6F184605F0D7FD712070
:10FDE80005F095F900BF0837BD4680BD0080024286
:10FDF800000C0246000002420004024200100246C3
:10FE080000080242001402420018024280B500AF06
:10FE1800134B144A1A60124B01221A71104B01221B
:10FE28005A710F4B41F221029A600D4B0822DA6099
:10FE38000B4B4FF6FF721A61094B00225A61084BAF
:10FE480000229A61064B01221A62054805F026FA3B
:10FE58000346002B01D000F0A7FF00BF80BD00BF04
:10FE6800709000200030024080B485B000AF786008
:10FE78007B681B680B4A93420ED10B4BD3F8883032
:10FE8800094A43F48053C2F88830074BD3F88830C6
:10FE980003F48053FB60FB6800BF1437BD465DF870
:10FEA800047B704700300240000C024680B582B0E7
:10FEB80000AF114BD3F888300F4A43F00103C2F862
:10FEC80088300D4BD3F8883003F001037B607B68E2
:10FED800002200211D2005F0F2F81D2005F009F987
:10FEE800002200211E2005F0EAF81E2005F001F985
:10FEF80000BF0837BD4680BD000C024680B58EB0F5
:10FF080000AF07F1240300221A605A609A60DA6091
:10FF18001A61C24BD3F88C30C04A43F01003C2F8C0
:10FF28008C30BE4BD3F88C3003F010033B623B6A35
:10FF3800BA4BD3F88C30B94A43F00203C2F88C307C
:10FF4800B64BD3F88C3003F00203FB61FB69B34B6B
:10FF5800D3F88C30B14A43F04003C2F88C30AF4B31
:10FF6800D3F88C3003F04003BB61BB69AB4BD3F8CB
:10FF78008C30AA4A43F00803C2F88C30A74BD3F858
:10FF88008C3003F008037B617B69A44BD3F88C3079
:10FF9800A24A43F00403C2F88C30A04BD3F88C304B
:10FFA80003F004033B613B699C4BD3F88C309B4ABC
:10FFB80043F00103C2F88C30984BD3F88C3003F02F
:10FFC8000103FB60FB68954BD3F88C30934A43F0F0
:10FFD8008003C2F88C30914BD3F88C3003F0800347
:10FFE800BB60BB688D4BD3F88C308C4A43F0200340
:08FFF800C2F88C30894BD3F8EC
:020000040801F1
:100000008C3003F020037B607B68012260218648EE
:1000100007F06CFD002240F69671834807F066FDFC
:10002000002249F63071814807F060FD002243F656
:10003000FF717F4807F05AFD01224FF408417D48C7
:1000400007F054FD01224FF400717B4807F04EFD8C
:1000500000224FF4A151794807F048FD00224FF4E7
:100060008071764807F042FD002241F21411714878
:1000700007F03CFD002240F264416F4807F036FD76
:1000800000221F216E4807F031FD4FF47F637B6231
:100090000123BB620023FB6200233B6307F12403BF
:1000A0001946614807F054FA06237B620123BB62BC
:1000B0000123FB6200233B6307F1240319465A48DE
:1000C00007F046FA49F630737B620123BB620023D6
:1000D000FB6200233B6307F124031946534807F0F2
:1000E00037FA40237B620023BB620123FB6207F1E6
:1000F000240319464D4807F02BFA41F212037B62A4
:100100000023BB620123FB6207F1240319464A481E
:1001100007F01EFA43F6FF737B620123BB620123E3
:10012000FB6203233B6307F124031946404807F0B1
:100130000FFA4FF421537B620023BB620123FB6261
:1001400007F1240319463D4807F002FA80237B6239
:100150003C4BBB620123FB6207F12403194637487D
:1001600007F0F6F94FF400437B620123BB620123E1
:10017000FB6200233B6307F1240319462D4807F077
:10018000E7F908237B620323BB620023FB6207F1CC
:10019000240319462C4807F0DBF940F224637B6204
:1001A0000123BB620023FB6200233B6307F12403AE
:1001B0001946214807F0CCF94FF4A9537B6201237B
:1001C000BB620023FB6200233B6307F12403194653
:1001D0001A4807F0BDF941F214037B620123BB62A8
:1001E0000023FB6200233B6307F1240319461148F7
:1001F00007F0AEF901237B620323BB620023FB629D
:1002000007F124031946084807F0A2F94FF40063E8
:100210007B620123BB620023FB6203233B6307F184
:10022000240313E0000C02460010024200040242C4
:10023000000C024200000242001802420008024282
:100240000014024200003110001C024219465A48B4
:1002500007F07EF91B237B620123BB620123FB6253
:1002600003233B6307F124031946544807F070F950
:1002700080237B620323BB620023FB6207F124031C
:1002800019464F4807F064F94FF480737B620123ED
:10029000BB620123FB6203233B6307F1240319467E
:1002A000454807F055F904237B620123BB62012313
:1002B000FB6200233B6307F1240319463F4807F024
:1002C00047F94FF400737B620023BB620023FB629B
:1002D00007F1240319463B4807F03AF943F6200397
:1002E0007B620323BB620023FB6207F124031946F0
:1002F000324807F02DF908237B620323BB620023F9
:10030000FB6207F1240319462E4807F021F9402328
:100310007B621123BB620023FB6200233B6307F176
:1003200024031946284807F013F908237B620323A6
:10033000BB620023FB6207F124031946224807F041
:1003400007F94FF440437B620323BB620023FB6247
:1003500007F1240319461D4807F0FAF84FF47043DB
:100360007B620023BB620123FB6207F12403194671
:10037000174807F0EDF808237B62164BBB62002399
:10038000FB6207F1240319460B4807F0E1F800224D
:1003900000210E2004F097FE0E2004F0AEFE002295
:1003A0000021122004F08FFE122004F0A6FE00BFF0
:1003B0003837BD4680BD00BF000002420014024233
:1003C000000402420008024200180242000C0242ED
:1003D000001002420000311080B500AF064B202211
:1003E0001A60054807F0C0FB0346002B01D000F05F
:1003F000DFFC00BF80BD00BF9490002080B584B0BA
:1004000000AF78600D4BD3F88C300C4A43F40033C6
:10041000C2F88C30094BD3F88C3003F40033FB6006
:10042000FB6800220021602004F04DFE602004F0F3
:1004300064FE00BF1037BD4680BD00BF000C024601
:1004400080B500AF1B4B1C4A1A601A4B1B4A5A60FE
:10045000184B00229A60174B0122DA60154B0022DC
:100460001A61144B00225A61124B00229A61114BFF
:100470000022DA610F4B00221A620E4808F0CCF914
:100480000346002B01D000F093FC002109480AF03C
:10049000DFFC0346002B01D000F08AFC0021054858
:1004A0000AF021FD0346002B01D000F081FC00BFC3
:1004B00080BD00BFD890002000580040FF7BF000B6
:1004C00080B500AF1B4B1C4A1A601A4B1B4A5A607E
:1004D000184B00229A60174B0122DA60154B00225C
:1004E0001A61144B00225A61124B00229A61114B7F
:1004F0000022DA610F4B00221A620E4808F08CF9D4
:100500000346002B01D000F053FC002109480AF0FB
:100510009FFC0346002B01D000F04AFC0021054857
:100520000AF0E1FC0346002B01D000F041FC00BFC3
:1005300080BD00BF2C91002000280046FF7BF0000A
:1005400080B5BEB000AF786007F1E40300221A6006
:100550005A609A60DA601A6107F11803C822002114
:1005600018461AF062FB7B681B685D4A934257D1BC
:100570004FF080024FF00003C7E906230023C7F8BD
:10058000843007F1180318460DF006FB0346002BD4
:1005900001D000F00DFC534BD3F88C30514A43F09E
:1005A0000203C2F88C304F4BD3F88C3003F00203B7
:1005B0007B617B694FF4C043C7F8E4301223C7F86E
:1005C000E8300123C7F8EC300023C7F8F0300423EB
:1005D000C7F8F43007F1E4031946434806F0B8FFC2
:1005E000404BD3F89C303F4A43F48003C2F89C3020
:1005F0003C4BD3F89C3003F480033B613B69002201
:100600000021392004F05FFD392004F076FD00223E
:1006100000213A2004F057FD3A2004F06EFD5BE023
:100620007B681B68314A934256D14FF480724FF079
:100630000003C7E906230023C7F8883007F1180331
:1006400018460DF0A9FA0346002B01D000F0B0FBCC
:10065000244BD3F88C30234A43F04003C2F88C304B
:10066000204BD3F88C3003F04003FB60FB684FF461
:10067000C073C7F8E4301223C7F8E8300023C7F886
:10068000EC300323C7F8F0300423C7F8F43007F147
:10069000E4031946164806F05BFF124BD3F8A83066
:1006A000104A43F08003C2F8A8300E4BD3F8A830AC
:1006B00003F08003BB60BB6800220021582004F0D7
:1006C00002FD582004F019FD00220021592004F0F9
:1006D000FAFC592004F011FD00BFF837BD4680BD7B
:1006E00000580040000C0246000402420028004668
:1006F0000018024280B582B000AF78607B681B684A
:100700001D4A934218D11D4BD3F89C301B4A23F449
:100710008003C2F89C304FF40051194807F0F0F8FC
:100720004FF48041164807F0EBF8392004F0F3FC51
:100730003A2004F0F0FC1BE07B681B68114A9342EE
:1007400016D10E4BD3F8A8300C4A23F08003C2F820
:10075000A83080210C4807F0D3F84FF480710A4884
:1007600007F0CEF8582004F0D6FC592004F0D3FC52
:1007700000BF0837BD4680BD00580040000C02464F
:1007800000040242002800460018024280B500AF73
:100790000AF0F6FB0346002B01D000F009FB00BF76
:1007A00080BD000080B500AF0D4B0E4A1A600C4BA7
:1007B00003225A600A4B40F6FF72DA60084B4FF48E
:1007C0007A629A60064B64221A6105480AF074FC4A
:1007D0000346002B01D000F0EBFA00BF80BD00BF44
:1007E000809100200030004080B500AF154B164AC4
:1007F0001A60144B00225A60124B4FF460629A60E8
:10080000104B4FF6FF725A610E4B4FF470521A6242
:100810000C4B4FF480025A620A4B00229A62094B39
:100820000022DA62074B00221A63064B3B225A630E
:1008300004480AF0DBFC0346002B01D000F0B8FAB4
:1008400000BF80BD949100200044004680B500AFF9
:10085000154B164A1A60144B00225A60124B4FF483
:1008600060629A60104B4FF6FF725A610E4B4FF464
:1008700080721A620C4B4FF480025A620A4B0022BB
:100880009A62094B0022DA62074B00221A63064B78
:1008900000225A6304480AF0A9FC0346002B01D049
:1008A00000F086FA00BF80BDE49100200094004073
:1008B00080B500AF154B164A1A60144B00225A60DF
:1008C000124B4FF460629A60104B4FF6FF725A6100
:1008D0000E4B4FF470521A620C4B00225A620B4BB3
:1008E00000229A62094B0022DA62084B00221A6346
:1008F000064B00225A6305480AF078FC0346002B99
:1009000001D000F055FA00BF80BD00BF3492002036
:100910000048004680B500AF144B154A1A60134BCF
:1009200000225A60114B4FF460629A600F4B4FF6F1
:10093000FF725A610D4B80221A620C4B00225A62E0
:100940000A4B00229A62094B0022DA62074B00220E
:100950001A63064B00225A6304480AF047FC034618
:10096000002B01D000F024FA00BF80BD849200204B
:10097000004C004680B5B8B000AF786007F11803AE
:10098000C822002118461AF050F97B681B68624A99
:1009900093422BD14FF400724FF00003C7E90623B6
:1009A0004FF44063C7F8903007F1180318460DF074
:1009B000F3F80346002B01D000F0FAF9574BD3F8B7
:1009C000A830564A43F40063C2F8A830534BD3F81A
:1009D000A83003F400637B617B690022002143207F
:1009E00004F071FB432004F088FB91E07B681B68F6
:1009F0004B4A93422BD14FF480624FF00003C7E97A
:100A000006234FF44023C7F8943007F11803184623
:100A10000DF0C2F80346002B01D000F0C9F93F4B9E
:100A2000D3F8A0303D4A43F02003C2F8A0303B4B3E
:100A3000D3F8A03003F020033B613B690022002182
:100A4000442004F040FB442004F057FB60E07B6846
:100A50001B68344A93422BD14FF400624FF00003DD
:100A6000C7E906234FF44073C7F8983007F118031D
:100A700018460DF091F80346002B01D000F098F9CC
:100A8000264BD3F8A830254A43F48053C2F8A83047
:100A9000224BD3F8A83003F48053FB60FB6800229C
:100AA0000021622004F00FFB622004F026FB2FE0FF
:100AB0007B681B681C4A93422AD14FF400624FF0B6
:100AC0000003C7E906234FF44073C7F8983007F1D5
:100AD000180318460DF060F80346002B01D000F013
:100AE00067F90E4BD3F8A8300C4A43F40053C2F810
:100AF000A8300A4BD3F8A83003F40053BB60BB689E
:100B0000002200216E2004F0DEFA6E2004F0F5FAD7
:100B100000BFE037BD4680BD00440046000C0246E1
:100B20000094004000480046004C004680B500AFED
:100B300001F0BEF900F0E0F800F038F800F0A8F895
:100B400000F0D0F9FFF7DEF9FFF7B4F901F0A6F8ED
:100B5000FEF7A6FEFEF720FFFFF772FCFFF7B0FCE2
:100B600000F0CAFAFFF756F9FFF736FCFFF73CFE34
:100B7000FFF76CFEFFF79CFE00F05CF900F01EF939
:100B800000F070FD00F024FF00F058FFFFF7FEFDBD
:100B9000FFF708FEFFF7BEFE00F0FAFD00F084FE4E
:100BA000FAF7A0FBFAF7E0FBFCE7000080B59EB087
:100BB00000AF07F118036022002118461AF035F83B
:100BC0003B4600221A605A609A60DA601A615A61E4
:100BD0004FF440300BF024FC0346002B01D000F012
:100BE000E7F80BF0DFFB294BD3F8F03023F01803C4
:100BF000264A43F01003C2F8F0302D23BB614FF4B6
:100C00008033FB6181233B624FF480537B644FF060
:100C10008063FB6200233B6302233B6503237B6508
:100C20004FF40053FB650323BB6514233B6602238B
:100C30007B660223BB660223FB660C233B67002313
:100C40007B6707F1180318460BF0F6FC0346002BF0
:100C500001D000F0ADF81F233B6003237B6000232D
:100C6000BB600023FB6000233B6100237B613B46AC
:100C7000042118460CF0BCFB0346002B01D000F009
:100C800097F800BF7837BD4680BD00BF000C024614
:100C900080B5B2B000AF3B46C8220021184619F01B
:100CA000C4FF4FF400424FF00003C7E900234FF4A4
:100CB0000053C7F8A8300323BB600C23FB60282334
:100CC0003B6102237B610223BB611023FB61002394
:100CD0003B6200237B624FF48023BB623B46184695
:100CE0000CF05AFF0346002B01D000F061F800BF62
:100CF000C837BD4680BD000080B582B000AF0BF0A4
:100D00006BFC0BF089FC02200BF016FC0346002B59
:100D100001D000F04DF8254BD3F8943003F00403D4
:100D2000002B0ED1214BD3F89430204A43F004031A
:100D3000C2F894301D4BD3F8943003F004033B60A9
:100D40003B680BF02FFB194BD3F8F03003F018037E
:100D5000102B27D001F052F97860144BD3F8F03003
:100D6000124A23F00103C2F8F03008E001F046F91E
:100D700002467B68D31A41F28832934207D80B4B64
:100D8000D3F8F03003F00203002BEFD100E000BFF6
:100D9000064BD3F8F03023F01803044A43F0100355
:100DA000C2F8F03000BF0837BD4680BD000C0246D7
:100DB00080B400AF72B600BF00BFFDE780B500AFE2
:100DC000064B074A1A6005480AF0B0FD0346002B9F
:100DD00001D0FFF7EDFF00BF80BD00BFD49200201F
:100DE00000200C4280B584B000AF78607B681B683F
:100DF0000E4A934216D10E4BD3F88C300C4A43F472
:100E00000023C2F88C300A4BD3F88C3003F4002353
:100E1000FB60FB6800220021612004F054F961208E
:100E200004F06BF900BF1037BD4680BD00200C42B6
:100E3000000C024680B500AF074B084A1A60064B0B
:100E400000225A6004480FF091FB0346002B01D0AA
:100E5000FFF7AEFF00BF80BDEC92002000080C42FF
:100E600080B5B6B000AF786007F11003C82200214A
:100E7000184619F0DAFE7B681B68184A934229D19C
:100E80004FF400224FF00003C7E904230023C7F802
:100E9000A83007F1100318460CF07EFE0346002B25
:100EA00001D0FFF785FF0E4BD3F88C300C4A43F48A
:100EB0008023C2F88C300A4BD3F88C3003F48023A3
:100EC000FB60FB68002200215E2004F0FCF85E203D
:100ED00004F013F900BFD837BD4680BD00080C42AE
:100EE000000C024680B58EB000AF07F11803002257
:100EF0001A605A609A60DA601A615A619A613B1D01
:100F000000221A605A609A60DA601A6100233B601E
:100F10004D4B4E4A1A604C4B00225A604A4B7F227E
:100F20009A60494BFF22DA60474B00221A61464B18
:100F300000225A61444B00229A61434B4FF0804299
:100F4000DA61414B00221A623F4B00225A623E484E
:100F50000FF02AFC0346002B01D0FFF729FF0023E6
:100F6000BB6100237B620023BB620023FB6207F1AD
:100F700018031946344810F08FF80346002B01D0AF
:100F8000FFF716FF0021304810F070F878637B6B94
:100F9000002B54D1012200212B4810F04FF80023E0
:100FA0003B7100237B710023BB7100233B61002355
:100FB0007B613B1D0122194623480FF07FFC03464D
:100FC000002B01D0FFF7F4FE07233B7001237B7059
:100FD0000123BB702323FB703B46012219461A48AC
:100FE0000FF07AFD0346002B01D0FFF7E1FE00234E
:100FF00004223B2114480FF06DFF0346002B01D063
:10100000FFF7D6FE4FF480710F480FF039FE03460C
:10101000002B01D0FFF7CCFE4FF400710A480FF00F
:101020002FFE0346002B01D0FFF7C2FE06480FF04B
:10103000BDFF0346002B03D0FFF7BAFE00E000BF60
:101040003837BD4680BD00BF0093002000780046C1
:1010500080B5B6B000AF786007F11003C822002158
:10106000184619F0E2FD7B681B68214A93423AD189
:101070004FF480224FF00003C7E904234FF480733C
:10108000C7F8D03007F1100318460CF085FD034671
:10109000002B01D0FFF78CFE164BD3F8F030154A29
:1010A00043F40043C2F8F030124BD3F8A830114A91
:1010B00043F40013C2F8A8300E4BD3F8A83003F461
:1010C0000013FB60FB680B4BD3F8D830094A43F49C
:1010D0000013C2F8D83000220021022003F0F3FFF1
:1010E000022004F00AF800BFD837BD4680BD00BF1B
:1010F00000780046000C024680B584B000AF3B1D6E
:1011000000221A605A609A60314B324A1A60304BA2
:101110004FF480025A602E4B00229A602C4B07221B
:10112000DA602B4B00221A61294B00225A61284BAE
:101130004FF080629A61264B4FF08042DA61244B77
:1011400000221A62224B00225A62214B00229A622C
:101150001F4B0722DA621E4B4FF080425A631C4B32
:1011600000229A631A4B0022DA63194B00229A6418
:10117000174B0022DA64164B00221A65144B00222A
:101180005A65134B00229A65114B0022DA65104B09
:1011900000221A660E480FF0ADFF0346002B01D067
:1011A000FFF706FE00237B604FF08053BB600023F7
:1011B000FB603B1D1946064811F075FC0346002BE9
:1011C00001D0FFF7F5FD00BF1037BD4680BD00BF61
:1011D000309300200030014080B5BCB000AF786093
:1011E00007F1DC0300221A605A609A60DA601A6123
:1011F00007F11003C8220021184619F016FD7B687C
:101200001B682B4A93424ED14FF400024FF000036B
:10121000C7E904234FF48013C7F8C43007F1100363
:1012200018460CF0B9FC0346002B01D0FFF7C0FDB7
:10123000204BD3F8A4301F4A43F48053C2F8A430A3
:101240001C4BD3F8A43003F48053FB60FB68194BAC
:10125000D3F88C30174A43F00103C2F88C30154B99
:10126000D3F88C3003F00103BB60BB68E023C7F800
:10127000DC300223C7F8E0300023C7F8E430002355
:10128000C7F8E8300523C7F8EC3007F1DC0319464E
:10129000094806F05DF9002200213B2003F013FF0E
:1012A0003B2003F02AFF00BFF037BD4680BD00BFE2
:1012B00000300140000C02460000024280B582B0BE
:1012C00000AF78607B681B680A4A93420ED10A4BD4
:1012D000D3F8A430084A23F48053C2F8A430E021A4
:1012E000064806F00DFB3B2003F015FF00BF083752
:1012F000BD4680BD00300140000C024600000242A5
:1013000080B582B000AF204BD3F894301E4A43F032
:101310000403C2F894301C4BD3F8943003F0040358
:101320007B607B680BF058F90BF066F90022002116
:101330001B2003F0C8FE1B2003F0DFFE002200216B
:101340006B2003F0C0FE6B2003F0D7FE0E4BD3F8EA
:10135000A8300D4A43F48013C2F8A8300A4BD3F8E2
:10136000A83003F480133B603B68302000F0A4FEFB
:1013700000F0CAFE022000F0B3FE002000F0B0FE34
:1013800000BF0837BD4680BD000C024680B400AFE8
:1013900000BFFDE780B400AF00BFFDE780B400AF41
:1013A00000BFFDE780B400AF00BFFDE780B400AF31
:1013B00000BFFDE780B400AF00BFBD465DF8047B11
:1013C000704780B400AF00BFBD465DF8047B704736
:1013D00080B400AF00BFBD465DF8047B704780B5A8
:1013E00000AFFAF721F800BF80BD000080B500AF64
:1013F00002480FF009FE00BF80BD00BF009300202F
:1014000080B500AF082006F089FB00BF80BD80B525
:1014100000AF802006F082FB00BF80BD80B500AF2A
:10142000024809F0C8FE00BF80BD00BF80910020C7
:1014300080B500AF024804F08CFC00BF80BD00BF47
:10144000808F002080B500AF024804F082FC00BF0E
:1014500080BD00BFF88F002080B500AF024802F0C9
:101460001DF800BF80BD00BF688E002080B500AFB2
:10147000024812F0B5FA00BF80BD00BFC093002043
:1014800080B500AF024812F0ABFA00BF80BD00BFCC
:101490000C94002080B500AF024812F0A1FA00BF02
:1014A00080BD00BF5894002080B500AF024812F004
:1014B00097FA00BF80BD00BFA494002080B500AFA4
:1014C000024807F002FE00BF80BD00BFD890002098
:1014D00080B500AF024807F012FE00BF80BD00BF1C
:1014E000D890002080B500AF024810F0AFFE00BFDA
:1014F00080BD00BF3093002080B500AF024813F0DC
:10150000E1FF00BF80BD00BF3C95002080B500AF6B
:1015100002480AF010F800BF80BD00BF949100207F
:1015200080B500AF02480AF006F800BF80BD00BFDA
:10153000E491002080B500AF024812F051FA00BFDC
:1015400080BD00BFF094002080B500AF024807F0D6
:10155000BCFD00BF80BD00BF2C91002080B500AF56
:10156000024807F0CCFD00BF80BD00BF2C910020D9
:1015700080B500AF02480FF097F800BF80BD00BFF4
:10158000EC92002080B500AF024806F05FFB00BF80
:1015900080BD00BF9490002080B500AF02480AF0E3
:1015A00043FA00BF80BD00BFD492002080B500AFD9
:1015B000024809F0C0FF00BF80BD00BF3492002088
:1015C00080B500AF09F036FD00BF80BD80B500AF2B
:1015D000024809F0B0FF00BF80BD00BF8492002028
:1015E00080B500AF024801F059FF00BF80BD00BFC9
:1015F000F48E002080B400AF184BD3F88830174A1F
:1016000043F47003C2F88830154B01221A60144B62
:101610000022DA61124B00221A62114B00225A6238
:101620000F4B1B680E4A23F0A85323F410231360BA
:101630000B4B00229A620A4B1B68094A23F4802351
:101640001360074B00221A65044B4FF000629A604A
:1016500000BFBD465DF8047B704700BF00ED00E0B1
:10166000000C024680B58EB000AF07F128030022BF
:101670001A605A609A60DA6007F11C0300221A604F
:101680005A609A603B4600221A605A609A60DA609B
:101690001A615A619A613C4B3C4A1A603A4B9F224C
:1016A0005A60394B00229A60374B40F2E732DA60D9
:1016B000354B00221A61344B00229A61324811F0F6
:1016C00033FA0346002B01D0FFF772FB4FF480532F
:1016D000BB6207F1280319462B4812F05FFC034652
:1016E000002B01D0FFF764FB274811F071FE034681
:1016F000002B01D0FFF75CFB234811F062FB03468F
:10170000002B01D0FFF754FB0023FB6100237B6219
:1017100007F11C0319461C4813F0FCFA0346002B82
:1017200001D0FFF745FB60233B6063237B60002310
:10173000BB6000233B613B4600221946124812F071
:1017400019FB0346002B01D0FFF732FB30233B602F
:1017500001237B603B46042219460B4812F090FAA5
:101760000346002B01D0FFF723FB074B1B689A6948
:10177000054B1B6842F400629A61034800F054FA7A
:1017800000BF3837BD4680BDC09300200004004034
:1017900080B58EB000AF07F1280300221A605A60AE
:1017A0009A60DA6007F11C0300221A605A609A609E
:1017B0003B4600221A605A609A60DA601A615A61E8
:1017C0009A61374B374A1A60354B9F225A60344B27
:1017D00000229A60324B40F2E732DA60304B00224E
:1017E0001A612F4B00229A612D4811F09DF9034692
:1017F000002B01D0FFF7DCFA4FF48053BB6207F1F6
:1018000028031946264812F0C9FB0346002B01D0D5
:10181000FFF7CEFA224811F0DBFD0346002B01D082
:10182000FFF7C6FA1E4811F0CCFA0346002B01D090
:10183000FFF7BEFA0023FB6100237B6207F11C0364
:101840001946174813F066FA0346002B01D0FFF73C
:10185000AFFA60233B6063237B600023BB600023FF
:101860003B613B46002219460D4812F083FA0346BD
:10187000002B01D0FFF79CFA30233B6001237B60F3
:101880003B4604221946064812F0FAF90346002B9B
:1018900001D0FFF78DFA00BF3837BD4680BD00BFCD
:1018A0000C9400200008004080B58EB000AF07F116
:1018B000280300221A605A609A60DA6007F11C035C
:1018C00000221A605A609A603B4600221A605A60F1
:1018D0009A60DA601A615A619A613B4B3B4A1A601E
:1018E000394B9F225A60384B00229A60364B40F2A7
:1018F000E732DA60344B00221A61334B00229A61DE
:10190000314811F011F90346002B01D0FFF750FACE
:101910004FF48053BB6207F1280319462A4812F09E
:101920003DFB0346002B01D0FFF742FA264811F099
:101930004FFD0346002B01D0FFF73AFA224811F081
:1019400040FA0346002B01D0FFF732FA0023FB6177
:1019500000237B6207F11C0319461B4813F0DAF9D8
:101960000346002B01D0FFF723FA60233B6063237B
:101970007B600023BB6000233B613B46002219468D
:10198000114812F0F7F90346002B01D0FFF710FAC7
:1019900030233B6001237B603B46042219460A4802
:1019A00012F06EF90346002B01D0FFF701FA064B47
:1019B0001B689A69044B1B6842F400629A6100BF7D
:1019C0003837BD4680BD00BF58940020000C004051
:1019D00080B584B000AF3B1D00221A605A609A6047
:1019E000144B154A1A60134B0F225A60114B0022F8
:1019F0009A60104B40F2E732DA600E4B00229A6197
:101A00000C4811F091F80346002B01D0FFF7D0F9F4
:101A100020237B600023FB603B1D1946054813F023
:101A200079F90346002B01D0FFF7C2F900BF103748
:101A3000BD4680BDA49400200010004080B588B051
:101A400000AF07F1100300221A605A609A60DA6052
:101A50003B1D00221A605A609A601F4B1F4A1A6091
:101A60001D4B0F225A601C4B00229A601A4B40F209
:101A7000E732DA60184B00221A61174B00225A61D4
:101A8000154B00229A61144811F04EF80346002BC2
:101A900001D0FFF78DF94FF480533B6107F110033C
:101AA00019460D4812F07AFA0346002B01D0FFF7D1
:101AB0007FF920237B600023FB603B1D194606480D
:101AC00013F028F90346002B01D0FFF771F900BF8E
:101AD0002037BD4680BD00BFF0940020004001408B
:101AE00080B588B000AF78607B681B68484A934235
:101AF00017D1484BD3F89C30464A43F00203C2F852
:101B00009C30444BD3F89C3003F00203FB61FB692B
:101B1000002200212E2003F0D6FA2E2003F0EDFA49
:101B200072E07B681B683C4A934217D1394BD3F86B
:101B30009C30384A43F00403C2F89C30354BD3F84C
:101B40009C3003F00403BB61BB69002200212F20FD
:101B500003F0B9FA2F2003F0D0FA55E07B681B6838
:101B60002E4A934217D12B4BD3F89C30294A43F08D
:101B70000803C2F89C30274BD3F89C3003F00803CD
:101B80007B617B6900220021302003F09CFA302029
:101B900003F0B3FA38E07B681B68214A934217D1FF
:101BA0001C4BD3F89C301B4A43F01003C2F89C3006
:101BB000184BD3F89C3003F010033B613B690022C3
:101BC0000021312003F07FFA312003F096FA1BE068
:101BD0007B681B68134A934216D10E4BD3F8A4308E
:101BE0000C4A43F48033C2F8A4300A4BD3F8A43033
:101BF00003F48033FB60FB6800220021452003F0E2
:101C000062FA452003F079FA00BF2037BD4680BD57
:101C100000040040000C024600080040000C004098
:101C2000001000400040014080B588B000AF7860EF
:101C300007F10C0300221A605A609A60DA601A6198
:101C40007B681B68124A93421ED1124BD3F88C302A
:101C5000104A43F01003C2F88C300E4BD3F88C308E
:101C600003F01003BB60BB680823FB6002233B61E9
:101C700001237B610323BB610223FB6107F10C039A
:101C80001946054805F064FC00BF2037BD4680BDFD
:101C900000040040000C02460010024280B500AF74
:101CA000224B234A1A60214B4FF4E1325A601F4BFA
:101CB00000229A601D4B0022DA601C4B00221A6140
:101CC0001A4B0C225A61194B00229A61174B0022C1
:101CD000DA61164B00221A62144B00225A62134B2F
:101CE00000229A62114813F01DF90346002B01D01F
:101CF000FFF75EF800210D4815F09FFB0346002B0F
:101D000001D0FFF755F80021084815F0D4FB034631
:101D1000002B01D0FFF74CF8044815F055FB0346A3
:101D2000002B01D0FFF744F800BF80BD3C95002098
:101D30000038014080B5BCB000AF786007F1DC032B
:101D400000221A605A609A60DA601A6107F1100383
:101D5000C8220021184618F068FF7B681B682A4AD1
:101D600093424DD14FF001024FF00003C7E9042325
:101D700000233B6607F1100318460BF00DFF0346E6
:101D8000002B01D0FFF714F8204BD3F8A4301F4AE2
:101D900043F48043C2F8A4301C4BD3F8A43003F4BE
:101DA0008043FB60FB68194BD3F88C30174A43F033
:101DB0000103C2F88C30154BD3F88C3003F00103CB
:101DC000BB60BB684FF4C063C7F8DC300223C7F8C0
:101DD000E0300023C7F8E4300023C7F8E8300723D9
:101DE000C7F8EC3007F1DC031946094805F0B0FBF1
:101DF000002200213D2003F066F93D2003F07DF92B
:101E000000BFF037BD4680BD00380140000C0246DF
:101E10000000024280B582B000AF78607B681B682A
:101E20000B4A93420FD10B4BD3F8A430094A23F449
:101E30008043C2F8A4304FF4C061074805F060FD4C
:101E40003D2003F068F900BF0837BD4680BD00BFE4
:101E500000380140000C024600000242DFF834D096
:101E6000FFF7C8FB002103E00B4B5B5843500431E4
:101E70000A480B4B42189A42F6D30A4A02E0002362
:101E800042F8043B084B9A42F9D318F0EDFEFEF7F6
:101E90004DFEFEE700000C2078CA0208000000207A
:101EA000D01A0020D01A00202C970020FEE7000056
:101EB00080B500AF124B1B68114A43F48073136066
:101EC000032003F0F5F80BF085FC02460D4B1B6A6E
:101ED00003F00F030C49CB5C22FA03F30B4A1360A7
:101EE000042003F04DF90F2000F012F80346002BF8
:101EF00001D0012302E0FFF703FA0023184680BD5A
:101F000000200240000C0246E0C60208501A0020E1
:101F100080B584B000AF78600023FB60334B1B7842
:101F2000002B01D101235CE0314B1B6803F004035B
:101F3000042B0CD12F4B1A682C4B1B7819464FF4ED
:101F40007A73B3FBF1F3B2FBF3F3FB6037E003F01A
:101F50006FF9B860BB68022B23D0BB68022B2DD869
:101F6000BB68002B03D0BB68012B0DD026E0214BB2
:101F70001A681E4B1B7819464FF4FA53B3FBF1F362
:101F8000B2FBF3F3FB601AE0184B1B781A464FF4D0
:101F90007A73B3FBF2F34FF4FA42B2FBF3F3FB6054
:101FA0000DE0124B1B781A464FF47A73B3FBF2F331
:101FB0004FF40042B2FBF3F3FB6000E000BFF868AF
:101FC00003F0BCF80346002B01D0012309E00022F6
:101FD00079684FF0FF3003F076F8074A7B681360AA
:101FE000002318461037BD4680BD00BF581A002098
:101FF00010E000E0501A0020541A002080B400AF16
:10200000034B1B681846BD465DF8047B704700BF54
:10201000D095002080B584B000AF7860FFF7EEFF68
:10202000B8607B68FB60FB68B3F1FF3F05D00A4BEB
:102030001B781A46FB681344FB6000BFFFF7DEFF06
:102040000246BB68D31AFA689A42F7D800BF00BFAD
:102050001037BD4680BD00BF581A002080B400AFC5
:10206000054B1B68044A23F00203136000BFBD4602
:102070005DF8047B704700BF10E000E080B400AF63
:10208000054B1B68044A43F00203136000BFBD46C2
:102090005DF8047B704700BF10E000E080B400AF43
:1020A000044B1B681B0C9BB21846BD465DF8047BB5
:1020B000704700BF004004E080B483B000AF786098
:1020C000064B1B6823F0700204497B6813430B60C6
:1020D00000BF0C37BD465DF8047B704700740046B6
:1020E00080B483B000AF7860064B1B6823F0020217
:1020F00004497B6813430B6000BF0C37BD465DF895
:10210000047B70470074004680B582B000AF0F4B6F
:102110001B680E4A43F001031360FFF76FFF7860FE
:1021200008E0FFF76BFF02467B68D31A0A2B01D940
:10213000032306E0054B1B6803F00803002BF0D0D7
:10214000002318460837BD4680BD00BF0074004616
:1021500080B483B000AF786039607B681B6823F47B
:1021600070123B681A437B681A6000BF0C37BD468B
:102170005DF8047B704780B483B000AF786039604D
:102180007B681B6823F0E0723B681A437B681A6027
:1021900000BF0C37BD465DF8047B704780B483B048
:1021A00000AF78607B681B6803F0E07318460C375B
:1021B000BD465DF8047B704780B485B000AF7860A1
:1021C00039603B68FB607B680A4A934204D1FB6834
:1021D000013B03F00C03FB607B68DB6823F00C021F
:1021E000FB681A437B68DA6000BF1437BD465DF8B0
:1021F000047B70470010024680B487B000AFF860DF
:10220000B9607A603B60FB6860331A46BB689B002C
:1022100013447B617B691B6803F0E0627B685B00B1
:1022200003F078413B680B431A437B691A6000BF97
:102230001C37BD465DF8047B704780B485B000AFA5
:10224000786039607B6860331A463B689B001344B2
:10225000FB60FB681B68DB0E03F01F03BB60BB6801
:10226000092B07D8BB689A060121BB6801FA03F362
:10227000134308E0BB689A060121BB6801FA03F327
:10228000134343F0007318461437BD465DF8047BD2
:10229000704780B487B000AFF860B9607A60FB68BF
:1022A00060331A46BB689B0013447B617B691B68E3
:1022B00023F080727B681A437B691A6000BF1C3769
:1022C000BD465DF8047B704780B487B000AFF8600E
:1022D000B9607A60FB6860331A46BB689B001344A0
:1022E0007B617B691B6823F080627B681A437B6992
:1022F0001A6000BF1C37BD465DF8047B704780B490
:1023000087B000AFF860B9607A60FB6860331A4646
:10231000BB689B0013447B617B691B6823F00072E0
:102320007B681A437B691A6000BF1C37BD465DF8A5
:10233000047B704780B483B000AF786039607B68FD
:102340001B6F23F47F5323F03F033A681A437B68E3
:102350001A677B681B6F23F000433A68002A02D09B
:102360004FF0004200E000221A437B681A6700BF6A
:102370000C37BD465DF8047B704780B485B000AF74
:10238000F860B9607A60FB685A69BB6803F00403BF
:10239000072101FA03F3DB431A40BB6803F004038F
:1023A000796801FA03F31A43FB685A6100BF1437D6
:1023B000BD465DF8047B704780B483B000AF7860A1
:1023C0007B68DB6803F44063002B01D1012300E04C
:1023D000002318460C37BD465DF8047B70470000AB
:1023E00080B489B000AFF860B9607A60FB682B4AAE
:1023F000934220D0FB6830331A46BB681B0A9B000F
:1024000003F00C031344FB61FB691A68BB6803F01B
:102410001F031F2101FA03F3DB431A407B689B0E65
:1024200003F01F01BB6803F01F0301FA03F31A4313
:10243000FB691A602BE0FB689A6ABB6803F01F0314
:102440000F2101FA03F3DB431A407B6823F07F433B
:10245000002B04D17B689B0E03F01F0310E07B6808
:102460007B617B6993FAA3F33B613B69BB61BB6909
:10247000002B01D1202303E0BB69B3FA83F3DBB265
:10248000B96801F01F018B401A43FB689A6200BFD4
:102490002437BD465DF8047B704700BF001002463C
:1024A00080B487B000AF786039603B6823F07F4329
:1024B000002B07D13B689B0E03F01F03012202FA99
:1024C00003F315E03B683B613B6993FAA3F3FB60C0
:1024D000FB687B617B69002B01D1202303E07B69D2
:1024E000B3FA83F3DBB203F01F03012202FA03F312
:1024F0007A68926A1A437B689A6200BF1C37BD46AD
:102500005DF8047B704780B483B000AF78603960B9
:102510007B689A6A3B689B0E03F01F03012101FA56
:1025200003F3DB431A407B689A6200BF0C37BD4659
:102530005DF8047B704780B483B000AF78607B683F
:10254000DB6803F0030318460C37BD465DF8047BD7
:10255000704780B483B000AF78607B68DB6C03F4B5
:10256000C073002B01D1012300E0002318460C3773
:10257000BD465DF8047B704780B48BB000AFF86057
:10258000B9607A60FB682C4A934240D0BB6823F064
:102590007F43002B04D1BB689B0E03F01F0310E0A8
:1025A000BB68BB61BB6993FAA3F37B617B69FB6189
:1025B000FB69002B01D1202303E0FB69B3FA83F30D
:1025C000DBB2BA68520E02F00102524202F00A0275
:1025D0009A1A13465B0013447B62FB6814331A4655
:1025E000BB685B0E9B0003F0040313443B623B6A31
:1025F0001A6807217B6A01FA03F3DB431A40796802
:102600007B6A01FA03F31A433B6A1A600EE0FB6827
:102610005A69BB681B02DB431A40BB6819027B681E
:102620000B4023F0FF031A43FB685A6100BF2C37AD
:10263000BD465DF8047B70470010024680B485B04B
:1026400000AFF860B9607A60FB68D3F8C020BB685F
:1026500023F07F43DB431A407B6803F018030849EB
:10266000D940BB680B4023F07F431A43FB68C3F893
:10267000C02000BF1437BD465DF8047B704700BF23
:10268000FFFF0F0080B483B000AF78607B689B6869
:1026900023F0204323F03F037A68936000BF0C3798
:1026A000BD465DF8047B704780B483B000AF7860AE
:1026B0007B689B6803F00053B3F1005F01D10123F5
:1026C00000E0002318460C37BD465DF8047B7047D8
:1026D00080B483B000AF78607B689B6823F01043C0
:1026E00023F03F0343F080527B689A6000BF0C37B1
:1026F000BD465DF8047B704780B483B000AF78605E
:102700007B689B6803F08053B3F1805F01D10123A4
:1027100000E0002318460C37BD465DF8047B704787
:1027200080B483B000AF78607B689B6823F000437F
:1027300023F03F0343F001027B689A6000BF0C372F
:10274000BD465DF8047B704780B483B000AF78600D
:102750007B689B6823F0004323F03F0343F00202B1
:102760007B689A6000BF0C37BD465DF8047B7047FC
:1027700080B483B000AF78607B689B6803F001038E
:10278000012B01D1012300E0002318460C37BD4680
:102790005DF8047B704780B483B000AF78607B68DD
:1027A0009B6803F00203022B01D1012300E0002308
:1027B00018460C37BD465DF8047B704780B483B083
:1027C00000AF78607B689B6823F0004323F03F03F1
:1027D00043F004027B689A6000BF0C37BD465DF889
:1027E000047B704780B483B000AF78607B689B68DF
:1027F00023F0004323F03F0343F010027B689A600C
:1028000000BF0C37BD465DF8047B704780B483B0D1
:1028100000AF78607B689B6803F00403042B01D150
:10282000012300E0002318460C37BD465DF8047B09
:10283000704780B483B000AF78607B689B6823F0FA
:10284000004323F03F0343F020027B689A6000BFFF
:102850000C37BD465DF8047B704780B483B000AF91
:1028600078607B689B6803F00803082B01D1012383
:1028700000E0002318460C37BD465DF8047B704726
:1028800080B58AB000AF7860002387F82730002336
:102890003B620023FB617B68002B01D10123B3E283
:1028A0007B681B69002B03D07B681B688B4A9342B3
:1028B0007B689B6F002B09D17868FDF7E1F87B6896
:1028C0000022DA677B68002283F874207B681B682B
:1028D0001846FFF7E9FE0346002B04D07B681B680F
:1028E0001846FFF7CFFE7B681B681846FFF704FF0A
:1028F0000346002B15D17B681B681846FFF7E8FEDE
:10290000774B1B689B09774AA2FB03239B09013382
:102910005B00FB6002E0FB68013BFB60FB68002B97
:10292000F9D17B681B681846FFF7E6FE0346002BCB
:102930000ED17B689B6F43F010027B689A677B68BF
:10294000DB6F43F001027B68DA67012387F82730E9
:102950007B681B681846FFF759FFB8617B689B6F5F
:1029600003F01003002B40F04482BB69002B40F0C1
:1029700040827B689B6F23F4817343F002027B6883
:102980009A677B681B681846FFF7F2FE0346002B28
:1029900040D17B681B68514A934228D07B681B68F2
:1029A000514A934209D15048FFF7E2FE0346002BFB
:1029B0000CBF01230023DBB208E04848FFF7D8FE34
:1029C0000346002B0CBF01230023DBB2002B21D0D8
:1029D0007B681B68444A934201D1444A00E0444A60
:1029E0007B685B6819461046FFF7B2FB12E07B6814
:1029F0001A687B689B6819461046FFF7DDFB3C4B65
:102A00001B6823F470127B685B6803F47013384909
:102A100013430B607B681B68304A934210D07B687D
:102A200093F824305A037B685B6C1A437B689B687D
:102A30001A437B6893F82C301B0413433B6230E04D
:102A40007B681B7F9A037B6893F824305B031343F6
:102A50007A68526C002A02D04FF4805200E00022C3
:102A60001A437B685B691A437B681B69002B04DA95
:102A70007B681B6923F0004301E04FF400131A4305
:102A80007B681B6818498B4203D17B6893F8403000
:102A900003E07B6893F840305B0013433A6A1343CA
:102AA0003B627B6893F82C30012B2FD17B681B682D
:102AB0000A4A934207D07B681B6B013B5B043A6A6E
:102AC00013433B6222E07B6893F82430002B11D142
:102AD0003B6A43F480333B6218E000BF00100246BB
:102AE000501A0020632D3E050080024208830242F6
:102AF000081302467B689B6F43F020027B689A674D
:102B00007B68DB6F43F001027B68DA677B681B68D8
:102B1000924A934218D07B685B6B002B09D07B688C
:102B20005B6B03F478727B689B6B13433A6A1343C5
:102B30003B627B681B68DA68894B13407A681268CD
:102B4000396A0B43D36031E07B685B6B002B09D0A3
:102B50007B685B6B03F4E0727B689B6B13433A6AA0
:102B600013433B627B681B68DA687E4B13407A68CC
:102B70001268396A0B43D3607B681B6A002B08D04C
:102B80007B681B68596C7B681A6A7B681B680A4300
:102B90005A647B68DB6E002B08D07B681B68596C1D
:102BA0007B68DA6E7B681B680A435A647B681B6823
:102BB0006A4A934200F093807B681B681846FFF7CF
:102BC00025FE78617B681B681846FFF746FE386172
:102BD0007B69002B61D13B69002B5ED17B681B7F39
:102BE0009A037B681B6860498B4202D17B68DB6B70
:102BF00002E07B68DB6B5B0013433B627B681B6816
:102C0000DB6823F4804323F003037A681268396A8F
:102C10000B43D3607B68DB68002B07D07B681A68A6
:102C20007B68DB6819461046FFF784FB7B6893F8E6
:102C30005430012B1ED17B685B6B002B7B681B68BB
:102C40001A694A4B13407A68926D11047A68D26D02
:102C500011437A68126E11437A68526E11437A6892
:102C6000926E92080A431A437B681B6842F0010285
:102C70001A6107E07B681B681A697B681B6822F091
:102C800001021A617B681B681B6923F070417B6835
:102C90001A6D7B681B680A431A617B681B69012BEC
:102CA0000CD17B681B681B6B23F00F017B689B6A50
:102CB0005A1E7B681B680A431A6307E07B681B681F
:102CC0001A6B7B681B6822F00F021A637B689B6F8C
:102CD00023F0030343F001027B689A6792E07B686C
:102CE00093F85430012B11D17B689A6D7B68DB6DB2
:102CF0001A437B681B6E1A437B689B6E1343FA6909
:102D00001343FB61FB6943F00103FB617B681B68B4
:102D10001A69174B13407A681268F9690B431361FB
:102D20007B6818687B689B6C1A460021FFF725FBBF
:102D30007B6818687B68DB6C1A466FF0FB01FFF755
:102D40001CFB7B681B69002B14D17B681B689A6A8B
:102D50007B681B6862F00F029A6224E00010024652
:102D600013C0F0FF0D80DEFF008002421EF800FC61
:102D700002FCFFF77B681B69B3F5001F13D17B686A
:102D80001B689B6A7B689B6A013B9B0003F01C03EA
:102D90006FF00F0202FA03F17B68D3F888207B689A
:102DA0001B680A439A627B681B68DA68184B1340F9
:102DB0003A6A9A420BD17B680022DA677B689B6F84
:102DC00023F0030343F001027B689A671AE07B68F3
:102DD0009B6F23F0120343F010027B689A677B68B5
:102DE000DB6F43F001027B68DA67012387F8273045
:102DF00008E07B689B6F43F010027B689A670123B1
:102E000087F8273097F8273018462837BD4680BD09
:102E1000F3FF3F8380B584B000AF78607B68002B00
:102E200001D10123A8E17B689B6F43F002027B681C
:102E30009A670321786801F077FC0346FB73FB7BFC
:102E4000002B0AD1786801F09BFD0346FB73FB7BE6
:102E5000002B02D17B6801229A677B681B687B4A42
:102E6000934200F0FF807B681B685B687A68126899
:102E700023F47F7323F0030353607B681B6840F2E5
:102E8000FF321A607B681B689A687B681B6822F0B7
:102E900080529A607B681B689A687B681B6842F066
:102EA00000529A607B681B68D9687B681A68684B17
:102EB0000B40D3607B681B6819697B681A68654B97
:102EC0000B4013617B681B685A697B681B6802F0C2
:102ED00040425A617B681B689A697B681B6802F0F4
:102EE00078429A617B681B68D3F8A8207B681B68CE
:102EF00002F07E42C3F8A8207B681B68D3F8AC20A0
:102F00007B681B6802F07E42C3F8AC207B681B68BC
:102F1000D3F8B0207B681B6802F07E42C3F8B02073
:102F20007B681B68D3F8B4207B681B6802F07E4284
:102F3000C3F8B4207B681B68D3F8B8207B681B6893
:102F400002F07E42C3F8B8207B681B68D3F8BC202F
:102F50007B681B6802F07E42C3F8BC207B681B685C
:102F6000196B7B681A683C4B0B4013637B681B68CA
:102F7000596B7B681A68394B0B4053637B681B683D
:102F8000996B7B681A68354B0B4093637B681B68B1
:102F9000DB6B7A68126823F4FB6323F00703D363C7
:102FA0007B681B681B6E7B681B6800221A667B6847
:102FB0001B685B6E7B681B6800225A667B681B6817
:102FC0009B6E7B681B6800229A667B681B68DB6EC1
:102FD0007B681B680022DA667B681B68196F7B6858
:102FE0001A681F4B0B4013677B681B68D3F8A0203F
:102FF0007B681B6802F07F42C3F8A0207B681B68D7
:10300000D3F8A4207B681B6802F07F42C3F8A42099
:103010007B681B68D3F8C0307A6812681B0D1B05EB
:10302000C2F8C0307B681B68DB697A6812681B0DC8
:103030001B05D3617B681B68D3F8C4207B681B68C1
:1030400022F04072C3F8C42048E000BF00100246DE
:10305000108020801CF800FC300882E0200882E00C
:1030600000C0FF7F7B681B685B687A68126823F486
:10307000677323F0030353607B681B6840F29F3241
:103080001A607B681B68D9687B681A683C4B0B40E8
:10309000D3607B681B6819697B681A68394B0B40E1
:1030A00013617B681B685A697B681B6822F03802D1
:1030B0005A617B681B681A6A7B681B6802F0F02201
:1030C0001A627B681B689B6A7B681B6800229A6295
:1030D0002D4B1B682C4A23F0FE7313607B681B6822
:1030E0002A4A934209D12948FFF742FB0346002BA5
:1030F0000CBF01230023DBB208E02548FFF738FBB3
:103100000346002B0CBF01230023DBB2002B13D09E
:103110007B681B681D4A934201D11B4B00E01D4B8D
:103120001A687B681B6819498B4201D1164B00E075
:10313000184B22F0FE721A607868FCF713FE7B6869
:103140000022DA677B681B68114A934204D17B68CE
:103150000022C3F8882007E07B680022C3F88020A3
:103160007B680022C3F884207B6800229A677B6812
:10317000002283F87420FB7B18461037BD4680BDC3
:1031800000801E83E2FDFFDF0883024200800242CE
:10319000001002460813024680B5A2B000AFF860E6
:1031A000B9607A60FB681B681846FFF72FFB03467F
:1031B000002B40F0E980FB6893F87430012B01D1BB
:1031C0000223E6E0FB68012283F87420F86801F02E
:1031D00067FB034687F8873097F88730002B40F06D
:1031E000CE80FB689B6F23F4706323F0010343F4EC
:1031F0008072FB689A67FB681B68684A934210D02C
:10320000FB689B6F03F48053002B06D0FB68DB6FD9
:1032100023F00602FB68DA6706E0FB680022DA6743
:1032200002E0FB680022DA67FB681B6F5C4A1A66E3
:10323000FB681B6F5B4A5A66FB681B6F5A4A9A66AB
:10324000FB681B681C221A60FB68002283F874204C
:10325000FB681B685A68FB681B6842F010025A60E2
:10326000FB681B684D4A934207D1FB681B68DA680C
:10327000FB681B6842F00102DA60FB681B6F1B6D84
:1032800003F08003002B4FD0FB681B6F5B6F002B9C
:1032900046D0FB681B6F5B6F1B68002B40D0FB6840
:1032A0001B6F5B6F1A6807F114031146184603F091
:1032B00041FA0346002B01D001236AE0FB6A022B8E
:1032C00004D17B689B00C7F880300AE0FB6A012BC1
:1032D00004D17B685B00C7F8803002E07B68C7F8E8
:1032E0008030FB681B6F5B6F1B68D7F880209A608B
:1032F000FB681B6803F14002FB681B6F5B6F1B6878
:10330000DA60FB681B6F5B6F1B68BA681A61FB6849
:103310001B6F184603F07AF9034687F8873028E0D8
:10332000012387F8873024E0FB681B6F9B69022B21
:1033300004D17B689B00C7F880300CE0FB681B6FF2
:103340009B69012B04D17B685B00C7F8803002E0E9
:103350007B68C7F88030FB68186FFB681B684033D8
:103360001946BA68D7F8803002F0EEFB034687F8BA
:103370008730FB681B681846FFF720FA07E0FB68F8
:10338000002283F8742002E0022387F8873097F840
:10339000873018468837BD4680BD00BF0010024602
:1033A0003F4A0108174B0108334B010880B584B030
:1033B00000AF78607B6893F87430012B01D1022351
:1033C00066E07B68012283F874200321786801F0AD
:1033D000ABF90346FB73FB7B002B54D17B681B6866
:1033E0002D4A934207D17B681B68DA687B681B68AB
:1033F00022F00102DA607B681B6F93F85430DBB275
:10340000022B0FD17B681B6F184602F0FDFB0346B1
:10341000FB73FB7B002B05D07B689B6F43F0400266
:103420007B689A677B681B685A687B681B6822F018
:1034300010025A60FB7B002B05D1786801F0A0FADE
:103440000346FB7302E0786801F09AFAFB7B002BDD
:1034500019D17B681B68104A93420AD07B689B6F26
:1034600023F4885323F0010343F001027B689A6739
:1034700009E07B689B6F23F4807323F0010343F022
:1034800001027B689A677B68002283F87420FB7BCB
:1034900018461037BD4680BD0010024680B588B082
:1034A00000AF78600023FB617B681B681B68BB6111
:1034B0007B681B685B687B61BB6903F00203002BC0
:1034C00017D07B6903F00203002B12D07B689B6F3F
:1034D00003F01003002B05D17B689B6F43F400625F
:1034E0007B689A67786801F0F1FC7B681B680222B0
:1034F0001A60BB6903F00403002B04D07B6903F05E
:103500000403002B0BD1BB6903F00803002B00F070
:10351000A4807B6903F00803002B00F09E807B6889
:103520009B6F03F01003002B05D17B689B6F43F466
:1035300000727B689A677B681B683D4A934247D05C
:103540007B681B681846FEF737FF0346002B7DD0CB
:103550007B681B68DB683B613B6903F40053002B0D
:1035600074D17B681B681B6803F00803082B6DD1BE
:103570007B681B681846FFF749F90346002B1AD1F0
:103580007B681B685A687B681B6822F00C025A60D3
:103590007B689B6F23F480727B689A677B689B6F64
:1035A00003F48053002B51D17B689B6F43F00102E1
:1035B0007B689A674AE07B689B6F43F010027B68E8
:1035C0009A677B68DB6F43F001027B68DA673DE056
:1035D0007B681B681846FEF7EFFE0346002B35D0CC
:1035E0007B6893F82430002B30D17B681B681B6804
:1035F00003F00803082B29D17B681B681846FFF7E6
:1036000005F90346002B15D17B681B685A687B6857
:103610001B6822F00C025A607B689B6F23F4807356
:1036200023F0010343F001027B689A670EE000BFBC
:10363000001002467B689B6F43F020027B689A670C
:103640007B68DB6F43F001027B68DA677868EDF72F
:10365000CFFD7B681B680C221A607B681B686D4A73
:1036600093426FD0BB6903F02003002B04D07B6929
:1036700003F02003002B09D1BB6903F04003002BAA
:1036800060D07B6903F04003002B5BD07B689B6FAD
:1036900003F01003002B05D17B689B6F43F40052AD
:1036A0007B689A677B681B681846FEF752FFF860D4
:1036B0007B681B681846FEF77FFEB8607B681B6856
:1036C000DB683B61FB68002B35D03B6903F000737E
:1036D000002B07D0BB68002B2DD03B6903F40053AF
:1036E000002B28D17B681B681B6803F04003402B2C
:1036F00021D17B681B681846FFF7AFF80346002B03
:1037000019D17B681B685A687B681B6822F06002CD
:103710005A607B689B6F23F480527B689A677B6852
:103720009B6F03F48073002B05D17B689B6F43F084
:1037300001027B689A67786801F0AAFB7B681B68C6
:1037400060221A60BB6903F08003002B11D07B69F3
:1037500003F08003002B0CD07B689B6F43F4803216
:103760007B689A67786800F0D5F87B681B688022D0
:103770001A60BB6903F48073002B12D07B6903F4D9
:103780008073002B0DD07B689B6F43F400327B6805
:103790009A67786801F086FB7B681B684FF480723B
:1037A0001A60BB6903F40073002B12D07B6903F429
:1037B0000073002B0DD07B689B6F43F480227B68E5
:1037C0009A67786801F078FB7B681B684FF4007299
:1037D0001A60BB6903F01003002B3DD07B6903F036
:1037E0001003002B38D07B685B6C002B02D10123C7
:1037F000FB611BE07B681B68064A93420CD07B6828
:103800001B68DB6803F00303002B0FD00123FB616F
:103810000CE000BF001002467B681B681846FEF7EC
:103820008AFE0346002B01D00123FB61FB69012BBB
:103830000ED17B689B6F43F480627B689A677B68DC
:10384000DB6F43F002027B68DA67786800F06CF89F
:103850007B681B6810221A60BB6903F00103002B10
:103860001BD07B6903F00103002B16D07B689B6F94
:1038700003F01003002B05D17B689B6F43F001021E
:103880007B689A67786800F06DF87B681B685A68F7
:103890007B681B6822F001025A607B681B68174A2C
:1038A000934226D1BB6903F40063002B0CD07B69E3
:1038B00003F40063002B07D0786800F03FF87B68C2
:1038C0001B684FF400621A60BB6903F48053002B3D
:1038D0000FD07B6903F48053002B0AD0786800F086
:1038E00037F87B681B685A687B681B6822F4805233
:1038F0005A6000BF2037BD4680BD00BF00100246A1
:1039000080B483B000AF786000BF0C37BD465DF86F
:10391000047B704780B483B000AF786000BF0C3781
:10392000BD465DF8047B704780B483B000AF78601B
:1039300000BF0C37BD465DF8047B704780B483B090
:1039400000AF786000BF0C37BD465DF8047B704760
:1039500080B483B000AF786000BF0C37BD465DF81F
:10396000047B704780B483B000AF786000BF0C3731
:10397000BD465DF8047B704780B5BCB000AF786091
:103980003960002387F8EF300023BB607B681B6839
:10399000A84A934203D17B681B69B3F1004F7B684F
:1039A00093F87430012B02D1022300F0B5BE7B687E
:1039B000012283F874207B681B681846FEF726FFF7
:1039C0000346002B40F095867B681B68994A93421A
:1039D00000F0EA833B681B6823F07F43002B08D18B
:1039E0003B681B689B0E03F01F03012202FA03F3DE
:1039F0001DE03B681B68C7F8D030D7F8D03093FA89
:103A0000A3F3C7F8CC30D7F8CC30C7F8D430D7F808
:103A1000D430002B01D1202304E0D7F8D430B3FAFE
:103A200083F3DBB203F01F03012202FA03F37A6887
:103A30001268D1697A6812680B43D3617B68186891
:103A40003B6859683B681B681A46FEF7C9FC7B68EF
:103A50001B681846FEF7DAFEC7F8E0007B681B68B3
:103A60001846FEF7FAFEC7F8DC00D7F8E030002B66
:103A700040F0ED81D7F8DC30002B40F0E8817B6826
:103A800018683B6819683B689B681A46FEF774FD26
:103A90003B685A697B681B68DB689B0803F003037B
:103AA0005B0002FA03F3C7F8D8303B681B69042BAC
:103AB00046D07B6818683B6819693B681A68D7F874
:103AC000D830FEF799FB7B6818683B6819693B683A
:103AD000DB691A46FEF7DDFB3B689B7E012B1ED19E
:103AE0007B6818683B6819693B685B7E002B02D1D4
:103AF0004FF0007300E000231A46FEF700FC7B68DD
:103B000018683B6819693B685B7E012B02D14FF056
:103B1000806300E000231A46FEF7D6FB97E17B683E
:103B200018683B681B6900221946FEF7E8FB7B68B2
:103B300018683B681B6900221946FEF7C5FB86E141
:103B40007B681B6800211846FEF777FB034623F0CD
:103B50007F43002B0AD17B681B6800211846FEF7C3
:103B60006CFB03469B0E03F01F021EE07B681B6884
:103B700000211846FEF761FB0346C7F8C430D7F8AA
:103B8000C43093FAA3F3C7F8C030D7F8C030C7F8F1
:103B9000C830D7F8C830002B01D1202304E0D7F873
:103BA000C830B3FA83F3DBB21A463B681B6823F0D4
:103BB0007F43002B05D13B681B689B0E03F01F035E
:103BC00018E03B681B68C7F8B830D7F8B83093FAEC
:103BD000A3F3C7F8B430D7F8B430C7F8BC30D7F87F
:103BE000BC30002B01D1202304E0D7F8BC30B3FA5D
:103BF00083F3DBB29A4207D17B6818683B681A6886
:103C000000230021FEF7F8FA7B681B6801211846A3
:103C1000FEF713FB034623F07F43002B0CD17B6898
:103C20001B6801211846FEF708FB03469B0E03F0B4
:103C30001F0220E0001002467B681B680121184625
:103C4000FEF7FBFA0346C7F8AC30D7F8AC3093FA6E
:103C5000A3F3C7F8A830D7F8A830C7F8B030D7F822
:103C6000B030002B01D1202304E0D7F8B030B3FAF4
:103C700083F3DBB21A463B681B6823F07F43002BBB
:103C800005D13B681B689B0E03F01F0318E03B68DF
:103C90001B68C7F8A030D7F8A03093FAA3F3C7F891
:103CA0009C30D7F89C30C7F8A430D7F8A430002B4C
:103CB00001D1202304E0D7F8A430B3FA83F3DBB2B8
:103CC0009A4207D17B6818683B681A680023012173
:103CD000FEF792FA7B681B6802211846FEF7ADFAE0
:103CE000034623F07F43002B0AD17B681B68022127
:103CF0001846FEF7A2FA03469B0E03F01F021EE0D1
:103D00007B681B6802211846FEF797FA0346C7F83E
:103D10009430D7F8943093FAA3F3C7F89030D7F8DB
:103D20009030C7F89830D7F89830002B01D1202375
:103D300004E0D7F89830B3FA83F3DBB21A463B6855
:103D40001B6823F07F43002B05D13B681B689B0E4B
:103D500003F01F0318E03B681B68C7F88830D7F8EA
:103D6000883093FAA3F3C7F88430D7F88430C7F8C3
:103D70008C30D7F88C30002B01D1202304E0D7F809
:103D80008C30B3FA83F3DBB29A4207D17B681868B0
:103D90003B681A6800230221FEF72EFA7B681B6835
:103DA00003211846FEF749FA034623F07F43002B10
:103DB0000AD17B681B6803211846FEF73EFA0346CA
:103DC0009B0E03F01F021AE07B681B680321184654
:103DD000FEF733FA0346FB67FB6F93FAA3F3BB6767
:103DE000BB6FC7F88030D7F88030002B01D120237B
:103DF00004E0D7F88030B3FA83F3DBB21A463B68AD
:103E00001B6823F07F43002B05D13B681B689B0E8A
:103E100003F01F0311E03B681B683B673B6F93FA9D
:103E2000A3F3FB66FB6E7B677B6F002B01D1202326
:103E300003E07B6FB3FA83F3DBB29A4207D17B686E
:103E400018683B681A6800230321FEF7D5F97B68E0
:103E50001B681846FEF78CFC0346002B40F0568486
:103E60007B6818683B6819683B68DB681A46FEF790
:103E7000E5FB3B68DB6813F5803F40F0D6803B688C
:103E80001B6823F07F43002B0BD13B681B689B0E04
:103E9000013303F01F03092B94BF01230023DBB27E
:103EA00019E03B681B687B667B6E93FAA3F33B6665
:103EB0003B6EBB66BB6E002B01D1202303E0BB6EC3
:103EC000B3FA83F3DBB2013303F01F03092B94BF72
:103ED00001230023DBB2002B4DD03B681B6823F08D
:103EE0007F43002B07D13B681B689B0E01339B0669
:103EF00003F0F84215E03B681B68BB65BB6D93FAA5
:103F0000A3F37B657B6DFB65FB6D002B01D120234B
:103F100003E0FB6DB3FA83F3DBB201339B0603F0DE
:103F2000F8423B681B6823F07F43002B09D13B68B4
:103F30001B689B0E013303F01F03012101FA03F3F9
:103F400017E03B681B68FB64FB6C93FAA3F3BB644C
:103F5000BB6C3B653B6D002B01D1202303E03B6D27
:103F6000B3FA83F3DBB2013303F01F03012101FA3B
:103F700003F313434EE03B681B6823F07F43002BA1
:103F800007D13B681B689B0E01339B0603F0F84288
:103F900015E03B681B683B643B6C93FAA3F3FB633F
:103FA000FB6B7B647B6C002B01D1202303E07B6CDB
:103FB000B3FA83F3DBB201339B0603F0F8423B68AC
:103FC0001B6823F07F43002B09D13B681B689B0EC5
:103FD000013303F01F03012101FA03F317E03B68EB
:103FE0001B687B637B6B93FAA3F33B633B6BBB6305
:103FF000BB6B002B01D1202303E0BB6BB3FA83F32F
:10400000DBB2013303F01F03012101FA03F3134371
:1040100043F00073C7F8E8307B6818683B689B681A
:104020001A46D7F8E810FEF7A7FA3B681B68002B82
:1040300080F26C837B681B68974A934201D1974B4F
:1040400000E0974B1846FEF7A9F8C7F8E4007B6834
:104050001B68914A934209D18F48FEF789FB0346BA
:10406000002B0CBF01230023DBB208E08D48FEF7D4
:104070007FFB0346002B0CBF01230023DBB2002B88
:1040800000F088803B681B68874A934232D1D7F89A
:10409000E43003F40003002B2CD17B681B687E4ABC
:1040A000934205D07B681B687E4A934240F02B8385
:1040B0007B681B68784A934201D1784A00E0784ACD
:1040C000D7F8E43043F4000319461046FEF753F8DE
:1040D000764B1B689B09764AA2FB03239B0901339D
:1040E0005B00BB6002E0BB68013BBB60BB68002BB0
:1040F000F9D108E33B681B686E4A934221D1D7F897
:10410000E43003F08073002B1BD17B681B68624A8C
:10411000934205D07B681B68624A934240F0F58267
:104120007B681B685C4A934201D15C4A00E05C4AB0
:10413000D7F8E43043F0807319461046FEF71BF8B9
:10414000E3E23B681B685C4A934240F0DF82D7F8A9
:10415000E43003F48003002B40F0D8827B681B68B6
:104160004D4A934205D07B681B684E4A934240F00B
:10417000CD827B681B68484A934201D1474A00E0E0
:10418000474AD7F8E43043F4800319461046FDF758
:10419000F2FFBBE27B689B6F43F020027B689A676B
:1041A000012387F8EF30B1E23B681B68C7F8E830BD
:1041B000FDF774FF0346B3F5805F30D13B681B68A1
:1041C0003E4A934203D13E4BC7F8E83027E03B68B4
:1041D0001B683C4A934203D13B4BC7F8E8301EE0D2
:1041E0003B681B68394A934203D1394BC7F8E83022
:1041F00015E03B681B68374A934203D1364BC7F83A
:10420000E8300CE03B681B68344A934203D1314BE1
:10421000C7F8E83003E03B681B68C7F8E8303B6844
:104220005B68022B00F0A2817B681B69B3F1004F31
:1042300004D07B681B692A4A934207D17B681B68BC
:10424000D7F8E8101846FEF72BF9C1E07B68D3F8E1
:1042500088203B685B6803F01F030F2101FA03F31A
:10426000DB431A40D7F8E83023F07F43002B05D119
:10427000D7F8E8309B0E03F01F0337E0D7F8E8309B
:10428000BB62BB6A93FAA3F37B627B6AFB62FB6A45
:10429000002B27D1202329E000800242088302421C
:1042A0000813024600100246000008CE501A0020F3
:1042B000632D3E05000004CA01000080002000B606
:1042C000000040DA004000BA000080DE001000B2BA
:1042D00001000081000020D6000010D2000020D78D
:1042E00010000080FB6AB3FA83F3DBB239684968D7
:1042F00001F01F018B401A437B68C3F888203B689C
:104300005B689B085A1C7B689B6A9A4260D8FDF7E1
:10431000C5FE0346B3F5805F51D8D7F8E83023F0E7
:104320007F43002B0AD1D7F8E8309B0E03F01F0320
:10433000132B8CBF01230023DBB216E0D7F8E83043
:10434000FB61FB6993FAA3F3BB61BB693B623B6A08
:10435000002B01D1202303E03B6AB3FA83F3DBB2E5
:10436000132B8CBF01230023DBB2002B27D0D7F8FF
:10437000E83023F07F43002B09D1D7F8E8309B0EBB
:1043800003F01F03093B012202FA03F315E0D7F8FB
:10439000E8303B613B6993FAA3F3FB60FB687B6108
:1043A0007B69002B01D1202303E07B69B3FA83F3FF
:1043B000DBB2093B012202FA03F3C7F8E8307B685D
:1043C00018683B685B68D7F8E8201946FEF708F8DC
:1043D0007B6818683B689B681A46D7F8E810FEF7B8
:1043E000CBF83B681B68002B80F290817B681B68D0
:1043F000974A934201D1974B00E0974B1846FDF73F
:10440000CDFEC7F8E4003B681B68944A934226D16E
:10441000D7F8E43003F40003002B20D17B681B683D
:104420008B4A934201D18B4A00E08B4AD7F8E430A3
:1044300043F4000319461046FDF79DFE884B1B68A8
:104440009B09884AA2FB03239B095B00BB6002E037
:10445000BB68013BBB60BB68002BF9D167E03B68E0
:104460001B68814A934216D1D7F8E43003F0807379
:10447000002B10D17B681B68754A934201D1754AA5
:1044800000E0754AD7F8E43043F0807319461046CF
:10449000FDF771FE4BE03B681B68744A934216D1EE
:1044A000D7F8E43003F48003002B10D17B681B683D
:1044B000674A934201D1674A00E0674AD7F8E4307F
:1044C00043F4800319461046FDF755FE2FE03B6884
:1044D0001B68674A93422AD1D7F8E43003F480037B
:1044E000002B24D17B681B68624A93421FD17B68F2
:1044F0001B68574A934201D1564A00E0564AD7F802
:10450000E43043F4800319461046FDF734FEFDF70E
:10451000C5FD0346B3F5805F09D87B681B68D3F8F7
:10452000D0207B681B6842F00102C3F8D020FDF761
:10453000B5FD0346B3F5005F40F0E8803B681B68BB
:104540004D4A934240F0E280D7F8E43003F4800310
:10455000002B40F0DB807B681B68D3F8D0207B68A1
:104560001B6842F00102C3F8D020CFE07B681B69D2
:10457000B3F1004F04D07B681B69404A934206D1D7
:104580007B681B68D7F8E8101846FDF7BCFF3B684E
:104590001B68002B80F2BA807B681B682C4A934210
:1045A00001D12C4B00E02C4B1846FDF7F7FDC7F866
:1045B000E4003B681B68324A934210D17B681B6859
:1045C000234A934201D1234A00E0234AD7F8E4303A
:1045D00023F4000319461046FDF7CDFD6DE03B685E
:1045E0001B68284A934210D17B681B68184A934283
:1045F00001D1184A00E0184AD7F8E43023F080735C
:1046000019461046FDF7B7FD57E03B681B68174A8F
:10461000934210D17B681B680D4A934201D10D4A29
:1046200000E00D4AD7F8E43023F480031946104621
:10463000FDF7A1FD41E03B681B680D4A93423CD168
:104640007B681B68024A93421ED1024A1DE000BFEC
:10465000008002420883024208130246002000B68E
:10466000501A0020632D3E05004000BA0100008072
:10467000001000B200100246000020D71000008099
:10468000000008CE000004CA254AD7F8E43023F41D
:10469000800319461046FDF76EFDFDF7FFFC03464B
:1046A000B3F5805F09D87B681B68D3F8D0207B689E
:1046B0001B6842F00102C3F8D020FDF7EFFC03466F
:1046C000B3F5005F22D13B681B68164A93421DD1A7
:1046D000D7F8E43003F48003002B17D17B681B6804
:1046E000D3F8D0207B681B6842F00102C3F8D020C9
:1046F0000CE07B689B6F43F020027B689A67012384
:1047000087F8EF3002E000BF00E000BF7B680022C6
:1047100083F8742097F8EF301846F037BD4680BD17
:1047200008130246000020D780B588B000AF78603B
:1047300039600023FB613B68BB617B681B681846DE
:10474000FEF764F838617B681B681846FEF785F849
:10475000F8603B69002B03D1FB68002B00F09980C7
:104760007B681B68DB6803F00073002B2BD07B6831
:1047700093F82430012B26D17B681B7F012B22D19B
:104780000123BB6114E0FB69444A93420DD97B6865
:104790009B6F43F010027B689A677B68DB6F43F086
:1047A00001027B68DA67012374E0FB690133FB6176
:1047B0007B681B681B6803F04003402BE3D17B68D8
:1047C0001B6840221A60BB69022B14D07B681B68EF
:1047D0001846FEF71BF80346002B0CD07B681B68BD
:1047E0001846FDF7D8FF0346002B04D17B681B68F1
:1047F0001846FDF7F7FFBB69012B14D07B681B68D7
:104800001846FEF72AF80346002B0CD07B681B687D
:104810001846FDF7C0FF0346002B04D17B681B68D8
:104820001846FEF706F8BB69022B05D0BB69032BBF
:1048300005D10C237B6105E008237B6102E00423A2
:104840007B6100BFFDF7DAFBB8601BE0FDF7D6FB2C
:104850000246BB68D31A052B14D97B681B689A687B
:104860007B691340002B0DD07B689B6F43F01002D7
:104870007B689A677B68DB6F43F001027B68DA67CD
:10488000012307E07B681B689A687B691340002B53
:10489000DCD1002318462037BD4680BDFFDB0C006D
:1048A00080B584B000AF78607B681B681846FDF760
:1048B0005FFF0346002B5AD17B681B689A682E4B1A
:1048C0001340002B0DD07B689B6F43F010027B6878
:1048D0009A677B68DB6F43F001027B68DA6701232C
:1048E00046E07B681B6801221A607B681B681846DB
:1048F000FDF716FF7B681B6A002B04D07B681B68E2
:104900001E4A934233D0FDF779FBF86028E07B68BC
:104910001B681846FDF72CFF0346002B04D17B686B
:104920001B681846FDF7FCFEFDF768FB0246FB68B6
:10493000D31A022B14D97B681B681B6803F0010390
:10494000012B0DD07B689B6F43F010027B689A6748
:104950007B68DB6F43F001027B68DA67012307E0C5
:104960007B681B681B6803F00103012BCFD1002378
:1049700018461037BD4680BD3F000080001002463B
:1049800080B584B000AF78607B681B681846FDF77F
:1049900002FFF8607B681B681846FDF7E9FE0346D6
:1049A000002B47D0FB68002B44D17B681B689B68B9
:1049B00003F00D03012B0CD17B681B681846FDF733
:1049C000C3FE7B681B6803221A60FDF717FBB86003
:1049D00029E07B689B6F43F010027B689A677B68D5
:1049E000DB6F43F001027B68DA67012323E0FDF708
:1049F00005FB0246BB68D31A022B14D97B681B68DF
:104A00009B6803F00103002B0DD07B689B6F43F084
:104A100010027B689A677B68DB6F43F001027B685A
:104A2000DA67012307E07B681B689B6803F00103DA
:104A3000002BDCD1002318461037BD4680BD80B561
:104A400084B000AF78607B68DB6DFB60FB689B6FB8
:104A500003F05003002B4BD1FB689B6F43F40072B3
:104A6000FB689A67FB681B681B6803F00803002B50
:104A700021D0FB681B681846FDF79EFC0346002BFF
:104A800032D0FB681B68DB6803F40053002B2BD18A
:104A9000FB689B6F23F48072FB689A67FB689B6FCF
:104AA00003F48053002B1FD1FB689B6F43F001027E
:104AB000FB689A6718E0FB681B68DB6803F0030378
:104AC000002B11D1FB689B6F23F48072FB689A67FF
:104AD000FB689B6F03F48053002B05D1FB689B6F31
:104AE00043F00102FB689A67F868ECF781FB0EE07F
:104AF000FB689B6F03F01003002B03D0F868FEF7F0
:104B000013FF04E0FB681B6F9B6E7868984700BF3B
:104B10001037BD4680BD80B584B000AF78607B683B
:104B2000DB6DFB60F868FEF7EBFE00BF1037BD469B
:104B300080BD80B584B000AF78607B68DB6DFB60C2
:104B4000FB689B6F43F04002FB689A67FB68DB6F72
:104B500043F00402FB68DA67F868FEF7E5FE00BF81
:104B60001037BD4680BD000080B483B000AF7860D0
:104B700039607B680F4A93420CD07B689A680E4B71
:104B800013403A6802F48032134343F000427B68DA
:104B90009A6009E07B689B6823F0004323F03F03A1
:104BA00043F000427B689A6000BF0C37BD465DF859
:104BB000047B704700100246C0FFFE7F80B483B0C4
:104BC00000AF78607B689B6803F00043B3F1004F4F
:104BD00001D1012300E0002318460C37BD465DF8E3
:104BE000047B704780B58AB000AFF860B9607A6026
:104BF00000233B61FB6893F87430012B01D1022341
:104C000038E1FB68012283F87420F868FFF7B8FEEA
:104C1000034687F8273097F82730002B40F01E8195
:104C2000FB689B6F23F4885323F0020343F00202D6
:104C3000FB689A67FB681B68904A934250D1FB68F7
:104C40001B685B6C03F00103BB61FB681B68DB68DE
:104C500003F003037B61FB681B68DA68FB681B6871
:104C600022F00302DA60FB681B685A6CFB681B6861
:104C700022F001025A64FB681B6800211846FFF706
:104C800073FF14E03B6901333B613B697C4A93420B
:104C90000DD9FB689B6F23F0120343F01002FB68F1
:104CA0009A67FB68002283F874200123E2E0FB6826
:104CB0001B681846FFF782FF0346002BE2D1FB6812
:104CC0001B68D968FB681B687A690A43DA60FB686D
:104CD0001B68596CFB681B68BA690A435A64B4E0E4
:104CE000684B1B68C3F30B033B62664B1B681B0CD2
:104CF0009BB2FB613B6A40F25542934212D03B6A41
:104D000040F2764293420DD03B6A40F28142934298
:104D100004D03B6A40F28242934272D1FB69B3F500
:104D2000405F6ED3F868FFF7BBFD034687F8273076
:104D300097F82730002B40F08880FB681B689B6841
:104D400023F07062FB681B6842F010629A60BFF348
:104D50005F8F00BFFB681B68D3F8C830D9B2FB680F
:104D60001A68494B0B43C2F8C830BFF35F8F00BFCE
:104D7000FB681B68D3F8C420FB681B6842F0807294
:104D8000C3F8C420F868FFF7FBFD034687F8273017
:104D9000BB68B3F1011F09D1FB681B689A683B4BE4
:104DA0001340FA68126843F480339360FB681B6811
:104DB0009B6823F0004323F03F03FA68126843F036
:104DC0000043936014E03B6901333B613B692C4A2B
:104DD00093420DD9FB689B6F23F0120343F010023E
:104DE000FB689A67FB68002283F87420012341E086
:104DF000FB681B681846FFF7E1FE0346002BE2D173
:104E000023E0FB681B68B9681846FFF7ADFE14E0A5
:104E10003B6901333B613B69194A93420DD9FB68F9
:104E20009B6F23F0120343F01002FB689A67FB6844
:104E3000002283F8742001231CE0FB681B681846DD
:104E4000FFF7BCFE0346002BE2D1FB689B6F23F00B
:104E5000030343F00102FB689A6705E0FB689B6F60
:104E600043F01002FB689A67FB68002283F8742005
:104E700097F8273018462837BD4680BD00100246F7
:104E80007F6B2B02004004E000110203C0FFFE7F95
:104E900080B483B000AF786000BF0C37BD465DF8CA
:104EA000047B704780B483B000AF786000BF0C37DC
:104EB000BD465DF8047B704780B483B000AF786076
:104EC00000BF0C37BD465DF8047B704780B483B0EB
:104ED00000AF786000BF0C37BD465DF8047B7047BB
:104EE00080B485B000AF78607B6803F00703FB6097
:104EF0000C4BDB68BB60BA684FF6FF031340BB6026
:104F0000FB681A02BB68134343F0BF6343F40033EA
:104F1000BB60044ABB68D36000BF1437BD465DF870
:104F2000047B704700ED00E080B400AF044BDB6809
:104F30001B0A03F007031846BD465DF8047B704763
:104F400000ED00E080B483B000AF0346FB7197F939
:104F50000730002B0BDBFB7903F01F02074997F9A1
:104F600007305B09012000FA02F241F8232000BF5C
:104F70000C37BD465DF8047B704700BF00E100E0E0
:104F800080B483B000AF0346FB7197F90730002B64
:104F900012DBFB7903F01F020A4997F907305B091E
:104FA000012000FA02F2203341F82320BFF34F8F93
:104FB00000BFBFF36F8F00BF00BF0C37BD465DF869
:104FC000047B704700E100E080B483B000AF03468B
:104FD0003960FB7197F90730002B0ADB3B68DAB2C6
:104FE0000C4997F907301201D2B20B4483F8002321
:104FF0000AE03B68DAB20849FB7903F00F03043B8F
:105000001201D2B20B441A7600BF0C37BD465DF8D0
:10501000047B704700E100E000ED00E080B489B05F
:1050200000AFF860B9607A60FB6803F00703FB61CA
:10503000FB69C3F10703042B28BF0423BB61FB6991
:105040000433062B02D9FB69033B00E000237B619C
:105050004FF0FF32BB6902FA03F3DA43BB681A4030
:105060007B699A404FF0FF317B6901FA03F3D94322
:105070007B680B40134318462437BD465DF8047B1C
:105080007047000080B400AFBFF34F8F00BF064BE6
:10509000DB6803F4E0620449044B1343CB60BFF3C5
:1050A0004F8F00BF00BFFDE700ED00E00400FA05F0
:1050B00080B582B000AF78607868FFF711FF00BF5D
:1050C0000837BD4680BD80B586B000AF0346B960E5
:1050D0007A60FB73FFF728FF78617A68B9687869AE
:1050E000FFF79CFF024697F90F3011461846FFF76D
:1050F0006BFF00BF1837BD4680BD80B582B000AFE2
:105100000346FB7197F907301846FFF71BFF00BFF6
:105110000837BD4680BD80B582B000AF0346FB7145
:1051200097F907301846FFF72BFF00BF0837BD4639
:1051300080BD80B500AFFFF7A5FF000080B483B04D
:1051400000AF78607B68013BB3F1807F01D301231E
:105150000DE00A4A7B68013B5360084B00229A60CD
:10516000064B1B68054A43F00303136000231846EF
:105170000C37BD465DF8047B704700BF10E000E0CF
:1051800080B483B000AF78607B68042B44D801A260
:1051900052F823F0B7510108D5510108F751010821
:1051A00019520108A95101081F4B1B681E4A43F000
:1051B0000403136031E01C4B1B681B4A23F00403FB
:1051C00013601A4BD3F8E030184A23F44003C2F8B6
:1051D000E03022E0144B1B68134A23F004031360F1
:1051E000124BD3F8E03023F44003104A43F4800319
:1051F000C2F8E03011E00C4B1B680B4A23F00403AB
:1052000013600A4BD3F8E03023F44003074A43F419
:105210000003C2F8E03000E000BF00BF0C37BD461D
:105220005DF8047B704700BF10E000E0000C024610
:1052300080B483B000AF194B1B6803F00403002B4C
:1052400002D004237B6021E0154BD3F8E03003F457
:1052500040033B603B68B3F5000F11D03B68B3F5EA
:10526000000F10D83B68002B04D03B68B3F5800FCB
:1052700003D008E000237B6008E001237B6005E0A9
:1052800002237B6002E000237B6000BF7B6818463E
:105290000C37BD465DF8047B704700BF10E000E0AE
:1052A000000C024680B582B000AF78607B68002BAE
:1052B00001D1012354E07B685B7FDBB2002B05D179
:1052C0007B6800221A777868FAF7D2FD7B680222A1
:1052D0005A777B681B79002B0CD17B681B68224AAC
:1052E0005A617B681B689A687B681B6822F0180209
:1052F0009A600CE07B6899687B68DB681A4678687E
:1053000000F08EF90346002B01D0012328E07B68D2
:105310005B79002B05D17B681B684FF0FF321A6167
:1053200004E07B681B687A6812691A617B681B68F5
:105330009B6823F060017B685A697B681B680A439D
:105340009A607B681B689B6823F080017B689A6980
:105350007B681B680A439A607B6801225A770023A6
:1053600018460837BD4680BDB71DC10480B586B05C
:1053700000AFF860B9607A6000233B61FB680222ED
:105380005A77FB681B6A032B06D0032B29D8012B05
:1053900019D0022B1ED024E000237B610AE07B6938
:1053A0009B00BA681A44FB681B6812681A607B6924
:1053B00001337B617A697B689A42F0D3FB681B6892
:1053C0001B683B610EE07A68B968F86800F05EF827
:1053D000386107E07A68B968F86800F0E7F8386182
:1053E00000E000BFFB6801225A773B691846183776
:1053F000BD4680BD80B586B000AFF860B9607A6008
:1054000000233B61FB6802225A77FB681B689A689D
:10541000FB681B6842F001029A60FB681B6A032B61
:1054200006D0032B29D8012B19D0022B1ED024E043
:1054300000237B610AE07B699B00BA681A44FB6821
:105440001B6812681A607B6901337B617A697B682B
:105450009A42F0D3FB681B681B683B610EE07A68D8
:10546000B968F86800F012F8386107E07A68B9683E
:10547000F86800F09BF8386100E000BFFB6801228B
:105480005A773B6918461837BD4680BD80B489B04D
:1054900000AFF860B9607A600023FB6123E0FB692C
:1054A0009B00BA6813441B781A06FB699B00013302
:1054B000B9680B441B781B041A43FB699B00023339
:1054C000B9680B441B781B021A43FB699B0003332A
:1054D000B9680B441B781946FB681B680A431A60BD
:1054E000FB690133FB617B689B08FA699A42D6D35A
:1054F0007B6803F00303002B4FD07B6803F00303AA
:10550000012B07D1FB699B00BA681344FA68126843
:105510001B7813707B6803F00303022B17D1FB6920
:105520009B00BA6813441B781BB21B021AB2FB69BA
:105530009B000133B9680B441B781BB213431BB2A9
:105540007B83FB681B687B617B697A8B1A807B6835
:1055500003F00303032B20D1FB699B00BA681344BB
:105560001B781BB21B021AB2FB699B000133B9689E
:105570000B441B781BB213431BB27B83FB681B6875
:105580007B617B697A8B1A80FB699B000233BA6866
:105590001344FA6812681B781370FB681B681B6859
:1055A00018462437BD465DF8047B704780B487B049
:1055B00000AFF860B9607A6000237B6113E07B691B
:1055C0009B00BA6813441B881A047B699B00023352
:1055D000B9680B441B881946FB681B680A431A60AC
:1055E0007B6901337B617B685B087A699A42E6D309
:1055F0007B6803F00103002B09D0FB681B683B614B
:105600007B699B00BA6813441A883B691A80FB685F
:105610001B681B6818461C37BD465DF8047B704745
:1056200080B487B000AFF860B9607A600023FB7582
:105630001F233B61BB6803F00103002B02D1012350
:10564000FB7563E000BF3B695A1E3A61002B09D02D
:105650003B6903F01F03BA6822FA03F303F0010366
:10566000002BF0D07B68182B46D801A252F823F00B
:10567000FF560108F9560108F9560108F9560108C4
:10568000F9560108F9560108F9560108F9560108BA
:10569000ED560108F9560108F9560108F9560108B6
:1056A000F9560108F9560108F9560108F95601089A
:1056B000E1560108F9560108F9560108F9560108A2
:1056C000F9560108F9560108F9560108F95601087A
:1056D000D55601083B69062B13D90123FB7510E051
:1056E0003B69072B0FD90123FB750CE03B690F2B9E
:1056F0000BD90123FB7508E00123FB7506E000BF11
:1057000004E000BF02E000BF00E000BFFB7D002B13
:105710000DD1FB681B68BA685A61FB681B689B68FF
:1057200023F01801FB681B687A680A439A60FB7DC6
:1057300018461C37BD465DF8047B704780B584B0C1
:1057400000AF7860FCF75AFCF8607B68002B01D151
:105750000123DBE07B681B686E4A934200F09F8068
:105760007B681B686C4A934200F099807B681B68D9
:105770006A4A934200F093807B681B68684A9342B0
:1057800000F08D807B681B68664A934200F087803A
:105790007B681B68644A934200F081807B681B68C9
:1057A000624A93427BD07B681B68614A934276D001
:1057B0007B681B685F4A934271D07B681B685E4AB6
:1057C00093426CD07B681B685C4A934267D07B68CD
:1057D0001B685B4A934262D07B681B68594A9342BC
:1057E0005DD07B681B68584A934258D07B681B6821
:1057F000564A934253D07B681B68554A93424ED019
:105800007B681B68534A934249D07B681B68524AA5
:10581000934244D07B681B68504A93423FD07B68D8
:105820001B684F4A93423AD07B681B684D4A9342AB
:1058300035D07B681B684C4A934230D07B681B682C
:105840004A4A93422BD07B681B68494A934226D030
:105850007B681B68474A934221D07B681B68464A95
:1058600093421CD07B681B68444A934217D07B68E4
:105870001B68434A934212D07B681B68414A93429B
:105880000DD07B681B68404A934208D07B681B6838
:105890003E4A934203D07B681B683D4A93427B6833
:1058A000002283F84C207B68022283F854207B6816
:1058B0001B685A697B681B6842F006025A610FE058
:1058C000FCF79CFB0246FB68D31A052B08D97B68C2
:1058D00010229A657B68032283F85420012315E087
:1058E0007B681B685B6903F00103002BE8D17868D3
:1058F00000F00CFC7B685A6B7B681A657B680022A1
:105900009A657B68012283F85420002318461037DB
:10591000BD4680BD5000024050000250D000024001
:10592000D00002505001024050010250D00102400C
:10593000D00102505002024050020250D0020240F8
:10594000D00202505003024050030250D0030240E4
:10595000D00302505004024050040250D0040240D0
:10596000D00402505005024050050250D0050240BC
:10597000D00502505006024050060250D0060240A8
:10598000D00602505007024050070250D007024094
:10599000D007025080B584B000AF7860FCF72EFBD2
:1059A000F8607B68002B01D10123B9E07B681B689C
:1059B00023F47F6323F00F03BB607B681B685A6985
:1059C0007B681B6842F006025A610FE0FCF716FB89
:1059D0000246FB68D31A052B08D97B6810229A650A
:1059E0007B68032283F85420012399E07B681B68BD
:1059F0005B6903F00103002BE8D17B681B68002280
:105A00001A607B681B6800225A617B681B68002251
:105A10001A647B681B6800225A647B681B6800223A
:105A20009A647B681B680022DA647B681B6800222A
:105A30001A657B681B680022DA677B681B683A4A34
:105A4000934222D07B681B68384A93421DD07B6802
:105A50001B68374A934218D07B681B68354A9342CB
:105A600013D07B681B68344A93420ED07B681B6856
:105A7000324A934209D07B681B68314A934204D072
:105A80007B681B682F4A934201D1012300E0002369
:105A9000002B07D07B681B6800225A657B681B6857
:105AA00000229A65BB685A687B681B68C3F30B03C6
:105AB000503BDB0903F01F03012101FA03F3DB4331
:105AC0001A40BB685A607B681B684FF4FE42DA607C
:105AD0007B6800221A667B6800225A667B68002277
:105AE0009A667B680022DA667B6800221A677B6808
:105AF00000225A677B68DB6D002B02D07B68002296
:105B0000DA657B6800221A657B6800229A657B68EB
:105B1000002283F854207B68002283F84C20002365
:105B200018461037BD4680BD500602405006025050
:105B3000D0060240D00602505007024050070250E3
:105B4000D0070240D007025080B584B000AFF860A3
:105B5000B9607A603B60FB68002B01D101234FE004
:105B6000FB6893F84C30012B01D1022348E0FB681D
:105B7000012283F84C20FB6893F85430DBB2012BF0
:105B800036D1FB68022283F85420FB6800229A6514
:105B90003B687A68B968F86800F092FAFB681B689D
:105BA0005A69FB681B6842F4BA425A61FB685B6E33
:105BB000002B07D0FB681B685A69FB681B6842F41E
:105BC00000725A61FB681B6F002B07D0FB681B68D3
:105BD0005A69FB681B6842F400525A61FB681B68F3
:105BE0005A69FB681B6842F001025A61002307E012
:105BF000FB6840229A65FB68002283F84C20012351
:105C000018461037BD4680BD80B584B000AF7860BF
:105C1000FCF7F4F9F8607B68002B01D101236BE0FD
:105C20007B6893F85430DBB2022B08D07B682022CB
:105C30009A657B68002283F84C2001235CE07B6836
:105C40001B685A697B681B6842F004025A617B68D2
:105C5000052283F8542020E0FCF7D0F90246FB68C7
:105C6000D31A052B19D97B689B6D43F010027B6812
:105C70009A657B68032283F854207B681B6D03F0D0
:105C80008003002B03D07B685B6F01221A737B6853
:105C9000002283F84C2001232EE07B681B681B69DF
:105CA00003F40053002BD7D07B681B685A697B68CC
:105CB0001B6842F002025A617B68042283F8542078
:105CC0007B681B684FF4FE42DA607B68012283F830
:105CD00054207B681B6D03F08003002B07D07B688A
:105CE0005B6F01221A737B681B6800229A647B68D1
:105CF000002283F84C20002318461037BD4680BD93
:105D000080B483B000AF78607B68002B01D10123A1
:105D100019E07B6893F85430DBB2022B04D07B6827
:105D200020229A6501230EE07B68042283F8542028
:105D30007B681B685B697A68126843F4005343F020
:105D400004035361002318460C37BD465DF8047BFD
:105D5000704780B586B000AF78607B681B6823F41D
:105D60007F6323F00F037B617B681B68C3F30B0326
:105D7000503BDB0903F01F03012202FA03F33B61EE
:105D80007B69DB683A691340FB60FB68002B00F01D
:105D90003B817B681B681B6903F48063002B11D077
:105DA0007B681B685B6903F48063002B0AD07B6807
:105DB0001B684FF48062DA607B689B6D43F00102E0
:105DC0007B689A657B681B681B6903F40063002B82
:105DD00011D07B681B685B6903F40063002B0AD059
:105DE0007B681B684FF40062DA607B689B6D43F050
:105DF00002027B689A657B681B681B6903F4805309
:105E0000002B11D07B681B685B6903F48053002B67
:105E10000AD07B681B684FF48052DA607B689B6D08
:105E200043F004027B689A657B681B681B6903F476
:105E30008043002B11D07B681B685B6903F48043AF
:105E4000002B0AD07B681B684FF48042DA607B68C5
:105E50009B6D43F008027B689A657B681B681B6931
:105E600003F40073002B13D07B681B685B6903F499
:105E70000073002B0CD07B681B684FF40072DA6053
:105E80007B685B6E002B03D07B685B6E78689847FD
:105E90007B681B681B6903F40053002B4CD07B68A4
:105EA0001B685B6903F40053002B45D07B681B68BB
:105EB0004FF40052DA607B6893F85430DBB2042B65
:105EC0002ED17B681B685A697B681B6822F40052DC
:105ED0005A617B681B685A697B681B6842F0020242
:105EE0005A617B68012283F854207B681B6D03F0A4
:105EF0008003002B07D07B685B6F01221A737B68DD
:105F00001B6800229A647B68002283F84C207B681F
:105F1000DB6E002B7AD07B68DB6E7868984775E083
:105F20007B68052283F854207B681B6F002B03D00D
:105F30007B681B6F786898477B681B681B6903F454
:105F40008073002B39D07B681B685B6903F4807316
:105F5000002B32D07B681B6D03F08003002B12D026
:105F60007B681B68DB6F002B16D17B681B689B6C02
:105F7000002B11D17B68012283F854207B685B6F72
:105F800001221A7308E07B681B689B6C002B03D10D
:105F90007B68012283F854207B681B684FF44072B1
:105FA000DA607B68002283F84C207B681B6E002B34
:105FB00003D07B681B6E786898477B689B6D002BCD
:105FC00025D07B681B685A697B681B6842F0020217
:105FD0005A617B68012283F854207B681B6D03F0B3
:105FE0008003002B03D07B685B6F01221A737B68F0
:105FF000002283F84C207B689B6E002B07D07B68C7
:106000009B6E7868984702E000BF00E000BF183739
:10601000BD4680BD80B483B000AF78607B6893F8E4
:106020005430DBB218460C37BD465DF8047B704730
:1060300080B483B000AF78607B689B6D18460C37E6
:10604000BD465DF8047B704780B485B000AF7860D2
:1060500039607B68002B01D101232BE07B681B6832
:1060600023F47F6323F00F03FB607B681B68C3F39B
:106070000B03503BDB0903F01F03012202FA03F379
:10608000BB603B6803F01003002B12D03B6803F0A9
:106090001103112B06D1FB685A68BB681A43FB68D1
:1060A0005A6006E0FB685A68BB68DB431A40FB682D
:1060B0005A60002318461437BD465DF8047B7047CC
:1060C00080B485B000AFF860B9607A603B60FB686F
:1060D0001B689B6C1B0C1B043A6891B2FA6812682F
:1060E0000B439364FB681B684FF4FE42DA60FB6865
:1060F0001B68BA68DA64FB681B687A681A6500BFB7
:106100001437BD465DF8047B7047000080B485B04D
:1061100000AF78607B681B6AFB607B681B685B690B
:1061200023F443017B681B68FA680A435A617B6861
:106130005A697B68DB691A437B681B691A437B6871
:106140009B691343FB607B681B68534A934200F0D2
:10615000A0807B681B68514A934200F09A807B685C
:106160001B684F4A934200F094807B681B684D4A3D
:10617000934200F08E807B681B684B4A934200F08C
:1061800088807B681B68494A934200F082807B6864
:106190001B68474A93427CD07B681B68454A934200
:1061A00077D07B681B68444A934272D07B681B6837
:1061B000424A93426DD07B681B68414A934268D043
:1061C0007B681B683F4A934263D07B681B683E4AEA
:1061D00093425ED07B681B683C4A934259D07B68EF
:1061E0001B683B4A934254D07B681B68394A9342F0
:1061F0004FD07B681B68384A93424AD07B681B6843
:10620000364A934245D07B681B68354A934240D05A
:106210007B681B68334A93423BD07B681B68324AD9
:10622000934236D07B681B68304A934231D07B68FA
:106230001B682F4A93422CD07B681B682D4A9342DF
:1062400027D07B681B682C4A934222D07B681B684E
:106250002A4A93421DD07B681B68294A934218D072
:106260007B681B68274A934213D07B681B68264AC9
:1062700093420ED07B681B68244A934209D07B6806
:106280001B68234A934204D07B681B68214A9342CF
:1062900042D1012341E000BF5000024050000250B3
:1062A000D0000240D0000250500102405001025084
:1062B000D0010240D0010250500202405002025070
:1062C000D0020240D002025050030240500302505C
:1062D000D0030240D0030250500402405004025048
:1062E000D0040240D0040250500502405005025034
:1062F000D0050240D0050250500602405006025020
:10630000D0060240D006025050070240500702500B
:10631000D0070240D00702500023002B12D07B6828
:10632000DA6A7B689B6A013B1B0503F07C731A43A6
:106330007B685B6A013B1B0103F47C731343FA68BF
:106340001343FB607B681B681B6C03F080217B6838
:106350001B68FA680A431A647B689A687B685B6802
:1063600003F07F031A437B681B6B1343FB607B685E
:10637000DB68B3F5806F40F0B0807B681B68824AB1
:10638000934200F0A0807B681B68804A934200F033
:106390009A807B681B687E4A934200F094807B68F9
:1063A0001B687C4A934200F08E807B681B687A4AA7
:1063B000934200F088807B681B68784A934200F023
:1063C00082807B681B68764A93427CD07B681B681E
:1063D000744A934277D07B681B68734A934272D0A9
:1063E0007B681B68714A93426DD07B681B68704A5A
:1063F000934268D07B681B686E4A934263D07B6887
:106400001B686D4A93425ED07B681B686B4A93425F
:1064100059D07B681B686A4A934254D07B681B68DA
:10642000684A93424FD07B681B68674A93424AD0C0
:106430007B681B68654A934245D07B681B68644A49
:10644000934240D07B681B68624A93423BD07B6892
:106450001B68614A934236D07B681B685F4A93424F
:1064600031D07B681B685E4A93422CD07B681B68E6
:106470005C4A934227D07B681B685B4A934222D0D8
:106480007B681B68594A93421DD07B681B68584A39
:10649000934218D07B681B68564A934213D07B689E
:1064A0001B68554A93420ED07B681B68534A93423F
:1064B00009D07B681B68524A934204D07B681B68F2
:1064C000504A934201D1012300E00023002B0DD05C
:1064D000FB6843F48063FB6008E07B68DB68B3F52E
:1064E000007F03D1FB6843F40073FB607B681B688B
:1064F0005A6C454B13407A681268F9680B43536431
:106500007B681B6800229A647B681B68364A93424A
:1065100022D07B681B68354A93421DD07B681B687C
:10652000334A934218D07B681B68324A934213D097
:106530007B681B68304A93420ED07B681B682F4AE9
:10654000934209D07B681B682D4A934204D07B6834
:106550001B682C4A934201D1012300E00023002B49
:1065600007D07B681B6800225A657B681B68002285
:106570009A657B681B680022DA6700BF1437BD4646
:106580005DF8047B704700BF50000240500002508D
:10659000D0000240D0000250500102405001025091
:1065A000D0010240D001025050020240500202507D
:1065B000D0020240D0020250500302405003025069
:1065C000D0030240D0030250500402405004025055
:1065D000D0040240D0040250500502405005025041
:1065E000D0050240D005025050060240500602502D
:1065F000D0060240D0060250500702405007025019
:10660000D0070240D00702508031C03C80B586B030
:1066100000AF78607B68002B03D07B685B6F002B3A
:1066200001D1012382E07B6893F85430FB757B68CD
:106630001B685B6903F480333B61FB7D012B05D054
:10664000FB7D022B6AD13B69002B67D07B6893F8F6
:106650005430DBB2012B57D17B6893F84C30012BBF
:1066600001D1022362E07B68012283F84C207B6821
:10667000022283F854207B685B6F02221A737B68C6
:1066800000229A657B685B6F00221A617B681B6839
:106690005A697B681B6842F4BA425A617B685B6E38
:1066A000002B07D07B681B685A697B681B6842F423
:1066B00000725A617B681B6F002B07D07B681B68D8
:1066C0005A697B681B6842F400525A617B685B6FB1
:1066D0001B6807F10C010022184600F05BF97B688B
:1066E0005B6F1B6819467B681A680B0C1B041360F0
:1066F0007B685B6F1B681A464FF6FC731340F968A2
:106700007A6812680B43D3677B681B685A697B6899
:106710001B6842F001025A61002307E07B684022B7
:106720009A657B68002283F84C20012318461837AD
:10673000BD4680BD80B582B000AF786039607B68AF
:10674000002B02D03B68002B01D1012304E0396803
:10675000786800F015F8002318460837BD4680BD5C
:1067600080B483B000AF78607B681B681B691B0C2A
:10677000DBB218460C37BD465DF8047B704700005D
:1067800080B485B000AF786039603B681B6ADAB2CC
:106790007B681A603B681B6803F008027B681A611B
:1067A0003B681B6803F400227B685A613B681B68E6
:1067B00003F003027B689A613B681B6803F4403274
:1067C0007B68DA613B681B681B0903F03F035A1CB6
:1067D0007B685A623B681B681B0D03F03F035A1C21
:1067E0007B689A623B681B6803F040227B68DA6230
:1067F0003B681A68664B13407A6893633B681B6872
:1068000003F4C0527B68DA633B685B6803F400738F
:10681000002B08D07B684FF400725A607B684FF4FD
:106820000072DA6013E03B685B6803F07F027B680C
:106830005A603B685B6803F48063002B04D07B687C
:106840004FF48062DA6002E07B680022DA603B6825
:106850005B6803F400627B689A603B685B6803F4E2
:1068600040427B681A643B685B6803F040727B6857
:106870005A643B685B681B0C03F03F027B689A64B8
:106880003B685B6803F040427B681A633B689B6827
:106890009AB27B689A667B681B6803F00203002B40
:1068A00008D03B689B681B0CC3F30A035A1C7B6827
:1068B000DA6402E07B680122DA643B68DA687B68AC
:1068C0001A663B681A697B685A667B681B6803F026
:1068D0000203002B4AD03B685B699BB2C3F30C03F5
:1068E000FB81FA897B681A653B685B691B0C9BB26C
:1068F000C3F30C03FB81FA897B685A653B689B688C
:1069000003F08053002B04D07B681B6D5A427B68D8
:106910001A653B689B6803F00053002B04D07B682A
:106920005B6D5A427B685A653B689B69FB81FA89BB
:106930007B689A653B689B691B0CFB81FA897B68C5
:10694000DA653B689B6803F08043002B04D07B68CA
:106950009B6D5A427B689A653B689B68002B11DAF5
:106960007B68DB6D5A427B68DA650BE07B6800224E
:106970001A657B6800225A657B6800229A657B68ED
:106980000022DA6500BF1437BD465DF8047B70470E
:106990000020000C80B485B000AFF860B9607A6068
:1069A000FB681B6A03F00203002B0CD0BB68002BB2
:1069B00002D0BB680D4A1A607B68002B0FD07B6841
:1069C00007221A600BE0BB68002B02D0BB68084AA4
:1069D0001A607B68002B02D07B6805221A6000BF1A
:1069E0001437BD465DF8047B704700BF000001FE10
:1069F000000001F880B586B000AFF860B9607A6039
:106A00001F4B1B78012B01D1022334E01C4B0122C8
:106A10001A701B4B00225A604FF47A7000F0A2F8F3
:106A20000346FB75FB7D002B21D1154AFB68936063
:106A3000144B3B61FB6823F00043012B04D17968C0
:106A4000B86800F0D5F803E07968B86800F00CF990
:106A50004FF47A7000F086F80346FB753B691A68BC
:106A6000FB6823F00043DB431A403B691A60044B88
:106A700000221A70FB7D18461837BD4680BD00BF46
:106A80005C1A00202820024080B483B000AF0023AD
:106A9000FB710B4B9B6A002B0BDA094B094A9A607E
:106AA000074B094A9A60064B9B6A002B01DA0123C7
:106AB000FB71FB7918460C37BD465DF8047B7047C7
:106AC0000020024023016745AB89EFCD80B483B03D
:106AD00000AF0123FB71094B9B6A084A43F0004356
:106AE0009362064B9B6A002B01DA0023FB71FB7952
:106AF00018460C37BD465DF8047B70470020024005
:106B000080B400AF0C4B9B6A03F08043002B0DD088
:106B1000094B0A4A1A61084B094A1A61064B9B6ADB
:106B200003F08043002B01D0012300E0002318462E
:106B3000BD465DF8047B7047002002403B2A1908DF
:106B40007F6E5D4C80B400AF054B9B6A044A43F0F6
:106B50000063936201231846BD465DF8047B7047CD
:106B60000020024080B586B000AF7860FBF746FA9F
:106B700002467B6813447B611B4B3B610BE07B68E7
:106B8000B3F1FF3F07D0FBF739FA02467B69934226
:106B900001D8032323E03B691B6803F44033002B37
:106BA000EDD13B691A6842F2FA031340FB60FB68BF
:106BB000002B0AD00D4B5A68FB6813430B4A5360F5
:106BC0003B69FA681A60012309E03B691B6803F01E
:106BD0000103002B02D03B6901221A6000231846F2
:106BE0001837BD4680BD00BF202002405C1A00203F
:106BF00080B48BB000AF78603960042387F8273009
:106C00007B683B623B68FB61164BBB61BB691B68E1
:106C100043F00102BB691A60EFF310833B613B69EB
:106C20007B6172B600BFFB691A683B6A1A603B6AF7
:106C300004333B62FB690433FB6197F82730013B67
:106C400087F8273097F82730002BECD17B69FB6061
:106C5000FB6883F3108800BF00BF2C37BD465DF88A
:106C6000047B70472820024080B48BB000AF78606E
:106C70003960202387F827307B683B623B68FB61E3
:106C8000174BBB61BB691B6843F4804343F00103AE
:106C9000BA691360EFF310833B613B697B6172B6A5
:106CA00000BFFB691A683B6A1A603B6A04333B62A7
:106CB000FB690433FB6197F82730013B87F82730E5
:106CC00097F82730002BECD17B69FB60FB6883F3DE
:106CD000108800BF00BF2C37BD465DF8047B7047AD
:106CE0002820024080B586B000AF78603960334B11
:106CF0001B78012B01D102235CE0304B01221A707A
:106D00002E4B00225A604FF47A70FFF72BFF034698
:106D1000FB75FB7D002B49D17B681B68274A93607C
:106D2000274BFB607B681B6823F0004348F204029A
:106D300093420BD17B685B68184600F009F94FF469
:106D40007A70FFF70FFF0346FB7525E03B684FF0B5
:106D5000FF321A607B689B683B6115E07B685B686B
:106D60001946386900F01AF94FF47A70FFF7FAFE05
:106D70000346FB75FB7D002B03D03B683A691A6024
:106D80000AE03B6901333B617B689A687B68DB689A
:106D900013443A699A42E1D3FB681A687B681B681E
:106DA00023F00043DB431A40FB681A60034B0022C8
:106DB0001A70FB7D18461837BD4680BD5C1A00204E
:106DC0002820024080B584B000AF7860374B1B7834
:106DD000012B01D1022364E0344B01221A70334BA2
:106DE00000225A604FF47A70FFF7BCFE0346FB7333
:106DF000FB7B002B51D17B681B6803F00103002B48
:106E000009D07B6858687B6899687B68DA687B681A
:106E10001B7C00F0F3F87B681B6803F00203002B77
:106E200004D07B685B69184600F02EF97B681B680C
:106E300003F04003002B08D07B68986A7B68D96A0E
:106E40007B681B6B1A4600F033F97B681B6803F004
:106E50000403002B07D07B689A697B68DB691946BD
:106E6000104600F043F97B681B6803F00803002B11
:106E700007D07B681A6A7B685B6A1946104600F087
:106E80008BFA0B4B9B6A0A4A43F4003393624FF42C
:106E90007A70FFF767FE0346FB73044B00221A70FB
:106EA000FB7B18461037BD4680BD00BF5C1A002032
:106EB0000020024080B582B000AF78607B68062277
:106EC0001A607B685B68012B0BD07B685B68022BC8
:106ED00007D07B685B68042B03D07B685B68082B5A
:106EE00011D17B681B6843F001027B681A607B68E4
:106EF00058687B6803F108017B6803F10C027B682A
:106F0000103300F063FA00F0D3FA02467B685A614E
:106F100000F0EAFA02467B68DA617B681B6A012BA3
:106F200003D07B681B6A022B0DD17B681B6843F082
:106F300008027B681A607B681A6A7B6824331946EA
:106F4000104600F0E5FA00BF0837BD4680BD0000DE
:106F500080B485B000AF78600F4BFB607B6803F0B6
:106F60000103002B07D0FB681B6843F4803343F018
:106F70000403FA6813607B6803F00203002B05D05A
:106F8000FB681B6843F4C032FB681A6000BF14370B
:106F9000BD465DF8047B70472820024080B485B070
:106FA00000AF78603960144BFB603B6803F001036D
:106FB000002B06D0FB681B6823F40062FB681A6094
:106FC00005E0FB681B6843F40062FB681A60FB681D
:106FD0001B6823F4813323F4FD737A68D2001343D2
:106FE00043F4803343F00203FA68136000BF1437A0
:106FF000BD465DF8047B70472820024080B485B010
:1070000000AFF860B9607A60FB70FB68012B0AD1B1
:10701000FB78DB43DA077B681B041A431949BB681A
:1070200013438B6528E0FB68022B0AD1FB78DB4316
:10703000DA077B681B041A431249BB681343CB650C
:107040001AE0FB68042B0AD1FB78DB43DA077B6884
:107050001B041A430B49BB6813438B660CE0FB68A7
:10706000082B09D1FB78DB43DA077B681B041A4342
:107070000449BB681343CB6600BF1437BD465DF8B7
:10708000047B70470020024080B483B000AF78607A
:10709000064B1B6C23F0FF0204497B6813430B640F
:1070A00000BF0C37BD465DF8047B704700200240EE
:1070B00080B485B000AFF860B9607A60FB68012BDE
:1070C00006D1094ABB681367074A7B68536705E026
:1070D000054ABB689367044A7B68D36700BF1437CF
:1070E000BD465DF8047B70470020024080B485B047
:1070F00000AF786039600023FB600023BB607B68D1
:1071000003F00103002B09D03B6803F4E063FA6845
:107110001343FB60BB6843F4E063BB607B6803F030
:107120000203002B09D03B6803F48053FA68134331
:10713000FB60BB6843F48053BB607B6803F00403CF
:10714000002B09D03B6803F40053FA681343FB603B
:10715000BB6843F40053BB607B6803F00803002B5B
:1071600009D03B6803F48043FA681343FB60BB68B3
:1071700043F48043BB607B6803F01003002B09D00D
:107180003B6803F40043FA681343FB60BB6843F4B5
:107190000043BB607B6803F02003002B09D03B68F1
:1071A00003F48033FA681343FB60BB6843F4803315
:1071B000BB607B6803F04003002B09D03B6803F4FD
:1071C0000033FA681343FB60BB6843F40033BB60D1
:1071D0007B6803F08003002B09D03B6803F4802315
:1071E000FA681343FB60BB6843F48023BB607B6891
:1071F00003F48073002B09D03B6803F40023FA6882
:107200001343FB60BB6843F40023BB607B6803F45B
:107210000073002B09D03B6803F48013FA68134312
:10722000FB60BB6843F48013BB607B6803F480633E
:10723000002B09D03B6803F40013FA681343FB608A
:10724000BB6843F40013BB607B6803F40063002B4E
:1072500009D03B6803F48003FA681343FB60BB6802
:1072600043F48003BB607B6803F48053002B09D098
:107270003B6803F40003FA681343FB60BB6843F404
:107280000003BB607B6803F40053002B09D03B680C
:1072900003F08073FA681343FB60BB6843F08073AC
:1072A000BB607B6803F48043002B09D03B6803F08C
:1072B0000073FA681343FB60BB6843F00073BB6064
:1072C0007B6803F40043002B09D03B6803F0806324
:1072D000FA681343FB60BB6843F08063BB607B6864
:1072E00003F48033002B09D03B6803F00063FA6895
:1072F0001343FB60BB6843F00063BB607B6803F42F
:107300000033002B09D03B6803F08053FA68134325
:10731000FB60BB6843F08053BB607B6803F4802351
:10732000002B09D03B6803F00053FA681343FB605D
:10733000BB6843F00053BB607B6803F40023002B61
:1073400009D03B6803F08043FA681343FB60BB68D5
:1073500043F08043BB607B6803F48013002B09D0AB
:107360003B6803F00043FA681343FB60BB6843F0DB
:107370000043BB60074B1A6CBB68DB431A400549EE
:10738000FB6813430B6400BF1437BD465DF8047BF4
:10739000704700BF0020024080B483B000AF786027
:1073A00039607B68012B03D1074A3B68536405E0D1
:1073B0007B68022B02D1044A3B68936400BF0C3700
:1073C000BD465DF8047B70470020024080B485B064
:1073D00000AFF860B9607A603B60FB68012B15D1A3
:1073E000324B9B6D03F07F02BB681A602F4B9B6D85
:1073F0001B0C03F07F027B681A602C4B9B6DDB43F8
:10740000DB0FDBB21A463B681A7049E0FB68022BBF
:1074100015D1264BDB6D03F07F02BB681A60234B4E
:10742000DB6D1B0C03F07F027B681A601F4BDB6D6A
:10743000DB43DB0FDBB21A463B681A7030E0FB68B7
:10744000042B15D1194B9B6E03F07F02BB681A60A9
:10745000164B9B6E1B0C03F07F027B681A60134B6C
:107460009B6EDB43DB0FDBB21A463B681A7017E0FA
:10747000FB68082B14D10D4BDB6E03F07F02BB6859
:107480001A600A4BDB6E1B0C03F07F027B681A60EC
:10749000064BDB6EDB43DB0FDBB21A463B681A7030
:1074A00000BF1437BD465DF8047B704700200240E2
:1074B00080B483B000AF0B4B1B6CDBB27B607B688E
:1074C000AA2B07D07B68552B04D07B68CC2B01D02E
:1074D000BB2300E07B6818460C37BD465DF8047B93
:1074E000704700BF0020024080B483B000AF074B5C
:1074F0001B6C7B607B6823F0FF037B607B68184616
:107500000C37BD465DF8047B704700BF0020024089
:1075100080B483B000AF786039607B68012B06D1FE
:107520000A4B5B6C23F07F023B681A6008E07B68C3
:10753000022B05D1054B9B6C23F07F023B681A6040
:1075400000BF0C37BD465DF8047B70470020024049
:1075500080B489B000AF7860396000237B617B68BC
:107560003B61BAE13B681A6801217B6901FA03F3C8
:107570001340FB607B69BB61FB68002B00F0AA81B4
:107580007B68554A93425DD17B681B68FB61012291
:107590007B6902FA03F3DB43FA691340FB613B6842
:1075A0005B6803F001027B6902FA03F3FA69134393
:1075B000FB617B68FA691A60484A7B6952F833308C
:1075C0003B61464A7B69DB0013445B68BB61BB6976
:1075D000DA083B69083253F82230FB61BB6903F0DB
:1075E00007039B000F2202FA03F3DB43FA691340FF
:1075F000FB61BB6903F007039B000B2202FA03F354
:10760000FA691343FB61BB69DA083B690832F9691F
:1076100043F822103B691B68FB61BB695B000322D6
:1076200002FA03F3DB43FA691340FB61BB695B00B9
:10763000022202FA03F3FA691343FB613B69FA6918
:107640001A6067E03B685B68022B03D03B685B68AD
:10765000122B45D17B69DA087B68083253F8223057
:10766000FB617B6903F007039B000F2202FA03F31F
:10767000DB43FA691340FB613B681B6903F00F02AF
:107680007B6903F007039B0002FA03F3FA691343D3
:10769000FB617B69DA087B680832F96943F82210DC
:1076A0003B691B68FB61BB695B00032202FA03F3C1
:1076B000DB43FA691340FB613B685B6803F003023C
:1076C000BB695B0002FA03F3FA691343FB613B6990
:1076D000FA691A601EE000BF0000024638C70208BF
:1076E0003B691B68FB61BB695B00032202FA03F381
:1076F000DB43FA691340FB613B685B6803F00302FC
:10770000BB695B0002FA03F3FA691343FB613B694F
:10771000FA691A603B685B68012B0BD03B685B68B9
:10772000022B07D03B685B68112B03D03B685B687A
:10773000122B30D13B699B68FB61BB695B00032264
:1077400002FA03F3DB43FA691340FB613B68DA6832
:10775000BB695B0002FA03F3FA691343FB613B69FF
:10776000FA699A603B695B68FB610122BB6902FAB6
:1077700003F3DB43FA691340FB613B685B681B0959
:1077800003F00102BB6902FA03F3FA691343FB61D8
:107790003B69FA695A603B685B68032B17D03B6909
:1077A000DB68FB61BB695B00032202FA03F3DB4386
:1077B000FA691340FB613B689A68BB695B0002FA97
:1077C00003F3FA691343FB613B69FA69DA603B68CA
:1077D0005B6803F08053002B7CD0474A7B699B0891
:1077E000183352F82330FB617B6903F00303DB009D
:1077F0000F2202FA03F3DB43FA691340FB617B6853
:107800009A0A3E4B13407A6902F00302D200934079
:10781000FA691343FB6138497B699B081833FA699D
:1078200041F82320344B1B68FB61FB68DB43FA699A
:107830001340FB613B685B6803F48013002B03D0AB
:10784000FA69FB681343FB612B4AFB6913602A4BFF
:107850005B68FB61FB68DB43FA691340FB613B68D3
:107860005B6803F40013002B03D0FA69FB68134331
:10787000FB61214AFB6953601F4BD3F88430FB61E5
:10788000FB68DB43FA691340FB613B685B6803F408
:107890000033002B03D0FA69FB681343FB61164ADF
:1078A000FB69C2F88430144BD3F88030FB61FB686D
:1078B000DB43FA691340FB613B685B6803F4803388
:1078C000002B03D0FA69FB681343FB610A4AFB698A
:1078D000C2F880307B6901337B613B681A687B6941
:1078E00022FA03F3002B7FF43DAE00BF00BF243724
:1078F000BD465DF8047B7047002002467F7F2F0065
:1079000080B489B000AF786039600023BB617B68C8
:107910007B61BCE00122BB6902FA03F33A681340C1
:107920003B61BB69FB613B69002B00F0AD807B686C
:107930005E4A934215D15E4AFB6952F833307B614F
:107940005B4ABB69DB0013445B68FB61574B1A68F9
:107950000121FB6901FA03F3DB43544913400B6037
:1079600053E0544ABB699B08183352F82330FB603C
:10797000BB6903F00303DB000F2202FA03F3FA688A
:107980001340FB607B689A0A4B4B1340BA6902F0C4
:107990000302D2009340FA689A4236D1454BD3F89D
:1079A00080203B69DB4343491340C1F88030414BA1
:1079B000D3F884203B69DB433E491340C1F884304F
:1079C0003C4B1A683B69DB433A4913400B60394B27
:1079D0005A683B69DB43374913404B60BB6903F08E
:1079E0000303DB000F2202FA03F3FB60314ABB6999
:1079F0009B08183352F82310FB68DA432D48BB6903
:107A00009B080A40183340F823207B691A68FB69F9
:107A10005B00032101FA03F31A437B691A60FB69D7
:107A2000DA087B69083253F82210FB6903F0070378
:107A30009B000F2202FA03F3DB43FA69D2081940D4
:107A40007B69083243F822107B699A68FB695B0006
:107A5000032101FA03F3DB431A407B699A607B69D7
:107A60005A680121FB6901FA03F3DB431A407B6981
:107A70005A607B69DA68FB695B00032101FA03F352
:107A8000DB431A407B69DA60BB690133BB613A684A
:107A9000BB6922FA03F3002B7FF43CAF00BF00BFA9
:107AA0002437BD465DF8047B704700BF00000246E6
:107AB00038C70208002002467F7F2F0080B485B0BF
:107AC00000AF78600B467B807B681A697B88134027
:107AD000002B02D00123FB7301E00023FB73FB7B2F
:107AE00018461437BD465DF8047B704780B483B0F8
:107AF00000AF78600B467B8013467B707B78002B51
:107B000003D07A887B689A6102E07A887B689A62FF
:107B100000BF0C37BD465DF8047B704780B582B06E
:107B200000AF0346FB800F4BDA68FB881340002B45
:107B300006D00C4AFB88D360FB881846E9F7B2FDF3
:107B4000084B1A69FB881340002B06D0054AFB88B6
:107B50001361FB881846E9F7BBFD00BF0837BD4637
:107B600080BD00BF0020024680B582B000AF7860C3
:107B70007B68002B01D1012343E07B6893F835300B
:107B8000DBB2002B06D17B68002283F834207868B2
:107B9000F8F734FC7B68022283F835207B680022EA
:107BA0001A627B680022DA617B6800225A627B6875
:107BB00000229A637B68002283F837207B680122C9
:107BC00083F82D207B68002283F836200F4B1B683A
:107BD00023F030027B681B680C4913430B600B4B8E
:107BE0001B680A4A23F4005313607B68002283F861
:107BF0002C207B68012283F835207B680022DA6321
:107C0000002318460837BD4680BD00BF00040C4263
:107C100080B483B000AF786000BF0C37BD465DF81C
:107C2000047B704780B483B000AF786000BF0C372E
:107C3000BD465DF8047B704780B483B000AF7860C8
:107C400000BF0C37BD465DF8047B704780B582B03D
:107C500000AF7860786800F0ABFA03461A467B689C
:107C600083F82C207B6893F82C30002B0CD07B6899
:107C7000DB6B43F001027B68DA637868FFF7DCFFB7
:107C80007B68002283F82C2000BF0837BD4680BDEA
:107C900080B483B000AF78607B6893F83530DBB296
:107CA00018460C37BD465DF8047B704780B588B038
:107CB00000AFF860B9607A60BB687B610023FB614C
:107CC0006AE07B69634A1B6853607B6904337B61AC
:107CD000FB6893F83630012B5BD1FB6901339B00C5
:107CE0007A689A4255D9FB699B003F2B0BD94FF418
:107CF0007A7301220821F86800F0D4F90346002BBA
:107D000001D00323A2E0534B5B6A03F00103012B74
:107D10003FD1FB68002283F83620FB6893F82D30B2
:107D2000022B04D0FB6893F82D30042B0BD17B6918
:107D30001A46FB68DA60FB6901339B007A68D21A45
:107D4000FB681A621FE0FB6893F82D30032B04D008
:107D5000FB6893F82D30052B0BD17B691A46FB6825
:107D60005A61FB6901339B007A68D21AFB689A62F8
:107D700009E0FB68012283F83520FB68002283F8C4
:107D80003420012362E0FB68082283F835200023B9
:107D90005CE0FB690133FB617B689B08FA699A42EE
:107DA0008FD37B6803F00303002B4ED0FB681B6866
:107DB000102B12D17B6803F00303022B03D87B69DD
:107DC0001A88244B5A607B6803F00303032B3CD1D1
:107DD0007B69204A1B68536037E0FB681B68202BD7
:107DE00003D0FB681B68302B2BD17B6803F00303A7
:107DF000012B03D17B691A78164B5A607B6803F01C
:107E00000303022B03D17B691A88124B5A607B68EB
:107E100003F00303032B18D17B691B78FB767B6986
:107E200001331B78BB767B6902331B787B76FA7E45
:107E3000BB7E1B021A437B7E1B04064913434B6027
:107E400003E07B69034A1B68536000231846203710
:107E5000BD4680BD00040C4280B49DB000AF786088
:107E60000B46FB707B68FB66FB78103B102B00F227
:107E70000D8101A252F823F0BD7E01088D8001081A
:107E80008D8001088D800108097F01088D8001081F
:107E90008D8001088D8001088D8001088D8001088A
:107EA0008D8001088D800108697F01088D8001089F
:107EB0008D8001088D800108F17F0108774BDA6819
:107EC000FB6EFA65FA6D12BA1A60FB6E0433FB663C
:107ED000724B1A69FB6E3A663A6E12BA1A60FB6E02
:107EE0000433FB666D4B5A69FB6E7A667A6E12BA82
:107EF0001A60FB6E0433FB66684B9A69FB6EBA66C8
:107F0000BA6E12BA1A60C2E0644BDA68FB6EBA64E9
:107F1000BA6C12BA1A60FB6E0433FB665F4B1A69C7
:107F2000FB6EFA64FA6C12BA1A60FB6E0433FB66DD
:107F30005A4B5A69FB6E3A653A6D12BA1A60FB6E7B
:107F40000433FB66554B9A69FB6E7A657A6D12BAFB
:107F50001A60FB6E0433FB66504BDA69FB6EBA6540
:107F6000BA6D12BA1A6092E04C4BDA68FB6EFA6294
:107F7000FA6A12BA1A60FB6E0433FB66474B1A6941
:107F8000FB6E3A633A6B12BA1A60FB6E0433FB66FF
:107F9000424B5A69FB6E7A637A6B12BA1A60FB6EB7
:107FA0000433FB663D4B9A69FB6EBA63BA6B12BA37
:107FB0001A60FB6E0433FB66384BDA69FB6EFA63BA
:107FC000FA6B12BA1A60FB6E0433FB66344B5A69C3
:107FD000FB6E3A643A6C12BA1A60FB6E0433FB66AD
:107FE0002F4B9A69FB6E7A647A6C12BA1A604EE073
:107FF0002A4BDA68FB6EFA60FA6812BA1A60FB6EF6
:108000000433FB66254B1A69FB6E3A613A6912BA72
:108010001A60FB6E0433FB66204B5A69FB6E7A6173
:108020007A6912BA1A60FB6E0433FB661B4B9A69BD
:10803000FB6EBA61BA6912BA1A60FB6E0433FB6652
:10804000164BDA69FB6EFA61FA6912BA1A60FB6EB6
:108050000433FB66124B5A69FB6E3A623A6A12BAF3
:108060001A60FB6E0433FB660D4B9A69FB6E7A62F5
:108070007A6A12BA1A60FB6E0433FB66084BDA693F
:10808000FB6EBA62BA6A12BA1A6000E000BF00BFA3
:108090007437BD465DF8047B704700BF00040C4296
:1080A00010070C4280B586B000AFF860B9603B6045
:1080B0001346FB71F9F7A2FF7861FB79002B55D1CC
:1080C0001CE03B68B3F1FF3F18D0F9F797FF024679
:1080D0007B69D31A3A689A4202D33B68002B0DD1D0
:1080E000FB68012283F83520FB68032283F82C20EB
:1080F000FB68002283F83420032352E0BB68082B7E
:108100000AD92A4B1A68BB681340BA689A4214BF4E
:1081100001230023DBB209E0244B5A6ABB681340F9
:10812000BA689A4214BF01230023DBB2002BC8D1E6
:1081300036E03B68B3F1FF3F18D0F9F75FFF024626
:108140007B69D31A3A689A4202D33B68002B0DD15F
:10815000FB68012283F83520FB68032283F82C207A
:10816000FB68002283F8342003231AE0BB68082B45
:108170000AD90E4B1A68BB681340BA689A420CBF02
:1081800001230023DBB209E0084B5A6ABB681340A5
:10819000BA689A420CBF01230023DBB2002BC8D17E
:1081A000002318461837BD4680BD00BF00040C42AE
:1081B00080B582B000AF78607B6893F83530DBB271
:1081C000022B40F0F1807B685B6A002B0BD1794B6E
:1081D0001B6A784A23F0030313627B68012283F849
:1081E00035200123E1E07B685B6A012B03D17B68CA
:1081F00002225A6202E07B6803225A626D4B5B6A7C
:1082000003F00203022B33D17B681A69694B1B68A8
:1082100003F4C023002B13D0664B1B6803F4C02368
:10822000B3F5802F0AD0634B1B6803F4C023B3F56A
:10823000C02F01D1202304E0102302E01C2300E022
:10824000142319461046FFF707FE5A4B1B6A594A7A
:1082500023F0030313627B68012283F835207B68D7
:10826000012283F82D207868FFF7DCFC00239CE0D6
:10827000504B5B6A03F00103012B40F093807B6855
:108280001B6A002B14D07B6893F83630012B0FD17A
:10829000484B1B6A474A23F0030313627B680022A2
:1082A00083F836207B68082283F8352000237CE0A1
:1082B000786800F081F80346012B73D17868FFF7E6
:1082C000A7FC7B6893F82D30032B33D14FF47A73DE
:1082D000012208217868FFF7E5FE0346002B07D04E
:1082E000344B1B6A334A23F00303136203235CE01D
:1082F0007B68042283F82D202E4B9B6823F01F02FD
:108300007B68DB6903F00303DB002A4913438B60BE
:108310007B68DA697B681A627B689A697B68DA60D5
:108320007B6801225A62234B1B6A224A43F00103F5
:10833000136237E07B6893F82D30042B32D14FF471
:108340007A73012208217868FFF7ACFE0346002B00
:1083500007D0184B1B6A174A23F003031362032349
:1083600023E07B68052283F82D20124B9B6823F0C5
:108370001F027B685B6803F00303DB000D491343B6
:108380008B607B685A687B681A627B689A687B6836
:10839000DA607B6801225A62064B1B6A054A43F089
:1083A00001031362002300E0022318460837BD468C
:1083B00080BD00BF00040C4280B586B000AF78607D
:1083C0000023FB607B681B6A402B3CD97B68DB6821
:1083D0007B6100233B6109E07B693A4A1B6853607B
:1083E0007B6904337B613B6904333B613B693F2B11
:1083F000F2D97B685B6A022B18D17B69314A1B6812
:1084000053607B681B6A432B0CD97B681B6AA3F102
:1084100044027B681A627B68DB6803F144027B6874
:10842000DA6049E07B6800221A6245E07B681B6ADB
:10843000A3F140027B681A627B68DB6803F14002AB
:108440007B68DA6038E07B68DB687B617B681B6A8D
:10845000BB601C4B1B6A1B4A23F001031362002301
:108460003B6109E07B69174A1B6853607B690433F1
:108470007B613B6901333B61BB6803339B083A690D
:108480009A42EFD37B681B6C012B0AD17B680022D8
:108490001A647B68012283F835207868FFF7B8FBFF
:1084A00007E0084B9B68074A43F4807393600123FD
:1084B000FB607B6800221A62FB6818461837BD46CD
:1084C00080BD00BF00040C4280B588B000AFF860EA
:1084D000B9607A603B60FB6893F83530FB75FB7DD3
:1084E000012B03D0FB7D082B40F0C780BB68002B1D
:1084F00002D03B68002B05D1FB68012283F83520B0
:108500000123BBE0FB6893F83430012B01D1022337
:10851000B4E0FB68012283F83420FB6893F82D3027
:10852000012B23D1FB68022283F83520554B1B68B1
:1085300023F4E02323F04403FA6A1343514A43F03F
:10854000040313604F4B9B6823F01F027B6803F00A
:108550000303DB004B4913438B60BB68FB617B6803
:10856000BB61FB68022283F82D202FE0FB6893F8A3
:108570002D30022B20D1FB6893F83530DBB2082B6D
:1085800006D1FB68DB68FB61FB681B6ABB610EE020
:10859000BB68FB617B68BB613A4B9B6823F01F02A1
:1085A0007B6803F00303DB00364913438B60FB68F1
:1085B000022283F8352009E0FB68012283F8352088
:1085C000FB68002283F83420012357E0BA69F96977
:1085D000F868FFF76BFB03461A46FB6883F82C200C
:1085E000FB6893F82C30002B03D0FB6893F82C30F9
:1085F00044E0FB6893F83530DBB2082B37D0214BD1
:108600009B68204A43F480739360BB6A0022022176
:10861000F868FFF747FD0346002B01D003232DE048
:10862000184B1B6803F4C023002B13D0154B1B6899
:1086300003F4C023B3F5802F0AD0124B1B6803F458
:10864000C023B3F5C02F01D1202304E0102302E0A2
:108650001C2300E0142319463868FFF7FDFBFB6874
:10866000012283F83520FB68012283F82D20FB6866
:10867000002283F83420002300E00223184620372C
:10868000BD4680BD00040C4280B588B000AFF860E4
:10869000B9607A603B60FB6893F83530FB757B68A6
:1086A00003F00303002B01D001236EE0FB7D012BBF
:1086B00002D0FB7D082B67D1BB68002B02D07B6802
:1086C000002B05D1FB68012283F8352001235CE0F3
:1086D000FB6893F83430012B01D1022355E0FB688D
:1086E000012283F83420FB6893F83530DBB2082B85
:1086F0000AD1FB68022283F83520FB68DB68FB6146
:10870000FB681B6ABB611CE0FB68022283F8352012
:10871000BB68FB617B68BB61FB6893F82D30012B64
:108720000BD11C4B1B6823F4E02323F044033A686D
:108730001343184A43F004031360FB68022283F8D2
:108740002D20BA69F969F868FFF7B0FA03461A46AE
:10875000FB6883F82C20FB6893F82C30002B03D0A7
:10876000FB6893F82C3010E0FB6893F83530DBB2EF
:10877000082B03D0FB68012283F83520FB68002218
:1087800083F83420002300E0022318462037BD463A
:1087900080BD00BF00040C4280B586B002AFF86017
:1087A000B9607A603B604FF4C0230193BB690093CA
:1087B0003B687A68B968F868FFF786FE0346184692
:1087C0001037BD4680BD80B584B000AFF860B96099
:1087D0007A604FF4C0237A68B968F868FFF754FFED
:1087E000034618461037BD4680BD80B586B002AF3F
:1087F000F860B9607A603B604FF4C0230193BB69B5
:1088000000933B687A68B968F868FFF75DFE034635
:1088100018461037BD4680BD80B582B000AF786085
:108820007B68002B01D101238DE07B6893F84130F8
:10883000DBB2002B06D17B68002283F840207868E9
:10884000F7F77EFE7B68242283F841207B681B6853
:108850001A687B681B6822F001021A607B685A68FC
:108860007B681B6822F070621A617B681B689A68DB
:108870007B681B6822F400429A607B68DB68012BEE
:1088800007D17B689A687B681B6842F400429A6053
:1088900006E07B689A687B681B6842F404429A6031
:1088A0007B68DB68022B08D17B681B685A687B6891
:1088B0001B6842F400625A6007E07B681B685A68D4
:1088C0007B681B6822F400625A607B681B685B68E7
:1088D0007A68126843F0007343F4004353607B6886
:1088E0001B68DA687B681B6822F40042DA607B68E8
:1088F0001A697B685B6942EA03017B689B691A021B
:108900007B681B680A43DA607B68D9697B681A6AEE
:108910007B681B680A431A607B681B681A687B685F
:108920001B6842F001021A607B6800225A647B686F
:10893000202283F841207B6800221A637B68002292
:1089400083F84220002318460837BD4680BD00004A
:1089500080B588B002AFF860084611461A46034653
:108960007B810B463B811346FB80FB6893F84130CB
:10897000DBB2202B40F0F9803B6A002B02D0BB8C8D
:10898000002B05D1FB684FF400725A640123EDE01F
:10899000FB6893F84030012B01D10223E6E0FB682D
:1089A000012283F84020F9F729FB78617B69009365
:1089B000192301224FF40041F86801F072FF0346C9
:1089C000002B01D00123D1E0FB68212283F8412054
:1089D000FB68402283F84220FB6800225A64FB684F
:1089E0003A6A5A62FB68BA8C5A85FB6800225A635D
:1089F000F8883A8979897B690193BB6A00930346B9
:108A0000F86801F091F90346002B05D0FB680022BD
:108A100083F840200123A9E0FB685B8D9BB2FF2B0C
:108A20000ED9FB68FF221A85FB681B8DDAB27989A3
:108A3000002300934FF08073F86802F0F5F80FE020
:108A4000FB685B8D9AB2FB681A85FB681B8DDAB2F6
:108A50007989002300934FF00073F86802F0E4F87E
:108A60007A69B96AF86801F075FF0346002B01D0F6
:108A700001237BE0FB685B6A1A78FB681B689A62DB
:108A8000FB685B6A5A1CFB685A62FB685B8D9BB291
:108A9000013B9AB2FB685A85FB681B8D013B9AB279
:108AA000FB681A85FB685B8D9BB2002B34D0FB689A
:108AB0001B8D002B30D17B690093BB6A0022802183
:108AC000F86801F0EEFE0346002B01D001234DE0D3
:108AD000FB685B8D9BB2FF2B0ED9FB68FF221A85CA
:108AE000FB681B8DDAB27989002300934FF0807305
:108AF000F86802F099F80FE0FB685B8D9AB2FB68AA
:108B00001A85FB681B8DDAB27989002300934FF038
:108B10000073F86802F088F8FB685B8D9BB2002B4D
:108B20009ED17A69B96AF86801F05BFF0346002BB1
:108B300001D001231AE0FB681B682022DA61FB6880
:108B40001B685968FB681A680A4B0B405360FB6846
:108B5000202283F84120FB68002283F84220FB6832
:108B6000002283F84020002300E002231846183733
:108B7000BD4680BD00E800FE80B588B002AFF86059
:108B8000084611461A4603467B810B463B81134635
:108B9000FB80FB6893F84130DBB2202B40F0FD8076
:108BA0003B6A002B02D0BB8C002B05D1FB684FF435
:108BB00000725A640123F1E0FB6893F84030012B06
:108BC00001D10223EAE0FB68012283F84020F9F793
:108BD00015FA78617B690093192301224FF4004153
:108BE000F86801F05EFE0346002B01D00123D5E0BA
:108BF000FB68222283F84120FB68402283F8422050
:108C0000FB6800225A64FB683A6A5A62FB68BA8CB5
:108C10005A85FB6800225A63F8883A8979897B690A
:108C20000193BB6A00930346F86801F0D1F803464C
:108C3000002B05D0FB68002283F840200123ADE023
:108C4000FB685B8D9BB2FF2B0ED9FB68FF221A8558
:108C5000FB681B8DDAB27989524B00934FF0807319
:108C6000F86801F0E1FF0FE0FB685B8D9AB2FB68EA
:108C70001A85FB681B8DDAB279894A4B00934FF055
:108C80000073F86801F0D0FF7B690093BB6A002293
:108C90000421F86801F005FE0346002B01D00123F2
:108CA0007CE0FB681B685A6AFB685B6AD2B21A7088
:108CB000FB685B6A5A1CFB685A62FB681B8D013BB0
:108CC0009AB2FB681A85FB685B8D9BB2013B9AB236
:108CD000FB685A85FB685B8D9BB2002B34D0FB6828
:108CE0001B8D002B30D17B690093BB6A0022802151
:108CF000F86801F0D6FD0346002B01D001234DE0BA
:108D0000FB685B8D9BB2FF2B0ED9FB68FF221A8597
:108D1000FB681B8DDAB27989002300934FF08073D2
:108D2000F86801F081FF0FE0FB685B8D9AB2FB6889
:108D30001A85FB681B8DDAB27989002300934FF006
:108D40000073F86801F070FFFB685B8D9BB2002B2D
:108D50009AD17A69B96AF86801F043FE0346002B9C
:108D600001D001231AE0FB681B682022DA61FB684E
:108D70001B685968FB681A680B4B0B405360FB6813
:108D8000202283F84120FB68002283F84220FB6800
:108D9000002283F84020002300E002231846183701
:108DA000BD4680BD0024008000E800FE80B586B08E
:108DB00002AFF860084611461A4603467B810B460F
:108DC0003B811346FB80FB6893F84130DBB2202BDC
:108DD0006AD1BB69002B02D0BB8B002B05D1FB688D
:108DE0004FF400725A6401235FE0FB681B689B69C3
:108DF00003F40043B3F5004F01D1022355E0FB68B3
:108E000093F84030012B01D102234EE0FB68012290
:108E100083F84020FB68212283F84120FB68402230
:108E200083F84220FB6800225A64FB6800221A85FE
:108E3000FB68BA695A62FB68BA8B5A85FB681D4A9F
:108E4000DA62FB681C4A5A637A89FB68DA64FB8839
:108E5000012B09D13B89DAB2FB681B689A62FB6877
:108E60004FF0FF321A650BE03B891B0A9BB2DAB266
:108E7000FB681B689A623B89DBB21A46FB681A657D
:108E8000FB88DAB279890D4B00934FF08073F86854
:108E900001F0CAFEFB68002283F840200121F86837
:108EA00001F0F4FE002300E0022318461037BD460F
:108EB00080BD00BF0000FFFF9192010800200080EC
:108EC00080B58AB002AFF8607A603B600B467B8168
:108ED00000237B610023FB77FB6893F84130DBB212
:108EE000202B40F0ED80FB681B689B6903F4004376
:108EF000B3F5004F01D10223E3E0FB6893F8403063
:108F0000012B01D10223DCE0FB68012283F8402021
:108F1000FB68242283F84120FB6800225A64FB6826
:108F2000DB68012B07D17B89C3F3090343F000738E
:108F300043F4005306E07B89C3F3090343F0007355
:108F400043F42053FA6812685360F9F757F8B86190
:108F5000FB681B689B6903F02003202B0CBF0123D7
:108F60000023DBB2BB77FB681B689B6903F010032F
:108F7000102B0CBF01230023DBB27B7734E03B686E
:108F8000B3F1FF3F1AD0F9F739F80246BB69D31A9B
:108F90003A689A4202D33B68002B0FD1FB6820222B
:108FA00083F84120FB685B6C43F02002FB685A6445
:108FB000FB68002283F84020012382E0FB681B68E5
:108FC0009B6903F02003202B0CBF01230023DBB29D
:108FD000BB77FB681B689B6903F01003102B0CBF69
:108FE00001230023DBB27B77BB7F002B02D17B7F89
:108FF000002BC4D0FB681B689B6903F01003102B87
:1090000027D0BB6900933B6800222021F86801F05B
:1090100048FC0346002B0ED0FB685B6C042B07D189
:10902000FB681B682022DA61FB6800225A6426E094
:109030000123FB7723E0FB681B682022DA61FB68D1
:10904000202283F84120FB68002283F8402000237F
:1090500037E0FB681B681022DA61BB6900933B684C
:1090600000222021F86801F01CFC0346002B02D0EE
:109070000123FB7703E0FB681B682022DA617B6930
:1090800001337B617B697A689A4204D9FB7F012BAB
:1090900001D10023FB777B697A689A423FF63FAFA4
:1090A000FB68202283F84120FB685B6C43F02002C0
:1090B000FB685A64FB68002283F84020012300E02B
:1090C000022318462037BD4680BD80B584B000AF6E
:1090D00078607B681B689B69FB607B681B681B680A
:1090E000BB607B685B6B002B05D07B685B6BBA68F1
:1090F000F9687868984700BF1037BD4680BD80B5D5
:1091000086B000AF78607B681B689B697B617B6879
:109110001B681B683B617B691B0A03F00103002B82
:1091200010D03B69DB0903F00103002B0AD07B68F8
:109130005B6C43F001027B685A647B681B684FF4E8
:109140008072DA617B699B0A03F00103002B10D067
:109150003B69DB0903F00103002B0AD07B685B6CE1
:1091600043F008027B685A647B681B684FF4806296
:10917000DA617B695B0A03F00103002B10D03B69C5
:10918000DB0903F00103002B0AD07B685B6C43F022
:1091900002027B685A647B681B684FF40072DA61D4
:1091A0007B685B6CFB60FB6803F00B03002B03D058
:1091B000F968786801F01CFA00BF1837BD4680BD19
:1091C00080B483B000AF786000BF0C37BD465DF857
:1091D000047B704780B483B000AF786000BF0C3769
:1091E000BD465DF8047B704780B483B000AF786003
:1091F00000BF0C37BD465DF8047B704780B483B078
:1092000000AF786000BF0C37BD465DF8047B704747
:1092100080B483B000AF78600B46FB7013463B8090
:1092200000BF0C37BD465DF8047B704780B483B047
:1092300000AF786000BF0C37BD465DF8047B704717
:1092400080B483B000AF786000BF0C37BD465DF8D6
:10925000047B704780B483B000AF786000BF0C37E8
:10926000BD465DF8047B704780B483B000AF786082
:1092700000BF0C37BD465DF8047B704780B483B0F7
:1092800000AF786000BF0C37BD465DF8047B7047C7
:1092900080B588B002AFF860B9607A60934B7B61AB
:1092A000BB683B61FB6893F84030012B01D102237E
:1092B00018E1FB68012283F840203B691B0903F099
:1092C0000103002B13D07B681B0903F00103002B63
:1092D0000DD0FB681B681022DA61FB685B6C43F001
:1092E0000402FB685A64F86801F099FAE5E03B690A
:1092F0009B0803F00103002B23D07B689B0803F03D
:109300000103002B1DD03B6923F004033B61FB6884
:109310001B685A6AFB685B6AD2B21A70FB685B6AA8
:109320005A1CFB685A62FB681B8D013B9AB2FB68B2
:109330001A85FB685B8D9BB2013B9AB2FB685A852C
:10934000BBE03B695B0803F00103002B2DD07B6879
:109350005B0803F00103002B27D0FB681B6DB3F102
:10936000FF3F18D1FB685B6A1A78FB681B689A623A
:10937000FB685B6A5A1CFB685A62FB681B8D013BE9
:109380009AB2FB681A85FB685B8D9BB2013B9AB26F
:10939000FB685A8591E0FB681B68FA68126D9A6257
:1093A000FB684FF0FF321A6587E03B69DB0903F089
:1093B0000103002B3DD07B689B0903F00103002BC8
:1093C00037D0FB685B8D9BB2002B2CD0FB681B8DCC
:1093D000002B28D1FB685B8D9BB2FF2B10D9FB685B
:1093E000FF221A85FB68DB6C99B2FB681B8DDAB231
:1093F000002300934FF08073F86801F015FC17E02C
:10940000FB685B8D9AB2FB681A85FB68DB6C99B2CE
:10941000FB681B8DDAB2002300934FF00073F868ED
:1094200001F002FC04E04021F86801F0E1F844E0BA
:1094300043E03B699B0903F00103002B3DD07B68AF
:109440009B0903F00103002B37D00121F86801F0DC
:10945000A1FC0221F86801F019FCFB6893F8413087
:10946000DBB2222B01D1224B7B61FB685B8D9BB26F
:10947000FF2B10D9FB68FF221A85FB68DB6C99B2C1
:10948000FB681B8DDAB27B6900934FF08073F8683C
:1094900001F0CAFB11E0FB685B8D9AB2FB681A858C
:1094A000FB68DB6C99B2FB681B8DDAB27B690093B9
:1094B0004FF00073F86801F0B7FB3B695B0903F0FC
:1094C0000103002B09D07B685B0903F00103002B2B
:1094D00003D03969F86800F0EFFDFB68002283F8DB
:1094E0004020002318461837BD4680BD002000806C
:1094F0000024008080B586B000AFF860B9607A6063
:10950000FB68DB6A7B61BB683B61FB6893F84030BA
:10951000012B01D10223EDE0FB68012283F84020FA
:109520003B695B0903F00103002B0AD07B685B09F0
:1095300003F00103002B04D03969F86800F086FEBF
:10954000D3E03B691B0903F00103002B4DD07B687E
:109550001B0903F00103002B47D0FB685B8D9BB216
:10956000002B28D1FB6893F84130DBB2282B08D1BF
:109570007B69B3F1007F04D13969F86800F0E2FF3C
:1095800032E0FB6893F84130DBB2292B0ED17B69C6
:1095900013F5803F0AD0FB681B681022DA61F86877
:1095A00001F03DF9F86800F028FD1DE0FB681B683C
:1095B0001022DA6196E0FB681B681022DA61FB6812
:1095C0005B6C43F00402FB685A647B69002B04D097
:1095D0007B69B3F1807F40F08580FB685B6C194646
:1095E000F86801F005F87DE07CE03B699B0803F03A
:1095F0000103002B30D07B689B0803F00103002B94
:109600002AD0FB685B8D9BB2002B18D0FB681B68CF
:109610005A6AFB685B6AD2B21A70FB685B6A5A1CB2
:10962000FB685A62FB681B8D013B9AB2FB681A8586
:10963000FB685B8D9BB2013B9AB2FB685A85FB6865
:109640005B8D9BB2002B4FD17B6913F5803F4BD0D4
:10965000F86800F0D2FC47E03B69DB0803F0010347
:10966000002B0AD07B68DB0803F00103002B04D039
:109670003969F86800F000FC37E03B695B0803F0EB
:109680000103002B31D07B685B0803F00103002B42
:109690002BD0FB685B8D9BB2002B18D0FB685B6AFC
:1096A0001A78FB681B689A62FB685B6A5A1CFB6845
:1096B0005A62FB685B8D9BB2013B9AB2FB685A858C
:1096C000FB681B8D013B9AB2FB681A850DE07B6934
:1096D000B3F1807F02D07B69002B06D1F86800F0DF
:1096E0008CFC02E000BF00E000BFFB68002283F8B2
:1096F0004020002318461837BD4680BD80B588B08D
:1097000002AFF860B9607A60FB6893F84030012BD3
:1097100001D10223E1E0FB68012283F84020BB680D
:109720001B0903F00103002B17D07B681B0903F012
:109730000103002B11D0FB681B681022DA61FB6863
:109740005B6C43F00402FB685A642021F86801F066
:109750009DFAF86801F063F8BAE0BB68DB0903F032
:109760000103002B72D07B689B0903F00103002BDF
:109770006CD0FB681B681A68FB681B6822F040020B
:109780001A60FB685B8D9BB2002B4ED0FB681B6898
:109790005B689BB2C3F309037B82FB685B8D9BB262
:1097A000FF2B06D9FB68FF221A854FF080737B617F
:1097B00010E0FB685B8D9AB2FB681A85FB68DB6A78
:1097C00013F5803F03D0FB68DB6A7B6102E04FF05A
:1097D00000737B61FB681B8DDAB2798A00230093EA
:1097E0007B69F86801F020FAFB685B8D9AB2FB6830
:1097F0001B8DD31A9AB2FB685A85FB6893F84130E7
:10980000DBB2222B08D1FB681B681A68FB681B6857
:1098100042F400421A605BE0FB681B681A68FB6850
:109820001B6842F480421A6052E0FB681B685B6868
:1098300003F00073B3F1007F03D0F86800F0A0FBE1
:1098400046E04021F86800F0D3FE41E0BB689B0988
:1098500003F00103002B29D07B689B0903F001036F
:10986000002B23D0FB685B8D9BB2002B19D1FB68CA
:109870001B685B6803F00073B3F1007F27D0FB68BF
:10988000DB6A13F5803F08D1FB681B685A68FB68E8
:109890001B6842F480425A6019E0F86800F070FBDF
:1098A00015E04021F86800F0A3FE10E0BB685B09FA
:1098B00003F00103002B0BD07B685B0903F001036D
:1098C000002B05D0B968F86800F0F6FB00E000BF97
:1098D000FB68002283F84020002318461837BD4655
:1098E00080BD000080B588B002AFF860B9607A60D2
:1098F000924B7B61FB6893F84030012B01D102232E
:1099000018E1FB68012283F84020BB681B0903F0C3
:109910000103002B17D07B681B0903F00103002B08
:1099200011D0FB681B681022DA61FB685B6C43F0A6
:109930000402FB685A642021F86801F0A7F9F8686E
:1099400000F06DFFF1E0BB685B0803F00103002B42
:109950000FD07B685B0803F00103002B09D0FB6884
:109960001B68FA68126D9A62FB684FF0FF321A6545
:10997000DBE0BB68DB0903F00103002B60D07B68F0
:109980009B0903F00103002B5AD00121F86801F074
:1099900001FA1021F86801F079F9FB685B8D9BB240
:1099A000002B48D0FB685B8D9BB2FF2B10D9FB6866
:1099B000FF221A85FB68DB6C99B2FB681B8DDAB25B
:1099C000002300934FF08073F86801F02DF911E047
:1099D000FB685B8D9AB2FB681A85FB68DB6C99B2F9
:1099E000FB681B8DDAB2002300934FF00073F86818
:1099F00001F01AF9FB685B8D9AB2FB681B8DD31AD4
:109A00009AB2FB685A85FB6893F84130DBB2222B8F
:109A100008D1FB681B681A68FB681B6842F40042A7
:109A20001A6082E0FB681B681A68FB681B6842F4D6
:109A300080421A6079E04021F86800F0D9FD74E0B6
:109A4000BB689B0903F00103002B5ED07B689B0978
:109A500003F00103002B58D00121F86801F09AF9B6
:109A60001021F86801F012F9FB6893F84130DBB27D
:109A7000222B01D1324B7B61FB685B8D9BB2FF2BAC
:109A800010D9FB68FF221A85FB68DB6C99B2FB6872
:109A90001B8DDAB27B6900934FF08073F86801F098
:109AA000C3F811E0FB685B8D9AB2FB681A85FB680E
:109AB000DB6C99B2FB681B8DDAB27B6900934FF0C7
:109AC0000073F86801F0B0F8FB685B8D9AB2FB6830
:109AD0001B8DD31A9AB2FB685A85FB6893F8413004
:109AE000DBB2222B08D1FB681B681A68FB681B6875
:109AF00042F400421A6018E0FB681B681A68FB68B1
:109B00001B6842F480421A600FE0BB685B0903F0F7
:109B10000103002B09D07B685B0903F00103002BD4
:109B200003D0B968F86800F0C7FAFB68002283F830
:109B30004020002318461837BD4680BD0020008015
:109B40000024008090B589B000AFF860B9607A60F9
:109B5000FB68DB6ABB610023FB61FB6893F8403064
:109B6000012B01D10223DBE0FB68012283F84020B6
:109B7000BB685B0903F00103002B0AD07B685B091B
:109B800003F00103002B04D0B968F86800F05EFB15
:109B9000C1E0BB681B0903F00103002B00F0AB80A0
:109BA0007B681B0903F00103002B00F0A4807B6895
:109BB0009B0B03F00103002B06D17B68DB0B03F04A
:109BC0000103002B00F09080FB68DB6B002B15D0AD
:109BD0007B68DB0B03F00103002B0FD0FB68DB6B12
:109BE0001B689B6C9CB2FB68DB6B1846FCF7B8FDEE
:109BF00003462344002B01D10123FB61FB689B6BCF
:109C0000002B15D07B689B0B03F00103002B0FD0BA
:109C1000FB689B6B1B689B6C9CB2FB689B6B18463C
:109C2000FCF79EFD03462344002B01D10123FB6179
:109C3000FB69012B28D1FB6893F84130DBB2282B5C
:109C400008D1BB69B3F1007F04D1B968F86800F0AE
:109C500079FC48E0FB6893F84130DBB2292B0ED148
:109C6000BB6913F5803F0AD0FB681B681022DA61DC
:109C7000F86800F0D4FDF86800F0BFF933E0FB6845
:109C80001B681022DA6134E0FB681B681022DA617D
:109C9000FB685B6C43F00402FB685A64FB6893F852
:109CA0004130FB75BB69002B03D0BB69B3F1807FEA
:109CB0001FD1FB7D212B02D0FB7D292B03D1FB681B
:109CC00021221A6308E0FB7D222B02D0FB7D2A2B88
:109CD00002D1FB6822221A63FB685B6C1946F868A4
:109CE00000F086FC05E004E0FB681B681022DA61E6
:109CF00011E000BF0FE0BB68DB0803F00103002B9D
:109D000009D07B68DB0803F00103002B03D0B9689E
:109D1000F86800F0B1F8FB68002283F840200023C7
:109D200018462437BD4690BD80B586B002AFF860B6
:109D3000084611461A4603467B810B463B81134673
:109D4000FB80FB88DAB27989204B00934FF0807357
:109D5000F86800F069FFFA69B969F86800F0FAFD7F
:109D60000346002B01D001232CE0FB88012B05D1F9
:109D70003B89DAB2FB681B689A6215E03B891B0AD3
:109D80009BB2DAB2FB681B689A62FA69B969F86833
:109D900000F0E0FD0346002B01D0012312E03B89D7
:109DA000DAB2FB681B689A62FB690093BB69002208
:109DB0008021F86800F075FD0346002B01D00123D7
:109DC00000E0002318461037BD4680BD002000800B
:109DD00080B586B002AFF860084611461A460346C1
:109DE0007B810B463B811346FB80FB88DAB2798985
:109DF000204B00930023F86800F016FFFA69B96958
:109E0000F86800F0A7FD0346002B01D001232CE0E9
:109E1000FB88012B05D13B89DAB2FB681B689A628B
:109E200015E03B891B0A9BB2DAB2FB681B689A6299
:109E3000FA69B969F86800F08DFD0346002B01D07E
:109E4000012312E03B89DAB2FB681B689A62FB6966
:109E50000093BB6900224021F86800F022FD034610
:109E6000002B01D0012300E0002318461037BD4627
:109E700080BD00BF0020008080B584B000AF786056
:109E800039607B6893F84130DBB203F02803282B5C
:109E90006AD17B681B689B691B0CDBB203F0010372
:109EA000FB737B681B689B691B0C9BB203F0FE0372
:109EB000BB817B681B689B689BB2C3F309037B81F2
:109EC0007B681B68DB689BB203F0FE033B817B6809
:109ED000DB68022B38D17B89DB099AB2BB895340FE
:109EE0009BB203F00603002B1CD17B89BB817B68EE
:109EF0009B6C5A1C7B689A647B689B6C022B3BD1E1
:109F00007B6800229A647B681B680822DA617B68A0
:109F1000002283F84020BA89FB7B19467868FFF756
:109F200077F929E03B89BB814FF40041786800F064
:109F300031FF7B68002283F84020BA89FB7B1946F9
:109F40007868FFF765F917E04FF40041786800F092
:109F500021FF7B68002283F84020BA89FB7B1946E9
:109F60007868FFF755F907E07B681B680822DA611B
:109F70007B68002283F8402000BF1037BD4680BDBB
:109F800080B582B000AF78607B68002283F8422001
:109F90007B6893F84130DBB2212B15D17B682022FE
:109FA00083F841207B6811221A637B6800225A6380
:109FB0000121786800F0EEFE7B68002283F84020E3
:109FC0007868FFF7FDF814E07B68202283F84120D1
:109FD0007B6812221A637B6800225A630221786828
:109FE00000F0D8FE7B68002283F840207868FFF7F5
:109FF000F1F800BF0837BD4680BD80B584B000AF22
:10A0000078607B681B681B68FB607B68002283F8B4
:10A010004220FB689B0B03F00103002B08D07B68F8
:10A020001B681A687B681B6822F480421A600DE086
:10A03000FB68DB0B03F00103002B07D07B681B6878
:10A040001A687B681B6822F400421A607B6893F8E8
:10A050004130DBB2292B12D17B68282283F84120C2
:10A060007B6821221A630121786800F093FE7B68E7
:10A07000002283F840207868FFF7B6F817E07B6885
:10A0800093F84130DBB22A2B11D17B68282283F868
:10A0900041207B6822221A630221786800F07AFE50
:10A0A0007B68002283F840207868FFF7A7F800BF9C
:10A0B0001037BD4680BD000080B586B000AF786027
:10A0C00039603B687B617B681B682022DA617B68B2
:10A0D00093F84130DBB2212B07D10121786800F0E1
:10A0E00059FE7B6811221A630CE07B6893F84130BB
:10A0F000DBB2222B06D10221786800F04BFE7B6890
:10A1000012221A637B681B6859687B681A684D4B7A
:10A110000B4053607B6800225A637B684A4ADA62CC
:10A120007B691B0903F00103002B09D07B681B68C6
:10A130001022DA617B685B6C43F004027B685A642E
:10A140007B6893F84130DBB2602B0BD17B699B08B5
:10A1500003F00103002B05D07B681B685B6ADBB250
:10A16000FB60FB68786800F05AFB7B685B6C3B61C6
:10A170007B6893F84130DBB2602B02D03B69002B47
:10A1800006D07B685B6C1946786800F031FA54E0C1
:10A190007B6893F84130DBB2212B24D17B682022ED
:10A1A00083F841207B6800221A637B6893F8423071
:10A1B000DBB2402B0BD17B68002283F842207B6806
:10A1C000002283F840207868FFF73AF835E07B6892
:10A1D000002283F842207B68002283F840207868C0
:10A1E000FEF7EEFF29E07B6893F84130DBB2222BCB
:10A1F00023D17B68202283F841207B6800221A63E8
:10A200007B6893F84230DBB2402B0BD17B68002295
:10A2100083F842207B68002283F840207868FFF7AB
:10A2200019F80AE07B68002283F842207B6800224C
:10A2300083F840207868FEF7CDFF00BF1837BD4691
:10A2400080BD00BF00E800FE0000FFFF90B587B0B2
:10A2500000AF786039607B681B681B683B613B68B6
:10A260007B617B68DB6AFB607B6893F84130FB7243
:10A270007B681B682022DA61FB7A212B02D0FB7AF3
:10A28000292B08D148F20101786800F083FD7B6832
:10A2900021221A6319E0FB7A222B02D0FB7A2A2BA7
:10A2A00008D148F20201786800F074FD7B68222230
:10A2B0001A630AE0FB7A282B07D148F20301786879
:10A2C00000F068FD7B6800221A637B681B685A688F
:10A2D0007B681B6842F400425A607B681B685968BF
:10A2E0007B681A68954B0B405360786800F097FACA
:10A2F0003B699B0B03F00103002B1CD07B681B68A0
:10A300001A687B681B6822F480421A607B689B6B2A
:10A31000002B32D07B689B6B1B689B6C9CB27B686C
:10A320009B6B1846FCF71CFA03469BB223449AB277
:10A330007B685A8521E03B69DB0B03F00103002BAE
:10A340001BD07B681B681A687B681B6822F400427C
:10A350001A607B68DB6B002B0FD07B68DB6B1B68A4
:10A360009B6C9CB27B68DB6B1846FCF7F9F90346E3
:10A370009BB223449AB27B685A857B699B0803F0A1
:10A380000103002B20D07B6923F004037B617B68F1
:10A390001B685A6A7B685B6AD2B21A707B685B6A18
:10A3A0005A1C7B685A627B681B8D002B0CD07B6823
:10A3B0001B8D013B9AB27B681A857B685B8D9BB2D3
:10A3C000013B9AB27B685A857B685B8D9BB2002B00
:10A3D00005D07B685B6C43F004027B685A647B6940
:10A3E0001B0903F00103002B4AD03B691B0903F052
:10A3F0000103002B44D07B685B8D9BB2002B28D1DE
:10A400007B6893F84130DBB2282B08D1FB68B3F1AD
:10A41000007F04D17969786800F094F830E07B68B7
:10A4200093F84130DBB2292B0ED1FB6813F5803F46
:10A430000AD07B681B681022DA61786800F0EFF9B7
:10A440007868FFF7DAFD1BE07B681B681022DA6191
:10A4500016E07B681B681022DA617B685B6C43F056
:10A4600004027B685A64FB68002B03D0FB68B3F1DD
:10A47000807F05D17B685B6C1946786800F0B8F87E
:10A480007B68002283F842207B6800225A637B6845
:10A490005B6C002B10D07B685B6C1946786800F011
:10A4A000A7F87B6893F84130DBB2282B41D179695A
:10A4B000786800F047F83CE07B68DB6A13F5803F82
:10A4C00014D07868FFF799FD7B681D4ADA627B68D3
:10A4D000202283F841207B6800221A637B680022D7
:10A4E00083F840207868FEF7A1FE22E07B6893F8AD
:10A4F0004130DBB2222B0ED17B68202283F8412031
:10A500007B6800221A637B68002283F84020786809
:10A51000FEF774FE0DE07B68202283F841207B6803
:10A5200000221A637B68002283F840207868FEF7D7
:10A530005BFE00BF1C37BD4690BD00BF00E800FEBB
:10A540000000FFFF80B582B000AF786039607B68A3
:10A55000264ADA627B6800221A637B68202283F82D
:10A5600041207B68002283F842207B6800225A63E6
:10A570003B689B0803F00103002B22D07B681B681B
:10A580005A6A7B685B6AD2B21A707B685B6A5A1C33
:10A590007B685A627B681B8D002B12D07B681B8DF9
:10A5A000013B9AB27B681A857B685B8D9BB2013B4D
:10A5B0009AB27B685A857B685B6C43F004027B68C7
:10A5C0005A6448F20301786800F0E4FB7B681B687A
:10A5D0001022DA617B68002283F840207868FEF759
:10A5E00025FE00BF0837BD4680BD00BF0000FFFF4D
:10A5F00080B584B000AF786039607B6893F84130F3
:10A60000FB737B68002283F842207B686D4ADA6224
:10A610007B6800225A857B685A6C3B681A437B68CA
:10A620005A64FB7B282B05D0FB7B292B02D0FB7BBC
:10A630002A2B0BD10321786800F0ACFB7B68282221
:10A6400083F841207B68604A5A6330E048F2030196
:10A65000786800F09FFB786800F0E1F87B6893F879
:10A660004130DBB2602B1FD07B68202283F8412071
:10A670007B681B689B6903F02003202B14D17B6847
:10A680001B689B6903F01003102B09D17B681B68C2
:10A690001022DA617B685B6C43F004027B685A64C9
:10A6A0007B681B682022DA617B6800225A637B6822
:10A6B0001B6BBB607B689B6B002B39D0BB68112B7D
:10A6C00002D0BB68212B33D17B681B681B6803F465
:10A6D0008043B3F5804F07D17B681B681A687B689D
:10A6E0001B6822F480421A607B689B6B1846FBF75C
:10A6F00091FC0346012B17D07B689B6B334ADA66CB
:10A700007B68002283F840207B689B6B1846FBF730
:10A71000F7FA0346002B4DD07B689B6BDB6E7A68A3
:10A72000926B1046984745E0786800F051F841E098
:10A730007B68DB6B002B39D0BB68122B02D0BB6867
:10A74000222B33D17B681B681B6803F40043B3F5ED
:10A75000004F07D17B681B681A687B681B6822F46E
:10A7600000421A607B68DB6B1846FBF753FC03461C
:10A77000012B17D07B68DB6B144ADA667B680022FA
:10A7800083F840207B68DB6B1846FBF7B9FA034679
:10A79000002B11D07B68DB6BDB6E7A68D26B1046C6
:10A7A000984709E0786800F013F805E0786800F051
:10A7B0000FF802E000BF00E000BF00BF1037BD4649
:10A7C00080BD00BF0000FFFFF594010867A80108E5
:10A7D00080B582B000AF78607B6893F84130DBB21F
:10A7E000602B0ED17B68202283F841207B680022F9
:10A7F0001A637B68002283F840207868FEF73EFDEC
:10A8000009E07B6800221A637B68002283F84020FD
:10A810007868FEF729FD00BF0837BD4680BD80B4CB
:10A8200083B000AF78607B681B689B6903F002030C
:10A83000022B03D17B681B6800229A627B681B682D
:10A840009B6903F00103012B07D07B681B689A69A1
:10A850007B681B6842F001029A6100BF0C37BD465D
:10A860005DF8047B704780B584B000AF78607B688A
:10A87000DB6DFB60FB689B6B002B03D0FB689B6B65
:10A880000022DA66FB68DB6B002B03D0FB68DB6B16
:10A890000022DA66F868FFF79BFF00BF1037BD465D
:10A8A00080BD80B584B000AFF860B9603B601346EE
:10A8B000FB713BE0BA693968F86800F0D5F80346E7
:10A8C000002B01D0012341E03B68B3F1FF3F2DD0C5
:10A8D000F7F794FB0246BB69D31A3A689A4202D34F
:10A8E0003B68002B22D1FB681B689A69BB68134048
:10A8F000BA689A420CBF01230023DBB21A46FB79E7
:10A900009A4213D1FB685B6C43F02002FB685A64E7
:10A91000FB68202283F84120FB68002283F8422054
:10A92000FB68002283F8402001230FE0FB681B68CE
:10A930009A69BB681340BA689A420CBF012300238E
:10A94000DBB21A46FB799A42B4D00023184610377E
:10A95000BD4680BD80B584B000AFF860B9607A6054
:10A9600033E07A68B968F86800F07EF80346002B97
:10A9700001D0012331E0BB68B3F1FF3F25D0F7F7E9
:10A980003DFB02467B68D31ABA689A4202D3BB6881
:10A99000002B1AD1FB681B689B6903F00203022B92
:10A9A00013D0FB685B6C43F02002FB685A64FB68C1
:10A9B000202283F84120FB68002283F84220FB68B4
:10A9C000002283F84020012307E0FB681B689B6995
:10A9D00003F00203022BC4D1002318461037BD46F2
:10A9E00080BD80B584B000AFF860B9607A602FE0B8
:10A9F0007A68B968F86800F037F80346002B01D090
:10AA000001232DE0F7F7FAFA02467B68D31ABA68F9
:10AA10009A4202D3BB68002B1AD1FB681B689B6962
:10AA200003F02003202B13D0FB685B6C43F0200263
:10AA3000FB685A64FB68202283F84120FB680022EF
:10AA400083F84220FB68002283F84020012307E0BE
:10AA5000FB681B689B6903F02003202BC8D10023EF
:10AA600018461037BD4680BD80B58AB000AFF8608B
:10AA7000B9607A60002387F82730FB681B689B6900
:10AA8000BB6100233B627B68FB61BB6903F0100381
:10AA9000002B68D0FB681B681022DA6149E0BB68B4
:10AAA000B3F1FF3F45D0F7F7A9FA0246FB69D31A85
:10AAB000BA689A4202D3BB68002B3AD1FB681B6884
:10AAC0005B6803F480437B61FB6893F84230FB745E
:10AAD000FB681B689B6903F40043B3F5004F21D169
:10AAE0007B69B3F5804F1DD0FB7C202B1AD0FB680F
:10AAF0001B685A68FB681B6842F480425A60F7F78B
:10AB00007DFAF8610EE0F7F779FA0246FB69D31A8D
:10AB1000192B07D93B6A43F020033B62012387F8D6
:10AB2000273006E0FB681B689B6903F02003202B9D
:10AB3000E9D1FB681B689B6903F02003202B03D03D
:10AB400097F82730002BAAD097F82730002B03D195
:10AB5000FB681B682022DA613B6A43F004033B6216
:10AB6000012387F82730FB681B689B69BB61BB69C1
:10AB700003F48073002B0BD03B6A43F001033B626C
:10AB8000FB681B684FF48072DA61012387F8273075
:10AB9000BB6903F48063002B0BD03B6A43F00803CE
:10ABA0003B62FB681B684FF48062DA61012387F81F
:10ABB0002730BB6903F40073002B0BD03B6A43F0D2
:10ABC00002033B62FB681B684FF40072DA610123E9
:10ABD00087F8273097F82730002B1CD0F868FFF74C
:10ABE0001EFEFB681B685968FB681A680D4B0B401A
:10ABF0005360FB685A6C3B6A1A43FB685A64FB68F3
:10AC0000202283F84120FB68002283F84220FB6861
:10AC1000002283F8402097F8273018462837BD4691
:10AC200080BD00BF00E800FE80B487B000AFF860D0
:10AC30007B600B467B8113467B727B89C3F30902E1
:10AC40007B7A1B0403F47F031A437B681A433B6A35
:10AC5000134323F000437B61FB681B685A683B6A1F
:10AC60005B0D03F48061084B0B43DB4302EA0301F5
:10AC7000FB681B687A690A435A6000BF1C37BD46EF
:10AC80005DF8047B704700BFFF63FF0380B485B0AD
:10AC900000AF78600B467B800023FB607B685B6BBA
:10ACA000394A934232D07B685B6B384A93422DD04D
:10ACB0007B685B6B364A934228D0B7F90230002B91
:10ACC00003DAFB6843F0B803FB607B8803F0010301
:10ACD000002B03D0FB6843F0F203FB607B8803F09A
:10ACE0000203002B03D0FB6843F0F403FB607B8876
:10ACF000102B03D1FB6843F09003FB607B88202B73
:10AD000033D1FB6843F02003FB602EE0B7F902303B
:10AD1000002B03DAFB6843F0B803FB607B8803F089
:10AD20000103002B03D0FB6843F0F203FB607B8838
:10AD300003F00203002B03D0FB6843F0F403FB6035
:10AD40007B88102B03D1FB6843F09003FB607B886A
:10AD5000202B03D1FB6843F06003FB607B88402B12
:10AD600003D1FB6843F04003FB607B681B681968F4
:10AD70007B681B68FA680A431A6000BF1437BD4637
:10AD80005DF8047B704700BFFD960108459B0108F4
:10AD9000E598010880B485B000AF78600B467B80F1
:10ADA0000023FB607B8803F00103002B0FD0FB68BE
:10ADB00043F04203FB607B6893F84130DBB203F061
:10ADC0002803282B03D0FB6843F0B003FB607B888B
:10ADD00003F00203002B0FD0FB6843F04403FB6039
:10ADE0007B6893F84130DBB203F02803282B03D0B3
:10ADF000FB6843F0B003FB60B7F90230002B03DAC5
:10AE0000FB6843F0B803FB607B88102B03D1FB6821
:10AE100043F09003FB607B88202B03D1FB6843F059
:10AE20002003FB607B88402B03D1FB6843F0400389
:10AE3000FB607B681B681968FB68DA437B681B68EA
:10AE40000A401A6000BF1437BD465DF8047B7047A6
:10AE500080B483B000AF786039607B6893F841308C
:10AE6000DBB2202B38D17B6893F84030012B01D125
:10AE7000022332E07B68012283F840207B68242291
:10AE800083F841207B681B681A687B681B6822F086
:10AE900001021A607B681B681A687B681B6822F4D1
:10AEA00080521A607B681B6819687B681B683A6867
:10AEB0000A431A607B681B681A687B681B6842F04B
:10AEC00001021A607B68202283F841207B680022FF
:10AED00083F84020002300E0022318460C37BD46CB
:10AEE0005DF8047B704780B485B000AF786039604E
:10AEF0007B6893F84130DBB2202B39D17B6893F823
:10AF00004030012B01D1022333E07B68012283F81A
:10AF100040207B68242283F841207B681B681A68E4
:10AF20007B681B6822F001021A607B681B681B6843
:10AF3000FB60FB6823F47063FB603B681B02FA68EC
:10AF40001343FB607B681B68FA681A607B681B68A8
:10AF50001A687B681B6842F001021A607B68202235
:10AF600083F841207B68002283F84020002300E022
:10AF7000022318461437BD465DF8047B7047000075
:10AF800080B400AF054B1B68044A43F00103136013
:10AF900000231846BD465DF8047B7047000403405B
:10AFA00080B582B000AF0A4B5B6803F00103002B51
:10AFB00005D1074B1B68064A43F00203136000F0FB
:10AFC00009F80346FB71FB7918460837BD4680BD7A
:10AFD0000004034080B582B000AF0023FB71144B26
:10AFE0005B6803F00103002B19D0F7F707F838600E
:10AFF0000FE0F7F703F802463B68D31A012B08D994
:10B000000B4B5B6803F00203002B02D10323FB719F
:10B0100005E0074B5B6803F00203002BE9D0044B0B
:10B020000222DA60FB7918460837BD4680BD00BFB2
:10B030000004034080B582B000AF174B5B687B60B3
:10B04000154B9B683B607A683B68134003F0040330
:10B05000002B0AD0104B9B680F4A23F00403936027
:10B060000D4B0422DA6000F020F87A683B68134048
:10B0700003F00203002B0AD0074B9B68064A23F01B
:10B0800002039360044B0222DA6000F007F800BF6D
:10B090000837BD4680BD00BF0004034080B400AF48
:10B0A00000BFBD465DF8047B704780B400AF00BFB1
:10B0B000BD465DF8047B704780B584B000AF786012
:10B0C0007B68002B01D1012357E0786800F059F824
:10B0D0007B681B684CF6CC421A607B681B6845F2A3
:10B0E00055521A607B681B687A6852685A607B68A0
:10B0F0001B687A6892689A607B681B69002B05D18F
:10B100007B681B684FF480425A6106E07B681A69CD
:10B110007B681B6842F440425A61F6F76FFFF860A3
:10B1200011E0F6F76BFF0246FB68D31A41F2010209
:10B13000934208D97B681B68DB6803F00F03002B80
:10B1400001D0032319E07B681B68DB6803F00F0361
:10B15000002BE6D17B681B681A697B68DB689A4222
:10B1600005D07B681B687A68D2681A6104E07B6846
:10B170001B684AF6AA221A60002318461037BD46FB
:10B1800080BD80B483B000AF786000BF0C37BD468F
:10B190005DF8047B704780B483B000AF78607B6853
:10B1A0001B684AF6AA221A60002318460C37BD46CF
:10B1B0005DF8047B704780B582B000AF78607B6833
:10B1C0001B68DB6803F48043002B0AD07B681B6894
:10B1D0005A697B681B6842F480425A617868E6F7D6
:10B1E0004DFF00BF0837BD4680BD000080B584B06C
:10B1F00000AF78607B68002B01D10123E7E07B681A
:10B200005B68012B7B6893F84A30DBB2002B06D1D8
:10B210007B68002283F849207868F5F7ABFB7B68F0
:10B22000022283F84A207B681B681A697B681B68C6
:10B2300042F001021A617B681B684FF480725A6009
:10B240007B681B687A68526B9A624FF480717868E9
:10B2500000F03CFB0346032B01D10323B7E07B68DE
:10B260001B6810225A607B681B687A68126A9A61B0
:10B270001021786800F02AFB0346032B01D1032339
:10B28000A5E07B681B68DB6A03F00203002B0ED18C
:10B290007B681B68DB6A03F40033002B07D17B68F3
:10B2A0001B681A697B681B6822F001021A617B68BF
:10B2B0001B68DB68FB607B685B68012B04D07B68E4
:10B2C0009B6AB3F5000F03D1FB6823F01E03FB60FC
:10B2D0007B685B694FF6FF72934205D0FB6823F4ED
:10B2E000604323F0C003FB60FA683B4B1340FB60F4
:10B2F0007B685A687B689B681A437B685B6A1A4361
:10B300007B689B6A1343FA681343FB607B685B6846
:10B31000002B07D17B68DA697B681B691343FA68E5
:10B320001343FB607B685B68012B04D07B689B6ADE
:10B33000B3F5000F07D17B68DA687B681B6913439C
:10B34000FA681343FB607B685B694FF6FF729342B8
:10B350000AD07B685A697B689B691A437B68DB6902
:10B360001343FA681343FB607B681B68FA68DA6072
:10B370007B681B68194A934204D07B681B68184A93
:10B38000934208D17B68D96A7B681A6B7B681B681B
:10B390000A435A620EE07B681B68124A934204D04B
:10B3A0007B681B68104A934204D17B681B687A68EB
:10B3B000D26A5A627B68012283F84B207B680122A3
:10B3C00083F84C207B68012283F84A20002318462A
:10B3D0001037BD4680BD00BFFEF139FF0044004676
:10B3E0000094004000480046004C004680B582B002
:10B3F00000AF78607B68022283F84A207B685B6834
:10B40000012B0CD07B689B6AB3F5000F07D17B68DA
:10B410001B68DA687B681B6822F46062DA607B680C
:10B420001B681A697B681B6842F001021A617B681D
:10B430001B684FF080725A607B681B689A687B6853
:10B440001B6842F4C9729A604FF08071786800F00E
:10B450003DFA0346032B01D103230CE07B681B68F4
:10B460001A697B681B6842F004021A617B6801223A
:10B4700083F84A20002318460837BD4680BD80B5B2
:10B4800082B000AF78607B68022283F84A207B6834
:10B490001B68DB6A03F00203002B0ED17B681B687C
:10B4A000DB6A03F40033002B07D17B681B681A6941
:10B4B0007B681B6822F001021A617B681B681A69AD
:10B4C0007B681B6842F001021A617B681B684FF0C1
:10B4D00080725A607B681B689A687B681B6822F4DC
:10B4E000C9729A604FF08071786800F0EFF90346F6
:10B4F000032B01D103231AE07B681B68DB6A03F08E
:10B500000203002B0ED17B681B68DB6A03F4003357
:10B51000002B07D17B681B681A697B681B6822F0C7
:10B5200001021A617B68012283F84A200023184631
:10B530000837BD4680BD80B582B000AF78607B68BB
:10B540001B681B6803F00103012B20D17B681B687B
:10B550009B6803F00103012B19D17B681B68012252
:10B560005A607B68012283F838207B681B68DB6A9D
:10B5700003F00103002B03D0786800F092F902E099
:10B58000786800F03EF97B68002283F838207B68F9
:10B590001B681B6803F40073B3F5007F22D17B683E
:10B5A0001B689B6803F40073B3F5007F1AD17B68B6
:10B5B0001B684FF400725A607B68022283F83820BF
:10B5C0007B681B68DB6A03F48033002B03D0786848
:10B5D00000F067F902E0786800F013F97B68002258
:10B5E00083F838207B681B681B6803F48053B3F52D
:10B5F000805F17D17B681B689B6803F48053B3F5A9
:10B60000805F0FD17B681B684FF480525A607B6863
:10B61000012283F83820786800F04DF97B68002219
:10B6200083F838207B681B681B6803F40053B3F56C
:10B63000005F17D17B681B689B6803F40053B3F568
:10B64000005F0FD17B681B684FF400525A607B6823
:10B65000022283F83820786800F02DF97B680022F8
:10B6600083F838207B681B681B6803F00203022BF9
:10B670000DD17B681B689B6803F00203022B06D187
:10B680007B681B6802225A60786800F0C4F87B6807
:10B690001B681B6803F00403042B0DD17B681B6837
:10B6A0009B6803F00403042B06D17B681B6804220B
:10B6B0005A60786800F0B9F87B681B681B6803F073
:10B6C0000803082B11D17B681B689B6803F00803F3
:10B6D000082B0AD17B681B6808225A607B6801220C
:10B6E00083F83820786800F0AAF87B681B681B682C
:10B6F00003F40023B3F5002F13D17B681B689B680C
:10B7000003F40023B3F5002F0BD17B681B684FF4C3
:10B7100000225A607B68022283F83820786800F0A3
:10B720008EF87B681B681B6803F01003102B0DD18B
:10B730007B681B689B6803F01003102B06D17B68A5
:10B740001B6810225A60786800F083F87B681B68D9
:10B750001B6803F02003202B0DD17B681B689B68BE
:10B7600003F02003202B06D17B681B6820225A603F
:10B77000786800F078F87B681B681B6803F040036A
:10B78000402B0DD17B681B689B6803F04003402B66
:10B7900006D17B681B6840225A60786800F06DF81B
:10B7A0007B681B681B6803F08003802B0DD17B68CE
:10B7B0001B689B6803F08003802B06D17B681B68A5
:10B7C00080225A607868EFF747FE7B681B681B6829
:10B7D00003F48073B3F5807F0FD17B681B689B688F
:10B7E00003F48073B3F5807F07D17B681B684FF447
:10B7F00080725A60786800F04AF800BF0837BD468A
:10B8000080BD80B483B000AF786000BF0C37BD4608
:10B810005DF8047B704780B483B000AF786000BFF0
:10B820000C37BD465DF8047B704780B483B000AF31
:10B83000786000BF0C37BD465DF8047B704780B46C
:10B8400083B000AF786000BF0C37BD465DF8047B65
:10B85000704780B483B000AF786000BF0C37BD463E
:10B860005DF8047B704780B483B000AF786000BFA0
:10B870000C37BD465DF8047B704780B483B000AFE1
:10B88000786000BF0C37BD465DF8047B704780B41C
:10B8900083B000AF786000BF0C37BD465DF8047B15
:10B8A000704780B483B000AF786000BF0C37BD46EE
:10B8B0005DF8047B704780B483B000AF786000BF50
:10B8C0000C37BD465DF8047B7047000080B485B03E
:10B8D00000AF786039600023FB73124B1B68124A7B
:10B8E000A2FB03239B0B4FF47A7202FB03F3BB60B2
:10B8F000BB68013BBB60BB68002B01D10323FB731A
:10B900007B681B681A683B6813403A689A4202D009
:10B91000BB68002BECD1FB7B18461437BD465DF8A5
:10B92000047B7047501A00205917B7D180B586B0F4
:10B9300002AF78600023FB737B68002B44D07B68E8
:10B940001B79DBB2002B02D17868F5F74BFA7B68E4
:10B9500002221A71F6F752FBB8600EE07B681B6892
:10B9600001221A60F6F74AFB0246BB68D31AB3F508
:10B970007A7F02D90323FB7306E07B681B681B6890
:10B9800003F00103012BE9D1F6F738FBB86041F26F
:10B9900088330093BB6800220121786800F0CDFC59
:10B9A0000346002B01D0032311E07B681B689A68D3
:10B9B0007B681B6842F468129A607B6800229A6078
:10B9C0007B6801221A7101E00123FB73FB7B18469F
:10B9D0001037BD4680BD80B584B000AFF860B96057
:10B9E0007A60B968F86800F011FB7A682621F86877
:10B9F00000F0A0FA034618461037BD4680BD80B45B
:10BA000083B000AF78607B681B68D3F8D0354DF207
:10BA10000D62934201D1012300E0002318460C3748
:10BA2000BD465DF8047B704780B586B000AF786096
:10BA3000786800F007F978617B681B681B683B61D8
:10BA40007B681B685B68FB603B6903F48013002B19
:10BA50000FD0FB6803F48013002B0AD07B689B682F
:10BA600043F001027B689A607B681B684FF4801288
:10BA70009A603B6903F40023002B0FD0FB6803F4AA
:10BA80000023002B0AD07B689B6843F002027B688E
:10BA90009A607B681B684FF400229A603B6903F44C
:10BAA0000013002B0FD0FB6803F40013002B0AD007
:10BAB0007B689B6843F008027B689A607B681B6820
:10BAC0004FF400129A607B69032B6BD07B69032BC8
:10BAD00079D37B692F2B76D87B69202B73D37B6935
:10BAE000203B0F2B6FD801A252F823F087BB01082F
:10BAF000C7BB0108C7BB0108C7BB01082DBB0108B4
:10BB0000C7BB0108C7BB01084BBB0108C7BB010885
:10BB1000C7BB0108C7BB0108C7BB0108C7BB0108F9
:10BB2000C7BB0108C7BB010869BB01087B681B686C
:10BB3000D3F8E03F4DF20D62934246D07B689B689C
:10BB400043F008027B689A603FE07B681B68D3F88B
:10BB500020354DF20D62934239D07B689B6843F0EB
:10BB600008027B689A6032E07B681B68D3F88036F5
:10BB70004DF20D6293422CD07B689B6843F0080223
:10BB80007B689A6025E07B681B68D3F880364DF2AD
:10BB90000D6293421FD07B689B6843F008027B686C
:10BBA0009A6018E07B681B6803F58053D3F89832DD
:10BBB0004DF20D62934210D07B689B6843F00802FF
:10BBC0007B689A6009E000BF08E000BF06E000BFA4
:10BBD00004E000BF02E000BF00E000BF7B689B689C
:10BBE000002B02D0786800F023F83B6903F400339F
:10BBF000002B0FD0FB6803F40033002B0AD07B68C6
:10BC00001B684FF400329A607B6801221A717868D1
:10BC100000F004F800BF1837BD4680BD80B483B083
:10BC200000AF786000BF0C37BD465DF8047B7047FD
:10BC300080B483B000AF786000BF0C37BD465DF8BC
:10BC4000047B704780B483B000AF78607B681B686A
:10BC50001B681B0A03F03F0318460C37BD465DF80E
:10BC6000047B704780B584B000AFF860B9607A603B
:10BC700010E0BB68B3F1FF3F0CD0F6F7BFF9024606
:10BC80007B68D31ABA689A4202D3BB68002B01D1F1
:10BC9000032307E0FB681B685B6803F40033002B99
:10BCA000E7D0002318461037BD4680BD80B485B06C
:10BCB00000AF786039600023FB607B681B685B68BD
:10BCC00003F40023B3F5002F03D1FB6843F0020314
:10BCD000FB607B681B685B6803F48013B3F5801F0F
:10BCE00003D1FB6843F00103FB607B681B685B6862
:10BCF00003F40013B3F5001F03D1FB6843F00803FE
:10BD0000FB603B68242B0BD17B681B68D3F8E03FBA
:10BD10004DF20D62934203D0FB6843F00803FB60D1
:10BD20003B68272B0BD17B681B68D3F820354DF27D
:10BD30000D62934203D0FB6843F00803FB603B684D
:10BD40002F2B0BD17B681B68D3F880364DF20D6228
:10BD5000934203D0FB6843F00803FB603B68202B51
:10BD60000BD17B681B68D3F880364DF20D6293428D
:10BD700003D0FB6843F00803FB603B68032B0DD145
:10BD80007B681B6803F58053D3F898324DF20D623F
:10BD9000934203D0FB6843F00803FB60FB6818463E
:10BDA0001437BD465DF8047B704780B485B000AFA2
:10BDB00078600B46FB70FB78BB60BB68002B01D141
:10BDC000202303E0BB68B3FA83F3DBB2C3F12003A3
:10BDD000FB607B68013BDA00FB68134418461437AC
:10BDE000BD465DF8047B704780B487B000AFF86053
:10BDF000B9607A60FB68002B00F09680BB68002B6E
:10BE000000F0928000237B6130E07B699B007A68C0
:10BE1000D31A013BBA6813441B7819467B699B000F
:10BE20007A68D31A023BBA6813441B781B0241EAB2
:10BE300003027B699B007968CB1A033BB9680B440A
:10BE40001B781B0442EA03017B699B007A68D31AC2
:10BE5000043BBA6813441B781A067B699B00F86898
:10BE600003440A431A607B6901337B617B689B084A
:10BE70007A699A42C9D37B6803F00303012B0ED180
:10BE80007B699B007A68D31A013BBA68134419781E
:10BE90007B699B00FA6813440A461A6044E07B6899
:10BEA00003F00303022B18D17B699B007A68D31A35
:10BEB000013BBA6813441B7818467B699B007A687B
:10BEC000D31A023BBA6813441B781A027B699B00A1
:10BED000F9680B4402431A6026E07B6803F0030311
:10BEE000032B21D17B699B007A68D31A013BBA6886
:10BEF00013441B7819467B699B007A68D31A023B6E
:10BF0000BA6813441B781B0219437B699B007A684B
:10BF1000D31A033BBA6813441B781A047B699B004D
:10BF2000F86803440A431A6000BF1C37BD465DF839
:10BF3000047B704780B586B000AFF860B9607A6066
:10BF40000023FB75FB681B79DBB2012B57D1FB6823
:10BF500002221A71FB6800229A60F6F74FF83861E6
:10BF6000FB681B681B6823F4681323F47C53BA68CE
:10BF70001102FA6812680B431360FB681B681A68A9
:10BF8000FB681B6842F002021A603A697968F86837
:10BF9000FFF768FE0346002B15D0FB681B681A6884
:10BFA000FB681B6822F001021A60FB689B6843F083
:10BFB0000402FB689A60FB681B681A68FB681B68D0
:10BFC00042F001021A60B968F868FFF76FFE024696
:10BFD000FB689B681A43FB689A60FB681B689A6859
:10BFE000FB681B6842F468129A60FB6801221A71B0
:10BFF000FB689B68002B04D00123FB7501E0012343
:10C00000FB75FB7D18461837BD4680BD90B583B0E3
:10C0100000AF786039603B681A683B681B6B197821
:10C020007B681C681046FFF7C0FE0346C4F808345E
:10C030003B685A683B681B6919787B681C68104626
:10C04000FFF7B3FE0346C4F8C8347B681B683A6840
:10C050009268C3F868247B681B6803F58E603B68B0
:10C06000D9683B685B681A46FFF7BEFE7B681B68B1
:10C070003A685268033292081C3202F5807200213D
:10C0800043F822107B681B683A68526803329208B2
:10C090001D3202F58072002143F822107B681B6874
:10C0A00003F59A603B6819693B685B681A46FFF7BD
:10C0B0009BFE7B681B683A685268033292083432F0
:10C0C00002F58072002143F822107B681B683A68F1
:10C0D000526803329208353202F58072002143F82B
:10C0E00022107B681B6803F5CF603B6859693B6889
:10C0F0005B681A46FFF778FE7B681B683A685268EF
:10C10000033292089E3202F58072002143F8221019
:10C110007B681B683A685268033292089F3202F5C6
:10C120008072002143F822107B681B6803F5DA60F7
:10C130003B6899693B685B681A46FFF755FE7B6868
:10C140001B683A68526803329208B43202F5807272
:10C15000002143F822107B681B683A68526803325A
:10C160009208B53202F58072002143F822107B68F4
:10C170001B6803F5975318333A68D1693A685268D7
:10C180001846FFF731FE7B681B683A685268033235
:10C19000920802F2BE3202F58072002143F82210AA
:10C1A0007B681B683A6852680332920802F2BF3219
:10C1B00002F58072002143F822107B681B6803F5AA
:10C1C0009A5310333A68116A3A6852681846FFF772
:10C1D0000BFE7B681B683A6852680332920802F5CE
:10C1E000757202F58072002143F822107B681B688B
:10C1F0003A6852680332920802F2D53202F5807230
:10C20000002143F822107B681B6803F587503B68C8
:10C21000596A3B681B681A46FFF7E6FD7B681B6896
:10C220003A6812680332920802F54E7202F5807283
:10C23000002143F822107B681B683A6812680332B9
:10C24000920802F2393202F58072002143F822107E
:10C250007B681B6803F668403B68996A3B681B680B
:10C260001A46FFF7C1FD7B681B683A681268033203
:10C27000920802F21A2202F58072002143F822107D
:10C280007B681B683A6812680332920802F21B222C
:10C2900002F58072002143F822107B681B6803F5C9
:10C2A0009D5308333A68D16A3A6812681846FFF716
:10C2B0009BFD7B681B683A6812680332920802F2A1
:10C2C000EA3202F58072002143F822107B681B6875
:10C2D0003A6812680332920802F2EB3202F5807279
:10C2E000002143F822107B681B6803F58453083350
:10C2F0003A68116B3A6812681846FFF775FD7B685B
:10C300001B683A6812680332920802F2223202F580
:10C310008072002143F822107B681B683A6812681B
:10C320000332920802F2233202F58072002143F8B0
:10C33000221000BF0C37BD4690BD80B584B000AF61
:10C34000F860B9603B601346FB7116E0BB69B3F15E
:10C35000FF3F12D0F5F752FE02463B68D31ABA6986
:10C360009A4202D3BB69002B07D1FB6801221A71E4
:10C37000FB6804229A6003230FE0FB681B685A687D
:10C38000BB681340BA689A420CBF01230023DBB29A
:10C390001A46FB799A42D9D0002318461037BD4679
:10C3A00080BD000080B400AF054B9B6A044A43F097
:10C3B0000103936200BFBD465DF8047B704700BF78
:10C3C0000008024680B483B000AF78600B46FB7073
:10C3D000114B1B68104A23F0070313600F4B1B69B6
:10C3E0000E4A43F004031361FB78012B01D130BFE7
:10C3F00005E0FB78032B01D040BF20BF20BF074BD7
:10C400001B69064A23F00403136100BF0C37BD46C5
:10C410005DF8047B704700BF0008024600ED00E0B5
:10C4200080B485B000AF7860394BDB6B03F44033E8
:10C43000BB60BA687B689A420BD17B68B3F5803FDA
:10C4400005D9334BDB68324A43F48023D3600023A1
:10C4500057E07B68B3F5803F0AD92D4BDB6823F4A6
:10C46000E0227B6813432A4A43F48023D36007E029
:10C47000274BDB6823F4E02225497B681343CB601C
:10C48000244B1B68244AA2FB03239B09322202FB94
:10C4900003F3214AA2FB03239B090133FB6002E063
:10C4A000FB68013BFB601A4BDB6803F40043002B85
:10C4B00002D1FB68002BF3D1FB68002B1BD0154B7E
:10C4C0001B68154AA2FB03239B09322202FB03F3DC
:10C4D000114AA2FB03239B090133FB6002E0FB68C6
:10C4E000013BFB600A4BDB6B03F40043002B02D1E2
:10C4F000FB68002BF3D1FB68002B01D1032300E084
:10C50000002318461437BD465DF8047B704700BF12
:10C5100000080246501A0020D34D621080B400AFCC
:10C52000044BDB6B03F440331846BD465DF8047BD7
:10C53000704700BF0008024680B485B000AF786045
:10C54000224B1B68224AA2FB03239B09322202FBD7
:10C5500003F31F4AA2FB03239B090133FB607B68A3
:10C56000002B13D11B4B9B681A4A23F002039360E4
:10C5700002E0FB68013BFB60164BDB6B03F0020340
:10C58000022B16D1FB68002BF3D112E0114B9B68F4
:10C59000104A43F00203936002E0FB68013BFB603A
:10C5A0000C4BDB6B03F00203002B02D1FB68002B6A
:10C5B000F3D1FB68002B01D1032300E000231846D0
:10C5C0001437BD465DF8047B704700BF501A002049
:10C5D000D34D62100008024680B400AF054B1B69C2
:10C5E000044A43F00053136100BFBD465DF8047B6D
:10C5F000704700BF0008024680B400AF054B1B69BE
:10C60000044A43F08043136100BFBD465DF8047BDC
:10C61000704700BF0008024680B400AF054BDB6ADC
:10C62000044A43F00103D36200BFBD465DF8047BBA
:10C63000704700BF0008024680B58EB000AF78603A
:10C64000002387F837307B68002B02D1012300F0EC
:10C65000C8BE994BDB6903F00C033B63964B9B6AA6
:10C6600003F00303FB627B681B6803F01003002BDD
:10C6700000F06C813B6B002B07D03B6B0C2B40F028
:10C68000DE80FB6A012B40F0DA807B68DB69002BDF
:10C6900002D1012300F0A5BE7B685A6A864B9B68D5
:10C6A00003F40003002B04D0834B9B6803F070431A
:10C6B00005E0814BD3F8F4301B0403F07043934240
:10C6C00055D23B6B002B0AD17B685B6A184601F0A0
:10C6D000DDF90346002B02D0012300F082BE764B29
:10C6E0009B68754A43F400039360734B9B6823F087
:10C6F00070427B685B6A704913438B607B685B6A3E
:10C70000B3F1404F09D36C4BDB6823F01F027B6809
:10C710001B6A69491343CB607EE07B685B6A002B30
:10C720000ADA654BDB6823F478727B681B6A5B016D
:10C7300061491343CB606FE07B685B6AB3F1804F64
:10C740000AD35D4BDB6823F4F8427B681B6A9B02CB
:10C7500059491343CB605FE0574BDB6823F47822E1
:10C760007B681B6ADB0354491343CB6054E0524B94
:10C770009B68514A43F4000393604F4B9B6823F03E
:10C7800070427B685B6A4C4913438B607B685B6AD1
:10C79000B3F1404F09D3484BDB6823F01F027B689D
:10C7A0001B6A45491343CB6028E07B685B6A002B1A
:10C7B0000ADA414BDB6823F478727B681B6A5B0101
:10C7C0003D491343CB6019E07B685B6AB3F1804F4E
:10C7D0000AD3394BDB6823F4F8427B681B6A9B025F
:10C7E00035491343CB6009E0334BDB6823F47822EF
:10C7F0007B681B6ADB0330491343CB603B6B002B28
:10C800000AD17B685B6A184601F040F90346002BA9
:10C8100002D0012300F0E5BD01F0E2F8274B1B68D0
:10C820001846F5F775FB034687F8273097F8273049
:10C83000002B00F08A8097F8273000F0D2BD7B688B
:10C84000DB69002B66D01C4B1B681B4A43F00103BD
:10C850001360F5F7D3FBB86209E0F5F7CFFB0246AA
:10C86000BB6AD31A022B02D9032300F0BABD124BC4
:10C870001B6803F00403002BEFD00F4B9B680E4A9C
:10C8800043F4000393600C4B9B6823F070427B6879
:10C890005B6A094913438B607B685B6AB3F1404F65
:10C8A0000ED3054BDB6823F01F027B681B6A02492D
:10C8B0001343CB604AE000BF000C0246541A00202C
:10C8C0007B685B6A002B0ADA984BDB6823F478728A
:10C8D0007B681B6A5B0195491343CB6036E07B683C
:10C8E0005B6AB3F1804F0AD3904BDB6823F4F842C4
:10C8F0007B681B6A9B028D491343CB6026E08B4B00
:10C90000DB6823F478227B681B6ADB0387491343C7
:10C91000CB601BE0854B1B68844A23F00103136046
:10C92000F5F76CFBB86209E0F5F768FB0246BB6AF5
:10C93000D31A022B02D9032300F053BD7B4B1B6893
:10C9400003F00403002BEFD100E000BF7B681B68FD
:10C9500003F00103002B00F08B803B6B082B05D00C
:10C960003B6B0C2B09D1FB6A032B06D17B685B6800
:10C97000002B7DD1012300F034BD7B685B68B3F5EB
:10C98000803F06D1694B1B68684A43F480331360CB
:10C9900041E07B685B68B3F5A02F12D1634B1B6845
:10C9A000624A43F480231360604B1B685F4A23F4A0
:10C9B000801313605D4B1B685C4A43F48033136043
:10C9C00029E07B685B68B3F5A81F12D1574B1B6841
:10C9D000564A43F480231360544B1B68534A43F474
:10C9E00080131360514B1B68504A43F4803313602B
:10C9F00011E04E4B1B684D4A23F4803313604B4BC0
:10CA00001B684A4A23F480231360484B1B68474A3B
:10CA100023F4801313607B685B68002B14D0F5F758
:10CA2000EDFAB86209E0F5F7E9FA0246BB6AD31AF3
:10CA3000642B02D9032300F0D4BC3C4B1B6803F4E5
:10CA40000033002BEFD013E0F5F7D8FAB86209E015
:10CA5000F5F7D4FA0246BB6AD31A642B02D9032332
:10CA600000F0BFBC314B1B6803F40033002BEFD147
:10CA70007B681B6803F00203002B5FD03B6B042B29
:10CA800005D03B6B0C2B14D1FB6A022B11D17B68B8
:10CA9000DB68002B02D1012300F0A3BC234B1B69F0
:10CAA00023F4F8127B681B691B04204913430B61B4
:10CAB00044E07B68DB68002B24D01C4B1B681B4ABE
:10CAC00043F480731360F5F799FAB86209E0F5F75B
:10CAD00095FA0246BB6AD31A022B02D9032300F04F
:10CAE00080BC124B1B6803F48063002BEFD00F4B0C
:10CAF0001B6923F4F8127B681B691B040B49134361
:10CB00000B611BE0094B1B68084A23F48073136018
:10CB1000F5F774FAB8620BE0F5F770FA0246BB6AF3
:10CB2000D31A022B04D9032300F05BBC000C02468D
:10CB3000AF4B1B6803F48063002BEDD17B681B684F
:10CB400003F00803002B00F0C880002387F836307C
:10CB5000A74BD3F8943003F00403002B11D1A44B5E
:10CB6000D3F89430A24A43F00403C2F89430A04BA7
:10CB7000D3F8943003F004037B617B69012387F8C9
:10CB800036309C4B9B6A03F00103002B19D1994B63
:10CB90009B6A984A43F001039362F5F72FFAB86253
:10CBA00009E0F5F72BFA0246BB6AD31A022B02D929
:10CBB000032300F016BC8F4B9B6A03F00103002B8C
:10CBC000EFD07B685B69002B5FD0894BD3F8F030E6
:10CBD0003B627B689A693B6A03F080539A4237D084
:10CBE0003B6A03F00063002B06D03B6A03F08063CE
:10CBF000002B01D10123F4E33B6A03F08063002B97
:10CC00001BD07B4BD3F8F030794A23F0A053C2F805
:10CC1000F030F5F7F3F9B86208E0F5F7EFF90246FE
:10CC2000BB6AD31A052B01D90323DAE3704BD3F87F
:10CC3000F03003F00063002BEFD16D4BD3F8F030F0
:10CC400023F080527B689B6969491343C1F8F03037
:10CC5000674BD3F8F030664A43F08063C2F8F03097
:10CC6000F5F7CCF9B86208E0F5F7C8F90246BB6AF7
:10CC7000D31A052B01D90323B3E35D4BD3F8F0306E
:10CC800003F00063002BEFD01BE0594BD3F8F030DA
:10CC9000574A23F0A053C2F8F030F5F7AFF9B86265
:10CCA00008E0F5F7ABF90246BB6AD31A052B01D9A8
:10CCB000032396E34E4BD3F8F03003F00063002BD0
:10CCC000EFD197F83630012B07D1494BD3F8943088
:10CCD000474A23F00403C2F894307B681B6803F0D2
:10CCE0000403002B00F01181002387F83530404BFE
:10CCF000D3F8943003F00403002B11D13C4BD3F84C
:10CD000094303B4A43F00403C2F89430384BD3F8D4
:10CD1000943003F004033B613B69012387F835300D
:10CD2000344B9B6A03F00103002B18D1314B9B6AF3
:10CD3000304A43F001039362F5F760F9B86208E006
:10CD4000F5F75CF90246BB6AD31A022B01D903231B
:10CD500047E3284B9B6A03F00103002BF0D07B686C
:10CD60009B6803F00103002B1FD07B689B6803F0D6
:10CD70000403002B10D01E4BD3F8F0301C4A43F0B4
:10CD80000403C2F8F0301A4BD3F8F030184A43F0DD
:10CD90000103C2F8F03018E0154BD3F8F030144A14
:10CDA00043F00103C2F8F0300FE0114BD3F8F0303C
:10CDB0000F4A23F00103C2F8F0300D4BD3F8F030E6
:10CDC0000B4A23F00403C2F8F0307B689B68002B09
:10CDD00057D0F5F713F9B8620EE0F5F70FF90246F0
:10CDE000BB6AD31A41F28832934205D90323F8E291
:10CDF000000C0246000802469C4BD3F8F03003F0CA
:10CE00000203002BE9D07B689B6803F08003002BB2
:10CE10001BD0964BD3F8F030944A43F08003C2F80D
:10CE2000F0300AE0F5F7EAF80246BB6AD31A41F29D
:10CE30008832934201D90323D3E28C4BD3F8F030EC
:10CE400003F40063002BEDD053E0884BD3F8F030AF
:10CE5000864A23F08003C2F8F0300AE0F5F7CEF8F6
:10CE60000246BB6AD31A41F28832934201D90323A6
:10CE7000B7E27E4BD3F8F03003F40063002BEDD122
:10CE800037E0F5F7BBF8B8620AE0F5F7B7F8024605
:10CE9000BB6AD31A41F28832934201D90323A0E23C
:10CEA000724BD3F8F03003F00203002BEDD16F4B3F
:10CEB000D3F8F03003F08003002B1AD06B4BD3F87B
:10CEC000F0306A4A23F08003C2F8F0300AE0F5F748
:10CED00095F80246BB6AD31A41F28832934201D9CF
:10CEE00003237EE2614BD3F8F03003F40063002BA0
:10CEF000EDD197F83530012B07D15C4BD3F8943046
:10CF00005A4A23F00403C2F894307B681B6803F08C
:10CF10002003002B36D07B68DB6A002B19D0534BE3
:10CF20001B68524A43F480531360F5F767F8B86200
:10CF300008E0F5F763F80246BB6AD31A022B01D961
:10CF400003234EE2494B1B6803F40053002BF0D03F
:10CF500018E0464B1B68454A23F480531360F5F7ED
:10CF60004DF8B86208E0F5F749F80246BB6AD31AF3
:10CF7000022B01D9032334E23C4B1B6803F400531A
:10CF8000002BF0D17B681B6803F08003002B36D0A8
:10CF90007B681B6B002B19D0344B1B68334A43F45E
:10CFA00080431360F5F72AF8B86208E0F5F726F831
:10CFB0000246BB6AD31A022B01D9032311E22B4B81
:10CFC0001B6803F40043002BF0D018E0274B1B68CC
:10CFD000264A23F480431360F5F710F8B86208E09E
:10CFE000F5F70CF80246BB6AD31A022B01D90323CA
:10CFF000F7E11E4B1B6803F40043002BF0D17B6864
:10D000001B6803F04003002B7FD07B685B6B002B19
:10D0100062D0164B9B68154A43F400039360134B90
:10D020009B6823F070627B689B6A104913438B6096
:10D030007B685B6AB3F1404F09D30C4BDB6823F08C
:10D040001F027B681B6A09491343CB602AE07B6897
:10D050005B6A002B0CDA054BDB6823F478727B6883
:10D060001B6A5B0101491343CB601BE0000C0246C5
:10D070007B685B6AB3F1804F0AD3A14BDB6823F472
:10D08000F8427B681B6A9B029D491343CB6009E011
:10D090009B4BDB6823F478227B681B6ADB0398498F
:10D0A0001343CB60964B1B68954A43F01003136003
:10D0B000F4F7A4FFB86208E0F4F7A0FF0246BB6AE9
:10D0C000D31A022B01D903238BE18D4B1B6803F08C
:10D0D0002003002BF0D018E0894B1B68884A23F00E
:10D0E00010031360F4F78AFFB86208E0F4F786FFD4
:10D0F0000246BB6AD31A022B01D9032371E1804B8C
:10D100001B6803F02003002BF0D17B689B6B002B86
:10D1100000F06681002387F83430794BDB6903F037
:10D120000C030C2B00F0F2807B689B6B022B40F011
:10D13000C580734B1B68724A23F080731360F4F749
:10D140005DFFB86208E0F4F759FF0246BB6AD31AE4
:10D15000022B01D9032344E1694B1B6803F00073E0
:10D16000002BF0D1664BD3F8943003F00403002B6E
:10D1700011D1634BD3F89430614A43F00403C2F8F1
:10D1800094305F4BD3F8943003F00403FB60FB68EA
:10D19000012387F834305B4BDB6803F48023B3F55D
:10D1A000802F02D1012387F83730564BDB68554A70
:10D1B00023F48023D360524B9B6A23F47F4323F0F4
:10D1C00003037A68D16B7A68126C013A1202114338
:10D1D0007A68526C0A434A4913438B62484B5A6B34
:10D1E000494B13407A68926C013AC2F308017A689D
:10D1F000D26C013A520292B211437A68126D013A2E
:10D20000120402F4FE0211437A68526D013A1206CA
:10D2100002F0FE420A433A4913434B63384B9B6A80
:10D22000374A23F0100393627B68DB6D344ADB00DE
:10D230009363334B9B6A324A43F010039362304B43
:10D240009B6A23F00C027B689B6D2D4913438B6214
:10D2500097F83730012B05D12A4BDB68294A43F474
:10D260008023D36097F83430012B07D1244BD3F8B7
:10D270009430234A23F00403C2F89430204B1B68F7
:10D280001F4A43F080731360F4F7B8FEB86208E0F9
:10D29000F4F7B4FE0246BB6AD31A022B01D903236A
:10D2A0009FE0174B1B6803F00073002BF0D0144B6A
:10D2B0009B6A134A43F48023936291E0104B1B68EE
:10D2C0000F4A23F080731360F4F798FEB86208E009
:10D2D000F4F794FE0246BB6AD31A022B01D903234A
:10D2E0007FE0074B1B6803F00073002BF0D1044B69
:10D2F0009B6A034A23F4E02323F0030393626FE065
:10D30000000C02460008024600008080374B9B6AF2
:10D31000FB61364B5B6BBB617B689B6B012B39D030
:10D32000FB6903F003027B68DB6B9A4232D1FB6935
:10D330001B0A03F00F027B681B6C013B9A4229D148
:10D34000FB6903F470427B685B6C9A4222D1BB6933
:10D35000C3F308027B689B6C013B9A421AD1BB69FC
:10D360005B0A03F07F027B68DB6C013B9A4211D1C0
:10D37000BB691B0C03F07F027B681B6D013B9A426B
:10D3800008D1BB691B0E03F07F027B685B6D013B1C
:10D390009A4201D0012324E0144B9B6BDB08C3F3BA
:10D3A0000C027B68DB6D9A421AD0104B9B6A0F4AC5
:10D3B00023F010039362F4F721FEB86200BFF4F784
:10D3C0001DFE0246BB6A9342F9D07B68DB6D074ABB
:10D3D000DB009363054B9B6A044A43F0100393629E
:10D3E000002318463837BD4680BD00BF000C0246FA
:10D3F00080B586B000AF786039607B68002B01D1C2
:10D400000123D9E19B4B1B6803F00F033A689A4252
:10D4100010D9984B1B6823F00F0296493B681343C1
:10D420000B60944B1B6803F00F033A689A4201D0DB
:10D430000123C1E17B681B6803F01003002B10D0AF
:10D440007B685A698C4B5B6A03F070039A4208D977
:10D45000894B5B6A23F070027B685B6986491343E2
:10D460004B627B681B6803F00803002B12D07B68BB
:10D470001A69814B1B6A1B0903F070039A4209D990
:10D480007D4B1B6A23F4E0627B681B691B017A49B0
:10D4900013430B627B681B6803F00403002B10D05E
:10D4A0007B68DA68744B1B6A03F070039A4208D9F0
:10D4B000714B1B6A23F070027B68DB686E49134373
:10D4C0000B627B681B6803F00203002B10D07B68A3
:10D4D0009A68694B1B6A03F00F039A4208D9664B9E
:10D4E0001B6A23F00F027B689B68634913430B623E
:10D4F0007B681B6803F00103002B00F0D28000233F
:10D50000FB757B685B68032B43D15B4BD3F894308E
:10D5100003F00403002B10D1574BD3F89430564A34
:10D5200043F00403C2F89430534BD3F8943003F023
:10D530000403BB60BB680123FB75F4F75FFD386132
:10D540004E4BDB6803F48023002B0FD008E0F4F788
:10D5500055FD02463B69D31A022B01D903232BE167
:10D56000464BDB6803F48043002BF0D0FB7D012B9E
:10D5700007D1414BD3F894303F4A23F00403C2F85B
:10D5800094303D4B1B6803F00073002B21D1012325
:10D5900012E17B685B68022B07D1374B1B6803F4F1
:10D5A0000033002B15D1012306E17B685B68002B5B
:10D5B00007D1314B1B6803F00403002B09D1012371
:10D5C000FAE02D4B1B6803F48063002B01D101238B
:10D5D000F2E0294BDB6923F003027B685B68264994
:10D5E0001343CB61F4F70AFD38617B685B68032B5A
:10D5F00012D10AE0F4F702FD02463B69D31A41F268
:10D600008832934201D90323D6E01B4BDB6903F038
:10D610000C030C2BEED144E07B685B68022B12D12B
:10D620000AE0F4F7EBFC02463B69D31A41F2883278
:10D63000934201D90323BFE00F4BDB6903F00C03D6
:10D64000082BEED12DE07B685B68002B23D10AE02C
:10D65000F4F7D4FC02463B69D31A41F28832934274
:10D6600001D90323A8E0044BDB6903F00C03002B72
:10D67000EED116E000200240000C024600080246EF
:10D68000F4F7BCFC02463B69D31A41F2883293425C
:10D6900001D9032390E04A4BDB6903F00C03042B10
:10D6A000EED17B681B6803F00203002B10D07B686F
:10D6B0009A68434B1B6A03F00F039A4208D2404B0F
:10D6C0001B6A23F00F027B689B683D4913430B6282
:10D6D0003C4B1B6803F00F033A689A4210D2394B57
:10D6E0001B6823F00F0237493B6813430B60354B2F
:10D6F0001B6803F00F033A689A4201D001235BE0F4
:10D700007B681B6803F00403002B10D07B68DA6889
:10D710002B4B1B6A03F070039A4208D2284B1B6AFA
:10D7200023F070027B68DB68254913430B627B683A
:10D730001B6803F00803002B12D07B681A69204B8A
:10D740001B6A1B0903F070039A4209D21C4B1B6A27
:10D7500023F4E0627B681B691B01194913430B62C8
:10D760007B681B6803F01003002B10D07B685A699C
:10D77000134B5B6A03F070039A4208D2104B5B6A4A
:10D7800023F070027B685B690D4913434B6200F024
:10D7900021F802460A4B1B6A03F00F030A49CB5CCF
:10D7A00022FA03F3094A1360094B1B681846F4F781
:10D7B000AFFB0346FB73FB7B18461837BD4680BDA5
:10D7C000000C024600200240E0C60208501A002069
:10D7D000541A002080B48BB000AF00237B6200237A
:10D7E0003B62784BDB6903F00C03BB61754B9B6AB2
:10D7F00003F003037B61BB69002B05D0BB690C2BD5
:10D8000021D17B69012B1ED16E4B9B6803F4000371
:10D81000002B07D16B4BD3F8F4301B0B03F00F0335
:10D820007B6205E0674B9B681B0F03F00F037B6275
:10D83000654A7B6A52F823307B62BB69002B10D1AA
:10D840007B6A3B620DE05F4BDB6903F00C03042B4A
:10D8500002D15E4B3B6204E0BB69082B01D15C4BFB
:10D860003B62BB690C2B40F0A580564B9B6A03F0D2
:10D8700003033B61534B9B6A1B0A03F00F03013305
:10D88000FB60504B9B6A1B0903F00103BB604D4BCF
:10D890009B6BDB08C3F30C03BA6802FB03F307EED0
:10D8A000903AF8EE677AC7ED017A3B69022B03D014
:10D8B0003B69032B22D043E0FB6807EE903AF8EE79
:10D8C000677ADFED446A86EEA77A3E4B5B6BC3F363
:10D8D000080307EE903AF8EE676A97ED016ADFED0C
:10D8E0003E5AC6EE257A76EEA77AF7EE006A77EE14
:10D8F000A67A67EE277AC7ED077A46E0FB6807EE5F
:10D90000903AF8EE677ADFED356A86EEA77A2D4B0E
:10D910005B6BC3F3080307EE903AF8EE676A97ED86
:10D92000016ADFED2D5AC6EE257A76EEA77AF7EE7C
:10D93000006A77EEA67A67EE277AC7ED077A24E0C9
:10D940007B6A07EE903AF8EE676AFB6807EE903A5A
:10D95000F8EE677A86EEA77A1A4B5B6BC3F308037F
:10D9600007EE903AF8EE676A97ED016ADFED1A5A12
:10D97000C6EE257A76EEA77AF7EE006A77EEA67AFB
:10D9800067EE277AC7ED077A00BF0E4B5B6B1B0E65
:10D9900003F07F0301333B603B6807EE903AB8EE3B
:10D9A000677AD7ED076AC6EE877AFCEEE77A17EE5C
:10D9B000903A3B623B6A18462C37BD465DF8047BC3
:10D9C000704700BF000C0246F8C602080024F400AD
:10D9D000006CDC020024744B00000046001B374C36
:10D9E00080B500AFFFF7F6FE0246074B1B6A03F057
:10D9F0000F030649CB5C22FA03F3054A1360044B7C
:10DA00001B68184680BD00BF000C0246E0C6020835
:10DA1000501A002080B500AFFFF7E2FF0246054B29
:10DA20001B6A1B0903F007030349CB5C22FA03F3CB
:10DA3000184680BD000C0246F0C6020880B500AF53
:10DA4000FFF7CEFF0246054B1B6A1B0A03F00703D4
:10DA50000349CB5C22FA03F3184680BD000C024652
:10DA6000F0C6020880B500AFFFF7BAFF0246054BCB
:10DA70005B6A1B0903F007030349CB5C22FA03F33B
:10DA8000184680BD000C0246F0C6020880B586B07C
:10DA900000AF78603E4BD3F8943003F00403002BC2
:10DAA00003D0FEF73BFD786119E0394BD3F8943091
:10DAB000374A43F00403C2F89430354BD3F894301E
:10DAC00003F00403FB60FB68FEF728FD7861304B30
:10DAD000D3F894302E4A23F00403C2F894307B69C3
:10DAE000B3F5403F03D07B69B3F5003F09D17B68B4
:10DAF000B3F1805F02D201233B6133E000233B613D
:10DB000030E07B68B3F1805F08D27B69B3F5803F7A
:10DB100002D103233B6125E0012335E07B68B3F1AB
:10DB2000005F0FD97B69002B09D17B68B3F1405F9F
:10DB300002D900233B6115E001233B6112E0002381
:10DB40003B610FE07B68B3F1805F09D17B69B3F57E
:10DB5000803F02D101233B6104E002233B6101E0ED
:10DB600001233B610B4B1B6823F00F0209493B6902
:10DB700013430B60074B1B6803F00F033A699A428B
:10DB800001D0012300E0002318461837BD4680BDB0
:10DB9000000C0246002002402DE9B04FBAB000AFA1
:10DBA000C7F8D400002387F8E330002387F8E23079
:10DBB000D7F8D430D3E9002302F00104002554EA59
:10DBC00005030BD0CB4BD3F8E03023F00301D7F89B
:10DBD000D4301B6DC74A0B43C2F8E030D7F8D430BD
:10DBE000D3E9002302F002084FF0000958EA0903C4
:10DBF0000BD0C04BD3F8E03023F00C01D7F8D43071
:10DC00005B6DBC4A0B43C2F8E030D7F8D430D3E99F
:10DC1000002302F0040A4FF0000B5AEA0B030BD06A
:10DC2000B44BD3F8E03023F03001D7F8D4309B6DFB
:10DC3000B04A0B43C2F8E030D7F8D430D3E9002320
:10DC400002F00803C7F8C8300023C7F8CC30D7E982
:10DC500032120B4613430BD0A64BD3F8E03023F01F
:10DC6000C001D7F8D430DB6DA24A0B43C2F8E030D4
:10DC7000D7F8D430D3E9002302F01003C7F8C0303E
:10DC80000023C7F8C430D7E930120B4613430BD03A
:10DC9000984BD3F8E03023F44071D7F8D4301B6EA2
:10DCA000944A0B43C2F8E030D7F8D430D3E90023CC
:10DCB00002F02003C7F8B8300023C7F8BC30D7E91A
:10DCC0002E120B4613430BD08A4BD3F8E83023F0C7
:10DCD0000701D7F8D4305B6E864A0B43C2F8E830B0
:10DCE000D7F8D430D3E9002302F04003C7F8B030AE
:10DCF0000023C7F8B430D7E92C120B4613430BD0DE
:10DD00007C4BD3F8E03023F44061D7F8D4309B6EDD
:10DD1000784A0B43C2F8E030D7F8D430D3E9002377
:10DD200002F08003C7F8A8300023C7F8AC30D7E969
:10DD30002A120B4613430BD06E4BD3F8E03023F47A
:10DD40004051D7F8D430DB6E6A4A0B43C2F8E0305A
:10DD5000D7F8D430D3E9002302F48073C7F8A03099
:10DD60000023C7F8A430D7E928120B4613430BD081
:10DD7000604BD3F8E83023F0C001D7F8D4301B6FE4
:10DD80005C4A0B43C2F8E830D7F8D430D3E900231B
:10DD900002F48003C7F898300023C7F89C30D7E915
:10DDA00026120B4613430BD0524BD3F8E03023F42A
:10DDB0004041D7F8D4305B6F4E4A0B43C2F8E03095
:10DDC000D7F8D430D3E9002302F40073C7F89030B9
:10DDD0000023C7F89430D7E924120B4613430BD025
:10DDE000444BD3F8E83023F44061D7F8D4309B6F2C
:10DDF000404A0B43C2F8E830D7F8D430D3E90023C7
:10DE000002F48063C7F888300023C7F88C30D7E964
:10DE100022120B4613430BD0364BD3F8E03023F4D9
:10DE20004021D7F8D430DB6F324A0B43C2F8E030E0
:10DE3000D7F8D430D3E9002302F40063C7F8803068
:10DE40000023C7F88430D7E920120B4613430CD0C7
:10DE5000284BD3F8E83023F44071D7F8D430D3F806
:10DE60008030244A0B43C2F8E830D7F8D430D3E9E5
:10DE7000002302F40053BB670023FB67D7E91E129F
:10DE80000B4613434FD0D7F8D430D3F89030802BC3
:10DE90002DD0802B27D8602B2ED0602B23D8402B61
:10DEA00006D0402B1FD8002B09D0202B11D01AE010
:10DEB000104B9B6A0F4A43F4803393621DE0D7F8FE
:10DEC000D4300833184602F021FA034687F8E330CD
:10DED00013E0D7F8D4302C33184602F0AFFA0346DB
:10DEE00087F8E33009E0012387F8E33005E000BF5D
:10DEF00003E000BF000C024600BF97F8E330002BA0
:10DF00000DD1B64BD3F8E43023F0E001D7F8D4308C
:10DF1000D3F89030B14A0B43C2F8E43003E097F8ED
:10DF2000E33087F8E230D7F8D430D3E9002302F4A5
:10DF300080433B6700237B67D7E91C120B461343E2
:10DF400053D0D7F8D430D3F89430B3F5806F33D0B2
:10DF5000B3F5806F2CD8B3F5407F2FD0B3F5407F59
:10DF600026D8B3F5007F08D0B3F5007F20D8002B6A
:10DF70000AD0B3F5807F11D01AE0984B9B6A974A7C
:10DF800043F4803393621AE0D7F8D430083318464C
:10DF900002F0BCF9034687F8E33010E0D7F8D4303C
:10DFA0002C33184602F04AFA034687F8E33006E0BD
:10DFB000012387F8E33002E000BF00E000BF97F8DC
:10DFC000E330002B0DD1854BD3F8E43023F4E0612E
:10DFD000D7F8D430D3F89430804A0B43C2F8E430F9
:10DFE00003E097F8E33087F8E230D7F8D430D3E98C
:10DFF000002302F40043BB660023FB66D7E91A1234
:10E000000B46134346D0D7F8D430D3F8A830B3F535
:10E01000A04F28D0B3F5A04F21D8B3F5804F22D020
:10E02000B3F5804F1BD8B3F5405F1CD0B3F5405F0C
:10E0300015D8B3F5005F08D0B3F5005F0FD8002BFB
:10E0400011D0B3F5805F0ED009E0D7F8D430083393
:10E05000184602F05BF9034687F8E33004E0012339
:10E0600087F8E33000E000BF97F8E330002B0DD1D4
:10E070005A4BD3F8E83023F4E041D7F8D430D3F842
:10E08000A830564A0B43C2F8E83003E097F8E33073
:10E0900087F8E230D7F8D430D3E9002302F4803394
:10E0A0003B6600237B66D7E918120B4613433FD02B
:10E0B000D7F8D430D3F88830042B1ED801A252F8F8
:10E0C00023F000BF03E10108D9E00108E7E00108FF
:10E0D00003E1010803E10108404B9B6A3F4A43F416
:10E0E000803393620EE0D7F8D4302C33184602F018
:10E0F000A5F9034687F8E33004E0012387F8E3300D
:10E1000000E000BF97F8E330002B0DD1334BD3F87C
:10E11000E43023F00701D7F8D430D3F888302F4A01
:10E120000B43C2F8E43003E097F8E33087F8E230BD
:10E13000D7F8D430D3E9002302F40033BB650023C1
:10E14000FB65D7E916120B4613434DD0D7F8D430F0
:10E15000D3F88C30B3F5802F28D0B3F5802F21D899
:10E16000B3F5403F24D0B3F5403F1BD8B3F5003F93
:10E170000ED0B3F5003F15D8002B1BD0B3F5803F70
:10E1800010D1164B9B6A154A43F48033936212E018
:10E19000D7F8D4302C33184602F050F9034687F8EC
:10E1A000E33008E0012387F8E33004E000BF02E039
:10E1B00000BF00E000BF97F8E330002B10D1074B01
:10E1C000D3F8E83023F4E021D7F8D430D3F88C30FA
:10E1D000024A0B43C2F8E83006E000BF000C0246DA
:10E1E00097F8E33087F8E230D7F8D430D3E900234A
:10E1F00002F480233B6500237B65D7E914120B46AC
:10E20000134300F0B580002387F8E1309D4BD3F82D
:10E21000943003F00403002B13D19A4BD3F89430BD
:10E22000984A43F00403C2F89430964BD3F89430E4
:10E2300003F00403C7F8D830D7F8D830012387F8A3
:10E24000E130914B9B6A904A43F001039362F3F7EC
:10E25000D5FEC7F8DC000BE0F3F7D0FE0246D7F896
:10E26000DC30D31A022B03D9032387F8E33005E00F
:10E27000854B9B6A03F00103002BEDD097F8E33048
:10E28000002B65D17F4BD3F8F03003F44073C7F80F
:10E29000E430D7F8E430002B23D0D7F8D430D3F8CB
:10E2A000C020D7F8E43093421BD0764BD3F8F0303F
:10E2B00023F44073C7F8E430724BD3F8F030714A5E
:10E2C00043F48033C2F8F0306E4BD3F8F0306D4A2F
:10E2D00023F48033C2F8F0306A4AD7F8E430C2F849
:10E2E000F030D7F8E43003F00103002B19D0F3F736
:10E2F00085FEC7F8DC000DE0F3F780FE0246D7F894
:10E30000DC30D21A41F288339A4203D9032387F8CA
:10E31000E33006E05B4BD3F8F03003F00203002B50
:10E32000EAD097F8E330002B0DD1564BD3F8F030FC
:10E3300023F44071D7F8D430D3F8C030514A0B439E
:10E34000C2F8F03008E097F8E33087F8E23003E0F5
:10E3500097F8E33087F8E23097F8E130012B07D1E6
:10E36000484BD3F89430474A23F00403C2F8943062
:10E37000D7F8D430D3E9002302F48013BB64002320
:10E38000FB64D7E912120B46134342D0D7F8D430BE
:10E39000D3F8A030B3F1406F22D0B3F1406F1BD857
:10E3A000B3F1006F11D0B3F1006F15D8002B19D065
:10E3B000B3F1806F10D1D7F8D4300833184601F08C
:10E3C000A5FF034687F8E3300DE02E4B9B6A2D4AEC
:10E3D00043F40033936206E0012387F8E33002E060
:10E3E00000BF00E000BF97F8E330002B0DD1254BB4
:10E3F000D3F8E03023F04061D7F8D430D3F8A03020
:10E40000204A0B43C2F8E03003E097F8E33087F886
:10E41000E230D7F8D430D3E9002302F400233B6480
:10E4200000237B64D7E910120B46134332D0D7F890
:10E43000D430D3F89830B3F5005F0BD0B3F5005F5C
:10E4400004D8002B08D0B3F5805F07D0012387F8EC
:10E45000E33004E000BF02E000BF00E000BF97F837
:10E46000E330002B12D1074BD3F8E43023F44051B2
:10E47000D7F8D430D3F89830024A0B43C2F8E430CE
:10E4800008E000BF000C02460008024697F8E3309F
:10E4900087F8E230D7F8D430D3E9002302F4805370
:10E4A000BB630023FB63D7E90E120B4613430CD06A
:10E4B000984BD3F8E43023F40061D7F8D430D3F884
:10E4C0009C30944A0B43C2F8E430D7F8D430D3E9F7
:10E4D000002302F400133B6300237B63D7E90C1293
:10E4E0000B46134319D0D7F8D430D3F8A430B3F582
:10E4F000804F05D1874B9B6A864A43F480339362F1
:10E50000844BD3F8E43023F48041D7F8D430D3F8E7
:10E51000A430804A0B43C2F8E430D7F8D430D3E9B2
:10E52000002302F40003BB620023FB62D7E90A1256
:10E530000B4613430CD0774BD3F8E03023F4401252
:10E54000D7F8D430D3F8B43072491343C1F8E0306F
:10E55000D7F8D430D3E9002302F080733B62002364
:10E560007B62D7E908120B4613430CD0694BD3F8F2
:10E57000E03023F44032D7F8D430D3F8B8306549CE
:10E580001343C1F8E030D7F8D430D3E9002302F0C8
:10E590000073BB610023FB61D7E906120B461343EE
:10E5A0000CD05C4BD3F8E83023F01802D7F8D43005
:10E5B000D3F8BC3057491343C1F8E830D7F8D4300A
:10E5C000D3E9002302F080633B6100237B61D7E93C
:10E5D00004120B46134332D0D7F8D430D3F8B030FE
:10E5E000B3F5001F05D14B4B9B6A4A4A43F40033F5
:10E5F0009362D7F8D430D3F8B030B3F5401F08D1C8
:10E60000D7F8D4300833184601F080FE034687F867
:10E61000E33097F8E330002B0DD13E4BD3F8E430D4
:10E6200023F44012D7F8D430D3F8B030394913432B
:10E63000C1F8E43003E097F8E33087F8E230D7F828
:10E64000D430D3E9002302F00063BB600023FB60F9
:10E65000D7E902120B4613433AD0D7F8D430D3F897
:10E660008430B3F1007F0ED0B3F1007F15D8002BBA
:10E6700017D0B3F1807F10D1264B9B6A254A43F413
:10E68000003393620EE0D7F8D4300833184601F017
:10E690003DFE034687F8E33004E0012387F8E330CA
:10E6A00000E000BF97F8E330002B0DD1194BD3F8F1
:10E6B000E03023F04072D7F8D430D3F884301549D5
:10E6C0001343C1F8E03003E097F8E33087F8E23015
:10E6D000D7F8D430D3E9002302F080533B60002305
:10E6E0007B60D7E900120B4613430CD0094BD3F8DB
:10E6F000E83023F40042D7F8D430D3F8AC300549E1
:10E700001343C1F8E83097F8E2301846E837BD46C1
:10E71000BDE8B08F000C024680B489B000AF7860CD
:10E72000A64B5B6BC3F30803BB61A44B9B6A03F06E
:10E7300003037B61A14B9B6A1B0A03F00F030133A8
:10E740003B619E4B9B6A1B0903F00103FB609B4BE3
:10E750009B6BDB08C3F30C03FA6802FB03F307EEC1
:10E76000903AF8EE677AC7ED027A7B69032B62D0A4
:10E770007B69032B00F281807B69012B24D07B69AC
:10E78000022B7AD13B6907EE903AF8EE677ADFED1B
:10E790008C6A86EEA77A894B5B6BC3F3080307EE9E
:10E7A000903AF8EE676A97ED026ADFED865AC6EE98
:10E7B000257A76EEA77AF7EE006A77EEA67A67EE0C
:10E7C000277AC7ED077A8FE07C4B9B6803F4000340
:10E7D000002B05D0794B9B681B0F03F00F0306E05D
:10E7E000764BD3F8F4301B041B0F03F00F03764A6B
:10E7F00052F8233007EE903AF8EE676A3B6907EE6D
:10E80000903AF8EE677A86EEA77ABB6907EE903AFF
:10E81000F8EE676A97ED026ADFED6A5AC6EE257A6E
:10E8200076EEA77AF7EE006A77EEA67A67EE277A99
:10E83000C7ED077A58E03B6907EE903AF8EE677A41
:10E84000DFED626A86EEA77A5C4B5B6BC3F308036D
:10E8500007EE903AF8EE676A97ED026ADFED595AD3
:10E86000C6EE257A76EEA77AF7EE006A77EEA67AFC
:10E8700067EE277AC7ED077A36E0504B9B6803F4C2
:10E880000003002B05D04D4B9B681B0F03F00F03BB
:10E8900006E04A4BD3F8F4301B041B0F03F00F03C0
:10E8A000494A52F8233007EE903AF8EE676A3B691E
:10E8B00007EE903AF8EE677A86EEA77ABB6907EE24
:10E8C000903AF8EE676A97ED026ADFED3E5AC6EEBF
:10E8D000257A76EEA77AF7EE006A77EEA67A67EEEB
:10E8E000277AC7ED077A00BF344B9B6A03F4803365
:10E8F000002B17D0314B5B6B5B0A03F07F0307EEF5
:10E90000903AF8EE677AB7EE007A37EE877AD7ED6D
:10E91000076AC6EE877AFCEEE77A17EE902A7B68E4
:10E920001A6002E07B6800221A60244B9B6A03F4A1
:10E930000033002B17D0214B5B6B1B0C03F07F03C4
:10E9400007EE903AF8EE677AB7EE007A37EE877AFC
:10E95000D7ED076AC6EE877AFCEEE77A17EE902AC3
:10E960007B685A6002E07B6800225A60134B9B6A06
:10E9700003F48023002B17D0104B5B6B1B0E03F0AE
:10E980007F0307EE903AF8EE677AB7EE007A37EE3B
:10E99000877AD7ED076AC6EE877AFCEEE77A17EE3C
:10E9A000902A7B689A6002E07B6800229A6000BF30
:10E9B0002437BD465DF8047B704700BF000C02465B
:10E9C0000024744B00000046F8C60208001B374CB8
:10E9D00080B489B000AF7860A64BDB6BC3F308034B
:10E9E000BB61A44BDB6A03F003037B61A14BDB6AD1
:10E9F0001B0A03F00F0301333B619E4BDB6A1B09CB
:10EA000003F00103FB609B4B1B6CDB08C3F30C039F
:10EA1000FA6802FB03F307EE903AF8EE677AC7ED67
:10EA2000027A7B69032B62D07B69032B00F2818021
:10EA30007B69012B24D07B69022B7AD13B6907EEDD
:10EA4000903AF8EE677ADFED8C6A86EEA77A894B0A
:10EA5000DB6BC3F3080307EE903AF8EE676A97EDB5
:10EA6000026ADFED865AC6EE257A76EEA77AF7EED1
:10EA7000006A77EEA67A67EE277AC7ED077A8FE00D
:10EA80007C4B9B6803F40003002B05D0794B9B68FB
:10EA90001B0F03F00F0306E0764BD3F8F4301B0492
:10EAA0001B0F03F00F03764A52F8233007EE903A1B
:10EAB000F8EE676A3B6907EE903AF8EE677A86EE01
:10EAC000A77ABB6907EE903AF8EE676A97ED026A9B
:10EAD000DFED6A5AC6EE257A76EEA77AF7EE006A7F
:10EAE00077EEA67A67EE277AC7ED077A58E03B699A
:10EAF00007EE903AF8EE677ADFED626A86EEA77A63
:10EB00005C4BDB6BC3F3080307EE903AF8EE676AE1
:10EB100097ED026ADFED595AC6EE257A76EEA77AAE
:10EB2000F7EE006A77EEA67A67EE277AC7ED077AE6
:10EB300036E0504B9B6803F40003002B05D04D4B8F
:10EB40009B681B0F03F00F0306E04A4BD3F8F43029
:10EB50001B041B0F03F00F03494A52F8233007EE42
:10EB6000903AF8EE676A3B6907EE903AF8EE677AFA
:10EB700086EEA77ABB6907EE903AF8EE676A97EDE2
:10EB8000026ADFED3E5AC6EE257A76EEA77AF7EEF8
:10EB9000006A77EEA67A67EE277AC7ED077A00BF9C
:10EBA000344BDB6A03F48033002B17D0314BDB6B23
:10EBB0005B0A03F07F0307EE903AF8EE677AB7EE50
:10EBC000007A37EE877AD7ED076AC6EE877AFCEED1
:10EBD000E77A17EE902A7B681A6002E07B680022D1
:10EBE0001A60244BDB6A03F40033002B17D0214B4F
:10EBF000DB6B1B0C03F07F0307EE903AF8EE677AAD
:10EC0000B7EE007A37EE877AD7ED076AC6EE877AD5
:10EC1000FCEEE77A17EE902A7B685A6002E07B6888
:10EC200000225A60134BDB6A03F48023002B17D0B9
:10EC3000104BDB6B1B0E03F07F0307EE903AF8EEF0
:10EC4000677AB7EE007A37EE877AD7ED076AC6EEB5
:10EC5000877AFCEEE77A17EE902A7B689A6002E0EA
:10EC60007B6800229A6000BF2437BD465DF8047BB4
:10EC7000704700BF000C02460024744B00000046A1
:10EC8000F8C60208001B374C80B489B000AF78602A
:10EC9000A64B5B6CC3F30803BB61A44B1B6B03F077
:10ECA00003037B61A14B1B6B1B0A03F00F030133B2
:10ECB0003B619E4B1B6B1B0903F00103FB609B4BED
:10ECC0009B6CDB08C3F30C03FA6802FB03F307EE4B
:10ECD000903AF8EE677AC7ED027A7B69032B62D02F
:10ECE0007B69032B00F281807B69012B24D07B6937
:10ECF000022B7AD13B6907EE903AF8EE677ADFEDA6
:10ED00008C6A86EEA77A894B5B6CC3F3080307EE27
:10ED1000903AF8EE676A97ED026ADFED865AC6EE22
:10ED2000257A76EEA77AF7EE006A77EEA67A67EE96
:10ED3000277AC7ED077A8FE07C4B9B6803F40003CA
:10ED4000002B05D0794B9B681B0F03F00F0306E0E7
:10ED5000764BD3F8F4301B041B0F03F00F03764AF5
:10ED600052F8233007EE903AF8EE676A3B6907EEF7
:10ED7000903AF8EE677A86EEA77ABB6907EE903A8A
:10ED8000F8EE676A97ED026ADFED6A5AC6EE257AF9
:10ED900076EEA77AF7EE006A77EEA67A67EE277A24
:10EDA000C7ED077A58E03B6907EE903AF8EE677ACC
:10EDB000DFED626A86EEA77A5C4B5B6CC3F30803F7
:10EDC00007EE903AF8EE676A97ED026ADFED595A5E
:10EDD000C6EE257A76EEA77AF7EE006A77EEA67A87
:10EDE00067EE277AC7ED077A36E0504B9B6803F44D
:10EDF0000003002B05D04D4B9B681B0F03F00F0346
:10EE000006E04A4BD3F8F4301B041B0F03F00F034A
:10EE1000494A52F8233007EE903AF8EE676A3B69A8
:10EE200007EE903AF8EE677A86EEA77ABB6907EEAE
:10EE3000903AF8EE676A97ED026ADFED3E5AC6EE49
:10EE4000257A76EEA77AF7EE006A77EEA67A67EE75
:10EE5000277AC7ED077A00BF344B1B6B03F480336E
:10EE6000002B17D0314B5B6C5B0A03F07F0307EE7E
:10EE7000903AF8EE677AB7EE007A37EE877AD7EDF8
:10EE8000076AC6EE877AFCEEE77A17EE902A7B686F
:10EE90001A6002E07B6800221A60244B1B6B03F4AB
:10EEA0000033002B17D0214B5B6C1B0C03F07F034E
:10EEB00007EE903AF8EE677AB7EE007A37EE877A87
:10EEC000D7ED076AC6EE877AFCEEE77A17EE902A4E
:10EED0007B685A6002E07B6800225A60134B1B6B10
:10EEE00003F48023002B17D0104B5B6C1B0E03F038
:10EEF0007F0307EE903AF8EE677AB7EE007A37EEC6
:10EF0000877AD7ED076AC6EE877AFCEEE77A17EEC6
:10EF1000902A7B689A6002E07B6800229A6000BFBA
:10EF20002437BD465DF8047B704700BF000C0246E5
:10EF30000024744B00000046F8C60208001B374C42
:10EF400080B58EB000AFC7E90001D7E90023A2F574
:10EF500080210B4345D1A74BD3F8F03003F4407325
:10EF60003B63A44BD3F8F03003F00203022B08D12B
:10EF70003B6BB3F5807F04D14FF400437B6301F01A
:10EF8000B7B99C4BD3F8F03003F00063B3F1006FD6
:10EF900014D13B6BB3F5007F10D1964BD3F8F03012
:10EFA00003F08053B3F1805F03D1FA237B6301F058
:10EFB0009FB94FF4FA437B6301F09AB98D4B1B68FC
:10EFC00003F40033B3F5003F07D13B6BB3F5407F4B
:10EFD00003D1894B7B6301F08BB900237B6301F084
:10EFE00087B9D7E90023A2F500510B4351D1814BDA
:10EFF000D3F8E43003F0E0033B633B6B802B35D068
:10F000003B6B802B41D83B6B602B2AD03B6B602B3A
:10F010003BD83B6B402B09D03B6B402B35D83B6B2F
:10F02000002B0CD03B6B202B12D02EE007F12403D9
:10F030001846FFF771FB7B6A7B6301F059B907F152
:10F0400018031846FFF7C4FCBB697B6301F050B995
:10F0500007F10C031846FFF717FEFB687B6301F00E
:10F0600047B94BF680337B6301F042B9614B1B68B3
:10F0700003F48063B3F5806F03D1604B7B6301F0D1
:10F0800037B900237B6301F033B900237B6301F0C0
:10F090002FB9D7E90023A2F580410B4358D1554B36
:10F0A000D3F8E43003F4E0633B633B6BB3F5806F6C
:10F0B0003BD03B6BB3F5806F46D83B6BB3F5407FDD
:10F0C0002ED03B6BB3F5407F3ED83B6BB3F5007F52
:10F0D0000BD03B6BB3F5007F36D83B6B002B0DD0CC
:10F0E0003B6BB3F5807F12D02EE007F12403184666
:10F0F000FFF712FB7B6A7B6301F0FAB807F1180394
:10F100001846FFF765FCBB697B6301F0F1B807F1B6
:10F110000C031846FFF7B8FDFB687B6301F0E8B805
:10F120004BF680337B6301F0E3B8324B1B6803F48A
:10F130008063B3F5806F03D1304B7B6301F0D8B8A7
:10F1400000237B6301F0D4B800237B6301F0D0B8C7
:10F15000D7E90023A2F580510B4326D1254BD3F8E4
:10F16000E43003F400633B63224B1B6803F48063C9
:10F17000B3F5806F06D13B6B002B03D11F4B7B6334
:10F1800001F0B6B81B4B1B6803F48063B3F5806FC6
:10F1900007D13B6BB3F5006F03D1194B7B6301F0D3
:10F1A000A7B800237B6301F0A3B8D7E90023A2F539
:10F1B00080110B436ED10F4BD3F8E03003F0406366
:10F1C0003B633B6BB3F1406F3DD03B6BB3F1406FA2
:10F1D0005CD83B6BB3F1006F14D03B6BB3F1006FA5
:10F1E00054D83B6B002B1FD03B6BB3F1806F12D018
:10F1F0004CE000BF000C024660E316000024F4005F
:10F2000000127A0007F124031846FFF785FABB6A5B
:10F210007B6301F06DB807F118031846FFF7D8FBC0
:10F22000FB697B6301F064B8A74B1B6803F40053D0
:10F23000B3F5005F03D1A54B7B6301F059B8002300
:10F240007B6301F055B8A04B1B6803F02003202B13
:10F2500018D19D4B9B6803F40003002B05D09A4BFB
:10F260009B681B0E03F00F0306E0974BD3F8F430B6
:10F270001B041B0E03F00F03954A52F823307B63E7
:10F2800001F036B800237B6301F032B800237B63C2
:10F2900001F02EB8D7E90023A2F500110B437FD16E
:10F2A000894BD3F8E43003F480433B633B6B002B82
:10F2B00065D1854BD3F8E03003F040633B633B6B93
:10F2C000B3F1406F34D03B6BB3F1406F53D83B6B1D
:10F2D000B3F1006F0BD03B6BB3F1006F4BD83B6BBE
:10F2E000002B16D03B6BB3F1806F09D043E007F1E0
:10F2F00024031846FFF710FABB6A7B6300F0F8BFDF
:10F3000007F118031846FFF763FBFB697B6300F006
:10F31000EFBF6D4B1B6803F40053B3F5005F03D1DF
:10F320006A4B7B6300F0E4BF00237B6300F0E0BF27
:10F33000654B1B6803F02003202B18D1624B9B68A0
:10F3400003F40003002B05D05F4B9B681B0E03F0FA
:10F350000F0306E05C4BD3F8F4301B041B0E03F0E4
:10F360000F035B4A52F823307B6300F0C1BF0023D8
:10F370007B6300F0BDBF00237B6300F0B9BF3B6B34
:10F38000B3F5804F08D107F124031846FFF7C4F9FD
:10F390007B6A7B6300F0ACBF00237B6300F0A8BFF7
:10F3A000D7E90023511E0B4336D1474BD3F8E03049
:10F3B00003F003033B633B6B002B04D1FEF73EFBE2
:10F3C000786300F095BF3B6B012B04D1FEF702FA86
:10F3D000786300F08DBF3C4B1B6803F48063B3F58A
:10F3E000806F06D13B6B022B03D13A4B7B6300F05D
:10F3F0007FBF354BD3F8F03003F00203022B07D167
:10F400003B6B032B04D14FF400437B6300F070BFD0
:10F4100000237B6300F06CBFD7E90023911E0B43F0
:10F4200036D1294BD3F8E03003F00C033B633B6B40
:10F43000002B04D1FEF7EEFA786300F059BF3B6B66
:10F44000042B04D1FEF7C6F9786300F051BF1E4BC0
:10F450001B6803F48063B3F5806F06D13B6B082B08
:10F4600003D11C4B7B6300F043BF174BD3F8F03044
:10F4700003F00203022B07D13B6B0C2B04D14FF49A
:10F4800000437B6300F034BF00237B6300F030BF98
:10F49000D7E90023111F0B433FD10B4BD3F8E030CA
:10F4A00003F030033B633B6B002B04D1FEF7B2FA51
:10F4B000786300F01DBF3B6B102B0DD1FEF78AF96E
:10F4C000786300F015BF00BF000C0246006CDC0240
:10F4D000F8C602080024F400A64B1B6803F48063FE
:10F4E000B3F5806F06D13B6B202B03D1A24B7B631E
:10F4F00000F0FEBE9F4BD3F8F03003F00203022B66
:10F5000007D13B6B302B04D14FF400437B6300F0F9
:10F51000EFBE00237B6300F0EBBED7E90023A2F12E
:10F5200008010B4336D1934BD3F8E03003F0C0030E
:10F530003B633B6B002B04D1FEF76CFA786300F061
:10F54000D7BE3B6B402B04D1FEF744F9786300F043
:10F55000CFBE884B1B6803F48063B3F5806F06D180
:10F560003B6B802B03D1844B7B6300F0C1BE814B8E
:10F57000D3F8F03003F00203022B07D13B6BC02B12
:10F5800004D14FF400437B6300F0B2BE00237B63E1
:10F5900000F0AEBED7E90023A2F110010B4339D130
:10F5A000744BD3F8E03003F440733B633B6B002BA8
:10F5B00004D1FEF72FFA786300F09ABE3B6BB3F5E7
:10F5C000807F04D1FEF706F9786300F091BE694BA5
:10F5D0001B6803F48063B3F5806F07D13B6BB3F511
:10F5E000007F03D1644B7B6300F082BE614BD3F894
:10F5F000F03003F00203022B08D13B6BB3F5407FE0
:10F6000004D14FF400437B6300F072BE00237B63A0
:10F6100000F06EBED7E90023A2F120010B4358D1C0
:10F62000544BD3F8E83003F007033B633B6B002BEC
:10F6300004D1FEF717FA786300F05ABE3B6B012B3A
:10F6400004D1FEF7C7F8786300F052BE494B1B683F
:10F6500003F48063B3F5806F06D13B6B022B03D1BB
:10F66000454B7B6300F044BE424BD3F8F03003F0CF
:10F670000203022B07D13B6B032B04D14FF4004351
:10F680007B6300F035BE3B4B1B6803F02003202B4F
:10F690001BD13B6B042B18D1364B9B6803F4000342
:10F6A000002B05D0334B9B681B0E03F00F0306E0C5
:10F6B000304BD3F8F4301B041B0E03F00F032F4A1A
:10F6C00052F823307B6300F013BE00237B6300F00D
:10F6D0000FBED7E90023A2F500410B4372D1254BA1
:10F6E000D3F8E83003F4E0433B633B6BB3F5805F52
:10F6F00004D1FEF76FF8786300F0FABD3B6BB3F509
:10F70000005F08D107F118031846FFF761F93B6A5B
:10F710007B6300F0EDBD3B6B002B04D1FEF760F97D
:10F72000786300F0E5BD3B6BB3F5A04F28D1114BDA
:10F730001B6803F02003202B18D10E4B9B6803F4A9
:10F740000003002B05D00B4B9B681B0E03F00F032F
:10F7500006E0084BD3F8F4301B041B0E03F00F0334
:10F76000064A52F823307B6300F0C2BD00237B635E
:10F7700000F0BEBD000C02460024F400F8C60208EA
:10F78000AF4B1B6803F40033B3F5003F07D13B6B6D
:10F79000B3F5405F03D1AB4B7B6300F0A9BDA84B31
:10F7A0001B6803F48063B3F5806F07D13B6BB3F53F
:10F7B000804F03D1A44B7B6300F09ABD00237B6391
:10F7C00000F096BDD7E90023A2F580310B4358D154
:10F7D0009B4BD3F8E43003F007033B633B6B042BF4
:10F7E0004BD801A252F823F021F80108FDF70108D7
:10F7F0000FF801082BF8010835F8010807F1240378
:10F800001846FEF789FF7B6A7B6300F071BD07F144
:10F810000C031846FFF738FA3B697B6300F068BDBC
:10F82000FEF7DEF8786300F063BD4BF680337B6350
:10F8300000F05EBD824B1B6803F02003202B18D123
:10F840007F4B9B6803F40003002B05D07C4B9B6827
:10F850001B0E03F00F0306E0794BD3F8F4301B04C2
:10F860001B0E03F00F03794A52F823307B6300F03C
:10F870003FBD00237B6300F03BBD00237B6300F0B2
:10F8800037BDD7E90023A2F500310B4367D16C4B9C
:10F89000D3F8E83003F4E0233B633B6BB3F5802FF0
:10F8A00036D03B6BB3F5802F55D83B6BB3F5403F5B
:10F8B00029D03B6BB3F5403F4DD83B6BB3F5003FD0
:10F8C00013D03B6BB3F5003F45D83B6B002B15D0F5
:10F8D0003B6BB3F5803F3ED107F124031846FEF79A
:10F8E0001BFF7B6A7B6300F003BD07F10C03184626
:10F8F000FFF7CAF93B697B6300F0FABCFEF770F8CA
:10F90000786300F0F5BC4BF680337B6300F0F0BC0D
:10F910004B4B1B6803F02003202B18D1484B9B68EE
:10F9200003F40003002B05D0454B9B681B0E03F02E
:10F930000F0306E0424BD3F8F4301B041B0E03F018
:10F940000F03424A52F823307B6300F0D1BC0023FE
:10F950007B6300F0CDBC00237B6300F0C9BCD7E91A
:10F960000023A2F140010B434CD1354BD3F8E030DA
:10F9700003F440633B633B6B002B04D1FEF74AF872
:10F98000786300F0B5BC3B6BB3F5806F04D1FDF735
:10F9900021FF786300F0ACBC294B1B6803F4806343
:10F9A000B3F5806F07D13B6BB3F5006F03D1264BE6
:10F9B0007B6300F09DBC224B1B6803F02003202BCF
:10F9C0001CD13B6BB3F5406F18D11D4B9B6803F402
:10F9D0000003002B05D01A4B9B681B0E03F00F038E
:10F9E00006E0174BD3F8F4301B041B0E03F00F0393
:10F9F000164A52F823307B6300F07ABC00237B6305
:10FA000000F076BCD7E90023A2F180010B4355D169
:10FA10000B4BD3F8E03003F440533B633B6B002BBC
:10FA200004D1FDF7F7FF786300F062BC3B6BB3F5E0
:10FA3000805F0DD1FDF7CEFE786300F059BC00BFAA
:10FA4000000C0246006CDC020024F400F8C6020838
:10FA5000A14B1B6803F48063B3F5806F07D13B6B48
:10FA6000B3F5005F03D19D4B7B6300F041BC9A4B23
:10FA70001B6803F02003202B1CD13B6BB3F5405FC8
:10FA800018D1954B9B6803F40003002B05D0924BD3
:10FA90009B681B0E03F00F0306E08F4BD3F8F43086
:10FAA0001B041B0E03F00F038D4A52F823307B63B7
:10FAB00000F01EBC00237B6300F01ABCD7E90023D2
:10FAC000A2F580710B4351D1834BD3F8E83003F09A
:10FAD000C0033B633B6BC02B24D03B6BC02B42D895
:10FAE0003B6B802B0DD03B6B802B3CD83B6B002BB2
:10FAF00003D03B6B402B11D035E0FDF7B3FF7863AB
:10FB0000F6E3754B1B6803F48063B3F5806F02D195
:10FB1000724B7B63ECE300237B63E9E3FDF75AFE62
:10FB20007863E5E36C4B1B6803F02003202B17D1AF
:10FB3000694B9B6803F40003002B05D0664B9B6860
:10FB40001B0E03F00F0306E0634BD3F8F4301B04E5
:10FB50001B0E03F00F03624A52F823307B63C7E3A6
:10FB600000237B63C4E300237B63C1E3D7E9002365
:10FB7000A2F580010B4347D1574BD3F8E03003F493
:10FB800040433B633B6B002B03D1FDF743FF78639E
:10FB9000AEE33B6BB3F5804F03D1FDF71BFE7863FB
:10FBA000A6E34D4B1B6803F48063B3F5806F06D169
:10FBB0003B6BB3F5004F02D1484B7B6398E3464B58
:10FBC0001B6803F02003202B1BD13B6BB3F5404F88
:10FBD00017D1414B9B6803F40003002B05D03E4B2B
:10FBE0009B681B0E03F00F0306E03B4BD3F8F43089
:10FBF0001B041B0E03F00F03394A52F823307B63BA
:10FC000076E300237B6373E3D7E90023A2F5006169
:10FC10000B436AD1304BD3F8E83003F440733B63B5
:10FC20003B6B002B20D12C4B1B6803F02003202BB7
:10FC300017D1294B9B6803F40003002B05D0264BFA
:10FC40009B681B0E03F00F0306E0234BD3F8F43040
:10FC50001B041B0E03F00F03214A52F823307B6371
:10FC600046E300237B6343E31B4BD3F8F03003F000
:10FC70000063B3F1006F12D13B6BB3F5807F0ED1FF
:10FC8000154BD3F8F03003F08053B3F1805F02D10D
:10FC9000FA237B632CE34FF4FA437B6328E30E4B98
:10FCA0001B6803F48063B3F5806F06D13B6BB3F53B
:10FCB000007F02D1094B7B631AE3074BD3F8F03086
:10FCC00003F00203022B0DD13B6BB3F5407F09D14A
:10FCD0004FF400437B630BE3000C02460024F40066
:10FCE000F8C6020800237B6302E3D7E90023A2F5EC
:10FCF00000710B4364D1A24BD3F8E83003F44063A6
:10FD00003B633B6B002B20D19D4B1B6803F0200312
:10FD1000202B17D19A4B9B6803F40003002B05D0CE
:10FD2000974B9B681B0E03F00F0306E0944BD3F830
:10FD3000F4301B041B0E03F00F03924A52F82330D9
:10FD40007B63D5E200237B63D2E28D4BD3F8F030A6
:10FD500003F00063B3F1006F12D13B6BB3F5806F1A
:10FD60000ED1874BD3F8F03003F08053B3F1805FAE
:10FD700002D1FA237B63BBE24FF4FA437B63B7E221
:10FD80007F4B1B6803F48063B3F5806F06D13B6B38
:10FD9000B3F5006F02D17C4B7B63A9E2784BD3F8BB
:10FDA000F03003F00203022B07D13B6BB3F5406F39
:10FDB00003D14FF400437B639AE200237B6397E215
:10FDC000D7E90023A2F580610B4347D16C4BD3F8F0
:10FDD000E03003F440233B633B6B002B03D1FDF782
:10FDE00019FE786384E2664BD3F8F03003F00063C9
:10FDF000B3F1006F12D13B6BB3F5802F0ED1604B86
:10FE0000D3F8F03003F08053B3F1805F02D1FA23CE
:10FE10007B636DE24FF4FA437B6369E2584B1B68E6
:10FE200003F48063B3F5806F06D13B6BB3F5002F0D
:10FE300002D1554B7B635BE2514BD3F8F03003F0BA
:10FE40000203022B07D13B6BB3F5402F03D14FF4D4
:10FE500000437B634CE200237B6349E2D7E9002344
:10FE600002F178410B432DD1454BD3F8E03003F03C
:10FE700040733B63424B1B6803F40033B3F5003F10
:10FE800005D13B6B002B02D1404B7B6330E23B6BD7
:10FE9000B3F1807F07D107F124031846FEF73CFC3D
:10FEA000BB6A7B6324E23B6BB3F1007F07D107F1B0
:10FEB00018031846FEF78CFDBB697B6318E200232C
:10FEC0007B6315E2D7E90023A2F500010B435FD164
:10FED0002B4BD3F8E03003F440133B633B6BB3F59B
:10FEE000401F28D03B6BB3F5401F45D83B6BB3F5A3
:10FEF000001F13D03B6BB3F5001F3DD83B6B002BAD
:10FF000004D03B6BB3F5801F04D035E0FDF796FDC0
:10FF10007863EDE1FDF75EFC7863E9E1184B1B685F
:10FF200003F48063B3F5806F02D1174B7B63DFE18D
:10FF300000237B63DCE1124B1B6803F02003202BC2
:10FF400017D10F4B9B6803F40003002B05D00C4B1B
:10FF50009B681B0E03F00F0306E0094BD3F8F43047
:10FF60001B041B0E03F00F03064A52F823307B6379
:10FF7000BEE100237B63BBE100237B63B8E100BFEC
:10FF8000000C0246F8C602080024F400006CDC02F3
:10FF9000D7E9002302F17F410B4356D1A54BD3F89B
:10FFA000E03003F440333B633B6BB3F5403F28D074
:10FFB0003B6BB3F5403F45D83B6BB3F5003F13D0E7
:10FFC0003B6BB3F5003F3DD83B6B002B04D03B6B44
:10FFD000B3F5803F04D035E0FDF71CFD786387E181
:10FFE000FDF7F8FB786383E1924B1B6803F48063B1
:10FFF000B3F5806F02D1904B7B6379E100237B6383
:020000040802F0
:1000000076E18C4B1B6803F02003202B17D1894B22
:100010009B6803F40003002B05D0864B9B681B0EE6
:1000200003F00F0306E0834BD3F8F4301B041B0EE0
:1000300003F00F03814A52F823307B6358E1002319
:100040007B6355E100237B6352E1D7E9002302F192
:100050007E410B4377D1774BD3F8E83003F0180398
:100060003B633B6B182B6BD801A252F823F000BF07
:10007000D5000208410102084101020841010208BD
:100080004101020841010208410102084101020840
:10009000DD00020841010208410102084101020895
:1000A0004101020841010208410102084101020820
:1000B000E50002084101020841010208410102086D
:1000C0004101020841010208410102084101020800
:1000D000FF000208FDF7C6FC786309E1FDF77AFB33
:1000E000786305E1534B1B6803F48063B3F5806FBD
:1000F00002D1514B7B63FBE000237B63F8E04D4B67
:100100001B6803F02003202B17D14A4B9B6803F494
:100110000003002B05D0474B9B681B0E03F00F0319
:1001200006E0444BD3F8F4301B041B0E03F00F031E
:10013000424A52F823307B63DAE000237B63D7E046
:1001400000237B63D4E0D7E9002302F17C410B4319
:1001500055D1384BD3F8E43003F440133B633B6B89
:10016000B3F5401F13D03B6BB3F5401F44D83B6B36
:10017000B3F5001F13D03B6BB3F5001F3CD83B6BAE
:10018000002B14D03B6BB3F5801F14D034E007F183
:1001900018031846FEF71CFCFB697B63A8E007F117
:1001A00024031846FEF7B8FABB6A7B63A0E0FDF7AC
:1001B00011FB78639CE01F4B1B6803F02003202B8E
:1001C00017D11C4B9B6803F40003002B05D0194B7F
:1001D0009B681B0E03F00F0306E0164BD3F8F430B8
:1001E0001B041B0E03F00F03144A52F823307B63E9
:1001F0007EE000237B637BE000237B6378E0D7E92C
:10020000002302F170410B4338D10A4BD3F8E83098
:1002100003F400433B63074BD3F8F03003F00203D1
:10022000022B0DD13B6B002B0AD14FF400437B63B3
:100230005EE000BF000C02460024F400F8C602088D
:100240002E4BD3F8F03003F00063B3F1006F12D1FE
:100250003B6BB3F5004F0ED1284BD3F8F03003F0D1
:100260008053B3F1805F02D1FA237B6340E04FF407
:10027000FA437B633CE000237B6339E0D7E900234A
:10028000A2F500210B4331D11C4BD3F8E43003F429
:1002900040533B63194B1B6803F40053B3F5005FF5
:1002A00005D13B6B002B02D1154B7B6320E0134B38
:1002B0001B6803F40053B3F5005F06D13B6BB3F545
:1002C000805F02D10F4B7B6312E00C4B1B6803F481
:1002D0008063B3F5806F06D13B6BB3F5005F02D14D
:1002E000094B7B6304E000237B6301E000237B6315
:1002F0007B6B18463837BD4680BD00BF000C0246F8
:10030000006CDC0200366E010024F40080B584B07D
:1003100000AF7860474B1B68464A23F08063136048
:10032000F1F76CFEF86008E0F1F768FE0246FB6842
:10033000D31A022B01D9032377E03E4B1B6803F04D
:100340000063002BF0D13B4BDB6A23F4706323F096
:1003500003037A6811687A685268013A12020A4304
:1003600034491343CB62334BDA6B334B13407A6817
:100370009268013AC2F308017A68D268013A5202DF
:1003800092B211437A681269013A120402F4FE0231
:1003900011437A685269013A120602F0FE420A439A
:1003A00024491343CB63234BDB6A23F00C027B68A5
:1003B0009B6920491343CB621E4BDA6A7B681B6A38
:1003C0001C491343CB621B4BDB6A1A4A23F0100310
:1003D000D362184B1B6C23F47F4323F0F8037A6835
:1003E000D269D200134913430B64124BDB6A114AE2
:1003F00043F01003D3620F4B1B680E4A43F0806337
:100400001360F1F7FBFDF86008E0F1F7F7FD024635
:10041000FB68D31A022B01D9032306E0054B1B68A6
:1004200003F00063002BF0D0002318461037BD46C0
:1004300080BD00BF000C02460000808080B584B003
:1004400000AF7860474B1B68464A23F08053136027
:10045000F1F7D4FDF86008E0F1F7D0FD0246FB6843
:10046000D31A022B01D9032377E03E4B1B6803F01C
:100470000053002BF0D13B4B1B6B23F4706323F034
:1004800003037A6811687A685268013A12020A43D3
:10049000344913430B63334B5A6C334B13407A6824
:1004A0009268013AC2F308017A68D268013A5202AE
:1004B00092B211437A681269013A120402F4FE0200
:1004C00011437A685269013A120602F0FE420A4369
:1004D000244913434B64234B1B6B23F00C027B68B2
:1004E0009B69204913430B631E4B1A6B7B681B6A85
:1004F0001C4913430B631B4B1B6B1A4A23F010035D
:100500001363184B9B6C23F47F4323F0F8037A6842
:10051000D269D200134913438B64124B1B6B114AEF
:1005200043F0100313630F4B1B680E4A43F08053D4
:100530001360F1F763FDF86008E0F1F75FFD024634
:10054000FB68D31A022B01D9032306E0054B1B6875
:1005500003F00053002BF0D0002318461037BD469F
:1005600080BD00BF000C02460000808080B584B0D2
:1005700000AF78607B68002B01D101238CE07B68A1
:100580005B7ADBB2002B05D17B6800221A72786897
:10059000F0F766FC7B6802225A727B681B681A6857
:1005A0007B681B6822F004021A607B6859687B68CC
:1005B0001A683B4B0B4313607B681B684AF2B022FE
:1005C0001A617B681B68374ADA607B681B681A68A7
:1005D0007B681B6822F080421A60F1F70FFDF8601B
:1005E00016E0F1F70BFD0246FB68D31A042B0FD976
:1005F0007B681B681B6803F08043B3F1804F07D111
:100600007B6801225A727B680222DA60012343E090
:100610007B681B681B6803F08043B3F1804FE0D018
:100620007B681B681A687B681B6842F004021A60CA
:100630007B681B685B6803F04003402B04D17B6838
:1006400004225A72012327E0F1F7D8FCF86015E084
:10065000F1F7D4FC0246FB68D31A042B0ED97B6851
:100660001B685B6803F00103012B07D07B68042241
:100670005A727B680222DA6001230DE07B681B68F6
:100680005B6803F00103012BE2D17B6801225A72FF
:100690007B680022DA60002318461037BD4680BD13
:1006A000000DF040BB7C010080B584B000AF7860E5
:1006B0000023FB607B681B685B68BB60BB6803F062
:1006C0002003002B05D07B681022DA600123FB6039
:1006D0001FE0BB6803F04003002B1AD0BB6803F097
:1006E0000403002B08D17B681B685A687B681B6871
:1006F00022F040025A600CE07B680822DA60012395
:10070000FB607B681B681A687B681B6822F0080224
:100710001A60FB68012B0BD17B6804225A7278683F
:1007200000F037F87B681B686FF060025A6022E0C7
:10073000BB6803F00103002B1DD07B681B681A689F
:100740007B681B6822F008021A607B681B689A6845
:100750007B681A617B685B7ADBB2042B0BD07B6809
:1007600001225A727B6800221A727B681B69194643
:10077000786800F003F81037BD4680BD80B483B0C0
:1007800000AF7860396000BF0C37BD465DF8047B70
:10079000704780B483B000AF786000BF0C37BD46AF
:1007A0005DF8047B7047000080B584B000AF7860CE
:1007B0000123FB737B68002B78D07B6893F82D3086
:1007C000DBB2002B06D17B68002283F82C207868EE
:1007D000F0F73EFC7B68022283F82D20364BDB6865
:1007E00003F01003102B58D0334BDB6803F4407335
:1007F000B3F5807F53D0304BCA225A622E4B53221E
:100800005A62786800F0B0FA0346FB73FB7B002B5A
:100810003FD1294B9B69284A23F08E6323F0400384
:100820009361254B9A697B6859687B681B691943FA
:100830007B689B690B43204913438B617B68DA68B3
:100840007B689B681B041C4913430B611A4BDB68D4
:1008500023F4F8527B68596A7B689B6A0B431649FC
:100860001343CB60786800F0BBFA0346FB73FB7B55
:10087000002B0ED1104B9B6923F060427B68196AF4
:100880007B68DB6919437B685B690B430A49134347
:100890008B61094BFF225A6201E00023FB73FB7B53
:1008A000002B03D17B68012283F82D20FB7B1846A7
:1008B0001037BD4680BD00BF0078004690B587B0B8
:1008C00000AFF860B9607A60FB6893F82C30012BB8
:1008D00001D1022388E0FB68012283F82C20FB6809
:1008E000022283F82D20424BCA225A62404B5322E7
:1008F0005A62F86800F038FA0346FB74FB7C002B60
:1009000063D13B4BDB6803F44073B3F5807F57D072
:100910007B68002B25D1364B9B6903F04003002BED
:1009200002D1BB680022DA70BB681B78184600F061
:1009300095FA03461C04BB685B78184600F08EFAF3
:1009400003461B021C43BB689B78184600F086FADE
:10095000034644EA0302BB68DB789B0513437B61D3
:1009600017E0234B9B6903F04003002B02D1BB68C7
:100970000022DA70BB681B781A04BB685B781B0224
:100980001343BA6892781A43BB68DB789B0513431C
:100990007B61174A7B6903F07F3323F0FE431360CA
:1009A000134B9B69124A23F480239361104B9A697D
:1009B000BB68D968BB681B690B430D4913438B6146
:1009C000F86800F00DFA0346FB74094BFF225A62E7
:1009D000FB7C002B03D1FB68012283F82D20FB68F0
:1009E000002283F82C20FB7C18461C37BD4690BDA6
:1009F0000078004680B586B000AFF860B9607A60D4
:100A0000344B9A68BB685A60324BDB6803F440731E
:100A1000B3F5807F4AD02F4B1B69C3F30E02BB682E
:100A20009A602C4B1B6803F07F3323F0FE437B61FD
:100A30007B691B0CDBB203F03F03DAB2BB681A70B0
:100A40007B691B0ADBB203F07F03DAB2BB685A7022
:100A50007B69DBB203F07F03DAB2BB689A707B6913
:100A60009B0DDBB203F00103DAB2BB68DA707B687E
:100A7000002B2AD1BB681B78184600F00FFA0346FA
:100A80001A46BB681A70BB685B78184600F006FA15
:100A900003461A46BB685A70BB689B78184600F03C
:100AA000FDF903461A46BB689A700EE0BB68002247
:100AB0001A70BB6800225A70BB6800229A70BB682B
:100AC0000022DA70BB6800229A60002318461837AB
:100AD000BD4680BD0078004690B587B000AFF86095
:100AE000B9607A60FB6893F82C30012B01D10223A6
:100AF00071E0FB68012283F82C20FB68022283F856
:100B00002D207B68002B0ED1BB685B7803F01003AF
:100B1000002B08D0BB685B7823F01003DBB20A33EC
:100B2000DAB2BB685A707B68002B1CD1BB68DB78DB
:100B3000184600F093F903461C04BB685B7818461E
:100B400000F08CF903461B021C43BB689B781846D7
:100B500000F084F9034644EA0302BB681B785B0398
:100B600013437B610EE0BB68DB781A04BB685B78DB
:100B70001B021343BA6892781A43BB681B785B0365
:100B800013437B61164BCA225A62154B53225A6299
:100B9000F86800F0E9F80346FB74FB7C002B0BD1EE
:100BA0000F4A7B6923F07F4323F0C0035360F8684A
:100BB00000F016F90346FB74094BFF225A62FB7CD6
:100BC000002B03D1FB68012283F82D20FB68002253
:100BD00083F82C20FB7C18461C37BD4690BD00BF17
:100BE0000078004680B586B000AFF860B9607A60E2
:100BF000224B5B6823F07F4323F0C0037B617B695A
:100C00001B0CDAB2BB68DA707B691B0ADBB203F03B
:100C10001F03DAB2BB685A707B69DBB203F03F0393
:100C2000DAB2BB689A707B695B0BDBB203F0070337
:100C3000DAB2BB681A707B68002B1AD1BB68DB780C
:100C4000184600F02BF903461A46BB68DA70BB68F9
:100C50005B78184600F022F903461A46BB685A70C2
:100C6000BB689B78184600F019F903461A46BB6822
:100C70009A70002318461837BD4680BD007800469C
:100C800080B483B000AF786039607B6893F82C3013
:100C9000012B01D102232DE07B68012283F82C2057
:100CA0007B68022283F82D203B68B3F5807F0CD14E
:100CB000134B9B69124A23F488539361104B5B6C6E
:100CC0000F4A23F0004353640BE00D4B9B690C4A21
:100CD00023F4085393610A4BDB6C094A23F0004369
:100CE000D3647B68012283F82D207B68002283F87F
:100CF0002C20002318460C37BD465DF8047B704756
:100D00000078004680B584B000AF7860154BDB6892
:100D1000144A23F02003D360F1F770F9F86013E070
:100D2000F1F76CF90246FB68D31AB3F57A7F0BD959
:100D30000C4BDB6803F02003002B0CD17B680322F3
:100D400083F82D20032308E0064BDB6803F0200323
:100D5000002BE5D000E000BF002318461037BD4649
:100D600080BD00BF0078004680B584B000AF7860D9
:100D70000023FB73194BDB6803F04003002B28D1E1
:100D8000164BDB68154A43F08003D360F1F736F960
:100D9000B86013E0F1F732F90246BB68D31AB3F535
:100DA0007A7F0BD90D4BDB6803F04003002B0FD18A
:100DB0000323FB737B68032283F82D20074BDB683A
:100DC00003F04003002B04D1FB7B032BE2D100E0B6
:100DD00000BFFB7B18461037BD4680BD007800463B
:100DE00080B584B000AF78600023FB731A4BDB68DA
:100DF000194A23F08003D360174B9B6903F020034B
:100E0000002B0CD17868FFF77DFF0346002B1ED026
:100E10007B68032283F82D200323FB7317E00E4B1E
:100E20009B690D4A23F0200393617868FFF76AFFFE
:100E30000346002B05D07B68032283F82D20032373
:100E4000FB73054B9B69044A43F020039361FB7BD2
:100E500018461037BD4680BD0078004680B485B086
:100E600000AF0346FB710023FB60FB79FB7205E0DA
:100E7000FB680133FB60FB7A0A3BFB72FB7A092BB0
:100E8000F6D8FB68DBB21B01DAB2FB7A1343DBB2A4
:100E900018461437BD465DF8047B704780B485B0B2
:100EA00000AF0346FB71FB791B09DBB21A46134600
:100EB0009B0013445B00FB60FB68DAB2FB7903F034
:100EC0000F03DBB21344DBB218461437BD465DF89E
:100ED000047B704780B586B000AFF860B9607A6077
:100EE0003B60FB6893F82C30012B01D1022357E0C3
:100EF000FB68012283F82C20FB68022283F82D2056
:100F0000294B9B69284A23F480639361264B042272
:100F1000DA65254BDB6803F04003002B23D1F1F7A2
:100F20006DF8786117E0F1F769F802467B69D31A2A
:100F3000B3F57A7F0FD91C4BDB6803F00403002B59
:100F400010D1FB68032283F82D20FB68002283F870
:100F50002C20032324E0144BDB6803F00403002B54
:100F6000E1D000E000BF3B681A040F49BB6813439F
:100F70004B610D4B9B6923F007020B497B681343C0
:100F80008B61094B9B69084A43F488439361FB6872
:100F9000012283F82D20FB68002283F82C200023F7
:100FA00018461837BD4680BD0078004680B483B02F
:100FB00000AF78607B6893F82C30012B01D10223BD
:100FC00019E07B68012283F82C207B68022283F8D9
:100FD0002D200C4B9B690B4A23F488439361094BEA
:100FE000FF225A627B68012283F82D207B68002251
:100FF00083F82C20002318460C37BD465DF8047B8F
:10100000704700BF0078004680B582B000AF7860BE
:10101000094B5B6D03F00403002B05D0064B042243
:10102000DA657868EAF744FA7B68012283F82D20B4
:1010300000BF0837BD4680BD0078004680B487B049
:1010400000AFF860B9607A60074B7B61BB689B00BA
:101050007A6913447B617B697A681A6000BF1C3728
:10106000BD465DF8047B7047007D004680B485B0C6
:1010700000AF78603960074BFB603B689B00FA6803
:101080001344FB60FB681B6818461437BD465DF8C7
:10109000047B7047007D004680B483B000AF786069
:1010A00039603B681A683B685B6810491343CB6141
:1010B0003B689A683B68DB681A433B689B690C494C
:1010C00013434B620A4B1B6A03F0FF223B6819690A
:1010D0003B685B691B040B43054913430B62002308
:1010E00018460C37BD465DF8047B70470078004613
:1010F000007C004680B584B000AF78607B68002B30
:1011000001D10123FBE07B681B687F4A934204D036
:101110007B681B687D4A934200E000BF7B68002229
:101120009A627B681B68784A934204D07B681B688C
:10113000764A934205D17B68DB680F2B01D90123E6
:10114000DDE0786801F094FCF8607B681B686E4A0B
:10115000934204D07B681B686C4A934202D1FB68BF
:10116000082B16D87B681B68694A93420ED07B68AF
:101170001B68684A934209D07B681B68664A9342A1
:1011800004D07B681B68654A934204D1FB68102B2E
:1011900001D90123B3E07B6893F88930DBB2002BDF
:1011A00006D17B68002283F888207868F0F714F86D
:1011B0007B68022283F889207B681B681A687B6839
:1011C0001B6822F001021A607B681B689B6803F4AD
:1011D000F813BB607B689B69B3F1806F19D17B68A2
:1011E0005B68B3F5800F03D17B689B6B002B08D045
:1011F0007B685B68002B0CD17B689B6BB3F1805FD5
:1012000007D17B681B681A687B681B6842F48052B0
:101210001A607B685B6803F48003002B0FD07B6847
:10122000DB68062B0BD97B681B681B6823F4807175
:101230007B681A6D7B681B680A431A6007E07B684D
:101240001B681A687B681B6822F480721A607B68CE
:10125000DA697B689B6A1A43BB681A437B68DB6B5D
:1012600042EA03017B68DA687B681B680A439A607C
:101270007B685A6B7B685B6A1A437B689B6B1A437B
:101280007B689B691A437B681B691A437B685B69AF
:101290001A437B681B6A1A437B685B681A437B6846
:1012A000DB6C1A437B689B681A437B689B6C1A4310
:1012B0007B689B6D1A437B68DB6D42EA03017B68A8
:1012C0001A6E7B681B680A43DA607B685B6803F40C
:1012D0008003002B0AD07B681B68DB6823F0004189
:1012E0007B685A6D7B681B680A43DA607B68002262
:1012F000C3F88C207B68012283F8892000231846DC
:101300001037BD4680BD00BF0020004600200056BB
:1013100000300140003001500038004000380050DB
:1013200080B588B002AFF860B9603B601346FB80BF
:10133000FB681B6820337B61FB681B68904A934203
:10134000F0F75CFE3861FB6893F88930DBB2012B63
:1013500001D00223F4E1BB68002B02D0FB88002BF4
:1013600001D10123ECE1FB6893F88830012B01D116
:101370000223E5E1FB68012283F88820FB68032251
:1013800083F88920FB680022C3F88C20FB68BA68C8
:101390005A66FB68FA88A3F86820FB68FA88A3F805
:1013A0006A20FB680022DA66FB680022A3F870203E
:1013B000FB680022A3F87220FB680022DA67FB6852
:1013C00000229A67FB689B68B3F5C02F08D1FB68C1
:1013D0001B681A68FB681B6842F400621A6009E027
:1013E000FB681B68DB6823F4C022FB681B6842F4BF
:1013F0000032DA60FB681B685B681B0C1B04F98811
:10140000FA6812680B435360FB681B681A68FB6834
:101410001B6842F001021A60FB681B68DB6903F479
:101420000013002B0CD1FB685B68B3F5800F07D16C
:10143000FB681B681A68FB681B6842F400721A603C
:10144000FB68DB680F2B5BD9FB681B684D4A934236
:101450004FD0FB681B684C4A93424AD0FB681B681C
:101460004A4A934245D0FB681B68494A934247D198
:101470003FE0FB681B685B6903F00203022B14D199
:10148000FB685A6EFB681B6812681A62FB685B6E29
:101490001A1DFB685A66FB68B3F86A309BB2013BC1
:1014A0009AB2FB68A3F86A2023E0F0F7A7FD024692
:1014B0003B69D31A3A689A4203D83B68B3F1FF3FBD
:1014C00002D13B68002B14D1F86801F003FAFB68E5
:1014D000D3F88C3043F48072FB68C3F88C20FB682F
:1014E000012283F88920FB68002283F888200323E7
:1014F00026E1FB68B3F86A309BB2002BB9D1F9E062
:10150000FB68DB68072B40F2EE8067E0FB681B6836
:101510005B6903F00203022B3CD1FB68B3F86A302D
:101520009BB2012B18D9FB68DB6B002B14D0FB6836
:101530005A6EFB681B6812681A62FB685B6E1A1DA4
:10154000FB685A66FB68B3F86A309BB2023B9AB2FA
:10155000FB68A3F86A2041E0FB685B6E1A887B6930
:101560001A80FB685B6E9A1CFB685A66FB68B3F8CE
:101570006A309BB2013B9AB2FB68A3F86A202DE067
:10158000002000460030014000300150003800408B
:1015900000380050F0F732FD02463B69D31A3A6832
:1015A0009A4203D83B68B3F1FF3F02D13B68002B5E
:1015B00014D1F86801F08EF9FB68D3F88C3043F44D
:1015C0008072FB68C3F88C20FB68012283F88920B5
:1015D000FB68002283F888200323B1E0FB68B3F89E
:1015E0006A309BB2002B91D184E0FB681B685B6979
:1015F00003F00203022B52D1FB68B3F86A309BB2AE
:10160000032B18D9FB68DB6B402B14D9FB685A6E8F
:10161000FB681B6812681A62FB685B6E1A1DFB6828
:101620005A66FB68B3F86A309BB2043B9AB2FB6817
:10163000A3F86A2057E0FB68B3F86A309BB2012B2D
:1016400017D9FB68DB6B002B13D0FB685B6E1A8825
:101650007B691A80FB685B6E9A1CFB685A66FB68A4
:10166000B3F86A309BB2023B9AB2FB68A3F86A20D7
:1016700039E0FB685A6EFB681B68203312781A70D9
:10168000FB685B6E5A1CFB685A66FB68B3F86A30ED
:101690009BB2013B9AB2FB68A3F86A2023E0F0F703
:1016A000ADFC02463B69D31A3A689A4203D83B68BC
:1016B000B3F1FF3F02D13B68002B14D1F86801F071
:1016C00009F9FB68D3F88C3043F48072FB68C3F8E7
:1016D0008C20FB68012283F88920FB68002283F8B4
:1016E000882003232CE0FB68B3F86A309BB2002B00
:1016F0007FF47BAF3B6900933B6800220821F868C8
:1017000001F088F90346002B07D0FB68D3F88C3032
:1017100043F02002FB68C3F88C20F86801F0DAF887
:10172000FB68012283F88920FB68002283F8882067
:10173000FB68D3F88C30002B01D0012300E000239C
:1017400018461837BD4680BD80B588B000AFF86038
:10175000B9603B601346FB80FB68DB6B5B099BB2A7
:101760000133FB83FB681B683033BB61FB681B687C
:10177000964A9342F0F742FC7861FB6893F889300F
:10178000DBB2012B01D0022374E2BB68002B02D034
:10179000FB88002B01D101236CE2FB6893F88830B1
:1017A000012B01D1022365E2FB68012283F8882026
:1017B000FB68042283F88920FB680022C3F88C2090
:1017C000FB68BA68DA66FB68FA88A3F87020FB68E1
:1017D000FA88A3F87220FB6800225A66FB68002290
:1017E000A3F86820FB680022A3F86A20FB680022A7
:1017F0009A67FB680022DA67FB689B68B3F5C02F25
:1018000008D1FB681B681A68FB681B6822F4006239
:101810001A6009E0FB681B68DB6823F4C022FB68E0
:101820001B6842F48022DA60FB681B685B681B0C53
:101830001B04F988FA6812680B435360FB681B6845
:101840001A68FB681B6842F001021A60FB681B689B
:10185000DB6903F40013002B0CD1FB685B68B3F564
:10186000800F07D1FB681B681A68FB681B6842F48D
:1018700000721A60FB68DB680F2B40F28180FB6806
:101880001B68534A934274D0FB681B68514A9342C9
:101890006FD0FB681B68504A93426AD0FB681B6894
:1018A0004E4A93426CD164E0FB681B685B693B6104
:1018B000FB681B685B6903F00103012B14D1FB6813
:1018C0001A68FB68DB6E126B1A60FB68DB6E1A1D10
:1018D000FB68DA66FB68B3F872309BB2013B9AB2E0
:1018E000FB68A3F8722044E0FB68B3F872309BB247
:1018F000FA8B9A4219D93B6903F40043002B14D0A8
:10190000FB681A68FB68DB6E126B1A60FB68DB6EA3
:101910001A1DFB68DA66FB68B3F872309BB2013BB4
:101920009AB2FB68A3F8722023E0F0F767FB024647
:101930007B69D31A3A689A4203D83B68B3F1FF3FF8
:1019400002D13B68002B14D1F86800F0C3FFFB689C
:10195000D3F88C3043F48072FB68C3F88C20FB68AA
:10196000012283F88920FB68002283F88820032362
:1019700080E1FB68B3F872309BB2002B94D166E132
:10198000FB68DB68072B40F25B8199E0FB681B6812
:101990005B693B61FB681B685B6903F00103012B1A
:1019A0001ED1FB68DB6EBA69128892B21A80FB689E
:1019B000DB6E9A1CFB68DA66FB68B3F872309BB288
:1019C000013B9AB2FB68A3F8722079E00020004640
:1019D0000030014000300150003800400038005015
:1019E000FB68B3F872309BB2FA8B9A4224D93B69F8
:1019F00003F40043002B1FD0FB68DB6EBA6912882A
:101A000092B21A80FB68DB6E9A1CFB68DA66FB6890
:101A1000DB6EBA69128892B21A80FB68DB6E9A1C80
:101A2000FB68DA66FB68B3F872309BB2023B9AB28D
:101A3000FB68A3F8722043E0FB68B3F872309BB2F6
:101A4000012B19D13B6903F40053002B14D0FB6820
:101A5000DB6EBA69128892B21A80FB68DB6E9A1C40
:101A6000FB68DA66FB68B3F872309BB2013B9AB24E
:101A7000FB68A3F8722023E0F0F7C0FA02467B6906
:101A8000D31A3A689A4203D83B68B3F1FF3F02D1B8
:101A90003B68002B14D1F86800F01CFFFB68D3F8FA
:101AA0008C3043F48072FB68C3F88C20FB68012201
:101AB00083F88920FB68002283F888200323D9E07B
:101AC000FB68B3F872309BB2002B7FF45FAFBEE0CF
:101AD000FB681B685B693B61FB681B685B6903F023
:101AE0000103012B17D1FB681B6803F13002FB686F
:101AF000DB6E1278D2B21A70FB68DB6E5A1CFB6880
:101B0000DA66FB68B3F872309BB2013B9AB2FB68AD
:101B1000A3F8722094E0FB68B3F872309BB2FA8BA2
:101B20009A4246D93B6903F40043002B41D0FB683D
:101B30001B6803F13002FB68DB6E1278D2B21A70B8
:101B4000FB68DB6E5A1CFB68DA66FB681B6803F1F6
:101B50003002FB68DB6E1278D2B21A70FB68DB6E63
:101B60005A1CFB68DA66FB681B6803F13002FB68ED
:101B7000DB6E1278D2B21A70FB68DB6E5A1CFB68FF
:101B8000DA66FB681B6803F13002FB68DB6E1278D3
:101B9000D2B21A70FB68DB6E5A1CFB68DA66FB680F
:101BA000B3F872309BB2043B9AB2FB68A3F8722080
:101BB00046E0FB68B3F872309BB2032B1CD83B693C
:101BC00003F4C043002B17D0FB681B6803F13002FD
:101BD000FB68DB6E1278D2B21A70FB68DB6E5A1C9F
:101BE000FB68DA66FB68B3F872309BB2013B9AB2CD
:101BF000FB68A3F8722023E0F0F700FA02467B6945
:101C0000D31A3A689A4203D83B68B3F1FF3F02D136
:101C10003B68002B14D1F86800F05CFEFB68D3F839
:101C20008C3043F48072FB68C3F88C20FB6801227F
:101C300083F88920FB68002283F88820032319E0B9
:101C4000FB68B3F872309BB2002B7FF441AFF868A9
:101C500000F040FEFB68012283F88920FB68002227
:101C600083F88820FB68D3F88C30002B01D0012347
:101C700000E0002318462037BD4680BD80B485B003
:101C800000AFF860B9601346FB80FB681B685C4AD4
:101C90009342BB68002B02D0FB88002B01D10123AB
:101CA000A7E0FB6893F88930DBB2012B01D0022357
:101CB0009FE0FB6893F88830012B01D1022398E064
:101CC000FB68012283F88820FB68032283F88920BF
:101CD000FB680022C3F88C20FB68BA685A66FB6870
:101CE000FA88A3F86820FB68FA88A3F86A20FB68E2
:101CF0000022DA66FB680022A3F87020FB6800224D
:101D0000A3F87220FB6800229A67FB68DB680F2B40
:101D100017D9FB681B683B4A93420ED0FB681B68CF
:101D2000394A934209D0FB681B68384A934204D071
:101D3000FB681B68364A934203D1FB68354ADA6771
:101D40000AE0FB68DB68072B03D9FB68324ADA67D5
:101D500002E0FB68314ADA67FB689B68B3F5C02F85
:101D600008D1FB681B681A68FB681B6842F40062B4
:101D70001A6009E0FB681B68DB6823F4C022FB687B
:101D80001B6842F40032DA60FB681B685B681B0C5E
:101D90001B04F988FA6812680B435360FB681B68E0
:101DA0001A68FB681B6842F001021A60FB68002297
:101DB00083F88820FB681B681B69FA68126843F483
:101DC0004A7343F002031361FB681B68DB6903F489
:101DD0000013002B0CD1FB685B68B3F5800F07D1B3
:101DE000FB681B681A68FB681B6842F400721A6083
:101DF000002318461437BD465DF8047B704700BFCA
:101E00000020004600300140003001500038004002
:101E100000380050B527020857270208FD2602089F
:101E200080B584B000AF78607B6893F88830012B70
:101E300001D10223E1E07B68012283F888207B68DE
:101E4000072283F889200023FB736E4B1B686E4AC0
:101E5000A2FB03235B0A642202FB03F3BB607B68E3
:101E60001B681B6803F40073B3F5007F5BD17B68CC
:101E70001B681A697B681B6822F008021A61BB683C
:101E8000013BBB60BB68002B08D17B68D3F88C306A
:101E900043F040027B68C3F88C2006E07B681B6837
:101EA0001B6903F00803082BE9D07B681B681A68DC
:101EB0007B681B6842F480621A60BB68013BBB60B0
:101EC000BB68002B08D17B68D3F88C3043F040020C
:101ED0007B68C3F88C2007E07B681B681B6803F4F1
:101EE0000073B3F5007FE8D07B681B689A697B6854
:101EF0001B6842F400629A61BB68013BBB60BB682F
:101F0000002B08D17B68D3F88C3043F040027B680B
:101F1000C3F88C2007E07B681B685B6903F40063EF
:101F2000B3F5006FE8D07B681B689B6803F400433F
:101F3000B3F5004F1FD17B68D3F88030002B1AD047
:101F40007B68D3F880300022DA667B68D3F8803073
:101F50001846F3F759FE0346002B0CD07B68D3F8E4
:101F600080301846F4F764F80346102B03D17B68E1
:101F70004022C3F88C207B681B689B6803F4804375
:101F8000B3F5804F1FD17B68D3F88430002B1AD073
:101F90007B68D3F884300022DA667B68D3F884301B
:101FA0001846F3F731FE0346002B0CD07B68D3F8BC
:101FB00084301846F4F73CF80346102B03D17B68B5
:101FC0004022C3F88C20786800F020FC7B68D3F8AE
:101FD0008C3003F04003402B02D10123FB7303E05C
:101FE0007B680022C3F88C207B68012283F889205B
:101FF0007B68002283F88820FB7B18461037BD469B
:1020000080BD00BF501A0020F119760580B586B05A
:1020100000AF786001233B610123FB607B680722EE
:1020200083F889200023FB75844B1B68844AA2FB3C
:1020300003235B0A642202FB03F3BB607B681B681B
:102040001B6803F40073B3F5007F5BD17B681B68EA
:102050001A697B681B6822F008021A61BB68013BA1
:10206000BB60BB68002B08D17B68D3F88C3043F091
:1020700040027B68C3F88C2006E07B681B681B6904
:1020800003F00803082BE9D07B681B681A687B689B
:102090001B6842F480621A60BB68013BBB60BB688E
:1020A000002B08D17B68D3F88C3043F040027B686A
:1020B000C3F88C2007E07B681B681B6803F400737F
:1020C000B3F5007FE8D07B681B689A697B681B6862
:1020D00042F400629A61BB68013BBB60BB68002BA5
:1020E00008D17B68D3F88C3043F040027B68C3F89A
:1020F0008C2007E07B681B685B6903F40063B3F521
:10210000006FE8D07B68D3F88430002B0CD07B685C
:102110001B689B6803F48043B3F5804F04D17B6850
:10212000D3F88430474ADA667B68D3F88030002BD6
:102130002DD07B681B689B6803F40043B3F5004F08
:1021400020D17B68D3F880303F4ADA6600233B61B8
:102150007B68D3F880301846F3F7D2FD0346002B96
:1021600015D07B68D3F880301846F3F761FF03463B
:10217000202B0CD101233B617B68D3F880300022F7
:10218000DA6604E07B68D3F880300022DA667B6888
:10219000D3F88430002B2DD07B681B689B6803F438
:1021A0008043B3F5804F20D17B68D3F88430254A33
:1021B000DA660023FB607B68D3F884301846F3F7B7
:1021C0009FFD0346002B15D07B68D3F8843018465A
:1021D000F3F72EFF0346202B0CD10123FB607B6815
:1021E000D3F884300022DA6604E07B68D3F88430C8
:1021F0000022DA663B69012B1AD1FB68012B17D14B
:10220000786800F003FB7B68D3F88C3003F0400360
:10221000402B02D10123FB7503E07B680022C3F849
:102220008C207B68012283F889207868DFF71AFE0A
:10223000FB7D18461837BD4680BD00BF501A0020F0
:10224000F1197605B12602086526020880B58AB024
:1022500000AF78607B681B681B693B627B681B680A
:102260005B69FB613A6AFB691340BB617B681B6871
:102270009B687B6100237B627B6893F88930FB74E9
:102280007B681B683033FB60FB6903F40063002B41
:1022900010D03B6A03F00803002B0BD07B681B684F
:1022A0009A697B681B6842F400629A61786800F062
:1022B000B5F99AE1BB6903F04003002B13D1BB6968
:1022C00003F02003002B0ED1BB6903F00403002BA5
:1022D00009D07B68DB6F786898477B689B6F78686C
:1022E000984701237B62BB6903F04003002B0FD1A9
:1022F000BB6903F00103002B0AD0BB6903F00403A0
:10230000002B05D17B689B6F7868984701237B621F
:10231000BB6903F02003002B0FD1BB6903F002035C
:10232000002B0AD0BB6903F00403002B05D17B68A6
:10233000DB6F7868984701237B627B6A002B40F053
:102340004F81BB6903F00803002B00F08B807B6892
:102350001B689A697B681B6842F008029A617B6877
:102360001B689A697B681B6842F010029A617B685F
:102370001B689A697B681B6842F400629A617B68FB
:102380001B681A697B681B6822F008021A617B6867
:102390001B689B6803F44043002B3DD136E07B680B
:1023A000DB680F2B0BD97B681A687B68DB6E126BBE
:1023B0001A607B68DB6E1A1D7B68DA661DE07B683D
:1023C000DB68072B0BD97B68DB6EFA68128892B248
:1023D0001A807B68DB6E9A1C7B68DA660DE07B688E
:1023E0001B6803F130027B68DB6E1278D2B21A7080
:1023F0007B68DB6E5A1C7B68DA667B68B3F87230E8
:102400009BB2013B9AB27B68A3F872207B68B3F859
:1024100072309BB2002BC2D1786800F05BFA7B6807
:10242000012283F889207B68D3F88C30002B03D0FD
:102430007868DFF707FDD8E0FB7C052B03D17868CF
:1024400000F0E2F8CEE0FB7C042B03D1786800F0CA
:10245000D1F8C7E0FB7C032B40F0C4807868DFF73D
:102460002BFDBFE0BB6903F45873002B00F0BD8067
:10247000BB6903F04003002B0FD07B68D3F88C308E
:1024800043F004027B68C3F88C207B681B689A6960
:102490007B681B6842F040029A61BB6903F40073D9
:1024A000002B0FD07B68D3F88C3043F001027B689F
:1024B000C3F88C207B681B689A697B681B6842F4B0
:1024C00000729A61BB6903F48073002B0FD07B68A4
:1024D000D3F88C3043F008027B68C3F88C207B680B
:1024E0001B689A697B681B6842F480729A61BB69B9
:1024F00003F02003002B0FD07B68D3F88C3043F01F
:1025000080027B68C3F88C207B681B689A697B68B3
:102510001B6842F020029A617B68D3F88C30002B54
:1025200062D07B681B681A687B681B6822F0010216
:102530001A607B681B681B697A68126823F45A73F7
:1025400023F0030313617B6903F44043B3F5404F69
:102550003ED17B681B689A687B681B6822F4404206
:102560009A607B68D3F88430002B15D07B68D3F851
:1025700084301F4ADA667B68D3F884301846F3F754
:10258000BFFB0346002B07D07B68D3F88C3043F0A9
:1025900040027B68C3F88C207B68D3F88030002B26
:1025A00022D07B68D3F88030114ADA667B68D3F892
:1025B00080301846F3F7A4FB0346002B14D07B6849
:1025C000D3F88C3043F040027B68C3F88C200BE0DA
:1025D0007B68012283F889207868DFF733FC03E009
:1025E00000BF02E000BF00E000BF2837BD4680BD4D
:1025F0003126020880B483B000AF786000BF0C378A
:10260000BD465DF8047B704780B483B000AF78604E
:1026100000BF0C37BD465DF8047B704780B483B0C3
:1026200000AF786000BF0C37BD465DF8047B704793
:1026300080B584B000AF78607B68DB6DFB60FB68C1
:102640000022A3F87220FB680022A3F86A20FB682E
:10265000012283F88920F868DFF7F4FB00BF103708
:10266000BD4680BD80B584B000AF78607B68DB6D0F
:10267000FB60FB68D3F880300022DA66FB68D3F891
:102680008430002B05D0FB68D3F88430DB6E002B40
:102690000AD1F86800F0BAF8FB68012283F88920B3
:1026A000F868DFF7DFFB00E000BF1037BD4680BDF4
:1026B00080B584B000AF78607B68DB6DFB60FB6841
:1026C000D3F884300022DA66FB68D3F88030002B20
:1026D00005D0FB68D3F88030DB6E002B0AD1F86898
:1026E00000F094F8FB68012283F88920F868DFF78E
:1026F000B9FB00E000BF1037BD4680BD80B483B099
:1027000000AF78607B685A6E7B681B682033127854
:102710001A707B685B6E5A1C7B685A667B68B3F8DC
:102720006A309BB2013B9AB27B68A3F86A207B684F
:10273000B3F86A309BB2002B07D17B681B681A691B
:102740007B681B6822F002021A6100BF0C37BD468D
:102750005DF8047B704780B485B000AF78607B681B
:102760001B682033FB607B685B6E1A88FB681A80ED
:102770007B685B6E9A1C7B685A667B68B3F86A302C
:102780009BB2013B9AB27B68A3F86A207B68B3F8DE
:102790006A309BB2002B07D17B681B681A697B6883
:1027A0001B6822F002021A6100BF1437BD465DF8B3
:1027B000047B704780B483B000AF78607B685A6E4A
:1027C0007B681B6812681A627B685B6E1A1D7B68E7
:1027D0005A667B68B3F86A309BB2013B9AB27B6859
:1027E000A3F86A207B68B3F86A309BB2002B07D14C
:1027F0007B681B681A697B681B6822F002021A61F9
:1028000000BF0C37BD465DF8047B704780B483B0D1
:1028100000AF78607B681B681A687B681B6822F0D1
:1028200001021A607B681B681B697A68126823F4CE
:102830005B7323F0030313617B681B689A697B68F1
:102840001B6842F008029A617B681B689A697B6882
:102850001B6842F010029A617B681B689A687B686B
:102860001B6822F440429A607B681B689A697B6807
:102870001B6842F040029A617B681B689A697B681A
:102880001B6842F020029A617B681B689A697B682A
:102890001B6842F480729A617B681B689A697B6846
:1028A0001B6842F400729A617B681B689A697B68B6
:1028B0001B6842F400629A617B680022A3F86A20D8
:1028C0007B680022A3F8722000BF0C37BD465DF87C
:1028D000047B704780B485B000AF78607B681B686C
:1028E0005B69FB607B681B689A697B681B6842F0C8
:1028F00008029A617B681B689A697B681B6842F0D2
:1029000010029A617B681B681A687B681B6822F05A
:1029100001021A607B681B681B697A68126823F4DD
:102920005B7323F0030313617B681B689A687B6801
:102930001B6822F440429A607B6893F88930DBB2CE
:10294000042B14D0FB6803F02003002B0FD07B680E
:10295000D3F88C3043F080027B68C3F88C207B680E
:102960001B689A697B681B6842F020029A617B6849
:1029700093F88930DBB2032B14D0FB6803F04003DB
:10298000002B0FD07B68D3F88C3043F004027B68B7
:10299000C3F88C207B681B689A697B681B6842F0CF
:1029A00040029A61FB6803F40073002B0FD07B6830
:1029B000D3F88C3043F001027B68C3F88C207B682D
:1029C0001B689A697B681B6842F400729A61FB6815
:1029D00003F48073002B0FD07B68D3F88C3043F066
:1029E00008027B68C3F88C207B681B689A697B6847
:1029F0001B6842F480729A617B680022A3F86A2007
:102A00007B680022A3F8722000BF1437BD465DF832
:102A1000047B704780B584B000AFF860B9603B605C
:102A20001346FB7110E0EFF7E9FA0246BB69D31ACF
:102A30003A689A4203D83B68B3F1FF3F02D13B6842
:102A4000002B01D103230FE0FB681B685A69BB68A8
:102A50001340BA689A420CBF01230023DBB21A4626
:102A6000FB799A42DFD0002318461037BD4680BD5F
:102A700080B485B000AF78607B68DB6B5B090133A5
:102A8000FB607B68DB680133BB60BB680733DB0836
:102A9000BB60BB68FA6802FB03F318461437BD46F7
:102AA0005DF8047B704780B483B000AF7860396014
:102AB0007B6893F88930DBB2012B2ED17B6893F8C9
:102AC0008830012B01D1022328E07B68012283F8A2
:102AD00088207B68022283F889207B681B681A683B
:102AE0007B681B6822F001021A603B681A683B6829
:102AF0005B6803F4702342EA03013B689A687B68D1
:102B00001B680A43DA617B68012283F889207B68AD
:102B1000002283F88820002300E0012318460C37A8
:102B2000BD465DF8047B704780B582B000AF786029
:102B30007B68002B01D1012349E07B6893F83D308D
:102B4000DBB2002B06D17B68002283F83C2078683A
:102B5000EEF7C6FF7B68022283F83D207B681A6887
:102B60007B6804331946104601F03CFB7B68012268
:102B700083F848207B68012283F83E207B6801228D
:102B800083F83F207B68012283F840207B68012284
:102B900083F841207B68012283F842207B68012270
:102BA00083F843207B68012283F844207B6801225C
:102BB00083F845207B68012283F846207B68012248
:102BC00083F847207B68012283F83D2000231846C4
:102BD0000837BD4680BD80B483B000AF78607B68A5
:102BE0001B681A6A41F211131340002B0FD17B6846
:102BF0001B681A6A44F244431340002B07D17B68D8
:102C00001B681A687B681B6822F001021A607B68E7
:102C1000012283F83D20002318460C37BD465DF89D
:102C2000047B704780B485B000AF78607B6893F810
:102C30003D30DBB2012B01D0012372E07B68022220
:102C400083F83D207B681B68DA687B681B6842F06C
:102C50000102DA607B681B68354A934240D07B688A
:102C60001B68344A93423BD07B681B68B3F1804FAA
:102C700036D07B681B68B3F1A04F31D07B681B68EE
:102C80002D4A93422CD07B681B682C4A934227D054
:102C90007B681B682A4A934222D07B681B68294ABA
:102CA00093421DD07B681B68274A934218D07B68EB
:102CB0001B68264A934213D07B681B68244A9342C0
:102CC0000ED07B681B68234A934209D07B681B683F
:102CD000214A934204D07B681B68204A934215D155
:102CE0007B681B689A681E4B1340FB60FB68062BD1
:102CF00015D0FB68B3F5803F11D07B681B681A685C
:102D00007B681B6842F001021A6008E07B681B6860
:102D10001A687B681B6842F001021A6000E000BF7D
:102D2000002318461437BD465DF8047B704700BF8A
:102D3000002C0140002C0150000400400004005011
:102D40000008004000080050000C0040000C00503B
:102D50000034014000340150004001400040015067
:102D60000700010080B483B000AF78607B681B6807
:102D7000DA687B681B6822F00102DA607B681B68F6
:102D80001A6A41F211131340002B0FD17B681B68A4
:102D90001A6A44F244431340002B07D17B681B6836
:102DA0001A687B681B6822F001021A607B680122A6
:102DB00083F83D20002318460C37BD465DF8047BA0
:102DC000704780B582B000AF78607B68002B01D17E
:102DD000012349E07B6893F83D30DBB2002B06D13C
:102DE0007B68002283F83C20786800F041F87B681B
:102DF000022283F83D207B681A687B6804331946F9
:102E0000104601F0EFF97B68012283F848207B68C7
:102E1000012283F83E207B68012283F83F207B68F3
:102E2000012283F840207B68012283F841207B68DF
:102E3000012283F842207B68012283F843207B68CB
:102E4000012283F844207B68012283F845207B68B7
:102E5000012283F846207B68012283F847207B68A3
:102E6000012283F83D20002318460837BD4680BD67
:102E700080B483B000AF786000BF0C37BD465DF80A
:102E8000047B704780B584B000AF78603960002360
:102E9000FB733B68002B09D17B6893F83E30DBB2B3
:102EA000012B14BF01230023DBB23CE03B68042B61
:102EB00009D17B6893F83F30DBB2012B14BF0123AB
:102EC0000023DBB22FE03B68082B09D17B6893F825
:102ED0004030DBB2012B14BF01230023DBB222E020
:102EE0003B680C2B09D17B6893F84130DBB2012B96
:102EF00014BF01230023DBB215E03B68102B09D17E
:102F00007B6893F84230DBB2012B14BF012300230E
:102F1000DBB208E07B6893F84330DBB2012B14BFCF
:102F200001230023DBB2002B01D0012324E13B6805
:102F3000002B04D17B68022283F83E2023E03B680B
:102F4000042B04D17B68022283F83F201BE03B68FE
:102F5000082B04D17B68022283F8402013E03B68F1
:102F60000C2B04D17B68022283F841200BE03B68E4
:102F7000102B04D17B68022283F8422003E07B6897
:102F8000022283F843203B680C2B41D801A252F85F
:102F900023F000BFC92F02081130020811300208C7
:102FA00011300208DB2F020811300208113002082C
:102FB00011300208ED2F020811300208113002080A
:102FC00011300208FF2F02087B681B68DA687B68F3
:102FD0001B6842F00202DA601DE07B681B68DA6859
:102FE0007B681B6842F00402DA6014E07B681B68AF
:102FF000DA687B681B6842F00802DA600BE07B68E5
:103000001B68DA687B681B6842F01002DA6002E035
:103010000123FB7300BFFB7B002B40F0AC807B687F
:103020001B6801223968184601F04EFE7B681B6858
:10303000534A93422CD07B681B68524A934227D054
:103040007B681B68504A934222D07B681B684F4ABA
:1030500093421DD07B681B684D4A934218D07B6811
:103060001B684C4A934213D07B681B684A4A9342C0
:103070000ED07B681B68494A934209D07B681B6865
:10308000474A934204D07B681B68464A934201D169
:10309000012300E00023002B07D07B681B685A6CDB
:1030A0007B681B6842F400425A647B681B68344AA0
:1030B000934240D07B681B68324A93423BD07B6886
:1030C0001B68B3F1804F36D07B681B68B3F1A04F0B
:1030D00031D07B681B68344A93422CD07B681B68D4
:1030E000324A934227D07B681B68314A934222D0F0
:1030F0007B681B682F4A93421DD07B681B682E4A51
:10310000934218D07B681B682C4A934213D07B688B
:103110001B681D4A93420ED07B681B681B4A934272
:1031200009D07B681B681A4A934204D07B681B68ED
:10313000184A934215D17B681B689A68204B13404C
:10314000BB60BB68062B15D0BB68B3F5803F11D0C0
:103150007B681B681A687B681B6842F001021A6072
:1031600008E07B681B681A687B681B6842F00102F4
:103170001A6000E000BFFB7B18461037BD4680BDDB
:10318000002C0140002C015000340140003401505B
:103190000040014000400150004401400044015003
:1031A0000048014000480150000400400004005065
:1031B0000008004000080050000C0040000C0050C7
:1031C0000700010080B584B000AF7860396000234B
:1031D000FB733B680C2B41D801A252F823F000BFCF
:1031E000153202085D3202085D3202085D320208C3
:1031F000273202085D3202085D3202085D320208A1
:10320000393202085D3202085D3202085D3202087E
:103210004B3202087B681B68DA687B681B6822F007
:103220000202DA601DE07B681B68DA687B681B6855
:1032300022F00402DA6014E07B681B68DA687B68BD
:103240001B6822F00802DA600BE07B681B68DA6812
:103250007B681B6822F01002DA6002E00123FB7336
:1032600000BFFB7B002B40F09A807B681B6800222C
:103270003968184601F028FD7B681B684A4A93426A
:103280002CD07B681B68494A934227D07B681B6817
:10329000474A934222D07B681B68464A93421DD01E
:1032A0007B681B68444A934218D07B681B68434A7A
:1032B000934213D07B681B68414A93420ED07B68CF
:1032C0001B68404A934209D07B681B683E4A934280
:1032D00004D07B681B683D4A934201D1012300E082
:1032E0000023002B17D07B681B681A6A41F2111368
:1032F0001340002B0FD17B681B681A6A44F24443C9
:103300001340002B07D17B681B685A6C7B681B68D5
:1033100022F400425A647B681B681A6A41F2111356
:103320001340002B0FD17B681B681A6A44F2444398
:103330001340002B07D17B681B681A687B681B68E9
:1033400022F001021A603B68002B04D17B68012245
:1033500083F83E2023E03B68042B04D17B680122E4
:1033600083F83F201BE03B68082B04D17B680122D7
:1033700083F8402013E03B680C2B04D17B680122CA
:1033800083F841200BE03B68102B04D17B680122BD
:1033900083F8422003E07B68012283F84320FB7B13
:1033A00018461037BD4680BD002C0140002C01504E
:1033B0000034014000340150004001400040015001
:1033C00000440140004401500048014000480150C1
:1033D00080B582B000AF78607B68002B01D10123FB
:1033E00049E07B6893F83D30DBB2002B06D17B6867
:1033F000002283F83C20786800F041F87B680222C4
:1034000083F83D207B681A687B68043319461046B0
:1034100000F0E8FE7B68012283F848207B680122E7
:1034200083F83E207B68012283F83F207B680122DD
:1034300083F840207B68012283F841207B680122C9
:1034400083F842207B68012283F843207B680122B5
:1034500083F844207B68012283F845207B680122A1
:1034600083F846207B68012283F847207B6801228D
:1034700083F83D20002318460837BD4680BD80B440
:1034800083B000AF786000BF0C37BD465DF8047BA9
:103490007047000080B584B000AF786039600023C9
:1034A000FB733B68002B09D17B6893F83E30DBB29D
:1034B000012B14BF01230023DBB23CE03B68042B4B
:1034C00009D17B6893F83F30DBB2012B14BF012395
:1034D0000023DBB22FE03B68082B09D17B6893F80F
:1034E0004030DBB2012B14BF01230023DBB222E00A
:1034F0003B680C2B09D17B6893F84130DBB2012B80
:1035000014BF01230023DBB215E03B68102B09D167
:103510007B6893F84230DBB2012B14BF01230023F8
:10352000DBB208E07B6893F84330DBB2012B14BFB9
:1035300001230023DBB2002B01D0012324E13B68EF
:10354000002B04D17B68022283F83E2023E03B68F5
:10355000042B04D17B68022283F83F201BE03B68E8
:10356000082B04D17B68022283F8402013E03B68DB
:103570000C2B04D17B68022283F841200BE03B68CE
:10358000102B04D17B68022283F8422003E07B6881
:10359000022283F843203B680C2B41D801A252F849
:1035A00023F000BFD935020821360208213602086F
:1035B00021360208EB3502082136020821360208BE
:1035C00021360208FD35020821360208213602089C
:1035D000213602080F3602087B681B68DA687B68B0
:1035E0001B6842F00202DA601DE07B681B68DA6843
:1035F0007B681B6842F00402DA6014E07B681B6899
:10360000DA687B681B6842F00802DA600BE07B68CE
:103610001B68DA687B681B6842F01002DA6002E01F
:103620000123FB7300BFFB7B002B40F0AC807B6869
:103630001B6801223968184601F046FB7B681B684D
:10364000534A93422CD07B681B68524A934227D03E
:103650007B681B68504A934222D07B681B684F4AA4
:1036600093421DD07B681B684D4A934218D07B68FB
:103670001B684C4A934213D07B681B684A4A9342AA
:103680000ED07B681B68494A934209D07B681B684F
:10369000474A934204D07B681B68464A934201D153
:1036A000012300E00023002B07D07B681B685A6CC5
:1036B0007B681B6842F400425A647B681B68344A8A
:1036C000934240D07B681B68324A93423BD07B6870
:1036D0001B68B3F1804F36D07B681B68B3F1A04FF5
:1036E00031D07B681B68344A93422CD07B681B68BE
:1036F000324A934227D07B681B68314A934222D0DA
:103700007B681B682F4A93421DD07B681B682E4A3A
:10371000934218D07B681B682C4A934213D07B6875
:103720001B681D4A93420ED07B681B681B4A93425C
:1037300009D07B681B681A4A934204D07B681B68D7
:10374000184A934215D17B681B689A68204B134036
:10375000BB60BB68062B15D0BB68B3F5803F11D0AA
:103760007B681B681A687B681B6842F001021A605C
:1037700008E07B681B681A687B681B6842F00102DE
:103780001A6000E000BFFB7B18461037BD4680BDC5
:10379000002C0140002C0150003401400034015045
:1037A00000400140004001500044014000440150ED
:1037B000004801400048015000040040000400504F
:1037C0000008004000080050000C0040000C0050B1
:1037D0000700010080B584B000AF78603960002335
:1037E000FB733B680C2B41D801A252F823F000BFB9
:1037F000253802086D3802086D3802086D38020855
:10380000373802086D3802086D3802086D38020832
:10381000493802086D3802086D3802086D38020810
:103820005B3802087B681B68DA687B681B6822F0DB
:103830000202DA601DE07B681B68DA687B681B683F
:1038400022F00402DA6014E07B681B68DA687B68A7
:103850001B6822F00802DA600BE07B681B68DA68FC
:103860007B681B6822F01002DA6002E00123FB7320
:1038700000BFFB7B002B40F09A807B681B68002216
:103880003968184601F020FA7B681B684A4A93425F
:103890002CD07B681B68494A934227D07B681B6801
:1038A000474A934222D07B681B68464A93421DD008
:1038B0007B681B68444A934218D07B681B68434A64
:1038C000934213D07B681B68414A93420ED07B68B9
:1038D0001B68404A934209D07B681B683E4A93426A
:1038E00004D07B681B683D4A934201D1012300E06C
:1038F0000023002B17D07B681B681A6A41F2111352
:103900001340002B0FD17B681B681A6A44F24443B2
:103910001340002B07D17B681B685A6C7B681B68BF
:1039200022F400425A647B681B681A6A41F2111340
:103930001340002B0FD17B681B681A6A44F2444382
:103940001340002B07D17B681B681A687B681B68D3
:1039500022F001021A603B68002B04D17B6801222F
:1039600083F83E2023E03B68042B04D17B680122CE
:1039700083F83F201BE03B68082B04D17B680122C1
:1039800083F8402013E03B680C2B04D17B680122B4
:1039900083F841200BE03B68102B04D17B680122A7
:1039A00083F8422003E07B68012283F84320FB7BFD
:1039B00018461037BD4680BD002C0140002C015038
:1039C00000340140003401500040014000400150EB
:1039D00000440140004401500048014000480150AB
:1039E00080B584B000AF78607B681B68DB68FB60E3
:1039F0007B681B681B69BB60BB6803F00203002B7C
:103A000020D0FB6803F00203002B1BD07B681B68EF
:103A10006FF002021A617B6801221A777B681B68CB
:103A20009B6903F00303002B03D0786800F0B8FB18
:103A300005E07868E7F7ACFD7868E7F743FD7B6859
:103A400000221A77BB6803F00403002B20D0FB6828
:103A500003F00403002B1BD07B681B686FF004028B
:103A60001A617B6802221A777B681B689B6903F4E2
:103A70004073002B03D0786800F092FB05E0786873
:103A8000E7F786FD7868E7F71DFD7B6800221A7767
:103A9000BB6803F00803002B20D0FB6803F0080389
:103AA000002B1BD07B681B686FF008021A617B68D3
:103AB00004221A777B681B68DB6903F00303002B81
:103AC00003D0786800F06CFB05E07868E7F760FDEC
:103AD0007868E7F7F7FC7B6800221A77BB6803F089
:103AE0001003002B20D0FB6803F01003002B1BD029
:103AF0007B681B686FF010021A617B6808221A77D6
:103B00007B681B68DB6903F44073002B03D0786883
:103B100000F046FB05E07868E7F73AFD7868E7F7DC
:103B2000D1FC7B6800221A77BB6803F00103002BED
:103B30000CD0FB6803F00103002B07D07B681B68E7
:103B40006FF001021A617868E7F7EEFCBB6803F0DA
:103B50008003002B04D1BB6803F40053002B0CD06E
:103B6000FB6803F08003002B07D07B681B686FF4B1
:103B700002521A61786801F099F9BB6803F4807306
:103B8000002B0CD0FB6803F08003002B07D07B6870
:103B90001B686FF480721A61786801F091F9BB6854
:103BA00003F04003002B0CD0FB6803F04003002B14
:103BB00007D07B681B686FF040021A61786800F0DC
:103BC000F9FABB6803F02003002B0CD0FB6803F06C
:103BD0002003002B07D07B681B686FF020021A615E
:103BE000786801F059F9BB6803F48013002B0CD0FE
:103BF000FB6803F48013002B07D07B681B686FF40D
:103C000080121A61786801F065F9BB6803F400134B
:103C1000002B0CD0FB6803F40013002B07D07B684B
:103C20001B686FF400121A61786801F05DF9BB68D7
:103C300003F48003002B0CD0FB6803F48003002BFB
:103C400007D07B681B686FF480021A61786801F006
:103C500055F9BB6803F40003002B0CD0FB6803F498
:103C60000003002B07D07B681B686FF400021A6109
:103C7000786801F04DF900BF1037BD4680BD0000E7
:103C800080B586B000AFF860B9607A600023FB753C
:103C9000FB6893F83C30012B01D1022366E0FB68FE
:103CA000012283F83C207B68142B57D801A252F8DC
:103CB00023F000BF093D02085D3D02085D3D02089A
:103CC0005D3D0208173D02085D3D02085D3D0208AA
:103CD0005D3D0208253D02085D3D02085D3D02088C
:103CE0005D3D0208333D02085D3D02085D3D02086E
:103CF0005D3D0208413D02085D3D02085D3D020850
:103D00005D3D02084F3D0208FB681B68B968184614
:103D100000F068FB25E0FB681B68B968184600F0F6
:103D200023FC1EE0FB681B68B968184600F0CCFC59
:103D300017E0FB681B68B968184600F073FD10E0D7
:103D4000FB681B68B968184600F01CFE09E0FB68B8
:103D50001B68B968184600F097FE02E00123FB7566
:103D600000BFFB68002283F83C20FB7D1846183713
:103D7000BD4680BD80B586B000AFF860B9607A609E
:103D80000023FB75FB6893F83C30012B01D1022323
:103D9000FFE0FB68012283F83C207B68142B00F2D3
:103DA000F08001A252F823F0FD3D0208833F020893
:103DB000833F0208833F02083D3E0208833F02081A
:103DC000833F0208833F02087F3E0208833F0208C8
:103DD000833F0208833F0208BF3E0208833F020878
:103DE000833F0208833F0208013F0208833F020825
:103DF000833F0208833F0208413F0208FB681B68BB
:103E0000B968184600F0EEFAFB681B689A69FB680F
:103E10001B6842F008029A61FB681B689A69FB689C
:103E20001B6822F004029A61FB681B689969BB68F1
:103E30001A69FB681B680A439A61A5E0FB681B6866
:103E4000B968184600F090FBFB681B689A69FB682C
:103E50001B6842F400629A61FB681B689A69FB6800
:103E60001B6822F480629A61FB681B689969BB68D1
:103E70001B691A02FB681B680A439A6184E0FB68AD
:103E80001B68B968184600F01FFCFB681B68DA69FC
:103E9000FB681B6842F00802DA61FB681B68DA699C
:103EA000FB681B6822F00402DA61FB681B68D969B1
:103EB000BB681A69FB681B680A43DA6164E0FB6847
:103EC0001B68B968184600F0ADFCFB681B68DA692E
:103ED000FB681B6842F40062DA61FB681B68DA6900
:103EE000FB681B6822F48062DA61FB681B68D96991
:103EF000BB681B691A02FB681B680A43DA6143E06E
:103F0000FB681B68B968184600F03CFDFB681B683D
:103F10001A6DFB681B6842F008021A65FB681B6893
:103F20001A6DFB681B6822F004021A65FB681B68A7
:103F3000196DBB681A69FB681B680A431A6523E0A0
:103F4000FB681B68B968184600F09EFDFB681B689B
:103F50001A6DFB681B6842F400621A65FB681B68F7
:103F60001A6DFB681B6822F480621A65FB681B6887
:103F7000196DBB681B691A02FB681B680A431A6546
:103F800002E00123FB7500BFFB68002283F83C20A0
:103F9000FB7D18461837BD4680BD00BF80B584B094
:103FA00000AF786039600023FB737B6893F83C3086
:103FB000012B01D10223E6E07B68012283F83C203B
:103FC0007B68022283F83D207B681B689B68BB608E
:103FD000BB6823F4441323F07703BB60BB6823F46E
:103FE0007F43BB607B681B68BA689A603B681B684C
:103FF000674A934200F0B180654A934200F2B6806E
:10400000644A934200F0A980624A934200F2AE8073
:10401000614A934200F0A1805F4A934200F2A68079
:104020005E4A934200F099805C4A934200F29E807F
:10403000B3F1101F00F09180B3F1101F00F29680D1
:10404000B3F5801F00F08980B3F5801F00F28E80E9
:10405000B3F5005F3ED0B3F5005F00F28780B3F5A3
:10406000805F00F08680B3F5805F7FD8702B1AD018
:10407000702B7BD8602B50D0602B77D8502B3CD046
:10408000502B73D8402B58D0402B6FD8302B64D096
:10409000302B6BD8202B60D0202B67D8002B5CD026
:1040A000102B5AD062E07B6818683B6899683B68BF
:1040B0005A683B68DB6800F0E7FD7B681B689B681B
:1040C000BB60BB6843F07703BB607B681B68BA6862
:1040D0009A604FE07B6818683B6899683B685A684B
:1040E0003B68DB6800F0D0FD7B681B689A687B68E2
:1040F0001B6842F480429A603CE07B6818683B6829
:1041000059683B68DB681A4600F042FD7B681B6813
:104110005021184600F09BFD2CE07B6818683B6836
:1041200059683B68DB681A4600F061FD7B681B68D4
:104130006021184600F08BFD1CE07B6818683B6826
:1041400059683B68DB681A4600F022FD7B681B68F3
:104150004021184600F07BFD0CE07B681A683B6844
:104160001B681946104600F072FD03E00123FB7343
:1041700000E000BF7B68012283F83D207B680022BD
:1041800083F83C20FB7B18461037BD4680BD00BF3E
:1041900070001000400010003000100020001000DF
:1041A00080B483B000AF786000BF0C37BD465DF8C7
:1041B000047B704780B483B000AF786000BF0C37D9
:1041C000BD465DF8047B704780B483B000AF786073
:1041D0007B6893F83D30DBB218460C37BD465DF87E
:1041E000047B704780B485B000AF786039607B682D
:1041F0001B68FB607B686B4A93422BD07B686A4AE2
:10420000934227D07B68B3F1804F23D07B68B3F112
:10421000A04F1FD07B68654A93421BD07B68644ADD
:10422000934217D07B68634A934213D07B68624AFB
:1042300093420FD07B68614A93420BD07B68604AFF
:10424000934207D07B685F4A934203D07B685E4A03
:10425000934208D1FB6823F07003FB603B685B6806
:10426000FA681343FB607B684E4A934243D07B68F5
:104270004D4A93423FD07B68B3F1804F3BD07B687F
:10428000B3F1A04F37D07B68484A934233D07B6864
:10429000474A93422FD07B68464A93422BD07B6893
:1042A000454A934227D07B68444A934223D07B6897
:1042B000434A93421FD07B68424A93421BD07B689B
:1042C000414A934217D07B68404A934213D07B689F
:1042D0003F4A93420FD07B683E4A93420BD07B68A3
:1042E0003D4A934207D07B683C4A934203D07B68A7
:1042F0003B4A934208D1FB6823F44073FB603B6860
:10430000DB68FA681343FB60FB6823F080023B68BC
:104310005B691343FB603B689A687B68DA623B68C1
:104320001A687B689A627B681E4A934223D07B6836
:104330001D4A93421FD07B68224A93421BD07B6860
:10434000214A934217D07B68204A934213D07B685E
:104350001F4A93420FD07B681E4A93420BD07B6862
:104360001D4A934207D07B681C4A934203D07B6866
:104370001B4A934203D13B681A697B681A637B68C6
:104380001B6843F004027B681A607B6801225A6153
:104390007B68FA681A6000BF1437BD465DF8047B7D
:1043A000704700BF002C0140002C01500004004069
:1043B000000400500008004000080050000C0040BD
:1043C000000C005000340140003401500040014016
:1043D00000400150004401400044015000480140A9
:1043E0000048015080B487B000AF786039607B68C6
:1043F0001B6A7B617B681B6A23F001027B681A627F
:104400007B685B683B617B689B69FB60FB6823F4AE
:10441000803323F07003FB60FB6823F00303FB6031
:104420003B681B68FA681343FB607B6923F0020357
:104430007B613B689B687A6913437B617B68404A78
:10444000934223D07B683F4A93421FD07B683E4A09
:1044500093421BD07B683D4A934217D07B683C4A0D
:10446000934213D07B683B4A93420FD07B683A4A11
:1044700093420BD07B68394A934207D07B68384A15
:10448000934203D07B68374A93420CD17B6923F077
:1044900008037B613B68DB687A6913437B617B6956
:1044A00023F004037B617B68254A934223D07B6819
:1044B000244A93421FD07B68234A93421BD07B68D7
:1044C000224A934217D07B68214A934213D07B68DB
:1044D000204A93420FD07B681F4A93420BD07B68DF
:1044E0001E4A934207D07B681D4A934203D07B68E3
:1044F0001C4A934211D13B6923F480733B613B69B1
:1045000023F400733B613B685B693A6913433B6189
:104510003B689B693A6913433B617B683A695A601F
:104520007B68FA689A613B685A687B685A637B6863
:104530007A691A6200BF1C37BD465DF8047B70477C
:10454000002C0140002C0150003401400034015087
:10455000004001400040015000440140004401502F
:10456000004801400048015080B487B000AF786037
:1045700039607B681B6A7B617B681B6A23F01002D1
:104580007B681A627B685B683B617B689B69FB6048
:10459000FB6823F0807323F4E043FB60FB6823F4A3
:1045A0004073FB603B681B681B02FA681343FB60A7
:1045B0007B6923F020037B613B689B681B017A6960
:1045C00013437B617B68364A93420BD07B68354A44
:1045D000934207D07B68344A934203D07B68334AC6
:1045E00093420DD17B6923F080037B613B68DB68DC
:1045F0001B017A6913437B617B6923F040037B6174
:104600007B68274A934223D07B68264A93421FD077
:104610007B68254A93421BD07B68244A934217D07B
:104620007B68234A934213D07B68224A93420FD07F
:104630007B68214A93420BD07B68204A934207D083
:104640007B681F4A934203D07B681E4A934213D172
:104650003B6923F480633B613B6923F400633B6166
:104660003B685B699B003A6913433B613B689B690C
:104670009B003A6913433B617B683A695A607B68E7
:10468000FA689A613B685A687B689A637B687A69C2
:104690001A6200BF1C37BD465DF8047B704700BF3F
:1046A000002C0140002C0150003401400034015026
:1046B00000400140004001500044014000440150CE
:1046C000004801400048015080B487B000AF7860D6
:1046D00039607B681B6A7B617B681B6A23F480728C
:1046E0007B681A627B685B683B617B68DB69FB60A7
:1046F000FB6823F4803323F07003FB60FB6823F036
:104700000303FB603B681B68FA681343FB607B692B
:1047100023F400737B613B689B681B027A69134337
:104720007B617B68354A93420BD07B68344A934265
:1047300007D07B68334A934203D07B68324A934266
:104740000DD17B6923F400637B613B68DB681B024E
:104750007A6913437B617B6923F480637B617B68A7
:10476000264A934223D07B68254A93421FD07B6818
:10477000244A93421BD07B68234A934217D07B681C
:10478000224A934213D07B68214A93420FD07B6820
:10479000204A93420BD07B681F4A934207D07B6824
:1047A0001E4A934203D07B681D4A934213D13B6952
:1047B00023F480533B613B6923F400533B613B6826
:1047C0005B691B013A6913433B613B689B691B01B1
:1047D0003A6913433B617B683A695A607B68FA68BF
:1047E000DA613B685A687B68DA637B687A691A62C7
:1047F00000BF1C37BD465DF8047B7047002C0140AC
:10480000002C0150003401400034015000400140B0
:104810000040015000440140004401500048014064
:104820000048015080B487B000AF786039607B6881
:104830001B6A7B617B681B6A23F480527B681A6267
:104840007B685B683B617B68DB69FB60FB6823F02E
:10485000807323F4E043FB60FB6823F44073FB6048
:104860003B681B681B02FA681343FB607B6923F4F7
:1048700000537B613B689B681B037A6913437B6130
:104880007B68364A93420BD07B68354A934207D007
:104890007B68344A934203D07B68334A93420DD1FC
:1048A0007B6923F400437B613B68DB681B037A6907
:1048B00013437B617B6923F480437B617B68274AD8
:1048C000934223D07B68264A93421FD07B68254AB7
:1048D00093421BD07B68244A934217D07B68234ABB
:1048E000934213D07B68224A93420FD07B68214ABF
:1048F00093420BD07B68204A934207D07B681F4AC3
:10490000934203D07B681E4A934213D13B6923F440
:1049100080433B613B6923F400433B613B685B6937
:104920009B013A6913433B613B689B699B013A6970
:1049300013433B617B683A695A607B68FA68DA61C5
:104940003B685A687B681A647B687A691A6200BFA0
:104950001C37BD465DF8047B704700BF002C01404A
:10496000002C01500034014000340150004001404F
:104970000040015000440140004401500048014003
:104980000048015080B487B000AF786039607B6820
:104990001B6A3B617B681B6A23F480327B681A6266
:1049A0007B685B687B617B681B6DFB60FB6823F445
:1049B000803323F07003FB603B681B68FA68134385
:1049C000FB603B6923F400333B613B689B681B043D
:1049D0003A6913433B617B68214A934223D07B6849
:1049E000204A93421FD07B681F4A93421BD07B68AA
:1049F0001E4A934217D07B681D4A934213D07B68AE
:104A00001C4A93420FD07B681B4A93420BD07B68B1
:104A10001A4A934207D07B68194A934203D07B68B5
:104A2000184A934209D17B6923F480337B613B6848
:104A30005B691B027A6913437B617B687A695A6000
:104A40007B68FA681A653B685A687B689A647B6879
:104A50003A691A6200BF1C37BD465DF8047B704797
:104A6000002C0140002C0150003401400034015062
:104A7000004001400040015000440140004401500A
:104A8000004801400048015080B487B000AF786012
:104A900039607B681B6A3B617B681B6A23F4801268
:104AA0007B681A627B685B687B617B681B6DFB605F
:104AB000FB6823F0807323F4E043FB603B681B68D2
:104AC0001B02FA681343FB603B6923F400133B614C
:104AD0003B689B681B053A6913433B617B68224A2C
:104AE000934223D07B68214A93421FD07B68204A9F
:104AF00093421BD07B681F4A934217D07B681E4AA3
:104B0000934213D07B681D4A93420FD07B681C4AA6
:104B100093420BD07B681B4A934207D07B681A4AAA
:104B2000934203D07B68194A934209D17B6923F4ED
:104B300080237B613B685B699B027A6913437B61DD
:104B40007B687A695A607B68FA681A653B685A68BC
:104B50007B68DA647B683A691A6200BF1C37BD461D
:104B60005DF8047B704700BF002C0140002C015011
:104B70000034014000340150004001400040015029
:104B800000440140004401500048014000480150E9
:104B900080B487B000AFF860B9607A60FB681B6AC8
:104BA0007B61FB681B6A23F00102FB681A62FB68E9
:104BB0009B693B613B6923F0F0033B617B681B0110
:104BC0003A6913433B617B6923F00A037B617A698D
:104BD000BB6813437B61FB683A699A61FB687A6939
:104BE0001A6200BF1C37BD465DF8047B704780B475
:104BF00087B000AFF860B9607A60FB681B6A7B61C0
:104C0000FB681B6A23F01002FB681A62FB689B6951
:104C10003B613B6923F470433B617B681B033A694A
:104C200013433B617B6923F0A0037B61BB681B01DD
:104C30007A6913437B61FB683A699A61FB687A6918
:104C40001A6200BF1C37BD465DF8047B704780B414
:104C500085B000AF786039607B689B68FB60FB685B
:104C600023F4401323F07003FB603A68FB6813439E
:104C700043F00703FB607B68FA689A6000BF143753
:104C8000BD465DF8047B704780B487B000AFF86024
:104C9000B9607A603B60FB689B687B617B6923F449
:104CA0007F437B613B681A027B681A43BB681343EE
:104CB0007A6913437B61FB687A699A6000BF1C378D
:104CC000BD465DF8047B704780B487B000AFF860E4
:104CD000B9607A60BB6803F01F03012202FA03F394
:104CE0007B61FB681A6A7B69DB431A40FB681A62C6
:104CF000FB681A6ABB6803F01F03796801FA03F3C3
:104D00001A43FB681A6200BF1C37BD465DF8047B7E
:104D10007047000080B485B000AF786039607B6870
:104D200093F83C30012B01D1022397E07B680122EC
:104D300083F83C207B68022283F83D207B681B6857
:104D40005B68FB607B681B689B68BB607B681B685B
:104D5000454A93420ED07B681B68444A934209D06F
:104D60007B681B68424A934204D07B681B68414AB7
:104D7000934208D1FB6823F47003FB603B685B68D7
:104D8000FA681343FB60FB6823F0007323F07003A1
:104D9000FB603B681B68FA681343FB607B681B6819
:104DA000FA685A607B681B682F4A934240D07B6840
:104DB0001B682E4A93423BD07B681B68B3F1804F3F
:104DC00036D07B681B68B3F1A04F31D07B681B687D
:104DD000294A93422CD07B681B68284A934227D0EB
:104DE0007B681B68264A934222D07B681B68254A51
:104DF00093421DD07B681B68234A934218D07B687E
:104E00001B68224A934213D07B681B68184A93425E
:104E10000ED07B681B68174A934209D07B681B68D9
:104E20001B4A934204D07B681B681A4A93420CD1F8
:104E3000BB6823F08003BB603B689B68BA68134380
:104E4000BB607B681B68BA689A607B68012283F844
:104E50003D207B68002283F83C200023184614374D
:104E6000BD465DF8047B7047002C0140002C0150CA
:104E700000340140003401500004004000040050A0
:104E80000008004000080050000C0040000C0050DA
:104E9000004001400040015080B483B000AF786012
:104EA00000BF0C37BD465DF8047B704780B483B00B
:104EB00000AF786000BF0C37BD465DF8047B7047DB
:104EC00080B483B000AF786000BF0C37BD465DF89A
:104ED000047B704780B483B000AF786000BF0C37AC
:104EE000BD465DF8047B704780B483B000AF786046
:104EF00000BF0C37BD465DF8047B704780B483B0BB
:104F000000AF786000BF0C37BD465DF8047B70478A
:104F100080B483B000AF786000BF0C37BD465DF849
:104F2000047B704780B582B000AF78607B68002B4F
:104F300001D1012342E07B68D3F88830002B06D1F1
:104F40007B68002283F884207868ECF7F3FE7B68A6
:104F50002422C3F888207B681B681A687B681B685A
:104F600022F001021A607B689B6A002B02D07868ED
:104F700000F036FF786800F091FD0346012B01D167
:104F800001231BE07B681B685A687B681B6822F45E
:104F900090425A607B681B689A687B681B6822F0A5
:104FA0002A029A607B681B681A687B681B6842F05B
:104FB00001021A60786800F0B5FF0346184608370A
:104FC000BD4680BD80B491B000AFF860B9601346B3
:104FD000FB80FB68D3F88830202B40F08880BB68CA
:104FE000002B02D0FB88002B01D1012380E0FB685D
:104FF0001B689B6803F08003802B07D1FB681B684C
:105000009A68FB681B6822F080029A60FB68BA68A5
:105010001A65FB68FA88A3F85420FB68FA88A3F89D
:105020005620FB6800229A67FB680022C3F8902094
:10503000FB682122C3F88820FB685B6EB3F1005F38
:105040002AD1FB689B68B3F5805F07D1FB681B69B9
:10505000002B03D1FB68294A9A6702E0FB68284AC3
:105060009A67FB681B680833BB62BB6A53E8003F62
:105070007B627B6A43F40003BB63FB681B680833F5
:10508000BA6B7A633B63396B7A6B41E80023FB624E
:10509000FB6A002BE5D128E0FB689B68B3F5805FD5
:1050A00007D1FB681B69002B03D1FB68154A9A677F
:1050B00002E0FB68144A9A67FB681B687B617B69A6
:1050C00053E8003F3B613B6943F08003FB63FB68AF
:1050D0001B681A46FB6B3B62FA61F9693A6A41E860
:1050E0000023BB61BB69002BE6D1002300E0022353
:1050F00018464437BD465DF8047B7047EF670208E9
:105100000F6702084D6602089565020880B594B0E5
:1051100000AF78607B681B687B637B6B53E8003F64
:105120003B633B6B23F4F073FB647B681B681A469C
:10513000FB6C3B64FA63F96B3A6C41E80023BB6398
:10514000BB6B002BE6D17B681B6808333B623B6A74
:1051500053E8003FFB61FB6923F0845323F0010314
:10516000BB647B681B680833BA6CFA62BB62B96ABD
:10517000FA6A41E800237B627B6A002BE3D17B68FB
:10518000DB6E012B18D17B681B68FB60FB6853E862
:10519000003FBB60BB6823F010037B647B681B6827
:1051A0001A467B6CBB617A617969BA6941E8002370
:1051B0003B613B69002BE6D17B681B689B6803F071
:1051C0008003802B1DD17B68DB6F002B19D07B689F
:1051D000DB6F0022DA667B68DB6F1846F0F714FDA0
:1051E0000346002B0DD07B68DB6F1846F0F720FFDD
:1051F0000346102B05D17B681022C3F890200323AF
:1052000059E07B681B689B6803F04003402B21D169
:105210007B68D3F88030002B1CD07B68D3F88030BB
:105220000022DA667B68D3F880301846F0F7ECFC91
:105230000346002B0ED07B68D3F880301846F0F779
:10524000F7FE0346102B05D17B681022C3F890208F
:10525000032330E07B680022A3F856207B680022FD
:10526000A3F85E207B681B680F221A627B685B6E66
:10527000B3F1005F07D17B681B689A697B681B6884
:1052800042F010029A617B681B689A697B681B6810
:1052900042F008029A617B682022C3F888207B686C
:1052A0002022C3F88C207B680022DA667B6800220B
:1052B000C3F89020002318465037BD4680BD00003B
:1052C00080B596B000AF786001237B657B681B6872
:1052D000BB63BB6B53E8003F7B637B6B23F4F073D2
:1052E0003B657B681B681A463B6D7B643A64396C8E
:1052F0007A6C41E80023FB63FB6B002BE6D17B68F3
:105300001B6808337B627B6A53E8003F3B623B6A61
:1053100023F0845323F00103FB647B681B6808338C
:10532000FA6C3A63FB62F96A3A6B41E80023BB62AC
:10533000BB6A002BE3D17B68DB6E012B18D17B6845
:105340001B683B613B6953E8003FFB60FB6823F04F
:105350001003BB647B681B681A46BB6CFB61BA61B7
:10536000B969FA6941E800237B617B69002BE6D1CA
:105370007B68DB6F002B0FD07B681B689B6803F09A
:105380008003802B04D17B68DB6F4C4ADA6603E034
:105390007B68DB6F0022DA667B68D3F88030002BF5
:1053A00011D07B681B689B6803F04003402B05D13C
:1053B0007B68D3F88030424ADA6604E07B68D3F831
:1053C00080300022DA667B681B689B6803F08003EC
:1053D000802B12D17B68DB6F002B0ED07B68DB6FDC
:1053E0001846F0F78DFC0346002B04D07B68DB6F7A
:1053F0000022DA6601E000237B657B681B689B68FE
:1054000003F04003402B17D17B68D3F88030002B8A
:1054100012D07B68D3F880301846F0F771FC034651
:10542000002B07D07B68D3F880300022DA66012396
:105430007B6501E000237B657B6D012B38D17B68A8
:105440000022A3F856207B680022A3F85E207B6828
:1054500000225A677B6800229A677B680022C3F8A3
:1054600090207B681B680F221A627B685B6EB3F129
:10547000005F07D17B681B689A697B681B6842F0F4
:1054800010029A617B681B689A697B681B6842F00E
:1054900008029A617B682022C3F888207B6820225A
:1054A000C3F88C207B680022DA667868DCF77CFD24
:1054B000002318465837BD4680BD00BF89640208E6
:1054C0001565020880B5AEB000AF78607B681B68D8
:1054D000DB69C7F8B4307B681B681B68C7F8B0305D
:1054E0007B681B689B68C7F8AC30D7F8B42040F6DF
:1054F0000F031340C7F8A830D7F8A830002B1BD1F2
:10550000D7F8B43003F02003002B15D0D7F8B03013
:1055100003F02003002B05D1D7F8AC3003F0805303
:10552000002B09D07B685B6F002B00F097827B68B3
:105530005B6F7868984791E2D7F8A830002B00F0AD
:10554000FD80D7F8AC207A4B1340002B06D1D7F85A
:10555000B020784B1340002B00F0F080D7F8B43027
:1055600003F00103002B11D0D7F8B03003F480739F
:10557000002B0BD07B681B6801221A627B68D3F872
:10558000903043F001027B68C3F89020D7F8B43024
:1055900003F00203002B11D0D7F8AC3003F0010365
:1055A000002B0BD07B681B6802221A627B68D3F841
:1055B000903043F004027B68C3F89020D7F8B430F1
:1055C00003F00403002B11D0D7F8AC3003F0010333
:1055D000002B0BD07B681B6804221A627B68D3F80F
:1055E000903043F002027B68C3F89020D7F8B430C3
:1055F00003F00803002B17D0D7F8B03003F02003D6
:10560000002B05D1D7F8AC20494B1340002B0BD011
:105610007B681B6808221A627B68D3F8903043F0DD
:1056200008027B68C3F89020D7F8B43003F4006315
:10563000002B12D0D7F8B03003F08063002B0CD0D1
:105640007B681B684FF400621A627B68D3F8903065
:1056500043F020027B68C3F890207B68D3F8903039
:10566000002B00F0FD81D7F8B43003F02003002BAD
:1056700013D0D7F8B03003F02003002B05D1D7F8B2
:10568000AC3003F08053002B07D07B685B6F002B9E
:1056900003D07B685B6F786898477B68D3F890305D
:1056A000C7F8A4307B681B689B6803F04003402B5D
:1056B00005D0D7F8A43003F02803002B2ED078684B
:1056C00000F06AFE7B681B689B6803F04003402B78
:1056D00020D17B68D3F88030002B17D07B68D3F8BB
:1056E0008030154ADA667B68D3F880301846F0F7C8
:1056F00007FB0346002B19D07B68D3F88030DB6EA4
:105700007A68D2F88020104698470FE07868DCF776
:105710003BFC0BE07868DCF737FC07E07868DCF7E7
:1057200033FC7B680022C3F8902099E100BF97E129
:105730000100001020010004656402087B68DB6E34
:10574000012B40F04281D7F8B43003F01003002B56
:1057500000F03B81D7F8B03003F01003002B00F0CD
:1057600034817B681B6810221A627B681B689B6807
:1057700003F04003402B40F0AA807B68D3F88030D0
:105780001B689B6CA7F89230B7F89230002B00F0A2
:1057900084807B68B3F85C30B7F892209A427CD260
:1057A0007B68B7F89220A3F85E207B68D3F880303E
:1057B0001B6D812B60D07B681B687B677B6F53E818
:1057C000003F3B673B6F23F48073C7F88C307B68E6
:1057D0001B681A46D7F88C30C7F88030FA67F96F23
:1057E000D7F8802041E80023BB67BB6F002BE2D1D4
:1057F0007B681B6808333B663B6E53E8003FFB65E4
:10580000FB6D23F00103C7F888307B681B68083301
:10581000D7F88820FA66BB66B96EFA6E41E80023B5
:105820007B667B6E002BE3D17B682022C3F88C2043
:105830007B680022DA667B681B68FB64FB6C53E8BC
:10584000003FBB64BB6C23F01003C7F884307B6857
:105850001B681A46D7F88430BB657A65796DBA6DD6
:1058600041E800233B653B6D002BE4D17B68D3F816
:1058700080301846F0F7C8F97B6802221A677B6807
:10588000B3F85C207B68B3F85E309BB2D31A9BB24E
:1058900019467868DCF7A8FBE4E07B68B3F85C3075
:1058A000B7F892209A4240F0DD807B68D3F88030D0
:1058B0001B6D812B40F0D6807B6802221A677B68C3
:1058C000B3F85C3019467868DCF78EFBCAE07B6879
:1058D000B3F85C207B68B3F85E309BB2D31AA7F8AC
:1058E000A2307B68B3F85E309BB2002B00F0BC8026
:1058F000B7F8A230002B00F0B7807B681B68BB6351
:10590000BB6B53E8003F7B637B6B23F49073C7F85A
:105910009C307B681B681A46D7F89C307B643A64DD
:10592000396C7A6C41E80023FB63FB6B002BE4D1FC
:105930007B681B6808337B627B6A53E8003F3B62ED
:105940003B6A23F0805323F00103C7F898307B684B
:105950001B680833D7F898203A63FB62F96A3A6B00
:1059600041E80023BB62BB6A002BE1D17B682022A7
:10597000C3F88C207B680022DA667B6800225A67B5
:105980007B681B683B613B6953E8003FFB60FB6839
:1059900023F01003C7F894307B681B681A46D7F8C9
:1059A0009430FB61BA61B969FA6941E800237B610F
:1059B0007B69002BE4D17B6802221A67B7F8A2301A
:1059C00019467868DCF710FB4EE0D7F8B43003F0E6
:1059D0008003002B14D0D7F8B03003F08003002BE5
:1059E00005D1D7F8AC3003F40003002B08D07B6856
:1059F0009B6F002B3AD07B689B6F7868984735E0A7
:105A0000D7F8B43003F04003002B09D0D7F8B030FA
:105A100003F04003002B03D0786800F05DFF26E020
:105A2000D7F8B43003F40003002B09D0D7F8B03016
:105A300003F08043002B03D0786801F0BBFC16E034
:105A4000D7F8B43003F08073002B10D0D7F8B03003
:105A5000002B0CDA786801F0A3FC08E000BF06E038
:105A600000BF04E000BF02E000BF00E000BFB837A5
:105A7000BD4680BD80B483B000AF786000BF0C37F6
:105A8000BD465DF8047B704780B483B000AF78609A
:105A900000BF0C37BD465DF8047B70472DE9B04F61
:105AA00094B000AFF862002387F84730FB6A1A68A9
:105AB0007E4B9A42FB6A9A68FB6A1B691A43FB6A2F
:105AC0005B691A43FB6ADB691343FB64FB6A1B686F
:105AD0001B6877491940FB6A1A68FB6C0B4313601B
:105AE000FB6A1B685B6823F44050FB6AD968FB6A59
:105AF0001A6840EA01035360FB6A9B69FB64FB6A16
:105B00001A686A4B9A4209D0FB6A1A68694B9A4232
:105B100004D0FB6A1A6AFB6C1343FB64FB6A1B68C4
:105B20009B6823F06E4121F43061FB6A1A68FB6CBC
:105B30000B439360FB6A1B68DB6A23F00F00FB6A70
:105B4000596AFB6A1A6840EA0103D362FB6A1A6861
:105B5000594B9A4202D10123BB6429E0FB6A1A68BF
:105B6000564B9A4202D10223BB6421E0FB6A1A68B9
:105B7000534B9A4202D10423BB6419E0FB6A1A68B2
:105B8000504B9A4202D10823BB6411E0FB6A1A68A9
:105B90004D4B9A4202D11023BB6409E0FB6A1A689C
:105BA000424B9A4202D12023BB6401E00023BB6434
:105BB000FB6A1A683D4B9A4205D0FB6A1A683D4B56
:105BC0009A4240F08580BB6C00223B627A62D7E942
:105BD0000801F9F7B5F938643B6C002B00F0E88058
:105BE000FB6A5B6A394A32F813301A463B6CB3FBE6
:105BF000F2F37B63FB6A5A6813465B0013447A6BCB
:105C00009A4205D3FB6A5B681B037A6B9A4203D9FD
:105C1000012387F8473048E03B6C0022BB61FA6102
:105C2000FB6A5B6A294A32F813309BB200223B615F
:105C30007A61D7E90423D7E90601DBF713F80246B6
:105C40000B46104619464FF000024FF000030B02BE
:105C500043EA10630202F96A4968490800200C46C9
:105C6000054612EB040843EB0509FB6A5B6800225A
:105C7000BB60FA60D7E9022340464946DAF7F2FFF3
:105C800002460B461346FB63FB6BB3F5407F08D31C
:105C9000FB6BB3F5801F04D2FB6A1B68FA6BDA60FA
:105CA00003E0012387F8473082E081E000240046CA
:105CB000F369FFCF00240056003801400044004043
:105CC00000480040004C004000500040B8C70208A7
:105CD000FB6ADB69B3F5004F3CD1BB6C00223B6033
:105CE0007A60D7E90001F9F72BF938643B6C002B97
:105CF0005ED0FB6A5B6A394A32F813301A463B6C55
:105D0000B3FBF2F35A00FB6A5B685B081A44FB6A58
:105D10005B68B2FBF3F3FB63FB6B0F2B16D9FB6BDA
:105D2000B3F5803F12D2FB6B9BB223F00F037B874E
:105D3000FB6B5B089BB203F007039AB27B8F1343A4
:105D40007B87FB6A1B687A8FDA6031E0012387F872
:105D500047302DE0BB6C00229A4693465046594688
:105D6000F9F7EEF838643B6C002B21D0FB6A5B6AD4
:105D70001A4A32F813301A463B6CB3FBF2F2FB6A54
:105D80005B685B081A44FB6A5B68B2FBF3F3FB6376
:105D9000FB6B0F2B09D9FB6BB3F5803F05D2FB6B77
:105DA0009AB2FB6A1B68DA6002E0012387F8473089
:105DB000FB6A0122A3F86A20FB6A0122A3F868208B
:105DC000FB6A00225A67FB6A00229A6797F84730FD
:105DD00018465037BD46BDE8B08F00BFB8C70208AF
:105DE00080B483B000AF78607B689B6A03F00803DF
:105DF000002B0AD07B681B685B6823F400417B683A
:105E00009A6B7B681B680A435A607B689B6A03F045
:105E10000103002B0AD07B681B685B6823F4003108
:105E20007B68DA6A7B681B680A435A607B689B6AF6
:105E300003F00203002B0AD07B681B685B6823F425
:105E400080317B681A6B7B681B680A435A607B68E9
:105E50009B6A03F00403002B0AD07B681B685B6815
:105E600023F480217B685A6B7B681B680A435A6065
:105E70007B689B6A03F01003002B0AD07B681B68C9
:105E80009B6823F480517B68DA6B7B681B680A434C
:105E90009A607B689B6A03F02003002B0AD07B6822
:105EA0001B689B6823F400517B681A6C7B681B6835
:105EB0000A439A607B689B6A03F04003002B1AD068
:105EC0007B681B685B6823F480117B685A6C7B6875
:105ED0001B680A435A607B685B6CB3F5801F0AD16C
:105EE0007B681B685B6823F4C0017B689A6C7B68E5
:105EF0001B680A435A607B689B6A03F08003002B8F
:105F00000AD07B681B685B6823F400217B68DA6C2D
:105F10007B681B680A435A6000BF0C37BD465DF8BA
:105F2000047B704780B598B002AF78607B68002230
:105F3000C3F89020ECF762F878657B681B681B68F3
:105F400003F00803082B2FD16FF07E4300937B6D85
:105F500000224FF40011786800F08EF80346002B01
:105F600022D07B681B68BB63BB6B53E8003F7B633D
:105F70007B6B23F080033B657B681B681A463B6D97
:105F80007B643A64396C7A6C41E80023FB63FB6BF9
:105F9000002BE6D17B682022C3F888207B68002292
:105FA00083F88420032363E07B681B681B6803F08D
:105FB0000403042B49D16FF07E4300937B6D0022D4
:105FC0004FF48001786800F057F80346002B3CD06E
:105FD0007B681B687B627B6A53E8003F3B623B6ADD
:105FE00023F49073FB647B681B681A46FB6C3B636D
:105FF000FA62F96A3A6B41E80023BB62BB6A002B84
:10600000E6D17B681B6808333B613B6953E8003F7E
:10601000FB60FB6823F00103BB647B681B680833EB
:10602000BA6CFA61BB61B969FA6941E800237B6126
:106030007B69002BE5D17B682022C3F88C207B682C
:10604000002283F88420032312E07B682022C3F817
:1060500088207B682022C3F88C207B680022DA66C7
:106060007B6800221A677B68002283F88420002363
:1060700018465837BD4680BD80B584B000AFF86083
:10608000B9603B601346FB714FE0BB69B3F1FF3F62
:106090004BD0EBF7B3FF02463B68D31ABA699A427A
:1060A00002D3BB69002B01D103234EE0FB681B68C0
:1060B0001B6803F00403002B37D0BB68802B34D05F
:1060C000BB68402B31D0FB681B68DB6903F0080319
:1060D000082B10D1FB681B6808221A62F86800F0D0
:1060E0005BF9FB680822C3F89020FB68002283F864
:1060F0008420012329E0FB681B68DB6903F400634B
:10610000B3F5006F11D1FB681B684FF400621A628F
:10611000F86800F041F9FB682022C3F89020FB6882
:10612000002283F8842003230FE0FB681B68DA69F0
:10613000BB681340BA689A420CBF01230023DBB24C
:106140001A46FB799A42A0D0002318461037BD4664
:1061500080BD000080B4A3B000AFF860B960134602
:10616000FB80FB68BA689A65FB68FA88A3F85C2034
:10617000FB68FA88A3F85E20FB6800225A67FB6878
:106180009B68B3F5805F0ED1FB681B69002B05D1BE
:10619000FB6840F2FF12A3F860202DE0FB68FF22AD
:1061A000A3F8602028E0FB689B68002B0DD1FB68FA
:1061B0001B69002B04D1FB68FF22A3F860201BE0C1
:1061C000FB687F22A3F8602016E0FB689B68B3F1B0
:1061D000805F0DD1FB681B69002B04D1FB687F2217
:1061E000A3F8602008E0FB683F22A3F8602003E0EA
:1061F000FB680022A3F86020FB680022C3F890200F
:10620000FB682222C3F88C20FB681B6808337B667E
:106210007B6E53E8003F3B663B6E43F00103C7F8DB
:106220008430FB681B680833D7F884203A67FB6624
:10623000F96E3A6F41E80023BB66BB6E002BE3D1D9
:10624000FB685B6EB3F1005F4FD1FB68B3F8683059
:10625000FA889A4249D3FB689B68B3F5805F07D1FF
:10626000FB681B69002B03D1FB68474A5A6702E0B1
:10627000FB68464A5A67FB681B69002B1AD0FB680B
:106280001B683B653B6D53E8003FFB64FB6C43F4CC
:106290008073C7F88030FB681B681A46D7F88030D7
:1062A000FB65BA65B96DFA6D41E800237B657B6DCE
:1062B000002BE4D1FB681B680833FB63FB6B53E8DE
:1062C000003FBB63BB6B43F08053FB67FB681B68FD
:1062D0000833FA6FBA647B64796CBA6C41E80023C6
:1062E0003B643B6C002BE5D146E0FB689B68B3F553
:1062F000805F07D1FB681B69002B03D1FB68244A30
:106300005A6702E0FB68234A5A67FB681B69002B47
:1063100019D0FB681B68BB62BB6A53E8003F7B6215
:106320007B6A43F490737B67FB681B681A467B6F3C
:106330007B633A63396B7A6B41E80023FB62FB6A4B
:10634000002BE6D118E0FB681B687B617B6953E892
:10635000003F3B613B6943F02003BB67FB681B6860
:106360001A46BB6F3B62FA61F9693A6A41E8002359
:10637000BB61BB69002BE6D1002318468C37BD46B4
:106380005DF8047B704700BF29700208B96C0208F1
:10639000F56A02083169020880B495B000AF7860F0
:1063A0007B681B687B637B6B53E8003F3B633B6B05
:1063B00023F49073FB647B681B681A46FB6C3B6498
:1063C000FA63F96B3A6C41E80023BB63BB6B002BAB
:1063D000E6D17B681B6808333B623B6A53E8003FA9
:1063E000FB61FB6923F0805323F00103BB647B68EE
:1063F0001B680833BA6CFA62BB62B96AFA6A41E890
:1064000000237B627B6A002BE3D17B68DB6E012B70
:1064100018D17B681B68FB60FB6853E8003FBB60DA
:10642000BB6823F010037B647B681B681A467B6C97
:10643000BB617A617969BA6941E800233B613B69D4
:10644000002BE6D17B682022C3F88C207B680022D9
:10645000DA667B6800225A6700BF5437BD465DF894
:10646000047B704780B584B000AF78607B68DB6DDB
:10647000FB60FB680022A3F85E20F868DBF784FD70
:1064800000BF1037BD4680BD80B584B000AF7860D6
:106490007B68DB6DFB60FB68DB6F0022DA66FB6804
:1064A000D3F88030002B05D0FB68D3F88030DB6E4A
:1064B000002B2BD1FB680022A3F85620FB6800229A
:1064C000A3F85E20FB680022C3F89020FB681B68DD
:1064D0000F221A62FB685B6EB3F1005F07D1FB68A5
:1064E0001B689A69FB681B6842F010029A61FB689E
:1064F0002022C3F88820FB682022C3F88C20FB6888
:106500000022DA66F868DBF74FFD00E000BF1037C5
:10651000BD4680BD80B584B000AF78607B68DB6D20
:10652000FB60FB68D3F880300022DA66FB68DB6F23
:10653000002B04D0FB68DB6FDB6E002B26D1FB68E1
:106540000022A3F85620FB680022A3F85E20FB6817
:106550000022C3F89020FB681B680F221A62FB68B8
:106560001B689A69FB681B6842F008029A61FB6825
:106570002022C3F88820FB682022C3F88C20FB6807
:106580000022DA66F868DBF70FFD00E000BF103785
:10659000BD4680BD80B48FB000AF78607B68D3F813
:1065A0008830212B4CD17B68B3F856309BB2002B3E
:1065B00032D17B681B683B623B6A53E8003FFB615A
:1065C000FB6923F080037B637B681B681A467B6B47
:1065D000FB62BA62B96AFA6A41E800237B627B6AAD
:1065E000002BE6D17B681B68FB60FB6853E8003F2B
:1065F000BB60BB6843F040033B637B681B681A4683
:106600003B6BBB617A617969BA6941E800233B6100
:106610003B69002BE6D113E07B681B6D1A787B6821
:106620001B689A627B681B6D5A1C7B681A657B68C5
:10663000B3F856309BB2013B9AB27B68A3F8562060
:1066400000BF3C37BD465DF8047B704780B491B015
:1066500000AF78607B68D3F88830212B51D17B68FC
:10666000B3F856309BB2002B32D17B681B687B623B
:106670007B6A53E8003F3B623B6A23F08003BB63C5
:106680007B681B681A46BB6B3B63FA62F96A3A6B1C
:1066900041E80023BB62BB6A002BE6D17B681B6824
:1066A0003B613B6953E8003FFB60FB6843F04003FC
:1066B0007B637B681B681A467B6BFB61BA61B969B7
:1066C000FA6941E800237B617B69002BE6D118E081
:1066D0007B681B6DFB63FB6B1B881A467B681B6822
:1066E000C2F308029A627B681B6D9A1C7B681A656C
:1066F0007B68B3F856309BB2013B9AB27B68A3F833
:10670000562000BF4437BD465DF8047B704780B417
:1067100091B000AF78607B68D3F88830212B60D1CE
:106720007B68B3F86A30FB8757E07B68B3F8563074
:106730009BB2002B33D17B681B6808337B627B6A7A
:1067400053E8003F3B623B6A23F40003BB637B6872
:106750001B680833BA6B3A63FB62F96A3A6B41E82B
:106760000023BB62BB6A002BE5D17B681B683B61E1
:106770003B6953E8003FFB60FB6843F040037B63E9
:106780007B681B681A467B6BFB61BA61B969FA6961
:1067900041E800237B617B69002BE6D121E07B6827
:1067A0001B68DB6903F08003002B13D07B681B6D33
:1067B0001A787B681B689A627B681B6D5A1C7B6821
:1067C0001A657B68B3F856309BB2013B9AB27B687E
:1067D000A3F85620FB8F013BFB87FB8F002BA4D136
:1067E000FFE700BF4437BD465DF8047B704780B4C7
:1067F00091B000AF78607B68D3F88830212B65D1E9
:106800007B68B3F86A30FB875CE07B68B3F856308E
:106810009BB2002B33D17B681B6808333B623B6A19
:1068200053E8003FFB61FB6923F400037B637B6853
:106830001B6808337A6BFA62BB62B96AFA6A41E88C
:1068400000237B627B6A002BE5D17B681B68FB60C1
:10685000FB6853E8003FBB60BB6843F040033B6309
:106860007B681B681A463B6BBB617A617969BA69C0
:1068700041E800233B613B69002BE6D126E07B68C1
:106880001B68DB6903F08003002B18D07B681B6D4D
:10689000BB63BB6B1B881A467B681B68C2F308028C
:1068A0009A627B681B6D9A1C7B681A657B68B3F8DB
:1068B00056309BB2013B9AB27B68A3F85620FB8FFF
:1068C000013BFB87FB8F002B9FD1FFE700BF4437C5
:1068D000BD465DF8047B704780B588B000AF786036
:1068E0007B681B68FB60FB6853E8003FBB60BB68CC
:1068F00023F04003FB617B681B681A46FB69BB61A0
:106900007A617969BA6941E800233B613B69002BF0
:10691000E6D17B682022C3F888207B6800229A6732
:106920007868FFF7A7F800BF2037BD4680BD00009C
:1069300080B59CB000AF78607B68B3F86030A7F892
:106940006E307B68D3F88C30222B40F0C3807B689C
:106950001B685B6AA7F86C30B7F86C30D9B2B7F82F
:106960006E30DAB27B689B6D0A40D2B21A707B68D7
:106970009B6D5A1C7B689A657B68B3F85E309BB24E
:10698000013B9AB27B68A3F85E207B68B3F85E3067
:106990009BB2002B40F0A6807B681B68FB64FB6CFD
:1069A00053E8003FBB64BB6C23F49073BB667B6809
:1069B0001B681A46BB6EBB657A65796DBA6D41E896
:1069C00000233B653B6D002BE6D17B681B680833D9
:1069D000BB63BB6B53E8003F7B637B6B23F001031E
:1069E0007B667B681B6808337A6E7A643B64396C1B
:1069F0007A6C41E80023FB63FB6B002BE5D17B68DD
:106A00002022C3F88C207B6800225A677B68002212
:106A10001A677B681B68354A934224D07B681B68E1
:106A2000334A93421FD07B681B685B6803F4000302
:106A3000002B18D07B681B687B627B6A53E8003FA1
:106A40003B623B6A23F080633B667B681B681A46A7
:106A50003B6E3B63FA62F96A3A6B41E80023BB6222
:106A6000BB6A002BE6D17B68DB6E012B2ED17B68E5
:106A70000022DA667B681B683B613B6953E8003F94
:106A8000FB60FB6823F01003FB657B681B681A46FC
:106A9000FB6DFB61BA61B969FA6941E800237B616A
:106AA0007B69002BE6D17B681B68DB6903F0100370
:106AB000102B03D17B681B6810221A627B68B3F825
:106AC0005C3019467868DBF78FFA0BE07868FEF7E0
:106AD000DBFF07E07B681B689A697B681B6842F0F4
:106AE00008029A6100BF7037BD4680BD0024004691
:106AF0000024005680B59CB000AF78607B68B3F886
:106B00006030A7F86E307B68D3F88C30222B40F0D1
:106B1000C3807B681B685B6AA7F86C307B689B6DE1
:106B2000BB66B7F86C20B7F86E3013409AB2BB6EF4
:106B30001A807B689B6D9A1C7B689A657B68B3F8AA
:106B40005E309BB2013B9AB27B68A3F85E207B6803
:106B5000B3F85E309BB2002B40F0A6807B681B68C8
:106B6000BB64BB6C53E8003F7B647B6C23F4907385
:106B70007B667B681B681A467B6E7B653A65396D60
:106B80007A6D41E80023FB64FB6C002BE6D17B6847
:106B90001B6808337B637B6B53E8003F3B633B6BB5
:106BA00023F001033B667B681B6808333A6E3A6446
:106BB000FB63F96B3A6C41E80023BB63BB6B002BB2
:106BC000E5D17B682022C3F88C207B6800225A67BD
:106BD0007B6800221A677B681B68354A934224D081
:106BE0007B681B68334A93421FD07B681B685B68D5
:106BF00003F40003002B18D07B681B683B623B6AE0
:106C000053E8003FFB61FB6923F08063FB657B6811
:106C10001B681A46FB6DFB62BA62B96AFA6A41E800
:106C200000237B627B6A002BE6D17B68DB6E012B45
:106C30002ED17B680022DA667B681B68FB60FB68EC
:106C400053E8003FBB60BB6823F01003BB657B6863
:106C50001B681A46BB6DBB617A617969BA6941E804
:106C600000233B613B69002BE6D17B681B68DB6935
:106C700003F01003102B03D17B681B6810221A62EB
:106C80007B68B3F85C3019467868DBF7ADF90BE048
:106C90007868FEF7F9FE07E07B681B689A697B68F5
:106CA0001B6842F008029A6100BF7037BD4680BD84
:106CB000002400460024005680B5ACB000AF7860D8
:106CC0007B68B3F86030A7F8AA307B681B68DB6983
:106CD000C7F8AC307B681B681B68C7F8A4307B68BA
:106CE0001B689B68C7F8A0307B68D3F88C30222BD8
:106CF00040F088817B68B3F86830A7F89E302BE1BC
:106D00007B681B685B6AA7F89C30B7F89C30D9B2E7
:106D1000B7F8AA30DAB27B689B6D0A40D2B21A701B
:106D20007B689B6D5A1C7B689A657B68B3F85E3004
:106D30009BB2013B9AB27B68A3F85E207B681B681C
:106D4000DB69C7F8AC30D7F8AC3003F00703002B91
:106D500053D0D7F8AC3003F00103002B11D0D7F893
:106D6000A43003F48073002B0BD07B681B680122D6
:106D70001A627B68D3F8903043F001027B68C3F855
:106D80009020D7F8AC3003F00203002B11D0D7F8D5
:106D9000A03003F00103002B0BD07B681B6802229C
:106DA0001A627B68D3F8903043F004027B68C3F822
:106DB0009020D7F8AC3003F00403002B11D0D7F8A3
:106DC000A03003F00103002B0BD07B681B6804226A
:106DD0001A627B68D3F8903043F002027B68C3F8F4
:106DE00090207B68D3F89030002B06D07868DBF7D2
:106DF000CBF87B680022C3F890207B68B3F85E3044
:106E00009BB2002B40F0A8807B681B683B673B6F00
:106E100053E8003FFB66FB6E23F48073C7F898309D
:106E20007B681B681A46D7F89830FB67BA67B96F5A
:106E3000FA6F41E800237B677B6F002BE4D17B680E
:106E40001B680833FB65FB6D53E8003FBB65BB6DFA
:106E500023F0805323F00103C7F894307B681B684C
:106E60000833D7F89420BA667B66796EBA6E41E82B
:106E700000233B663B6E002BE1D17B682022C3F8E8
:106E80008C207B6800225A677B6800221A677B6827
:106E90001B68624A934226D07B681B68604A934213
:106EA00021D07B681B685B6803F40003002B1AD0B9
:106EB0007B681B68BB64BB6C53E8003F7B647B6CE6
:106EC00023F08063C7F890307B681B681A46D7F8B8
:106ED00090307B653A65396D7A6D41E80023FB643B
:106EE000FB6C002BE4D17B68DB6E012B30D17B681F
:106EF0000022DA667B681B687B637B6B53E8003F8C
:106F00003B633B6B23F01003C7F88C307B681B6836
:106F10001A46D7F88C303B64FA63F96B3A6C41E857
:106F20000023BB63BB6B002BE4D17B681B68DB6970
:106F300003F01003102B03D17B681B6810221A6228
:106F40007B68B3F85C3019467868DBF74DF80EE0E3
:106F50007868FEF799FD0AE0B7F89E30002B06D05E
:106F6000D7F8AC3003F02003002B7FF4C9AE7B6868
:106F7000B3F85E30A7F88A30B7F88A30002B49D0D2
:106F80007B68B3F86830B7F88A209A4242D27B68AF
:106F90001B6808333B623B6A53E8003FFB61FB69B7
:106FA00023F08053C7F884307B681B680833D7F818
:106FB0008420FA62BB62B96AFA6A41E800237B6204
:106FC0007B6A002BE3D17B68164A5A677B681B6893
:106FD000FB60FB6853E8003FBB60BB6843F02003E5
:106FE000C7F880307B681B681A46D7F88030BB61D1
:106FF0007A617969BA6941E800233B613B69002BFA
:10700000E4D107E07B681B689A697B681B6842F0E3
:1070100008029A6100BFB037BD4680BD002400461B
:10702000002400563169020880B5AEB000AF786028
:107030007B68B3F86030A7F8B2307B681B68DB6907
:10704000C7F8B4307B681B681B68C7F8AC307B6836
:107050001B689B68C7F8A8307B68D3F88C30222B5C
:1070600040F08C817B68B3F86830A7F8A6302FE138
:107070007B681B685B6AA7F8A4307B689B6DC7F8C8
:10708000A030B7F8A420B7F8B23013409AB2D7F8BE
:10709000A0301A807B689B6D9A1C7B689A657B6820
:1070A000B3F85E309BB2013B9AB27B68A3F85E20D6
:1070B0007B681B68DB69C7F8B430D7F8B43003F0DD
:1070C0000703002B53D0D7F8B43003F00103002B93
:1070D00011D0D7F8AC3003F48073002B0BD07B6851
:1070E0001B6801221A627B68D3F8903043F00102DA
:1070F0007B68C3F89020D7F8B43003F00203002B6C
:1071000011D0D7F8A83003F00103002B0BD07B6817
:107110001B6802221A627B68D3F8903043F00402A5
:107120007B68C3F89020D7F8B43003F00403002B39
:1071300011D0D7F8A83003F00103002B0BD07B68E7
:107140001B6804221A627B68D3F8903043F0020275
:107150007B68C3F890207B68D3F89030002B06D072
:107160007868DAF711FF7B680022C3F890207B680B
:10717000B3F85E309BB2002B40F0AA807B681B689E
:107180007B677B6F53E8003F3B673B6F23F4807363
:10719000C7F89C307B681B681A46D7F89C30C7F844
:1071A0008030FA67F96FD7F8802041E80023BB6789
:1071B000BB6F002BE2D17B681B6808333B663B6EDC
:1071C00053E8003FFB65FB6D23F0805323F0010380
:1071D000C7F898307B681B680833D7F89820FA66A0
:1071E000BB66B96EFA6E41E800237B667B6E002BAE
:1071F000E1D17B682022C3F88C207B6800225A678B
:107200007B6800221A677B681B68624A934226D01B
:107210007B681B68604A934221D07B681B685B686F
:1072200003F40003002B1AD07B681B68FB64FB6C23
:1072300053E8003FBB64BB6C23F08063C7F8943015
:107240007B681B681A46D7F89430BB657A65796D00
:10725000BA6D41E800233B653B6D002BE4D17B68B0
:10726000DB6E012B30D17B680022DA667B681B68FD
:10727000BB63BB6B53E8003F7B637B6B23F0100366
:10728000C7F890307B681B681A46D7F890307B644B
:107290003A64396C7A6C41E80023FB63FB6B002B8A
:1072A000E4D17B681B68DB6903F01003102B03D16A
:1072B0007B681B6810221A627B68B3F85C30194641
:1072C0007868DAF791FE0EE07868FEF7DDFB0AE0F9
:1072D000B7F8A630002B06D0D7F8B43003F020035F
:1072E000002B7FF4C5AE7B68B3F85E30A7F88E3014
:1072F000B7F88E30002B49D07B68B3F86830B7F808
:107300008E209A4242D27B681B6808337B627B6A7C
:1073100053E8003F3B623B6A23F08053C7F8883054
:107320007B681B680833D7F888203A63FB62F96AE8
:107330003A6B41E80023BB62BB6A002BE3D17B6858
:10734000164A5A677B681B683B613B6953E8003FFC
:10735000FB60FB6843F02003C7F884307B681B6840
:107360001A46D7F88430FB61BA61B969FA6941E815
:1073700000237B617B69002BE4D107E07B681B68FD
:107380009A697B681B6842F008029A6100BFB837AF
:10739000BD4680BD0024004600240056F56A020860
:1073A00080B483B000AF786000BF0C37BD465DF895
:1073B000047B704780B483B000AF786000BF0C37A7
:1073C000BD465DF8047B704780B485B000AF78603F
:1073D0007B6893F88430012B01D1022327E07B687E
:1073E000012283F884207B682422C3F888207B68EC
:1073F0001B681B68FB607B681B681A687B681B68DE
:1074000022F001021A60FB6823F00053FB607B68E6
:1074100000225A667B681B68FA681A607B68202223
:10742000C3F888207B68002283F884200023184654
:107430001437BD465DF8047B704780B584B000AF5B
:10744000786039607B6893F88430012B01D1022386
:107450002DE07B68012283F884207B682422C3F816
:1074600088207B681B681B68FB607B681B681A6848
:107470007B681B6822F001021A607B681B689B68AE
:1074800023F060417B681B683A680A439A60786819
:1074900000F0AEF87B681B68FA681A607B682022EF
:1074A000C3F888207B68002283F8842000231846D4
:1074B0001037BD4680BD80B584B000AF78603960BC
:1074C0007B6893F88430012B01D102232DE07B6887
:1074D000012283F884207B682422C3F888207B68FB
:1074E0001B681B68FB607B681B681A687B681B68ED
:1074F00022F001021A607B681B689B6823F06061C0
:107500007B681B683A680A439A60786800F070F8F4
:107510007B681B68FA681A607B682022C3F88820A1
:107520007B68002283F88420002318461037BD466C
:1075300080BD80B58CB000AFF860B9601346FB80A9
:10754000002387F82F30FB68D3F88C30202B4AD1EA
:10755000BB68002B02D0FB88002B01D1012343E044
:10756000FB681B689B6803F04003402B07D1FB6856
:107570001B689A68FB681B6822F040029A60FB68EF
:107580000122DA66FB6800221A67FB881A46B9688E
:10759000F868FEF7DFFDFB68DB6E012B1DD1FB6891
:1075A0001B6810221A62FB681B68BB61BB6953E849
:1075B000003F7B617B6943F01003BB62FB681B6883
:1075C0001A46BB6A7B623A62396A7A6A41E80023EA
:1075D000FB61FB69002BE6D102E0012387F82F3025
:1075E00097F82F3000E0022318463037BD4680BDA3
:1075F00080B485B000AF78607B685B6E002B08D1EB
:107600007B680122A3F86A207B680122A3F8682026
:1076100031E00823FB730823BB737B681B689B68FE
:107620005B0EDBB203F007037B737B681B689B6810
:107630005B0FDBB203F007033B73BB7B3A7B114963
:107640008A5C02FB03F33A7B0F498A5C93FBF2F3FB
:107650009AB27B68A3F86A20FB7B7A7B09498A5C33
:1076600002FB03F37A7B08498A5C93FBF2F39AB23C
:107670007B68A3F8682000BF1437BD465DF8047B23
:10768000704700BFD0C70208D8C7020880B483B0D3
:1076900000AF78607B689B6843F001027B689A606A
:1076A00000BF0C37BD465DF8047B704780B483B0E3
:1076B00000AF786039607B683A681A6000BF0C37A9
:1076C000BD465DF8047B704780B485B000AF78603C
:1076D0000B467B807B68FB60FB687A881A8000BF62
:1076E0001437BD465DF8047B704780B483B000AFAB
:1076F00078607B681B689BB218460C37BD465DF806
:10770000047B704780B59CB000AF0346FB71052336
:1077100087F84A300023FB660023BB6600237B66A4
:1077200000233B660023FB650023BB6500237B65CC
:1077300000233B650023FB644FF000024FF0000381
:10774000C7E910230023FB634FF000024FF0000352
:10775000C7E90C234FF000024FF00003C7E90623EE
:107760004FF000024FF00003C7E90823002387F819
:107770004B300023FB8503F00BF80346002B02D0AF
:107780000E2301F087B9A24B01221A70A14B1B688E
:1077900003F17842A04B1B884FF6FF718B420BD050
:1077A0009D4B1B88002B04D09B4B1B889B025B08C6
:1077B00004E04FF4801301E04FF48013B2FBF3F1C7
:1077C00001FB03F3D31A5B0BFB665CE0FB6E03F576
:1077D00080435A038F4B1B6803F178418E4B1B8803
:1077E0004FF6FF7083420BD08B4B1B88002B04D0CD
:1077F000894B1B889B025B0804E04FF4801301E077
:107800004FF48013B1FBF3F1834B1B884FF6FF70ED
:1078100083420BD0804B1B88002B04D07E4B1B88EF
:107820009B025B0804E04FF4801301E04FF48013E7
:1078300001FB03F31344BB6600237B661CE0BA6EB6
:107840007B6E1344754A1360BA6E7B6E1344D3E9A2
:107850000023C7E91023BA6E7B6E134408336F4AC6
:107860001360BA6E7B6E13440833D3E90023C7E973
:1078700010237B6E10337B667B6EB3F5005FDED327
:10788000FB6E0133FB66634B1B6803F17842624B6E
:107890001B884FF6FF718B420BD05F4B1B88002B70
:1078A00004D05D4B1B889B025B0804E04FF48013FF
:1078B00001E04FF48013B2FBF3F101FB03F3D31AA1
:1078C0005B0B0633FA6E9A4280D3554B1B6B03F069
:1078D0008043B3F1804F09D1514B1B6BC3F31303AA
:1078E00043F00063FB63F86B01F012FB484B00228E
:1078F0001A70484B1B6803F17842474B1B884FF6C0
:10790000FF718B420BD0444B1B88002B04D0424BA1
:107910001B889B025B0804E04FF4801301E04FF4E6
:107920008013B2FBF3F101FB03F3D31A5B0BFB668D
:1079300058E0FB6E03F580435A03364B1B6803F196
:107940007841354B1B884FF6FF7083420BD0324B8A
:107950001B88002B04D0304B1B889B025B0804E083
:107960004FF4801301E04FF48013B1FBF3F12A4B85
:107970001B884FF6FF7083420BD0274B1B88002BD0
:1079800004D0254B1B889B025B0804E04FF4801356
:1079900001E04FF4801301FB03F31344BB66B86EA0
:1079A00002F09CFC034687F84A3097F84A30022BD5
:1079B00003D097F84A30012B03D1FB6D0133FB65EF
:1079C0000DE097F84A30032B09D1BB6D002B01D194
:1079D000FB6E3B65FB6E7B65BB6D0133BB65FB6E70
:1079E0000133FB660B4B1B6803F178420A4B1B8883
:1079F0004FF6FF718B4215D0074B1B88002B04D02C
:107A0000054B1B889B025B080EE04FF480130BE0D4
:107A1000DC9500207C1A0020A007FA0BD8950020E6
:107A2000002002404FF48013B2FBF3F101FB03F39B
:107A3000D31A5B0B0633FA6E9A42FFF47AAFFB6DF2
:107A4000002B40F0E080BB6D002B00F0D680A94BEE
:107A50001B6803F17842A84B1B884FF6FF718B42DD
:107A60000BD0A54B1B88002B04D0A34B1B889B027B
:107A70005B0804E04FF4801301E04FF48013B2FB85
:107A8000F3F101FB03F3D31A5B0B3A6DD31A591DC3
:107A90009A4BA3FB01239A0813465B0013445B0037
:107AA000CA1A944B1B6803F17841934B1B884FF61D
:107AB000FF7083420BD0904B1B88002B04D08E4B61
:107AC0001B889B025B0804E04FF4801301E04FF435
:107AD0008013B1FBF3F000FB03F3CB1A5B0B1344F1
:107AE00003F580435A03834B1B6803F17841824BB3
:107AF0001B884FF6FF7083420BD07F4B1B88002BF7
:107B000004D07D4B1B889B025B0804E04FF480137C
:107B100001E04FF48013B1FBF3F1774B1B884FF674
:107B2000FF7083420BD0744B1B88002B04D0724B28
:107B30001B889B025B0804E04FF4801301E04FF4C4
:107B4000801301FB03F31344184602F0C7FB0346FE
:107B5000042B58D1674B1B6803F17842664B1B8896
:107B60004FF6FF718B420BD0634B1B88002B04D068
:107B7000614B1B889B025B0804E04FF4801301E01B
:107B80004FF48013B2FBF3F101FB03F3D31A5B0B49
:107B90007A6DD31A591C594BA3FB01239A0813463B
:107BA0005B0013445B00CA1A524B1B6803F1784117
:107BB000514B1B884FF6FF7083420BD04E4B1B88F6
:107BC000002B04D04C4B1B889B025B0804E04FF455
:107BD000801301E04FF48013B1FBF3F000FB03F3DB
:107BE000CB1A5B0B13440121184602F00FFA03462F
:107BF000002B08D0022300F04DBF002000F056FFFC
:107C0000034600F047BF3B4B1B6803F178423A4BF9
:107C10001B884FF6FF718B420BD0374B1B88002B14
:107C200004D0354B1B889B025B0804E04FF48013A3
:107C300001E04FF48013B2FBF3F101FB03F3D31A1D
:107C40005B0BFB66C5E1FB6E03F580435A03294BD2
:107C50001B6803F17841284B1B884FF6FF70834265
:107C60000BD0254B1B88002B04D0234B1B889B0279
:107C70005B0804E04FF4801301E04FF48013B1FB84
:107C8000F3F11D4B1B884FF6FF7083420BD01A4B4C
:107C90001B88002B04D0184B1B889B025B0804E058
:107CA0004FF4801301E04FF4801301FB03F31344FE
:107CB000BB66B86E02F012FB034687F84A3097F8AD
:107CC0004A30012B40F082810A4B1B6803F1784255
:107CD000094B1B884FF6FF718B4211D0064B1B8856
:107CE000002B04D0044B1B889B025B080AE04FF476
:107CF000801307E07C1A0020A007FA0BABAAAAAAFF
:107D00004FF48013B2FBF3F101FB03F3D31A5B0BC7
:107D1000FA6E9A4200F0AE80A84B1B6803F17842DD
:107D2000A74B1B884FF6FF718B420BD0A44B1B88CF
:107D3000002B04D0A24B1B889B025B0804E04FF48D
:107D4000801301E04FF48013B2FBF3F101FB03F366
:107D5000D31A5B0B0333FA6E9A4200F08B80974B79
:107D60001B6803F17842964B1B884FF6FF718B42DC
:107D70000BD0934B1B88002B04D0914B1B889B028C
:107D80005B0804E04FF4801301E04FF48013B2FB72
:107D9000F3F101FB03F3D31A5B0BFA6ED31A591DEF
:107DA000884BA3FB01239A0813465B0013445B0036
:107DB000CA1A824B1B6803F17841814B1B884FF62E
:107DC000FF7083420BD07E4B1B88002B04D07C4B72
:107DD0001B889B025B0804E04FF4801301E04FF422
:107DE0008013B1FBF3F000FB03F3CB1A5B0B1344DE
:107DF00003F580435A03714B1B6803F17841704BC4
:107E00001B884FF6FF7083420BD06D4B1B88002BF5
:107E100004D06B4B1B889B025B0804E04FF480137B
:107E200001E04FF48013B1FBF3F1654B1B884FF673
:107E3000FF7083420BD0624B1B88002B04D0604B39
:107E40001B889B025B0804E04FF4801301E04FF4B1
:107E5000801301FB03F31344184602F03FFA034674
:107E6000032B03D1002387F84B308DE0012387F8E3
:107E70004B3089E0514B1B6803F17842504B1B8813
:107E80004FF6FF718B420BD04D4B1B88002B04D05B
:107E90004B4B1B889B025B0804E04FF4801301E00E
:107EA0004FF48013B2FBF3F101FB03F3D31A5B0B26
:107EB000FA6ED31A591C434BA3FB01239A081346AD
:107EC0005B0013445B00CA1A3C4B1B6803F178410A
:107ED0003B4B1B884FF6FF7083420BD0384B1B88FF
:107EE000002B04D0364B1B889B025B0804E04FF448
:107EF000801301E04FF48013B1FBF3F000FB03F3B8
:107F0000CB1A5B0B134403F580435A032B4B1B68BE
:107F100003F178412A4B1B884FF6FF7083420BD048
:107F2000274B1B88002B04D0254B1B889B025B082A
:107F300004E04FF4801301E04FF48013B1FBF3F140
:107F40001F4B1B884FF6FF7083420BD01C4B1B88C6
:107F5000002B04D01A4B1B889B025B0804E04FF4F3
:107F6000801301E04FF4801301FB03F31344184620
:107F700002F0B4F90346002B03D1002387F84B30FD
:107F800002E0012387F84B3097F84B30002B1DD1CE
:107F9000FB6EDAB20C4B1A7007F118030122194676
:107FA000002001F023FB0346B3F5807F02D00C23B1
:107FB00000F070BD0123FB642EE000BF7C1A00209E
:107FC000A007FA0BABAAAAAAD6950020FB6E013334
:107FD000FB66AB4B1B6803F17842AA4B1B884FF63C
:107FE000FF718B420BD0A74B1B88002B04D0A54BF5
:107FF0001B889B025B0804E04FF4801301E04FF400
:108000008013B2FBF3F101FB03F3D31A5B0B0633CE
:10801000FA6E9A42FFF417AE00233B66984B1B683A
:1080200003F17842974B1B884FF6FF718B420BD0C0
:10803000944B1B88002B04D0924B1B889B025B083F
:1080400004E04FF4801301E04FF48013B2FBF3F12E
:1080500001FB03F3D31A5B0BFB66BBE1FB6E03F57D
:1080600080435A03864B1B6803F17841854B1B887C
:108070004FF6FF7083420BD0824B1B88002B04D03D
:10808000804B1B889B025B0804E04FF4801301E0E7
:108090004FF48013B1FBF3F17A4B1B884FF6FF705E
:1080A00083420BD0774B1B88002B04D0754B1B8869
:1080B0009B025B0804E04FF4801301E04FF480134F
:1080C00001FB03F31344BB66B86E02F007F90346E5
:1080D00087F84A3097F84A30022B40F07281684B9B
:1080E0001B6803F17842674B1B884FF6FF718B4288
:1080F0000BD0644B1B88002B04D0624B1B889B0267
:108100005B0804E04FF4801301E04FF48013B2FBEE
:10811000F3F101FB03F3D31A5B0BFA6E9A4200F002
:10812000B580574B1B6803F17842564B1B884FF6BE
:10813000FF718B420BD0534B1B88002B04D0514B4B
:108140001B889B025B0804E04FF4801301E04FF4AE
:108150008013B2FBF3F101FB03F3D31A5B0B033380
:10816000FA6E9A4200F09280454B1B6803F1784208
:10817000444B1B884FF6FF718B420BD0414B1B8841
:10818000002B04D03F4B1B889B025B0804E04FF49C
:10819000801301E04FF48013B2FBF3F101FB03F312
:1081A000D31A5B0BFA6ED31A591D374BA3FB01236D
:1081B0009A0813465B0013445B00CA1A304B1B68D5
:1081C00003F178412F4B1B884FF6FF7083420BD091
:1081D0002C4B1B88002B04D02A4B1B889B025B086E
:1081E00004E04FF4801301E04FF48013B1FBF3F08F
:1081F00000FB03F3CB1A5B0B134403F580435A03D4
:108200001F4B1B6803F178411E4B1B884FF6FF7014
:1082100083420BD01B4B1B88002B04D0194B1B88AF
:108220009B025B0804E04FF4801301E04FF48013DD
:10823000B1FBF3F1134B1B884FF6FF7083420BD059
:10824000104B1B88002B04D00E4B1B889B025B0835
:1082500004E04FF4801301E04FF4801301FB03F3BB
:108260001344184602F03AF80346032B03D10023C7
:1082700087F84B3094E0012387F84B3090E000BF43
:108280007C1A0020A007FA0BABAAAAAAA34B1B6872
:1082900003F17842A24B1B884FF6FF718B420BD043
:1082A0009F4B1B88002B04D09D4B1B889B025B08B7
:1082B00004E04FF4801301E04FF48013B2FBF3F1BC
:1082C00001FB03F3D31A5B0BFA6ED31A591C954BBF
:1082D000A3FB01239A0813465B0013445B00CA1AF0
:1082E0008E4B1B6803F178418D4B1B884FF6FF7056
:1082F00083420BD08A4B1B88002B04D0884B1B88F1
:108300009B025B0804E04FF4801301E04FF48013FC
:10831000B1FBF3F000FB03F3CB1A5B0B134403F543
:1083200080435A037D4B1B6803F178417C4B1B88CB
:108330004FF6FF7083420BD0794B1B88002B04D083
:10834000774B1B889B025B0804E04FF4801301E02D
:108350004FF48013B1FBF3F1714B1B884FF6FF70A4
:1083600083420BD06E4B1B88002B04D06C4B1B88B8
:108370009B025B0804E04FF4801301E04FF480138C
:1083800001FB03F31344184601F0A8FF0346002B3A
:1083900003D1002387F84B3002E0012387F84B30EC
:1083A00097F84B30002B12D13B6E002B07D1FB6EA0
:1083B000DAB25D4B1A703B6E01333B6607E00A236D
:1083C00068E397F84A30032B01D1FB6E7B65FB6EA7
:1083D0000133FB66514B1B6803F17842504B1B88FD
:1083E0004FF6FF718B420BD04D4B1B88002B04D0F6
:1083F0004B4B1B889B025B0804E04FF4801301E0A9
:108400004FF48013B2FBF3F101FB03F3D31A5B0BC0
:108410000633FA6E9A42FFF421AE3B6E002B58D120
:108420003E4B1B6803F178423D4B1B884FF6FF71B2
:108430008B420BD03A4B1B88002B04D0384B1B8847
:108440009B025B0804E04FF4801301E04FF48013BB
:10845000B2FBF3F101FB03F3D31A5B0B7A6DD31A72
:10846000591C304BA3FB01239A0813465B001344AD
:108470005B00CA1AD1B2294B1B6803F17842284B22
:108480001B884FF6FF7083420BD0254B1B88002BB7
:1084900004D0234B1B889B025B0804E04FF480133D
:1084A00001E04FF48013B2FBF3F000FB03F3D31AA7
:1084B0005B0BDBB20B44DAB21B4B1A701A4B1B7806
:1084C0000221184601F0A2FD0346002B01D0022331
:1084D000E0E2164B00221A80154B40221A6040231E
:1084E0007B66A3E0104B1B7803F580435A030B4BCC
:1084F0001B6803F178410A4B1B884FF6FF708342DB
:1085000018D0074B1B88002B04D0054B1B889B02FF
:108510005B0811E04FF480130EE000BF7C1A0020CE
:10852000A007FA0BABAAAAAAD6950020D4950020E2
:10853000781A00204FF48013B1FBF3F1A74B1B888E
:108540004FF6FF7083420BD0A44B1B88002B04D046
:10855000A24B1B889B025B0804E04FF4801301E0F0
:108560004FF4801301FB03F31A447B6E1344D3E9E9
:108570000023C7E910239A4B1B7803F580435A0365
:10858000984B1B6803F17841944B1B884FF6FF70A2
:1085900083420BD0914B1B88002B04D08F4B1B8840
:1085A0009B025B0804E04FF4801301E04FF480135A
:1085B000B1FBF3F1894B1B884FF6FF7083420BD060
:1085C000864B1B88002B04D0844B1B889B025B08C6
:1085D00004E04FF4801301E04FF4801301FB03F338
:1085E0001A447B6E13440833D3E90023C7E90C23F4
:1085F000D7E91023B3F1FF3F08BFB2F1FF3F1AD014
:10860000D7E90C23B3F1FF3F08BFB2F1FF3F12D00F
:10861000754B1B8801339AB2734B1A80734B1B68DE
:108620001033724A13607B6E10337B667B6EB3F53A
:10863000005FFFF457AF6A4B1B78FB66684B1B78F3
:108640003B6594E0674B1B6803F17842634B1B88E2
:108650004FF6FF718B420BD0604B1B88002B04D070
:108660005E4B1B889B025B0804E04FF4801301E023
:108670004FF48013B2FBF3F101FB03F3D31A5B0B4E
:10868000FA6ED31A591D5A4BA3FB01239A081346BD
:108690005B0013445B00CA1A524B1B6803F178411C
:1086A0004E4B1B884FF6FF7083420BD04B4B1B8801
:1086B000002B04D0494B1B889B025B0804E04FF45D
:1086C000801301E04FF48013B1FBF3F000FB03F3E0
:1086D000CB1A5B0B1344FB66FB6E03F580435A0316
:1086E000404B1B6803F178413C4B1B884FF6FF70F1
:1086F00083420BD0394B1B88002B04D0374B1B888F
:108700009B025B0804E04FF4801301E04FF48013F8
:10871000B1FBF3F1314B1B884FF6FF7083420BD056
:108720002E4B1B88002B04D02C4B1B889B025B0814
:1087300004E04FF4801301E04FF4801301FB03F3D6
:108740001344184601F0CAFD034687F84A3097F8EB
:108750004A30032B09D1244B1B8803F5FE739AB2D0
:10876000214B1A80FB6E3B6501E00A2392E11D4B11
:108770001B6803F17842194B1B884FF6FF718B423F
:108780000BD0164B1B88002B04D0144B1B889B026C
:108790005B0804E04FF4801301E04FF48013B2FB58
:1087A000F3F101FB03F3D31A5B0BFA6E9A422ED05E
:1087B0000C4B1B6803F17842084B1B884FF6FF7186
:1087C0008B4217D0054B1B88002B04D0034B1B8812
:1087D0009B025B0810E04FF480130DE0A007FA0B3A
:1087E000D69500207C1A0020D4950020781A00200D
:1087F000ABAAAAAA4FF48013B2FBF3F101FB03F377
:10880000D31A5B0B0333FA6E9A427FF41BAFA34B70
:108810001B781846A24B1B6803F17842A14B1B88BA
:108820004FF6FF718B420BD09E4B1B88002B04D060
:108830009C4B1B889B025B0804E04FF4801301E013
:108840004FF48013B2FBF3F101FB03F3D31A5B0B7C
:10885000C31A591C944BA3FB01239A0813465B00CF
:1088600013445B00CA1A8E4B1B6803F178418D4B91
:108870001B884FF6FF7083420BD08A4B1B88002B5E
:1088800004D0884B1B889B025B0804E04FF48013E4
:1088900001E04FF48013B1FBF3F000FB03F3CB1ABC
:1088A0005B0B1344FB66FB6E03F580435A037C4B62
:1088B0001B6803F178417B4B1B884FF6FF708342A6
:1088C0000BD0784B1B88002B04D0764B1B889B0267
:1088D0005B0804E04FF4801301E04FF48013B1FB18
:1088E000F3F1704B1B884FF6FF7083420BD06D4B3A
:1088F0001B88002B04D06B4B1B889B025B0804E099
:108900004FF4801301E04FF4801301FB03F3134491
:10891000BB669CE0FB79002B08D10121F86E01F0C9
:10892000FFFD0346002B12D00123B3E04FF40051AA
:10893000B86E00F07FFC0346102B08D10121F86EC1
:1089400001F0EEFD0346002B01D00123A2E0544BC1
:108950001B6803F17842534B1B884FF6FF718B4223
:108960000BD0504B1B88002B04D04E4B1B889B0216
:108970005B0804E04FF4801301E04FF48013B2FB76
:10898000F3F101FB03F3D31A5B0BFA6ED31A591CF4
:10899000454BA3FB01239A0813465B0013445B007D
:1089A000CA1A3F4B1B6803F178413E4B1B884FF6B8
:1089B000FF7083420BD03B4B1B88002B04D0394BFC
:1089C0001B889B025B0804E04FF4801301E04FF426
:1089D0008013B1FBF3F000FB03F3CB1A5B0B1344E2
:1089E000FB66FB6E03F580435A032D4B1B6803F1B6
:1089F00078412C4B1B884FF6FF7083420BD0294BDC
:108A00001B88002B04D0274B1B889B025B0804E0CB
:108A10004FF4801301E04FF48013B1FBF3F1214BCD
:108A20001B884FF6FF7083420BD01E4B1B88002B18
:108A300004D01C4B1B889B025B0804E04FF480139E
:108A400001E04FF4801301FB03F31344BB66FA6E9D
:108A50003B6D9A427FF45EAF01F0C6FDFB6C002BCC
:108A600017D107F1080300221A605A609A60DA6091
:108A700007F1080303221946002001F0C3F9034659
:108A8000FB85FB8D002B04D0FB8D122B01D0022324
:108A900000E0002318467037BD4680BDD695002003
:108AA0007C1A0020A007FA0BABAAAAAA80B584B052
:108AB00000AF0346FB710023FB6001F069FE034633
:108AC000002B01D00E23E7E0754B1B6803F17842C1
:108AD000744B1B884FF6FF718B420BD0714B1B8878
:108AE000002B04D06F4B1B889B025B0804E04FF403
:108AF000801301E04FF48013B2FBF3F101FB03F3A9
:108B0000D31A5B0BFB6054E0FB79002B08D10121E9
:108B1000F86801F005FD0346002B47D00123BBE0B8
:108B2000FB6803F580435A035D4B1B6803F17841F2
:108B30005C4B1B884FF6FF7083420BD0594B1B8850
:108B4000002B04D0574B1B889B025B0804E04FF4BA
:108B5000801301E04FF48013B1FBF3F1514B1B88FC
:108B60004FF6FF7083420BD04E4B1B88002B04D076
:108B70004C4B1B889B025B0804E04FF4801301E020
:108B80004FF4801301FB03F313444FF400511846D4
:108B900000F050FB0346102B08D10121F86801F0CA
:108BA000BFFC0346002B01D0012375E0FB680133B5
:108BB000FB603B4B1B6803F178423A4B1B884FF636
:108BC000FF718B420BD0374B1B88002B04D0354BE9
:108BD0001B889B025B0804E04FF4801301E04FF414
:108BE0008013B2FBF3F101FB03F3D31A5B0B0633E3
:108BF000FA689A4288D301F0F7FC294B1B6803F10D
:108C00007842284B1B884FF6FF718B420BD0254BC7
:108C10001B88002B04D0234B1B889B025B0804E0BD
:108C20004FF4801301E04FF48013B2FBF3F101FB2A
:108C300003F3D31A5B0B0221184601F0E7F9034650
:108C4000002B01D0022327E0174B00221A80144B7F
:108C50001B6803F17842134B1B884FF6FF718B4260
:108C60000BD0104B1B88002B04D00E4B1B889B0293
:108C70005B0804E04FF4801301E04FF48013B2FB73
:108C8000F3F101FB03F3D31A5B0BDAB2074B1A7053
:108C9000074B40221A60002318461037BD4680BD9E
:108CA0007C1A0020A007FA0BD4950020D69500204E
:108CB000781A002080B584B000AF03463960FB808D
:108CC000FB88002B0FD0FB884FF6FF7293420AD02F
:108CD0000023FB81FB883968184600F025F903461C
:108CE000FB81FB8900E0082318461037BD4680BD94
:108CF00080B582B000AF03463960FB80FB88002B53
:108D00000BD0FB884FF6FF72934206D0FB88396880
:108D1000184600F06FFA034600E0082318460837AB
:108D2000BD4680BD80B586B000AF00237B610023C7
:108D30003B610023FB600023BB600523FB7105231F
:108D4000BB71714B1B6803F17842704B1B884FF667
:108D5000FF718B420BD06D4B1B88002B04D06B4BEB
:108D60001B889B025B0804E04FF4801301E04FF482
:108D70008013B2FBF3F101FB03F3D31A5B0B7B61AE
:108D800099E07B6903F580435A035F4B1B6803F14D
:108D900078415E4B1B884FF6FF7083420BD05B4BD4
:108DA0001B88002B04D0594B1B889B025B0804E0F6
:108DB0004FF4801301E04FF48013B1FBF3F1534BF8
:108DC0001B884FF6FF7083420BD0504B1B88002B43
:108DD00004D04E4B1B889B025B0804E04FF48013C9
:108DE00001E04FF4801301FB03F31344FB60F868C8
:108DF00001F074FA0346FB71FB79042B58D17B69AF
:108E000001333B6142E03B6903F580435A033E4B2B
:108E10001B6803F178413D4B1B884FF6FF7083427E
:108E20000BD03A4B1B88002B04D0384B1B889B027D
:108E30005B0804E04FF4801301E04FF48013B1FBB2
:108E4000F3F1324B1B884FF6FF7083420BD02F4B50
:108E50001B88002B04D02D4B1B889B025B0804E071
:108E60004FF4801301E04FF4801301FB03F313442C
:108E7000BB60B86801F032FA0346BB71BB79042BC2
:108E800001D005233BE03B6901333B617B69033340
:108E90003A699A42B7D30321786901F041FB03464E
:108EA000002B01D001232AE001F09EFB002326E0E5
:108EB0007B6903337B61144B1B6803F17842134BCE
:108EC0001B884FF6FF718B420BD0104B1B88002B79
:108ED00004D00E4B1B889B025B0804E04FF4801308
:108EE00001E04FF48013B2FBF3F101FB03F3D31A5B
:108EF0005B0B06337A699A42FFF443AF05231846A9
:108F00001837BD4680BD00BF7C1A0020A007FA0BB1
:108F100080B582B000AF7860786801F0BFFB03468F
:108F200018460837BD4680BD2DE9B0438CB000AF70
:108F300003463960FB804FF000024FF00003C7E9A1
:108F400006234FF000024FF00003C7E9042300237B
:108F5000FB620023BB6200237B620023FB600523CE
:108F600087F82330002000F097F9F862FB6AB3F12C
:108F7000FF3F01D1032332E1FB6A03F580435A032B
:108F8000994B1B6803F17841984B1B884FF6FF7093
:108F900083420BD0954B1B88002B04D0934B1B882E
:108FA0009B025B0804E04FF4801301E04FF4801350
:108FB000B1FBF3F18D4B1B884FF6FF7083420BD052
:108FC0008A4B1B88002B04D0884B1B889B025B08B4
:108FD00004E04FF4801301E04FF4801301FB03F32E
:108FE0001344BB62B86A01F079F9034687F823306D
:108FF000E5E041F6F0737B6258E0BA6A7B6A13449D
:10900000D3E90023C7E90623BA6A7B6A134408330D
:10901000D3E90023C7E90423D7E90623B3F1FF3FCF
:1090200008BFB2F1FF3F3ED0D7E90423B3F1FF3FC1
:1090300008BFB2F1FF3F36D0D7E9062394B200252E
:10904000FB880022984691464D4508BF44452AD1E9
:10905000D7E90623D7E9040101F0F2F90346FB60E2
:10906000D7E906014FF000024FF00003020C42EA7C
:1090700001420B0C93B21A46FB68934213D1396834
:10908000D7E90423C1E900233B6803F10804D7E9C9
:1090900006014FF000024FF000030A000023C4E96C
:1090A000002300239BE07B6A103B7B627B6A3F2BA3
:1090B000A3D84D4B1B6803F178424C4B1B884FF6ED
:1090C000FF718B420BD0494B1B88002B04D0474BC0
:1090D0001B889B025B0804E04FF4801301E04FF40F
:1090E0008013B2FBF3F101FB03F3D31A5B0BFA6AB3
:1090F000D31A591D3E4BA3FB01239A0813465B006C
:1091000013445B00CA1A384B1B6803F17841374B94
:109110001B884FF6FF7083420BD0344B1B88002B0B
:1091200004D0324B1B889B025B0804E04FF4801391
:1091300001E04FF48013B1FBF3F000FB03F3CB1A13
:109140005B0B1344FB62FB6A03F580435A03264B17
:109150001B6803F17841254B1B884FF6FF70834253
:109160000BD0224B1B88002B04D0204B1B889B026A
:109170005B0804E04FF4801301E04FF48013B1FB6F
:10918000F3F11A4B1B884FF6FF7083420BD0174B3D
:109190001B88002B04D0154B1B889B025B0804E046
:1091A0004FF4801301E04FF4801301FB03F31344E9
:1091B000BB62B86A01F092F8034687F8233097F84B
:1091C0002330022B3FF415AF97F82330032B3FF4E5
:1091D00010AF97F82330042B3FF40BAF072318464A
:1091E0003037BD46BDE8B0837C1A0020A007FA0BDB
:1091F000ABAAAAAA80B584B000AF03463960FB8051
:109200000023FB81FB8801223968184600F0FAFD33
:109210000346FB81FB89122B07D1FB8800223968AA
:10922000184600F0E3F9034600E0FB8918461037C2
:10923000BD4680BD80B485B000AF78603960112331
:10924000FB810023BB601BE07A68BB681344D3E951
:109250000023B3F1FF3F08BFB2F1FF3F0DD07A68A2
:10926000BB6813440833D3E90023B3F1FF3F08BFC1
:10927000B2F1FF3F01D01023FB81BB681033BB600C
:10928000BA683B689A42DFD3FB8918461437BD465B
:109290005DF8047B7047000080B586B000AF0346E0
:1092A000FB710523FB750523BB7500233B61002380
:1092B000FB600023BB60A64B1B783B613B6903F559
:1092C00080435A03A34B1B6803F17841A24B1B88D0
:1092D0004FF6FF7083420BD09F4B1B88002B04D0AE
:1092E0009D4B1B889B025B0804E04FF4801301E058
:1092F0004FF48013B1FBF3F1974B1B884FF6FF70CF
:1093000083420BD0944B1B88002B04D0924B1B88BC
:109310009B025B0804E04FF4801301E04FF48013DC
:1093200001FB03F31344184600F0D8FF0346FB7516
:10933000884B1B6803F17842874B1B884FF6FF71FF
:109340008B420BD0844B1B88002B04D0824B1B8894
:109350009B025B0804E04FF4801301E04FF480139C
:10936000B2FBF3F101FB03F3D31A5B0B3A69D31A97
:10937000591C7A4BA3FB01239A0813465B00134444
:109380005B00CA1A734B1B6803F17841724B1B8850
:109390004FF6FF7083420BD06F4B1B88002B04D01D
:1093A0006D4B1B889B025B0804E04FF4801301E0C7
:1093B0004FF48013B1FBF3F000FB03F3CB1A5B0B0C
:1093C0001344FB60FB6803F580435A03614B1B6841
:1093D00003F17841604B1B884FF6FF7083420BD03E
:1093E0005D4B1B88002B04D05B4B1B889B025B08EA
:1093F00004E04FF4801301E04FF48013B1FBF3F16C
:10940000554B1B884FF6FF7083420BD0524B1B8885
:10941000002B04D0504B1B889B025B0804E04FF4E8
:10942000801301E04FF4801301FB03F3134418464B
:1094300000F054FF0346BB75464B1B6803F17842AE
:10944000454B1B884FF6FF718B420BD0424B1B885C
:10945000002B04D0404B1B889B025B0804E04FF4B8
:10946000801301E04FF48013B2FBF3F101FB03F32F
:10947000D31A5B0B3A69D31A591D384BA3FB01234E
:109480009A0813465B0013445B00CA1A314B1B68F1
:1094900003F17841304B1B884FF6FF7083420BD0AD
:1094A0002D4B1B88002B04D02B4B1B889B025B0889
:1094B00004E04FF4801301E04FF48013B1FBF3F0AC
:1094C00000FB03F3CB1A5B0B1344BB60FB79022B4D
:1094D0007CD0022B00F38280002B6AD0012B7DD13F
:1094E000FB7D022B2AD11E4B1B68B3F5005F01D216
:1094F0003B6975E0BB7D042B07D1FFF713FC0346E6
:10950000002B02D04FF0FF336AE00321386900F0EE
:109510007DFD0346002B02D04FF0FF3360E00221B7
:10952000F86800F073FD0346002B02D04FF0FF33C4
:1095300056E00B4B40221A60FB6851E0FB7D012B8B
:1095400034D1074B1B68B3F5005F0BD23B6947E092
:10955000D69500207C1A0020A007FA0BABAAAAAA75
:10956000781A0020BB7D042B07D1FFF7DBFB0346F5
:10957000002B02D04FF0FF3332E00321386900F0B6
:1095800045FD0346002B02D04FF0FF3328E00121B8
:10959000F86800F03BFD0346002B02D04FF0FF338C
:1095A0001EE0114B40221A60FB6819E04FF0FF33B8
:1095B00016E0FB7D022B01D13B6911E0FB7D012B05
:1095C00001D1BB680CE04FF0FF3309E0BB7D002BFD
:1095D00001D1FB6804E04FF0FF3301E04FF0FF33AF
:1095E00018461837BD4680BD781A002080B590B067
:1095F00000AF03463960FB8013467B71052387F873
:109600003F300023FB620023BB6300237B634FF0EA
:1096100000024FF00003C7E908234FF000024FF0AB
:109620000003C7E9062300237B860023FB824FF05B
:1096300000024FF00003C7E902237B79002B01D120
:10964000022300E001231846FFF726FEB863BB6B38
:10965000B3F1FF3F01D10423C5E3AC4B00221A80D4
:10966000BB6BDAB2AA4B1A70AA4B40221A607B7904
:10967000002B08D10121B86B00F0C8FC0346002B79
:1096800001D00223AFE3A44B1B6803F17842A34B44
:109690001B884FF6FF718B420BD0A04B1B88002B11
:1096A00004D09E4B1B889B025B0804E04FF48013A0
:1096B00001E04FF48013B2FBF3F101FB03F3D31A83
:1096C0005B0BBA6BD31A591D954BA3FB01239A0868
:1096D00013465B0013445B00CA1A8F4B1B6803F1EF
:1096E00078418E4B1B884FF6FF7083420BD08B4B1B
:1096F0001B88002B04D0894B1B889B025B0804E06D
:109700004FF4801301E04FF48013B1FBF3F000FB42
:1097100003F3CB1A5B0B1344BB63BB6B03F58043B2
:109720005A037D4B1B6803F178417C4B1B884FF635
:10973000FF7083420BD0794B1B88002B04D0774BF2
:109740001B889B025B0804E04FF4801301E04FF498
:109750008013B1FBF3F1714B1B884FF6FF7083420E
:109760000BD06E4B1B88002B04D06C4B1B889B02CC
:109770005B0804E04FF4801301E04FF4801301FB19
:1097800003F31344FB62F86A00F0A8FD034687F870
:109790003F3097F83F30022B04D097F83F30042B2E
:1097A00040F03E8197F83F30022B08D10421B86B7E
:1097B00000F02CFC0346002B01D0022313E3564B90
:1097C0001B6803F17842554B1B884FF6FF718B42A3
:1097D0000BD0524B1B88002B04D0504B1B889B0294
:1097E0005B0804E04FF4801301E04FF48013B2FBF8
:1097F000F3F101FB03F3D31A5B0BBA6BD31A591DB8
:10980000474BA3FB01239A0813465B0013445B00FC
:10981000CA1A414B1B6803F17841404B1B884FF635
:10982000FF7083420BD03D4B1B88002B04D03B4B79
:109830001B889B025B0804E04FF4801301E04FF4A7
:109840008013B1FBF3F000FB03F3CB1A5B0B134463
:10985000BB63BB6B03F580435A032F4B1B6803F1BB
:1098600078412E4B1B884FF6FF7083420BD02B4B59
:109870001B88002B04D0294B1B889B025B0804E04B
:109880004FF4801301E04FF48013B1FBF3F1234B4D
:109890001B884FF6FF7083420BD0204B1B88002B98
:1098A00004D01E4B1B889B025B0804E04FF480131E
:1098B00001E04FF4801301FB03F31344FB62F86AE9
:1098C00000F00CFD034687F83F309EE097F83F30EC
:1098D000032B08D10421B86B00F098FB0346002B42
:1098E00001D002237FE20C4B1B6803F178420B4B43
:1098F0001B884FF6FF718B4217D0084B1B88002B3B
:1099000010D0064B1B889B025B0810E0D49500200A
:10991000D6950020781A00207C1A0020A007FA0BA8
:10992000ABAAAAAA4FF4801301E04FF48013B2FB54
:10993000F3F101FB03F3D31A5B0BBA6BD31A591D76
:10994000A14BA3FB01239A0813465B0013445B0061
:10995000CA1A9E4B1B6803F178419D4B1B884FF63A
:10996000FF7083420BD09A4B1B88002B04D0984B7E
:109970001B889B025B0804E04FF4801301E04FF466
:109980008013B1FBF3F000FB03F3CB1A5B0B134422
:10999000BB63BB6B03F580435A038C4B1B6803F11D
:1099A00078418B4B1B884FF6FF7083420BD0884B5E
:1099B0001B88002B04D0864B1B889B025B0804E0AD
:1099C0004FF4801301E04FF48013B1FBF3F1804BAF
:1099D0001B884FF6FF7083420BD07D4B1B88002BFA
:1099E00004D07B4B1B889B025B0804E04FF4801380
:1099F00001E04FF4801301FB03F31344FB62F86AA8
:109A000000F06CFC034687F83F3097F83F30032B9B
:109A10003FF45CAF97F83F30042B3FF457AF08E0BA
:109A20007B79012B03D197F83F30032B01D00A2318
:109A3000D9E17B79012B40F06F8100237B864023A5
:109A40007B63B5E0634B1B7803F580435A035F4BA0
:109A50001B6803F178415E4B1B884FF6FF70834211
:109A60000BD05B4B1B88002B04D0594B1B889B02EF
:109A70005B0804E04FF4801301E04FF48013B1FB66
:109A8000F3F1534B1B884FF6FF7083420BD0504BC2
:109A90001B88002B04D04E4B1B889B025B0804E004
:109AA0004FF4801301E04FF4801301FB03F31A44D9
:109AB0007B6B1344D3E90023C7E90823454B1B788C
:109AC00003F580435A03414B1B6803F17841404B37
:109AD0001B884FF6FF7083420BD03D4B1B88002B39
:109AE00004D03B4B1B889B025B0804E04FF48013BF
:109AF00001E04FF48013B1FBF3F1354B1B884FF6B7
:109B0000FF7083420BD0324B1B88002B04D0304BAC
:109B10001B889B025B0804E04FF4801301E04FF4C4
:109B2000801301FB03F31A447B6B13440833D3E91E
:109B30000023C7E90623D7E90823134312D1D7E945
:109B4000062313430ED17B8E01337B86224B1B8869
:109B500001339AB2204B1A80204B1B6810331F4AE6
:109B6000136022E0D7E90823B3F1FF3F08BFB2F149
:109B7000FF3F22D0D7E90623B3F1FF3F08BFB2F180
:109B8000FF3F1AD0D7E90823134316D0D7E906239D
:109B9000134312D0104B1B8801339AB20E4B1A801C
:109BA0000E4B1B6810330D4A13607B6B10337B63C5
:109BB0007B6BB3F5005FFFF445AF064B1B78BB63CF
:109BC00000237B63A2E000BFABAAAAAA7C1A0020F4
:109BD000A007FA0BD6950020D4950020781A002013
:109BE000834B1B6803F17842824B1B884FF6FF7151
:109BF0008B420BD07F4B1B88002B04D07D4B1B88E6
:109C00009B025B0804E04FF4801301E04FF48013E3
:109C1000B2FBF3F101FB03F3D31A5B0BBA6BD31A5C
:109C2000591D754BA3FB01239A0813465B0013448F
:109C30005B00CA1A6E4B1B6803F178416D4B1B88A1
:109C40004FF6FF7083420BD06A4B1B88002B04D069
:109C5000684B1B889B025B0804E04FF4801301E013
:109C60004FF48013B1FBF3F000FB03F3CB1A5B0B53
:109C70001344BB63BB6B03F580435A035C4B1B6807
:109C800003F178415B4B1B884FF6FF7083420BD08A
:109C9000584B1B88002B04D0564B1B889B025B083B
:109CA00004E04FF4801301E04FF48013B1FBF3F1B3
:109CB000504B1B884FF6FF7083420BD04D4B1B88D7
:109CC000002B04D04B4B1B889B025B0804E04FF435
:109CD000801301E04FF4801301FB03F31344184693
:109CE00000F0FCFA034687F83F3097F83F30032B2B
:109CF00011D1424B1B8803F5FE739AB23F4B1A8079
:109D00007B8E02337B867B6B01337B637B6B052B06
:109D10007FF666AF00E000BFFB8800223968184676
:109D200000F070F80346002B01D002235BE03B6893
:109D3000D3E90023134308D13B680833D3E9002358
:109D4000134302D17B8E01337B862C4B1B88022B65
:109D500003D92A4B1B88023B00E001237B637B8EE7
:109D60007A6B9A4203D37B8E7A6BD31A00E001237D
:109D70007B6327E0FB887A6B9A4220D07B6B9BB297
:109D800007F1080211461846FFF7CEF80346FB829A
:109D9000FB8A002B0ED17B6B9BB207F108010022DE
:109DA000184600F02FF80346FB82FB8A002B06D0F2
:109DB000FB8A18E0FB8A072B01D0FB8A13E07B6B40
:109DC00001337B637B6BB3F57A7FD3D90C4B1B7864
:109DD0000221184600F01AF90346002B01D0022395
:109DE00001E04FF4807318464037BD4680BD00BF88
:109DF0007C1A0020A007FA0BABAAAAAAD4950020CF
:109E0000D69500202DE9B04F92B000AF0346B9615E
:109E1000FB8313467B774FF000024FF00003C7E946
:109E200008234FF000024FF00003C7E90A234FF068
:109E300000024FF00003C7E91023704B1B8840F26B
:109E4000F352934201D91223D2E00120FFF724FA02
:109E5000F8630023BB63FB6BB3F1FF3F01D1032326
:109E6000C6E0FB6B03F580435803654B1B6803F1A9
:109E70007841644B1A884FF6FF739A420BD0614BBE
:109E80001B88002B04D05F4B1B889B025B0804E0FF
:109E90004FF4801301E04FF48013B1FBF3F1594B01
:109EA0001A884FF6FF739A420BD0564B1B88002B33
:109EB00004D0544B1B889B025B0804E04FF48013D2
:109EC00001E04FF4801301FB03F30344BB63BB6960
:109ED000D3E9002313430FD1BB690833D3E900232F
:109EE000134309D1FB8B002B06D14FF000024FF03A
:109EF0000003C7E9102327E0BB690833D3E9002337
:109F00004FF000004FF0000111000020FB8B0022F9
:109F10001C46154640EA04033B6141EA05037B61A8
:109F2000D7E90434C7E90834BB69D3E90001D7E9AC
:109F3000082300F085FA03469BB200223B607A605A
:109F4000D7E90034C7E910344FF000024FF00003A6
:109F5000C7E908234FF000024FF00003C7E90A23C6
:109F6000BB690833D3E900234FF000004FF0000134
:109F700011000020D7E910454FF000024FF0000318
:109F80002B0443EA1443220440EA020841EA03098D
:109F9000FB8B00229A46934648EA0A03BB6049EAD3
:109FA0000B03FB60D7E90234C7E90834BB69D3E986
:109FB0000023C7E90A23144B1A68BB6B13447A7F4A
:109FC00007F12001184600F073FA0346FB86FB8E6A
:109FD000002B01D0FB8E0BE00B4B1B6810330A4AA1
:109FE0001360064B1B8801339AB2044B1A8000237E
:109FF00018464837BD46BDE8B08F00BFD495002055
:10A000007C1A0020A007FA0B781A002080B58AB0CD
:10A0100000AF78600B46FB7000237B6200233B623D
:10A020000023FB610023BB617B6803F580435A0377
:10A03000A74B1B6803F17841A64B1B884FF6FF70B6
:10A0400083420BD0A34B1B88002B04D0A14B1B8851
:10A050009B025B0804E04FF4801301E04FF480138F
:10A06000B1FBF3F19B4B1B884FF6FF7083420BD083
:10A07000984B1B88002B04D0964B1B889B025B08D7
:10A0800004E04FF4801301E04FF4801301FB03F36D
:10A0900013447B627B6803F580435A038C4B1B6837
:10A0A00003F178418B4B1B884FF6FF7083420BD036
:10A0B000884B1B88002B04D0864B1B889B025B08B7
:10A0C00004E04FF4801301E04FF48013B1FBF3F18F
:10A0D000804B1B884FF6FF7083420BD07D4B1B8853
:10A0E000002B04D07B4B1B889B025B0804E04FF4E1
:10A0F000801301E04FF4801301FB03F3134410338A
:10A100003B627B6803F580435A03714B1B6803F184
:10A110007841704B1B884FF6FF7083420BD06D4B1C
:10A120001B88002B04D06B4B1B889B025B0804E050
:10A130004FF4801301E04FF48013B1FBF3F1654B52
:10A140001B884FF6FF7083420BD0624B1B88002B9D
:10A1500004D0604B1B889B025B0804E04FF4801323
:10A1600001E04FF4801301FB03F313442033FB6140
:10A170007B6803F580435A03554B1B6803F1784114
:10A18000544B1B884FF6FF7083420BD0514B1B88FA
:10A19000002B04D04F4B1B889B025B0804E04FF45C
:10A1A000801301E04FF48013B1FBF3F1494B1B889E
:10A1B0004FF6FF7083420BD0464B1B88002B04D018
:10A1C000444B1B889B025B0804E04FF4801301E0C2
:10A1D0004FF4801301FB03F313443033BB614FF0A2
:10A1E00000024FF00003C7E90223FB78013B032B79
:10A1F00064D801A252F823F009A202083BA2020887
:10A200006DA2020895A202084FF0AA324FF0AA33BD
:10A21000C7E9022307F1080302221946786A00F011
:10A2200047F90346FB82FB8A002B01D0FB8A4BE0F7
:10A230007B68DAB2284B1A7045E04FF0AA324FF033
:10A24000AA33C7E9022307F1080302221946386A34
:10A2500000F02EF90346FB82FB8A002B01D0FB8A1B
:10A2600032E07B68DAB21C4B1A702CE04FF0AA3255
:10A270004FF0AA33C7E9022307F108030222194667
:10A28000F86900F015F90346FB82FB8A002B17D012
:10A29000FB8A19E04FF0AA324FF0AA33C7E9022334
:10A2A00007F1080302221946B86900F001F90346D4
:10A2B000FB82FB8A002B05D0FB8A05E000BF02E091
:10A2C00000BF00E000BF002318462837BD4680BD10
:10A2D0007C1A0020A007FA0BD695002080B493B01A
:10A2E00000AF78604FF000024FF00003C7E9102381
:10A2F0004FF000024FF00003C7E90E234FF00002B9
:10A300004FF00003C7E90C234FF000024FF00003A9
:10A31000C7E90A234FF000024FF00003C7E9082302
:10A320004FF000024FF00003C7E906234FF0000290
:10A330004FF00003C7E904234FF000024FF0000381
:10A34000C7E902237B68D3E90023C7E910237B68B0
:10A350001033D3E90023C7E90E237B682033D3E908
:10A360000023C7E90C237B683033D3E90023C7E916
:10A370000A237B680833D3E90023C7E908237B68F5
:10A380001833D3E90023C7E906237B682833D3E9D0
:10A390000023C7E904237B683833D3E90023C7E9E6
:10A3A0000223D7E90A23B3F1FF3F08BFB2F1FF3F11
:10A3B00009D0D7E90223B3F1FF3F08BFB2F1FF3F55
:10A3C00001D0042336E0D7E90C23B3F1FF3F08BFE7
:10A3D000B2F1FF3F09D0D7E90423B3F1FF3F08BF33
:10A3E000B2F1FF3F01D0032324E0D7E90E23B3F1FC
:10A3F000FF3F08BFB2F1FF3F09D0D7E90623B3F111
:10A40000FF3F08BFB2F1FF3F01D0022312E0D7E9BE
:10A410001023B3F1FF3F08BFB2F1FF3F09D0D7E9E6
:10A420000823B3F1FF3F08BFB2F1FF3F01D0012382
:10A4300000E0002318464C37BD465DF8047B7047AA
:10A4400080B584B000AFC7E90201C7E9002317480F
:10A45000FDF71CF9BB6819461448FDF727F9D7E941
:10A4600002014FF000024FF000030A0000231346E0
:10A4700019460E48FDF71AF9D7E900014FF000021E
:10A480004FF000030A000023134619460748FDF762
:10A490000DF93B8819460548FDF716F90348FDF705
:10A4A00024F9034618461037BD4680BD00300240EF
:10A4B00080B586B000AFF860B9601346FB71002329
:10A4C000FB82FB79022B0CD1BB68D3E90023134933
:10A4D000C1E90023BB68D3E900231049C1E9022385
:10A4E0000BE0BB68D3E900230C49C1E90023BB683A
:10A4F000D3E902230949C1E90223084B1A46F96846
:10A500000120ECF777FA0346002B01D00223FB82EF
:10A51000FB8A18461837BD4680BD00BFE095002075
:10A5200080B58AB000AF78600B467B800023FB8447
:10A5300001233B620023FB607B6803F580435A03E1
:10A54000274B1B6803F17841264B1B884FF6FF70A1
:10A5500083420BD0234B1B88002B04D0214B1B883C
:10A560009B025B0804E04FF4801301E04FF480137A
:10A57000B1FBF3F11B4B1B884FF6FF7083420BD0EE
:10A58000184B1B88002B04D0164B1B889B025B08C2
:10A5900004E04FF4801301E04FF4801301FB03F358
:10A5A0001344184600F026F8386202233B617B888A
:10A5B000FB617B68BB613B6A7B6107F10C0207F1C1
:10A5C000100311461846ECF78DFB0346002B01D013
:10A5D0000123FB84FB8C18462837BD4680BD00BF95
:10A5E0007C1A0020A007FA0B80B500AFF0F7D8FC6A
:10A5F00000BF80BD80B485B000AF78600023FB60F1
:10A60000244B1B6C03F48013002B1ED1224B1B88A0
:10A610004FF6FF7293420DD01F4B1B88002B06D0C4
:10A620001D4B1B889B025B0803F1006304E04FF0A5
:10A63000016301E04FF001637A68934202D901237C
:10A64000FB6020E00223FB601DE0134B1B884FF6EC
:10A65000FF7293420DD0104B1B88002B06D00E4B7F
:10A660001B889B025B0803F1006304E04FF0016369
:10A6700001E04FF001637A68934202D90223FB6044
:10A6800001E00123FB60FB6818461437BD465DF806
:10A69000047B704700200240A007FA0B80B485B00D
:10A6A00000AF78600023FB8100BF384B1B6A03F4C6
:10A6B0008033B3F5803FF8D0344B1B6B334A43F003
:10A6C00040431363314B42F2FA021A622F4B9B6AEA
:10A6D0002E4A43F00103936279684FF000024FF075
:10A6E0000003C1E900237B68083319464FF00002DC
:10A6F0004FF00003C1E9002300BF244B1B6A03F4A1
:10A700008033B3F5803FF8D0204B1B6A03F002037F
:10A71000022B1DD01D4B1B6A03F00803082B17D01A
:10A720001A4B1B6A03F01003102B11D0174B1B6A36
:10A7300003F02003202B0BD0144B1B6A03F04003C3
:10A74000402B05D0114B1B6A03F08003802B01D1F5
:10A750000D23FB810D4B1B6A03F00103012B02D17A
:10A760000A4B01221A62094B9B6A084A23F0010333
:10A770009362064B1B6B054A43F000431363FB894E
:10A7800018461437BD465DF8047B70470020024030
:10A7900080B400AF00231846BD465DF8047B7047C7
:10A7A00080B586B000AFF860B9607A607B80002326
:10A7B000FB82FB68002B24D0BB68B3F5801F20D23E
:10A7C0007B68002B1DD07B88002B1AD0BB683B61B7
:10A7D000FB6802221A70FB680133BA7C1A70FB68AE
:10A7E00002337A7C1A70FB6803333A7C1A70FB6878
:10A7F00004337A887968184600F05AFA7B88043363
:10A80000FB82FB8A18461837BD4680BD80B485B0F0
:10A8100000AF786039600023FB817B68002B16D085
:10A820003B68B3F5801F12D23B68BB607B68032294
:10A830001A707B680133BA7A1A707B6802337A7AAD
:10A840001A707B6803333A7A1A700423FB81FB8900
:10A8500018461437BD465DF8047B704780B487B056
:10A8600000AF03460A46FB711346BB803B1D7B616C
:10A87000FB793B737B695B787B737B691B78BB736C
:10A8800007F1100307F10C02126811461980023318
:10A89000120C1A7000233A7C62F307037A7C62F38D
:10A8A0000F23BA7C62F3174318461C37BD465DF888
:10A8B000047B704700000000B0B584B000AF0446D0
:10A8C000084611461A462346FB800346BB800B46CA
:10A8D000FB701346BB70FA88BB889A4203D9284A9A
:10A8E000BB88138002E0264AFB881380244B1B8818
:10A8F0001846D5F70BFE04460D46BB781846D5F72B
:10A9000005FE02460B4620462946D5F7A3FF024620
:10A910000B4614461D46FB781846D5F7F7FD024650
:10A920000B4620462946D5F76BFE02460B461446D9
:10A930001D46BB881846D5F7E9FD02460B46204662
:10A940002946D5F787FF02460B46104619460AA34B
:10A95000D3E90023D5F754FE02460B46C7E902238C
:10A96000D7E90201D6F70EF903469BB21846103715
:10A97000BD46B0BDAFF3008000000000E0FFEF4037
:10A98000F09500200000000080B586B000AF87ED94
:10A99000000B4FF000024FF00003C7E904234FF013
:10A9A00000024FF00003D7E90001D6F79BF80346F9
:10A9B000002B06D04FF000024FF00003C7E904233C
:10A9C00013E020A3D3E90023D7E90001D6F7A8F8C4
:10A9D0000346002B05D01BA3D3E90023C7E90423BA
:10A9E00003E0D7E90023C7E9042318A3D3E9002330
:10A9F000D7E90401D5F72EFF02460B46104619464B
:10AA00004FF000020E4BD5F743FC02460B460AA15D
:10AA1000D1E90001D5F73CFC02460B46C7E9022309
:10AA2000D7E90201D6F7AEF80346DBB2184618376D
:10AA3000BD4680BDAFF300800000000000E06F4025
:10AA40000000E03F00000000006AF840838282823C
:10AA5000828278400000000080B586B000AF87EDAC
:10AA6000020B87ED001B1BA3D3E90023D7E90001EC
:10AA7000D5F7F0FE02460B46104619464FF000028D
:10AA8000134BD5F705FC02460B46C7E904234FF0EC
:10AA900000024FF00003D7E90401D6F741F803465E
:10AAA000002B08D0D7E90423D7E90201D5F7D2FE5D
:10AAB00002460B4601E0D7E9022343EC172BB0EE28
:10AAC000470AF0EE670A1837BD4680BDAFF3008035
:10AAD0000000F03FAE47E17A14AEF33F80B485B09A
:10AAE00000AF0346FB800723FB73FB88B3F5C87FE9
:10AAF00063D0B3F5C87F64DCC82B5AD0C82B60DCA8
:10AB0000642B52D0642B5CDC192B3BDC002B58DB14
:10AB1000192B56D801A252F823F000BFC9AB020886
:10AB20008BAB0208C3AB0208C3AB0208C3AB02087D
:10AB3000C3AB0208C3AB0208C3AB0208C3AB020835
:10AB4000C3AB020893AB0208C3AB0208C3AB020855
:10AB5000C3AB0208C3AB0208C3AB0208C3AB020815
:10AB6000C3AB0208C3AB0208C3AB0208C3AB020805
:10AB7000C3AB0208C3AB0208C3AB0208C3AB0208F5
:10AB80009BAB0208322B0CD01BE0FB7B1033FB731A
:10AB90001BE0FB7B2033FB7317E0FB7B3033FB7345
:10ABA00013E0FB7B4033FB730FE0FB7B5033FB7305
:10ABB0000BE0FB7B6033FB7307E0FB7B7033FB73C5
:10ABC00003E00023FB7300E000BFFB7B1846143753
:10ABD000BD465DF8047B70470139024410B59042D0
:10ABE00001D1002005E0037811F8014FA34201D004
:10ABF000181B10BD0130F2E7884210B501EB0204CA
:10AC000002D98442234607D8431EA14207D011F837
:10AC1000012B03F8012FF8E70244824200D110BD56
:10AC200013F8011D02F8011DF7E7024403469342A1
:10AC300000D1704703F8011BF9E7034670B51E46C3
:10AC400013F8014B44B14A1E01E0A54204D012F8AA
:10AC5000015F002DF9D1F2E7301A70BD014B186881
:10AC6000704700BF801A002070B50D4B00260D4DB7
:10AC70005B1B9C10A64209D10B4D01F049FB0B4B0D
:10AC800000265B1B9C10A64205D170BD55F8043B05
:10AC900001369847EEE755F8043B01369847F2E74E
:10ACA00070CA020870CA020870CA020874CA020890
:10ACB0000A44431E914200D1704710B511F8014B70
:10ACC000914203F8014FF9D110BD000008B52DEDF8
:10ACD000028BB0EE408A00F0C1F8B4EE488AF1EE83
:10ACE00010FA0FD6B5EEC08AF1EE10FA0ADCB5EE16
:10ACF000408AF1EE10FA08D1FFF7B0FF22239FED52
:10AD0000090A0360BDEC028B08BDFFF7A7FF2122F3
:10AD100003460548BDEC028B1A60BDE8084000F010
:10AD200005B800BF000080FF8CC802089FED010A33
:10AD3000704700BF0000C07F51EC100B1E4A21F08D
:10AD4000004393421ED91D4A934200B585B007D9EE
:10AD500002460B46D5F79CFA41EC100B05B000BD3E
:10AD6000684600F079F900F0030001289DED000B22
:10AD70009DED021B16D0022809D0B0B9012001F0C8
:10AD8000EBF8EBE79FED0A1B002001F0E5B801208E
:10AD900001F0E2F853EC102B03F1004300EE903A7F
:10ADA00005B000BD00F0A0FFD8E700F09DFFF1E77F
:10ADB0000000000000000000FB21E93FFFFFEF7FE3
:10ADC00053EC102BC3F30A509C46A0F2FF31132919
:10ADD00010B5964613DC00292BDB1F4C0C4104EA0E
:10ADE0000300104310D04FF4002300200B416344B4
:10ADF00023EA040C6346024643EC102B10BD3329B2
:10AE000005DDB1F5806F1AD043EC102B10BDA0F218
:10AE100013404FF0FF34C4401442F5D0C1F1330168
:10AE200001208840801828BF03F1010C20EA0400AB
:10AE3000E0E7013103F0004C08D00020DAE71046CB
:10AE40001946D5F727FA41EC100B10BD4CF07F5C8A
:10AE500000204CF4401CCDE7FFFF0F0010EE102A3D
:10AE600032F0004330D0002A134634DBB2F1FF4FFA
:10AE700041DAB2F5000F00B534DB4FF0000EC3F33A
:10AE800016016348DB15F7EE007A084401F10F0C58
:10AE90007F3B00F40002734482F07E5203EBD053F8
:10AEA0005C480A430CEA000000EE102A30EE670A04
:10AEB00020BBB5EE400AF1EE10FA60D1002B40F055
:10AEC0008E809FED550A00BD9FED547ADFED527ADA
:10AED00087EE270A704770EE407A9FED4F7A87EE33
:10AEE000870A7047DFED4E7A6FF0180E60EE277A12
:10AEF00017EE903AC3E730EE000A7047B0EE007AE2
:10AF000006EE103ADFED472AB8EEC63ADFED464AC4
:10AF100030EE077ADFED455ADFED453A9FED455AB1
:10AF200080EE074ADFED447ADFED446A4448454A43
:10AF30000844521A0243002A24EE046A26EE067AD6
:10AF4000E7EE224AA7EE235AE4EE875AE5EE076AB7
:10AF5000E5EE877A67EE867AE6EE877A2ADDB6EE48
:10AF6000007A20EE077A27EE007A77EE877A67EE8E
:10AF7000847A3BBB37EE677A30EE470A00BDF6EEC7
:10AF8000007ADFED316A20EE007AE0EE667A27EE95
:10AF9000277A002BF0D007EE903A9FED2C6ADFED78
:10AFA0002C6AF8EEE77AA7EEC67A37EE400A97EEFB
:10AFB000A60A00BD70EE677A67EE847AE3B930EED8
:10AFC000670A00BD9FED216ADFED216AE3EE067A94
:10AFD00037EE677A37EE400A93EE260A00BD07EE99
:10AFE000903A9FED1A0A9FED1A7AF8EEE77A27EE6B
:10AFF000800AA7EE870A00BDDFED146A9FED147A80
:10B00000E3EE667A37EEC00A93EE070A00BD00BF92
:10B0100020FB4A00F0FF7F0000000000000000CC91
:10B020000000004C9788173E25333A3E2549923E52
:10B030004FD01C3E298E633EABAA2A3FCDCCCC3EDE
:10B04000305CCFFF88C23500ABAAAA3ED1F71737D4
:10B050008071313F0000000053EC102B2DE9F04FC0
:10B06000994923F000458FB004468D4240F28E800E
:10B0700096491F468D422AD8002F1046194688A3AC
:10B08000D3E9002340F3A681D5F702F9904B064699
:10B090000F469D4200F08E8083A3D3E90023D5F7AD
:10B0A000F7F8804689463046424639464B46D5F742
:10B0B000EFF87DA3D3E90023D5F7EAF80126C4E928
:10B0C0000089C4E9020130460FB0BDE8F08F814924
:10B0D0008D4240F2898080498D4262D82E151046FB
:10B0E00090460DF1380AA6F21646A5EB065903253F
:10B0F0004946D5F71FFDD5F719FA02460B464046DB
:10B100004946CDE90823D5F7C3F80022734BD5F79C
:10B1100077FA89468046D5F70DFDD5F707FA02463E
:10B120000B46404649464FF000084FF00009CDE974
:10B130000A23D5F7ADF80022684BD5F761FACDE9BF
:10B140000C017AE9020142464B46AB46013DD5F778
:10B15000BFFC0028F5D1624932465B4608A8019140
:10B1600002210091214600F087F9002F0646AADA55
:10B1700061684642226801F10043E168C4E90023A6
:10B18000A26801F10043C4E902239CE700200021EA
:10B1900084ED000BC4E90201002630460FB0BDE883
:10B1A000F08F10461946D5F773F8C4E90201C4E9D7
:10B1B0000001F1E73EA3D3E90023D5F769F806467D
:10B1C0000F463DA3D3E90023D5F762F880468946B0
:10B1D0003046424639464B46D5F75AF836A3D3E9AE
:10B1E0000023D5F755F869E700F078FF59EC108B8C
:10B1F00033A3D3E9002340464946D5F701FA00229C
:10B20000384BD5F747F8D5F795FC0646D5F78EF9B4
:10B2100002460B46CDE9022321A3D3E90023D5F74B
:10B22000EFF902460B4640464946D5F731F88246CB
:10B230008B461DA3D3E90023DDE90201D5F7E0F930
:10B2400002460B4650465946CDE90423D5F720F86F
:10B250001F2E8046894649DC234B721E53F822304C
:10B26000AB4243D042464B4650465946C4E900895A
:10B27000D5F70EF8DDE90423D5F70AF8002FC4E965
:10B280000201BFF620AF09F100437642C4E9008312
:10B2900001F10043C4E9020315E700BFAFF30080EA
:10B2A00000004054FB21F93F3163621A61B4D03D84
:10B2B0000000601A61B4D03D7370032E8A19A33B5D
:10B2C00083C8C96D305FE43FFB21E93F7BD9024071
:10B2D000FB21F93FFB213941FFFFEF7F0000704167
:10B2E00010C902080000E03F90C80208C9F30A53E1
:10B2F000C3EB15532D15102BB4DD55A3D3E9002353
:10B30000DDE90201D5F77CF9804689465046424680
:10B3100059464B46D4F7BCFF02460B4650465946A9
:10B3200092469B46CDE90623D4F7B2FF42464B46F0
:10B33000D4F7AEFF8046894647A3D3E90023DDE971
:10B340000201D5F75DF942464B46D4F7A1FF0B4603
:10B35000024659465046CDE90423D4F799FFC1F37C
:10B360000A5380468946ED1A312D7FF77BAF3DA306
:10B37000D3E90023DDE90201D5F742F98046894689
:10B3800042464B46DDE90601D4F782FF82468B46F2
:10B3900052465B46DDE90601D4F77AFF42464B464A
:10B3A000D4F776FF8046894630A3D3E90023DDE950
:10B3B0000201D5F725F942464B46D4F769FF02460C
:10B3C0000B4650465946CDE90423D4F761FF804629
:10B3D000894647E7D4F75EFF214B06460F469D425C
:10B3E00018D019A3D3E90023D4F754FF8046894627
:10B3F0003046424639464B46D4F74AFF12A3D3E9BA
:10B400000023D4F747FF4FF0FF36C4E90089C4E9B1
:10B41000020158E60EA3D3E90023D4F73BFF06460A
:10B420000F460DA3D3E90023D4F734FF80468946A5
:10B430003046424639464B46D4F72AFF06A3D3E9A5
:10B440000023D4F727FFDEE73163621A61B4D03DF1
:10B450000000601A61B4D03D7370032E8A19A33BBB
:10B46000FB21F93F0000002E8A19A33BC14920258A
:10B470009A837B39000000002DE9F04FADF5197D6E
:10B480009C46B44B12F1140F0A91A299039053F801
:10B49000213004930CF1FF330293C0F2B582D31E26
:10B4A000AD4981FB0301DB17C3EBA1030793013314
:10B4B000A3EB8303DB00D318079A0B930CF1FF3344
:10B4C000D41A049AD71816D4013720AD4FF00008CB
:10B4D0004FF000092744E246A39E002C404649460F
:10B4E00003DB56F82400D5F721F80134BC42E5E827
:10B4F0000201F2D1D446049B002BC0F2BD83039914
:10B500000DF18009029A0DF5E07B049B01EBCC085C
:10B5100009EBCC0992464FEACC0663440020002197
:10B52000002A80F296810AF1010A09F108099A4578
:10B53000EBE80201F4D1039B049A99190CAB009239
:10B5400003EB82038B46CDF824C0043B08930CAB7D
:10B5500003EB820637460B9E009A0DEBC203002ACE
:10B560004FEAC208D3E970452CDD0DF5E07A0DF104
:10B5700030090196D04405970022784B2046294691
:10B58000D5F73EF8D5F7D6FAD4F7D0FF0022744BA2
:10B5900006460F46D5F734F802460B4620462946A4
:10B5A000D4F776FED5F7C6FA394649F8040B30468B
:10B5B00078E90223D4F76EFE0446D0450D46DBD170
:10B5C000019E059F304645EC104B00F091FD002296
:10B5D0004FF07F5355EC104B20462946D5F710F815
:10B5E00041EC100B00F010FE00225E4B51EC100BF2
:10B5F000D5F706F802460B4620462946D4F748FE02
:10B600000D460446D5F796FA8246D4F78FFF0246D8
:10B610000B4620462946D4F73BFE002E804689463D
:10B6200040F38880009B0CA9C6F117045A1EC6F18E
:10B63000180351F8221041FA03F000FA03F3824490
:10B64000CB1A0CA943FA04F441F82230002C00F381
:10B65000E3800022002340464946D5F739FA002806
:10B6600000F09D82009B049A93420CDD0CAA02EB31
:10B670008303002253F8041DBB4242EA0102F9D1C0
:10B68000002A40F00E81049B0CAA013B52F82330A3
:10B69000009A501C8146002B40F0D980089A012363
:10B6A00052F8041D01330029FAD0009A1344009A7D
:10B6B0006FF0404A09990DF1800805960A440799F0
:10B6C0000193014408EBC20870AA06978A44A39923
:10B6D00002EBC00201EB8A0A00925AF8040FD4F779
:10B6E00025FF029B002BE8E8020120DB4746039E72
:10B6F0000024002577E90223F6E80201D4F780FF51
:10B7000002460B4620462946D4F7C4FD5E45044652
:10B710000D46EFD1009B09F10109E3E802450093D2
:10B72000019B9945D9DD0093DDE9056714E7002405
:10B730000025EFE71AD000220B4BD5F7E7F90446B6
:10B74000002886D0009B0AF1010A002B40F38A8270
:10B75000022419E058CA0208ABAAAA2A0000703EC7
:10B7600000007041000020400000E03F009B0CAA58
:10B77000013B52F82340E415002C7FF76AAF009B91
:10B780000AF1010A002B56DD0CAB002153F8045BD3
:10B79000002D3CD0C5F180756FF07F4043F8045C0C
:10B7A00003E01A68821A43F8042B0131009A8A4296
:10B7B000F7DC0125002E0EDD012E00F01A81022E8D
:10B7C00009D1009B0CA95A1E0CAB53F82230C3F3CD
:10B7D000150341F82230022C7FF43BAF42464B4622
:10B7E0000020AB49D4F754FD80468946002D3FF434
:10B7F00030AF30469FEDA40B00F07AFC404649463E
:10B8000053EC102BD4F744FD8046894621E70131E3
:10B81000009A8A42BADCCDE700990AF1010A0029B0
:10B82000B2DC012E00F03582022E04D1C3F31503E1
:10B830000CA941F82230022C7FF40BAF42464B4654
:10B8400000209349D4F724FD8046894601E703464A
:10B850002DE75246DA46CB4605969146CDE9003CA7
:10B860005F46039E0024002577E90223F6E80201E3
:10B87000D4F7C6FE02460B4620462946D4F70AFDF9
:10B88000464504460D46EFD109F10109009B0BF135
:10B89000080B9945EAE80245E2D1DDF804C0059EAF
:10B8A00049E60B9BDDF800B0A3F118020CABCDE923
:10B8B000024A0BF1FF340B9253F8243063B96FF056
:10B8C00040430CA95B4401EB830353F8041D013C86
:10B8D000183A0029F9D00B920B989FED6B0B00F0F2
:10B8E00007FC002C5BEC10ABC0F2C98104F101082D
:10B8F0000DF5E0790CAB00264FEAC801654F03EB6C
:10B90000880509EBC808009155F8040DD4F70EFE20
:10B9100052465B46D4F774FE3B46324668E9020164
:10B9200050465946D4F76CFE0CAB82468B469D427E
:10B93000EAD1009948ABA346A1F1080A1A46079339
:10B94000CA444FF000095346CA46DDF81090CDE9CD
:10B950000541B9F1000FC0F29280DFF83C811F462B
:10B96000002600240025CDE9002B9B4610E0F7E8D7
:10B970000223F8E802010136D4F742FE02460B46E4
:10B9800020462946D4F786FCB14504460D4601DB26
:10B99000B245ECDA5B46009ADDF804B00BF1FF3BF0
:10B9A0000AF1010A083BBBF1FF3FE2E80245D0D1B2
:10B9B000A29A079B022ADDE905416FDC002A28DCF8
:10B9C00010D15C18002000211D4674E90223D4F731
:10B9D00061FCA542F9D1029B002B40F03F810A9BFC
:10B9E000C3E90001039B03F007000DF5197DBDE8D5
:10B9F000F08F009B0CA95A1E0CAB53F82230C3F3F6
:10BA0000160341F82230E6E600216FF01703079194
:10BA100051E55D18002600279A46D3E9008975E9AB
:10BA2000022330463946D4F735FCAA4506460F4670
:10BA3000F5D1029B40464946002B40F002813B462F
:10BA40003246D4F725FC0A9BC3E900676CB14AAEC5
:10BA500001250135F6E80223D4F71CFCAC42F8DAE4
:10BA6000029B13B101F1004319460A9BC3E902018D
:10BA7000039B03F007000DF5197DBDE8F08F00244E
:10BA800000258BE7AFF30080000000000000F03FCE
:10BA90000000F03F0000703E18CA0208A29A032A74
:10BAA000A0D1002C00F0038103EBC4059946E60009
:10BAB000A84695ED007BCDE90054CDE9046552EC34
:10BAC000171B0C46154620462946A246AB4678E988
:10BAD000026732463B46D4F7DDFB04460D4630464E
:10BAE000224639462B46D4F7D3FB52465B46D4F761
:10BAF000D1FBC145C8E90201C8E90045E3D14B4685
:10BB0000DDE900A4DDE90465012C00F0D08009F135
:10BB1000080BD5E90045CDE900697AE9028920469C
:10BB2000294642464B46D4F7B5FB26462F460446E7
:10BB30000D464046224649462B46D4F7A9FB3246DD
:10BB40003B46D4F7A7FBD345CAE90201CAE9004541
:10BB5000E3D100200021DDE9006306F1080403F1D0
:10BB600010051E461C4474E90223D4F793FBA5423A
:10BB7000F9D13346D3E90045D3E90278029B002B83
:10BB80004AD10A9BC3E90401C3E90045C3E902782D
:10BB9000039B03F007000DF5197DBDE8F08F0B9EA8
:10BBA000DDF800B0704249EC108BCDE9024A00F09C
:10BBB0009FFA0022484B55EC104B20462946D4F7FB
:10BBC000A5FF00B30022454B20462946D4F718FDB7
:10BBD0001836D4F7AFFF0746D4F7A8FC00223E4B37
:10BBE000D4F70EFD0B460246294620460BF1010410
:10BBF000D4F74EFBD4F79EFF0CAB0B9643F82B000B
:10BC000043F8247068E620462946D4F793FF0CAB2E
:10BC10005C4643F82B005FE6264608F1004305F139
:10BC200000440A9DC5E9027301F10043C5E904031C
:10BC3000039B03F00700C5E900640DF5197DBDE81D
:10BC4000F08F0A9A07F100431660536032463B4674
:10BC5000D4F71EFB002C7FF4FAAE03E701F100439A
:10BC60001946BCE642464B4600201D49D4F710FB5E
:10BC7000022480468946ECE44FEACC065BE4A29BB2
:10BC8000022B0FDC002B15DC7FF4ACAE0020002172
:10BC9000A1E6C3F316030CA9022C41F822307FF46D
:10BCA000D8ACCBE5A29B032B7FF49CAE48AB002025
:10BCB00000215FE7029BDDE9480133B100224FF02C
:10BCC00000430A9CC4E90023CCE6002200230A9C1E
:10BCD000C4E90023C9E600BF000070410000703EC7
:10BCE0000000F03F000000002DE9F04F57EC106B12
:10BCF00027F0004885B0B8F1795F5BEC11AB71D2E9
:10BD000030463946D4F716FF002800F0F48032465A
:10BD10003B4630463946D4F773FC04460D4678A3BB
:10BD2000D3E90023D4F76CFC77A3D3E90023D4F73D
:10BD3000B1FA22462B46D4F763FC75A3D3E900235E
:10BD4000D4F7A6FA22462B46D4F75AFC72A3D3E9BD
:10BD50000023D4F79FFA22462B46D4F751FC70A358
:10BD6000D3E90023D4F794FA22462B46D4F748FCB3
:10BD70006DA3D3E90023D4F78DFA22462B46D4F7DE
:10BD80003FFCCDE9000100226D4B20462946D4F747
:10BD900037FC804689462046294644464D46DDE923
:10BDA0000023D4F72DFC8046894652465B46304638
:10BDB0003946D4F725FC02460B4640464946D4F79F
:10BDC00067FA02460B4620462946D4F761FA024636
:10BDD0000B4600205B49D4F75BFA41EC100B05B031
:10BDE000BDE8F08F32463B4630463946D4F708FC72
:10BDF00004460D4642A3D3E90023D4F701FC42A335
:10BE0000D3E90023D4F746FA22462B46D4F7F8FBB1
:10BE10003FA3D3E90023D4F73BFA22462B46D4F7BD
:10BE2000EFFB3DA3D3E90023D4F734FA22462B4697
:10BE3000D4F7E6FB3AA3D3E90023D4F729FA224644
:10BE40002B46D4F7DDFB38A3D3E90023D4F722FA3D
:10BE50002B462246D4F7D4FB3B4B9845CDE9000155
:10BE600091D93A4B98453DD8A8F5001300220020FF
:10BE7000344990469946D4F70BFACDE902010022E5
:10BE80002F4B20462946D4F7BBFB42464B46D4F7FE
:10BE9000FFF9804689462046294644464D46DDE95D
:10BEA0000023D4F7ADFB8046894652465B463046B8
:10BEB0003946D4F7A5FB02460B4640464946D4F71F
:10BEC000E7F902460B4620462946D4F7E1F9024637
:10BED0000B46DDE90201D4F7DBF941EC100B05B0AC
:10BEE000BDE8F08F9FED127B4FF00008DFF8609007
:10BEF0008DED027BC3E79FED100B05B0BDE8F08F21
:10BF0000D43888BEE9FAA8BDC4B1B4BD9EEE213EC6
:10BF1000AD529C804F7E923E9015CB19A001FA3E07
:10BF20007751C1166CC1563F4C5555555555A53FD7
:10BF3000000000000000E73F000000000000F03FAC
:10BF40000000E03F0000F03F3233D33F0000E93F04
:10BF50000000D23F000000002DE9F04F55EC104BDF
:10BF600025F0004385B08246B3F1795F8DED001B6B
:10BF700006D220462946D4F7DDFD002800F08C804B
:10BF800022462B4620462946D4F73AFB06460F4662
:10BF90002046324629463B46D4F732FB45A3D3E937
:10BFA0000023CDE9020130463946D4F729FB43A3EB
:10BFB000D3E90023D4F76CF932463B46D4F720FB93
:10BFC00040A3D3E90023D4F765F932463B46D4F7C2
:10BFD00017FB3EA3D3E90023D4F75AF932463B4678
:10BFE000D4F70EFB3BA3D3E90023D4F753F98046E3
:10BFF0008946BAF1000F37D000222D4BDDE9000150
:10C00000D4F7FEFA42464B4680468946DDE902AB4C
:10C0100050465946D4F7F4FA02460B464046494684
:10C02000D4F736F932463B46D4F7EAFADDE9002385
:10C03000D4F72EF906460F46504659461AA3D3E9BF
:10C040000023D4F7DDFA02460B4630463946D4F7D2
:10C0500021F902460B4620462946D4F719F941EC4E
:10C06000100B05B0BDE8F08F02460B46304639464E
:10C07000D4F7C6FA0CA3D3E90023D4F709F9DDE914
:10C080000223D4F7BDFA22462B46D4F703F941EC3C
:10C09000100B05B0BDE8F08F45EC104B05B0BDE8C6
:10C0A000F08F00BFAFF30080495555555555C53F3A
:10C0B0000000E03F7CD5CF5A3AD9E53DEB9C2B8A76
:10C0C000E6E55A3E7DFEB157E31DC73ED561C11975
:10C0D000A0012A3FA6F810111111813F51EC100B5D
:10C0E000024621F0004343EC102B70470000000093
:10C0F00070B555EC104BC5F30A522B46064672BB81
:10C1000025F00043234329D03B4B204629460022FB
:10C11000D4F776FA394B04460D469E4252DBC1F302
:10C120000A520B46363A4CF250318E4223DC16440A
:10C1300040F2FE7296421EDC002E34DC16F1350F02
:10C1400038DB6FF31E5336360022204643EA06558D
:10C150002B4B2946D4F754FA41EC100B70BD40F23A
:10C16000FF718A42DFD1224620462946D4F792F851
:10C1700041EC100B70BD002D17A1D1E9000107DBC8
:10C1800015A3D3E90023D4F73BFA41EC100B70BDA3
:10C1900013A1D1E9000110A3D3E90023D4F730FAA9
:10C1A00041EC100BF3E76FF31E5343EA065545ECE1
:10C1B000104B70BD002D0CA1D1E9000102DA0CA1D9
:10C1C000D1E9000108A3D3E90023D4F719FA41EC1F
:10C1D000100B70BDAFF300809C7500883CE4377E87
:10C1E0009C7500883CE437FE59F3F8C21F6EA50128
:10C1F00059F3F8C21F6EA58100005043B03CFFFF09
:10C200000000903C0000000051EC100BC1F30A53F9
:10C210002DE9F041A3F2FF350C460646132D22DC32
:10C22000002D41DB384B0F4643FA05F801EA0803BD
:10C2300003431DD032A3D3E90023D4F72BF8002207
:10C240000023D4F76DFC40B1002C03DA4FF48013C7
:10C250002B411F4427EA080400262346324643ECBC
:10C26000102BBDE8F081332D06DDB5F5806F2BD0A6
:10C2700041EC100BBDE8F081A3F213434FF0FF3700
:10C28000DF403842F4D01EA3D3E90023D4F702F8EC
:10C2900000220023D4F744FC0028DED0002C3346D3
:10C2A00020DB23EA0706D8E715A3D3E90023D3F759
:10C2B000F1FF00220023D4F733FC0028CDD0002C5E
:10C2C00009DB00263446C8E702460B46D3F7E2FFF7
:10C2D00041EC100BCEE724F0004426430DD14FF083
:10C2E0000044BAE7142D06D0C5F134050122AA4056
:10C2F00013449E42D5D90134D3E70026034CACE762
:10C300009C7500883CE4377EFFFF0F000000F0BF03
:10C31000F8B500BFF8BC08BC9E467047F8B500BF32
:08C32000F8BC08BC9E46704702
:10C328004850303900000000485031320000000009
:10C3380048503234000000004850323500000000F8
:10C348004D442020200000005B323059592D4D4DBE
:10C358002D44445468683A6D6D3A73735A2875755C
:10C3680075295D00594D44686D7300003C45563E83
:10C37800000000003C42413E00000000413D582EB4
:10C3880058562C20423D592E595600005859000045
:10C398003C494D3E00000000582C5858582C58581D
:10C3A800586F686D000000003C50413E00000000DE
:10C3B800287850494429000056616C3D787878788F
:10C3C80078780000303132333435363738394142E5
:10C3D80043444546000000003030000048503035E6
:10C3E8000000000053543131000000005354323132
:10C3F800000000005354333100000000535434311E
:10C408000000000053543531000000005354363109
:10C4180000000000535431320000000053543232FF
:10C4280000000000535433320000000053543432EB
:10C4380000000000535435320000000053543632D7
:10C448000000000048503138000000005546202008
:10C4580020000000485032360000000053503031B0
:10C46800000000004850323700000000454F5320BC
:10C47800200000004850323200000000485032339B
:10C48800000000004D442020200000000A000301A5
:10C498005450303100000000504F20202000000090
:10C4A8004850323600000000485032370000000083
:10C4B8004552202020000000454F53202000000056
:10C4C800485030350000000048503033000000006C
:10C4D800485031330000000048503131000000005E
:10C4E800424320202000000042503031000000006C
:10C4F8004250303200000000485031340000000043
:10C508004250303300000000485031350000000030
:10C51800425030310000000042503032000000002C
:10C52800534420202000000048503136000000000D
:10C53800485000005350000053540000424420204B
:10C5480020000000535030390000000053503130B3
:10C5580000000000535031330000000053503134C4
:10C5680000000000534320202000000048492020FC
:10C57800200000004E4920202000000053432020C6
:10C588002000000053503032000000005350303378
:10C598000000000053503034000000005350303584
:10C5A8000000000053503036000000005350303770
:10C5B800000000005350303800000000535030395C
:10C5C8000000000053503130000000005350313358
:10C5D8000000000053503135000000005350313640
:10C5E800000000005350313700000000535031382C
:10C5F8000000000053503139000000004C53412026
:10C608002000000053532020200000005345202024
:10C6180020000000485033300000000048503033FC
:10C62800000000004250303100000000425030321B
:10C638000000000048503134000000004250303300
:10C64800000000004850323600000000534520200A
:10C65800200000004850333000000000574B2020D5
:10C66800200000004850323900000000677D512E3C
:10C678009044344923992B03CDFB595CFA4E531F40
:10C68800983AD720B8C29F06B06C2036EAA4E7AF24
:10C6980008EBA2DA587D4487F84901FCE350D2C67A
:10C6A8007DC9F76E05F3BC6F8CBBA6750D0A00003B
:10C6B80014000000C0ED010019000000A086010070
:10C6C8001E000000E63601002800000078C80000BF
:10C6D80032000000FE83000000000000000000009F
:10C6E8000102030406070809000000000102030410
:10C6F800006CDC0200366E010024F400001BB70059
:10C7080000093D0080841E00504B140040420F0079
:10C7180000E02E000070170000A00F0000B80B000A
:10C72800801A0600400D030088070200A086010059
:10C738000000024201000000000002420300000065
:10C74800000002420600000000040242010000004E
:10C75800000402420A000000000802420200000031
:10C76800000C02420D000000000C02420200000012
:10C77800000802420A000000000402420000000013
:10C78800000802420C0000000004024203000000FE
:10C7980000040242040000000010024200000000F1
:10C7A80000100242020000000010024203000000D4
:10C7B800010002000400060008000A000C00100036
:10C7C8002000400080000001010101030701000072
:10C7D8000804020408010101FFFFFFFF0000000137
:10C7E800000000000000000000000000FFFFFFFF45
:10C7F800FFFFFFFFFFFFFFFF200000000000000019
:10C808000000000000000000000000000000000020
:10C81800000000000000000000000003010000000C
:10C828006B17D1F2E12C4247F8BCE6E563A440F26D
:10C8380077037D812DEB33A0F4A13945D898C296B2
:10C848004FE342E2FE1A7F9B8EE7EB4A7C0F9E166F
:10C858002BCE33576B315ECECBB6406837BF51F520
:10C86800FFFFFFFF00000000FFFFFFFFFFFFFFFFCC
:10C87800BCE6FAADA7179E84F3B9CAC2FC6325517A
:10C888002000000000000000FB21F93FFB210940C7
:10C898007CD91240FB2119407A6A1F407CD922407A
:10C8A800BBFD2540FB2129403A462C407A6A2F409F
:10C8B8005C4731407CD932409C6B3440BBFD3540ED
:10C8C800DB8F3740FB2139401BB43A403A463C40A5
:10C8D8005AD83D407A6A3F404C7E40405C474140D0
:10C8E8006C1042407CD942408CA243409C6B44402F
:10C8F800AC344540BBFD4540CBC64640DB8F474086
:10C90800EB584840FB21494083F9A200444E6E0091
:10C91800FC291500D1572700DD34F50062DBC00083
:10C928003C999500419043006351FE00BBDEAB008B
:10C93800B761C5003A6E2400D24D42004906E000B6
:10C9480009EA2E001C92D100EB1DFE0029B11C0043
:10C95800E83EA700F535820044BB2E009CE9840020
:10C96800B4267000417E5F00D691390053833900A8
:10C978009CF439008B5F840028F9BD00F81F3B0048
:10C98800DEFF97000F980500112FEF000A5A8B0061
:10C998006D1F6D00CF7E360009CB2700464FB700CC
:10C9A8009E663F002DEA5F00BA277500E5EBC700D9
:10C9B8003D7BF100F739070092528A00FB6BEA00D1
:10C9C8001FB15F00085D8D00300356007BFC4600F8
:10C9D800F0AB6B0020BCCF0036F49A00E3A91D0031
:10C9E8005E619100081BE60085996500A0145F0050
:10C9F8008D40680080D8FF0027734D00060631007F
:10CA0800CA561500C9A873007BE260006B8CC00091
:10CA180000000040FB21F93F000000002D44743E57
:10CA2800000000809846F83C0000006051CC783B3C
:10CA380000000080831BF0390000004020257A3870
:10CA4800000000802282E336000000001DF36935F3
:10CA580002000000030000000400000006000000BF
:08CA68001038FD7F0100000001
:04CA70005D0200085B
:04CA7400390200087B
:10CA7800060000000C000000120000001800000072
:10CA880000010000060100000C0100001201000076
:10CA98001801000000020000060200000C0200005D
:10CAA8001202000018020000000300000603000044
:10CAB800688E0020F48E0020FFFFFFFF01000000B9
:10CAC80000000000000000000000000004C8020888
:10CAD800E0C7020828C8020848C802080000000089
:10CAE800000000000000000000000000000000003E
:10CAF80068C80208FF000000FFFFFFFF5B323059E3
:10CB0800592D4D4D2D44445468683A6D6D3A7373F0
:10CB18005A28757575295D002C490020020000000F
:10CB28003030303030300000B00000200600000007
:10CB380001000000C000002001000000F0F000002B
:10CB4800CC0000200200000059594C4C30303031E4
:10CB5800D8000020080000004F4E2D3031000000A2
:10CB6800E800002005000000304900200400000013
:10CB7800344900200A0000003236303931380000CC
:10CB88000801002006000000312E302E3030000051
:10CB98001801002006000000595959592D4D4D2DF6
:10CBA80044440000280100200A000000595959593E
:10CBB8002D4D4D2D444400003C0100200A0000008A
:10CBC800F69D818D758012243860FD3A2DB1F719D4
:10CBD800A32C02ADC94087660999A741316109C2F2
:10CBE800386539B86634F40A7D1662FA4D739BB815
:10CBF80097BB48DB8DC09BA2A9D3A71252F6BE52A1
:10CC08005001002040000000D10649A65B8E12208A
:10CC1800367FCD4BA0DBFA905F112769AFD82FEF95
:10CC2800DAE7314831F2871A7D4D92B200A01185BA
:10CC38006F96CBA4BD39343EC24371E844EA686AB2
:10CC48002206890B18F3F4819801002040000000A7
:10CC580000000000000024400000000000C08240E6
:10CC68000000000000C05D400000000000002440FB
:10CC780000000000000024400000000000C08240C6
:10CC88000000000000C072400000000000002440C6
:10CC980000000000000024400000000000C08240A6
:10CCA80000000000000024400000000000002440B4
:10CCB800000000000000F03F0000000000C08240BB
:10CCC8000000000000004E40000000000000F03F9F
:10CCD800000000000000F03F000000000000584085
:10CCE800000000000000F03F000000000000F03FDE
:10CCF800000000000000F03F000000000000584065
:10CD0800000000000000F03F000000000000F03FBD
:10CD1800000000000000F03F0000000000004E404E
:10CD28000000000000000040000000000000F03F8C
:10CD3800000000000000F03F0000000000004E402E
:10CD48000000000000001840000000000000F03F54
:10CD5800000000000000F03F0000000000004E400E
:10CD68000000000000002240000000000000F03F2A
:10CD7800000000000000F03F0000000000004E40EE
:10CD88000000000000002A40000000000000F03F02
:10CD980000000000000000400000000000001040FB
:10CDA8006666666666660A409A9999999999B93F3E
:10CDB80000000000000000400000000000001040DB
:10CDC8009A999999999909409A9999999999B93FEC
:10CDD800000000000000F03F0000000000001040CC
:10CDE800000000000000F03F000000000000F03FDD
:10CDF800000000000000F03F0000000000C082407A
:10CE0800000000000000F03F000000000000F03FBC
:10CE18000000000000004E400000000000004E40EE
:10CE28000000000000004E40000000000000F03F3D
:10CE3800000000000000F03F000000000000184063
:10CE48000000000000000840000000000000F03F63
:10CE58009A9999999999C93F0000000000001440D7
:10CE68009A9999999999C93F9A9999999999B93F8C
:10CE780000000000000059400000000000408F4002
:10CE88000000000000407F40000000000000494012
:10CE9800000000000000F03F0000000000409F403C
:10CEA8000000000000001440000000000000F03FF7
:10CEB8000000000000000000000000000000244006
:10CEC8000000000000000040000000000000F03FEB
:10CED80000000000000000000000000000002440E6
:10CEE8000000000000000040000000000000F03FCB
:10CEF80000000000000024400000000000C0724054
:10CF08000000000000002440000000000000244051
:10CF180000000000000000000000000000C0724097
:10CF2800000000000080564000000000000024407F
:10CF3800000000000000F03F000000000000144066
:10CF4800000000000000F03F000000000000F03F7B
:10CF5800000000000000F03F000000000000144046
:10CF68000000000000000040000000000000F03F4A
:10CF7800000000000000F03F000000000000144026
:10CF8800000000000000F03F000000000000F03F3B
:10CF9800000000000000F03F000000000000144006
:10CFA8000000000000000040000000000000F03F0A
:10CFB800000000000000E03F0000000000001440F6
:10CFC800000000000000E03F9A9999999999B93FAB
:10CFD80000000000000059400000000000C082402E
:10CFE8000000000000207C400000000000002440F9
:10CFF8009A9999999999B93F00000000000000405A
:10D00800000000000000F03F9A9999999999A93F6A
:10D018000000000000000040000000000000004088
:10D028000000000000000040000000000000F03F89
:10D03800000000000000E03F0000000000002E405B
:10D0480000000000000004409A9999999999B93F05
:10D05800000000000000F03F0000000000C0824017
:10D068000000000000002440000000000000F03F25
:10D0780000000000000000000000000000C0824026
:10D088000000000000002440000000000000F03F05
:10D09800000000000000000000000000007896403A
:10D0A8000000000000007E40000000000000F03F8B
:10D0B800000000000000F03F00000000007C9640E7
:10D0C8000000000000E07F40000000000000F03F8A
:10D0D80000000000000000000000000000789640FA
:10D0E8000000000000007E40000000000000F03F4B
:10D0F800000000000000F03F00000000007C9640A7
:10D108000000000000E07F40000000000000F03F49
:10D1180000000000000000000000000000789640B9
:10D128000000000000007E40000000000000F03F0A
:10D13800000000000000F03F00000000007C964066
:10D148000000000000E07F40000000000000F03F09
:10D158000000000000000000000000000078964079
:10D168000000000000007E40000000000000F03FCA
:10D17800000000000000F03F00000000007C964026
:10D188000000000000E07F40000000000000F03FC9
:10D198000000000000000000000000000078964039
:10D1A8000000000000007E40000000000000F03F8A
:10D1B800000000000000F03F00000000007C9640E6
:10D1C8000000000000E07F40000000000000F03F89
:10D1D80000000000000000000000000000789640F9
:10D1E8000000000000007E40000000000000F03F4A
:10D1F800000000000000F03F00000000007C9640A6
:10D208000000000000E07F40000000000000F03F48
:10D218005450303100000000A80000200000000039
:10D228004250303100000000B8000020000000002B
:10D238004250303200000000C4000020000000000E
:10D248004250303300000000D000002000000000F1
:10D258004850303100000000E000002000000000CD
:10D268004850303200000000F000002000000000AC
:10D278004850303300000000F80000200000000093
:10D288004850303400000000000100200000000079
:10D298004850303500000000100100200000000058
:10D2A8004850303600000000340100200000000023
:10D2B80048503037000000004801002000000000FE
:10D2C8004850303800000000F8000020000000003E
:10D2D8004850303900000000900100200000000094
:10D2E80048503130000000002001002000000000FC
:10D2F8004850313100000000F80000200000000014
:10D308004850313200000000D80100200000000021
:10D3180048503133000000002001002000000000C8
:10D32800485031340000000000000000E0010020F7
:10D3380048503135000000000000000000020020C5
:10D348004850313600000000000000002002002094
:10D358004850313700000000000000004002002063
:10D368004850313800000000000000006002002032
:10D378004850313900000000000000008002002001
:10D38800485032320000000000000000A0020020D7
:10D39800485032330000000000000000C0020020A6
:10D3A800485032340000000000000000E002002075
:10D3B8004850323500000000000000000003002043
:10D3C8004850323600000000000000002003002012
:10D3D80048503237000000000000000040030020E1
:10D3E80048503238000000000000000060030020B0
:10D3F800485032390000000000000000800300207F
:10D40800485033300000000000000000A003002056
:10D41800535030310000000000000000C00300201D
:10D42800535030320000000000000000E0030020EC
:10D4380053503033000000000000000000040020BA
:10D448005350303400000000000000002004002089
:10D458005350303500000000000000004004002058
:10D468005350303600000000000000006004002027
:10D4780053503037000000000000000080040020F6
:10D48800535030380000000000000000A0040020C5
:10D49800535030390000000000000000C004002094
:10D4A800535031300000000000000000E00400206C
:10D4B800535031310000000000000000000500203A
:10D4C8005350313200000000000000002005002009
:10D4D80053503133000000000000000040050020D8
:10D4E80053503134000000000000000060050020A7
:10D4F8005350313500000000000000008005002076
:10D50800535031360000000000000000A005002044
:10D51800535031370000000000000000C005002013
:10D52800535031380000000000000000E0050020E2
:10D5380053503139000000000000000000060020B0
:10D548005354313100000000000000002006002084
:10D558005354313200000000000000004006002053
:10D568005354323100000000000000006006002023
:10D5780053543232000000000000000080060020F2
:10D58800535433310000000000000000A0060020C2
:10D59800535433320000000000000000C006002091
:10D5A800535434310000000000000000E006002061
:10D5B800535434320000000000000000000700202F
:10D5C80053543531000000000000000020070020FF
:10D5D80053543532000000000000000040070020CE
:10D5E800535436310000000000000000600700209E
:10D5F800535436320000000000000000800700206D
:10D60800FFFFFFFFFFFFFFFFECC30208F4C30208A0
:10D61800FCC3020804C402080CC4020814C40208AB
:10D628001CC4020824C402082CC4020834C402081A
:10D638003CC4020844C402086400C800E80364004B
:10D64800C800E8030A00C80030000000000000001D
:10D6580000000000000000000000000000000000C2
:10D6680000000000000000000000000000000000B2
:10D6780000000000000000000000000000000000A2
:10D688000000000000000000000000000000000092
:10D698000000000000000000000000000000000082
:10D6A8000000000000000000000000000000000072
:10D6B8000000000000000000000000000000000062
:10D6C8000000000000000000000000000000000052
:10D6D8000000000000000000000000000000000042
:10D6E8000000000000000000000000000000000032
:10D6F8000000000000000000000000000000000022
:10D708000000000000000000000000000000000011
:10D718000000000000000000000000000000000001
:10D7280000000000000000000000000000000000F1
:10D7380000000000000000000000000000000000E1
:10D7480000000000000000000000000000000000D1
:10D7580000000000000000000000000000000000C1
:10D7680000000000000000000000000000000000B1
:10D7780000000000000000000000000000000000A1
:10D788000000000000000000000000000000000091
:10D798000000000000000000000000000000000081
:10D7A8000000000000000000000000000000000071
:10D7B8000000000000000000000000000000000061
:10D7C8000000000000000000000000000000000051
:10D7D8000000000000000000000000000000000041
:10D7E8000000000000000000000000000000000031
:10D7F8000000000000000000000000000000000021
:10D808000000000000000000000000000000000010
:10D818000000000000000000000000000000000000
:10D8280000000000000000000000000000000000F0
:10D8380000000000000000000000000000000000E0
:10D8480000000000000000000000000000000000D0
:10D8580000000000000000000000000000000000C0
:10D8680000000000000000000000000000000000B0
:10D8780000000000000000000000000000000000A0
:10D888000000000000000000000000000000000090
:10D898000000000000000000000000000000000080
:10D8A8000000000000000000000000000000000070
:10D8B8000000000000000000000000000000000060
:10D8C8000000000000000000000000000000000050
:10D8D8000000000000000000000000000000000040
:10D8E8000000000000000000000000000000000030
:10D8F8000000000000000000000000000000000020
:10D90800000000000000000000000000000000000F
:10D9180000000000000000000000000000000000FF
:10D9280000000000000000000000000000000000EF
:10D9380000000000000000000000000000000000DF
:10D9480000000000000000000000000000000000CF
:10D9580000000000000000000000000000000000BF
:10D9680000000000000000000000000000000000AF
:10D97800000000000000000000000000000000009F
:10D98800000000000000000000000000000000008F
:10D99800000000000000000000000000000000007F
:10D9A800000000000000000000000000000000006F
:10D9B800000000000000000000000000000000005F
:10D9C800000000000000000000000000000000004F
:10D9D800000000000000000000000000000000003F
:10D9E800000000000000000000000000000000002F
:10D9F800000000000000000000000000000000001F
:10DA0800000000000000000000000000000000000E
:10DA180000000000000000000000000000000000FE
:10DA280000000000000000000000000000000000EE
:10DA380000000000000000000000000000000000DE
:10DA480000000000000000000000000000000000CE
:10DA580000000000000000000000000000000000BE
:10DA680000000000000000000000000000000000AE
:10DA7800000000000000000000000000000000009E
:10DA8800000000000000000000000000000000008E
:10DA9800000000000000000000000000000000007E
:10DAA800000000000000000000000000000000006E
:10DAB800000000000000000000000000000000005E
:10DAC800000000000000000000000000000000004E
:10DAD800000000000000000000000000000000003E
:10DAE800000000000000000000000000000000002E
:10DAF800000000000000000000000000000000001E
:10DB0800000000000000000000000000000000000D
:10DB180000000000000000000000000000000000FD
:10DB280000000000000000000000000000000000ED
:10DB380000000000000000000000000000000000DD
:10DB480000000000000000000000000000000000CD
:10DB580000000000000000000000000000000000BD
:10DB680000000000000000000000000000000000AD
:10DB7800000000000000000000000000000000009D
:10DB8800000000000000000000000000000000008D
:10DB9800000000000000000000000000000000007D
:10DBA800000000000000000000000000000000006D
:10DBB800000000000000000000000000000000005D
:10DBC800000000000000000000000000000000004D
:10DBD800000000000000000000000000000000003D
:10DBE800000000000000000000000000000000002D
:10DBF800000000000000000000000000000000001D
:10DC0800000000000000000000000000000000000C
:10DC180000000000000000000000000000000000FC
:10DC280000000000000000000000000000000000EC
:10DC380000000000000000000000000000000000DC
:10DC480000000000000000000000000000000000CC
:10DC580000000000000000000000000000000000BC
:10DC680000000000000000000000000000000000AC
:10DC7800000000000000000000000000000000009C
:10DC8800000000000000000000000000000000008C
:10DC9800000000000000000000000000000000007C
:10DCA800000000000000000000000000000000006C
:10DCB800000000000000000000000000000000005C
:10DCC800000000000000000000000000000000004C
:10DCD800000000000000000000000000000000003C
:10DCE800000000000000000000000000000000002C
:10DCF800000000000000000000000000000000001C
:10DD0800000000000000000000000000000000000B
:10DD180000000000000000000000000000000000FB
:10DD280000000000000000000000000000000000EB
:10DD380000000000000000000000000000000000DB
:10DD480000000000000000000000000000000000CB
:10DD580000000000000000000000000000000000BB
:10DD68003200000000000000000000000000000079
:10DD7800000000000000000000000000000000009B
:10DD8800000000000000000000000000000000008B
:10DD9800000000000000000000000000000000007B
:10DDA800000000000000000000000000000000006B
:10DDB800000000000000000000000000000000005B
:10DDC800000000000000000000000000000000004B
:10DDD800000000000000000000000000000000003B
:10DDE800000000000000000000000000000000002B
:10DDF800000000000000000000000000000000001B
:10DE0800000000000000000000000000000000000A
:10DE180000000000000000000000000000000000FA
:10DE280000000000000000000000000000000000EA
:10DE380000000000000000000000000000000000DA
:10DE480000000000000000000000000000000000CA
:10DE580000000000000000000000000000000000BA
:10DE680000000000000000000000000000000000AA
:10DE7800000000000000000000000000000000009A
:10DE8800000000000000000000000000000000008A
:10DE9800000000000000000000000000000000007A
:10DEA800000000000000000000000000000000006A
:10DEB800000000000000000000000000000000005A
:10DEC800000000000000000000000000000000004A
:10DED800000000000000000000000000000000003A
:10DEE800000000000000000000000000000000002A
:10DEF800000000000000000000000000000000001A
:10DF08000000000000000000000000000000000009
:10DF180000000000000000000000000000000000F9
:10DF280000000000000000000000000000000000E9
:10DF380000000000000000000000000000000000D9
:10DF480000000000000000000000000000000000C9
:10DF580000000000000000000000000000000000B9
:10DF680000000000000000000000000000000000A9
:10DF78000000000000000000000000000000000099
:10DF88000000000000000000000000000000000089
:10DF98000000000000000000000000000000000079
:10DFA8000000000000000000000000000000000069
:10DFB8000000000000000000000000000000000059
:10DFC8000000000000000000000000000000000049
:10DFD8000000000000000000000000000000000039
:10DFE8000000000000000000000000000000000029
:10DFF8000000000000000000000000000000000019
:10E008000000000000000000000000000000000008
:10E0180000000000000000000000000000000000F8
:10E0280000000000000000000000000000000000E8
:10E0380000000000000000000000000000000000D8
:10E0480000000000000000000000000000000000C8
:10E0580000000000000000000000000000000000B8
:10E0680000000000000000000000000000000000A8
:10E078000000000000000000000000000000000098
:10E088000000000000000000000000000000000088
:10E098000000000000000000000000000000000078
:10E0A8000000000000000000000000000000000068
:10E0B8000000000000000000000000000000000058
:10E0C8000000000000000000000000000000000048
:10E0D8000000000000000000000000000000000038
:10E0E8000000000000000000000000000000000028
:10E0F8000000000000000000000000000000000018
:10E108000000000000000000000000000000000007
:10E1180000000000000000000000000000000000F7
:10E1280000000000000000000000000000000000E7
:10E1380000000000000000000000000000000000D7
:10E1480000000000000000000000000000000000C7
:10E1580000000000000000000000000000000000B7
:10E1680000000000000000000000000000000000A7
:10E178000000000000000000000000000000000097
:10E188000000000000000000000000000000000087
:10E198000000000000000000000000000000000077
:10E1A8000000000000000000000000000000000067
:10E1B8000000000000000000000000000000000057
:10E1C8000000000000000000000000000000000047
:10E1D8000000000000000000000000000000000037
:10E1E8000000000000000000000000000000000027
:10E1F8000000000000000000000000000000000017
:10E208000000000000000000000000000000000006
:10E2180000000000000000000000000000000000F6
:10E2280000000000000000000000000000000000E6
:10E2380000000000000000000000000000000000D6
:10E2480000000000000000000000000000000000C6
:10E2580000000000000000000000000000000000B6
:10E2680000000000000000000000000000000000A6
:10E278000000000000000000000000000000000096
:10E288000000000000000000000000000000000086
:10E298000000000000000000000000000000000076
:10E2A8000000000000000000000000000000000066
:10E2B8000000000000000000000000000000000056
:10E2C8000000000000000000000000000000000046
:10E2D8000000000000000000000000000000000036
:10E2E8000000000000000000000000000000000026
:10E2F8000000000000000000000000000000000016
:10E308000000000000000000000000000000000005
:10E3180000000000000000000000000000000000F5
:10E3280000000000000000000000000000000000E5
:10E3380000000000000000000000000000000000D5
:10E3480000000000000000000000000000000000C5
:10E3580000000000000000000000000000000000B5
:10E3680000000000000000000000000000000000A5
:10E378000000000000000000000000000000000095
:10E388000000000000000000000000000000000085
:10E398000000000000000000000000000000000075
:10E3A8000000000000000000000000000000000065
:10E3B8000000000000000000000000000000000055
:10E3C8000000000000000000000000000000000045
:10E3D8000000000000000000000000000000000035
:10E3E8000000000000000000000000000000000025
:10E3F8000000000000000000000000000000000015
:10E408000000000000000000000000000000000004
:10E4180000000000000000000000000000000000F4
:10E4280000000000000000000000000000000000E4
:10E4380000000000000000000000000000000000D4
:10E4480000000000000000000000000000000000C4
:10E4580000000000000000000000000000000000B4
:10E4680000000000000000000000000000000000A4
:10E478000000000000000000303030303030000173
:10E4880000000000000000FFFF0000000000000086
:10E498000000000000000000000000000000000074
:10E4A80015000000FFFFFFFFFFFFFFFFFFFFFFFF5B
:10E4B800F401000010270000C80000000000000060
:10E4C80000093D00100000000100000000000000ED
:10E4D8000000000000000000000000000100000033
:10E4E80000000000000000004000000000000408D8
:10E4F800841A002000000000F49500205C9600209B
:10E50800C496002000000000000000000000000089
:10E5180000000000000000000000000000000000F3
:10E5280000000000000000000000000000000000E3
:10E5380000000000000000000000000000000000D3
:0400000508011E5D73
:00000001FF
