:020000040800F2
:1000000000000C20151D0108451201084D120108C1
:10001000551201085D12010865120108651D0108ED
:100020000000000000000000000000006D12010848
:100030007B120108000000008912010897120108D4
:10004000651D0108651D0108A5120108651D01084F
:10005000651D0108651D0108651D0108651D010874
:10006000651D0108651D0108651D0108651D010864
:10007000651D0108651D0108B9120108651D01080B
:10008000651D0108651D0108C7120108651D0108ED
:10009000651D0108651D0108651D0108651D010834
:1000A000651D0108651D0108651D0108D5120108BF
:1000B000651D0108E9120108FD120108651D01080E
:1000C000651D0108651D0108651D0108651D010804
:1000D000651D010811130108651D0108651D010852
:1000E000651D0108651D0108651D0108651D0108E4
:1000F000651D0108651D0108251301083913010854
:100100004D13010861130108651D0108651D0108F3
:10011000651D0108651D0108651D0108651D0108B3
:10012000651D010875130108891301089D13010855
:10013000651D0108B1130108651D0108651D010851
:10014000651D0108651D0108651D0108C51301082D
:10015000D9130108ED130108651D0108651D01088B
:10016000651D0108651D0108651D0108651D010863
:10017000651D0108651D0108651D0108651D010853
:10018000651D0108651D0108651D0108651D010843
:10019000651D0108651D0108651D0108651D010833
:1001A0000114010815140108651D0108651D0108E9
:1001B000651D0108651D010829140108651D010858
:1001C0003D1401085114010865140108651D01085A
:1001D000651D0108651D0108651D0108651D0108F3
:1001E000651D0108651D0108651D010879140108D8
:1001F000651D0108651D010885140108651D0108BC
:10020000651D010899140108651D0108651D010897
:10021000651D0108651D0108651D0108651D0108B2
:10022000651D0108651D0108651D0108651D0108A2
:08023000651D0108651D0108B0
:1002380010B5054C237833B9044B13B10448AFF318
:1002480000800123237010BDD01A00200000000098
:10025800C8C1020808B5034B1BB103490348AFF3F3
:10026800008008BD00000000D41A0020C8C10208A0
:10027800034613F8012B002AFBD1181A01387047DE
:1002880081F0004102E000BF83F0004330B54FEA3F
:1002980041044FEA430594EA050F08BF90EA020FAC
:1002A8001FBF54EA000C55EA020C7FEA645C7FEA3F
:1002B800655C00F0E2804FEA5454D4EB5555B8BF62
:1002C8006D420CDD2C4480EA020281EA030382EAD3
:1002D800000083EA010180EA020281EA0303362D65
:1002E80088BF30BD11F0004F4FEA01314FF4801C38
:1002F8004CEA113102D0404261EB410113F0004F4A
:100308004FEA03334CEA133302D0524263EB430300
:1003180094EA050F00F0A780A4F10104D5F1200E9E
:100328000DDB02FA0EFC22FA05F2801841F10001F9
:1003380003FA0EF2801843FA05F359410EE0A5F1CD
:1003480020050EF1200E012A03FA0EFC28BF4CF0FE
:10035800020C43FA05F3C01851EBE37101F00045B4
:1003680007D54FF0000EDCF1000C7EEB00006EEBC1
:100378000101B1F5801F1BD3B1F5001F0CD349084B
:100388005FEA30004FEA3C0C04F101044FEA4452A2
:1003980012F5800F80F09A80BCF1004F08BF5FEA29
:1003A800500C50F1000041EB045141EA050130BD09
:1003B8005FEA4C0C404141EB0101013C28BFB1F51B
:1003C800801FE9D291F0000F04BF01460020B1FA66
:1003D80081F308BF2033A3F10B03B3F120020CDA39
:1003E8000C3208DD02F1140CC2F10C0201FA0CF017
:1003F80021FA02F10CE002F11402D8BFC2F1200C7C
:1004080001FA02F120FA0CFCDCBF41EA0C01904031
:10041800E41AA2BF01EB0451294330BD6FEA04047A
:100428001F3C1CDA0C340EDC04F11404C4F1200265
:1004380020FA04F001FA02F340EA030021FA04F377
:1004480045EA030130BDC4F10C04C4F1200220FACE
:1004580002F001FA04F340EA0300294630BD21FA0C
:1004680004F0294630BD94F0000F83F4801306BFD2
:1004780081F480110134013D4EE77FEA645C18BFC6
:100488007FEA655C29D094EA050F08BF90EA020F5D
:1004980005D054EA000C04BF1946104630BD91EA55
:1004A800030F1EBF0021002030BD5FEA545C05D158
:1004B8004000494128BF41F0004130BD14F5800497
:1004C8003CBF01F5801130BD01F0004545F0FE410B
:1004D80041F470014FF0000030BD7FEA645C1ABF40
:1004E800194610467FEA655C1CBF0B46024650EA77
:1004F800013406BF52EA033591EA030F41F40021A3
:1005080030BD00BF90F0000F04BF0021704730B528
:100518004FF4806404F132044FF000054FF00001FD
:1005280050E700BF90F0000F04BF0021704730B5BE
:100538004FF4806404F1320410F0004548BF404293
:100548004FF000013EE700BF42004FEAE2014FEAE8
:1005580031014FEA02701FBF12F07F4393F07F4FC3
:1005680081F06051704732F07F4208BF704793F0C6
:100578007F4F04BF41F40021704730B54FF46074D9
:1005880001F0004521F000411CE700BF50EA0102DC
:1005980008BF704730B54FF000050AE050EA010285
:1005A80008BF704730B511F0004502D5404261EBF5
:1005B80041014FF4806404F132045FEA915C3FF436
:1005C800D8AE4FF003025FEADC0C18BF03325FEAD3
:1005D800DC0C18BF033202EBDC02C2F1200300FA84
:1005E80003FC20FA02F001FA03FE40EA0E0021FAA9
:1005F80002F11444BDE600BF70B54FF0FF0C4CF497
:10060800E06C1CEA11541DBF1CEA135594EA0C0F48
:1006180095EA0C0F00F0DEF82C4481EA030621EA83
:100628004C5123EA4C5350EA013518BF52EA0335BE
:1006380041F4801143F4801338D0A0FB02CE4FF070
:100648000005E1FB02E506F00042E0FB03E54FF0A0
:100658000006E1FB03569CF0000F18BF4EF0010E98
:10066800A4F1FF04B6F5007F64F5407404D25FEA94
:100678004E0E6D4146EB060642EAC62141EA555147
:100688004FEAC52040EA5E504FEACE2EB4F1FD0C89
:1006980088BFBCF5E06F1ED8BEF1004F08BF5FEA07
:1006A800500E50F1000041EB045170BD06F00046B9
:1006B80046EA010140EA020081EA0301B4EB5C0466
:1006C800C2BFD4EB0C0541EA045170BD41F480115E
:1006D8004FF0000E013C00F3AB8014F1360FDEBF83
:1006E800002001F0004170BDC4F10004203C35DA5F
:1006F8000C341BDC04F11404C4F1200500FA05F3E2
:1007080020FA04F001FA05F240EA020001F0004282
:1007180021F0004110EBD37021FA04F642EB0601F8
:100728005EEA430E08BF20EAD37070BDC4F10C0422
:10073800C4F1200500FA04F320FA05F001FA04F2E6
:1007480040EA020001F0004110EBD37041F10001D2
:100758005EEA430E08BF20EAD37070BDC4F12005DD
:1007680000FA05F24EEA020E20FA04F301FA05F245
:1007780043EA020321FA04F001F0004121FA04F2ED
:1007880020EA020000EBD3705EEA430E08BF20EABD
:10079800D37070BD94F0000F0FD101F000464000F7
:1007A80041EB010111F4801F08BF013CF7D041EA79
:1007B800060195F0000F18BF704703F0004652007D
:1007C80043EB030313F4801F08BF013DF7D043EA4E
:1007D8000603704794EA0C0F0CEA135518BF95EA04
:1007E8000C0F0CD050EA410618BF52EA4306D1D18B
:1007F80081EA030101F000414FF0000070BD50EAAA
:10080800410606BF1046194652EA430619D094EA33
:100818000C0F02D150EA013613D195EA0C0F05D11D
:1008280052EA03361CBF104619460AD181EA030171
:1008380001F0004141F0FE4141F470014FF0000029
:1008480070BD41F0FE4141F4780170BD70B54FF0C4
:10085800FF0C4CF4E06C1CEA11541DBF1CEA135544
:1008680094EA0C0F95EA0C0F00F0A7F8A4EB050426
:1008780081EA030E52EA03354FEA013100F088801D
:100888004FEA03334FF0805545EA131343EA1263E6
:100898004FEA022245EA111545EA10654FEA00269B
:1008A8000EF000419D4208BF964244F1FD0404F554
:1008B800407402D25B084FEA3202B61A65EB0305B0
:1008C8005B084FEA32024FF480104FF4002CB6EB6D
:1008D800020E75EB030E22BFB61A754640EA0C00ED
:1008E8005B084FEA3202B6EB020E75EB030E22BF2D
:1008F800B61A754640EA5C005B084FEA3202B6EB6E
:10090800020E75EB030E22BFB61A754640EA9C002C
:100918005B084FEA3202B6EB020E75EB030E22BFFC
:10092800B61A754640EADC0055EA060E18D04FEABA
:10093800051545EA16754FEA06164FEAC30343EA5A
:1009480052734FEAC2025FEA1C1CC0D111F4801F27
:100958000BD141EA00014FF000004FF0004CB6E720
:1009680011F4801F04BF01430020B4F1FD0C88BFBF
:10097800BCF5E06F3FF6AFAEB5EB030C04BFB6EBCA
:10098800020C5FEA500C50F1000041EB045170BDBD
:100998000EF0004E4EEA113114EB5C04C2BFD4EBEA
:1009A8000C0541EA045170BD41F480114FF0000E6E
:1009B800013C90E645EA060E8DE60CEA135594EAEA
:1009C8000C0F08BF95EA0C0F3FF43BAF94EA0C0FED
:1009D8000AD150EA01347FF434AF95EA0C0F7FF462
:1009E80025AF104619462CE795EA0C0F06D152EAB6
:1009F80003353FF4FDAE1046194622E750EA41069A
:100A080018BF52EA43067FF4C5AE50EA41047FF4AA
:100A18000DAF52EA43057FF4EBAE12E74FF0FF3C0F
:100A280006E000BF4FF0010C02E000BF4FF0010CE0
:100A38004DF804CD4FEA410C7FEA6C5C4FEA430C59
:100A480018BF7FEA6C5C1BD001B050EA410C0CBFA8
:100A580052EA430C91EA030F02BF90EA020F00200A
:100A6800704710F1000F91EA030F58BF994208BF71
:100A780090422CBFD8176FEAE37040F0010070472E
:100A88004FEA410C7FEA6C5C02D150EA013C07D185
:100A98004FEA430C7FEA6C5CD6D152EA033CD3D0D0
:100AA8005DF8040B704700BF8446104662468C46CA
:100AB8001946634600E000BF01B5FFF7B7FF0028FD
:100AC80048BF10F1000F01BD4DF808EDFFF7F4FF26
:100AD8000CBF012000205DF808FB00BF4DF808EDB1
:100AE800FFF7EAFF34BF012000205DF808FB00BFD4
:100AF8004DF808EDFFF7E0FF94BF012000205DF8F6
:100B080008FB00BF4DF808EDFFF7CEFF94BF0120AA
:100B180000205DF808FB00BF4DF808EDFFF7C4FFA3
:100B280034BF012000205DF808FB00BF4FEA4102F6
:100B380012F5001215D211D56FF47873B3EB625227
:100B480012D94FEAC12343F0004343EA505311F04E
:100B5800004F23FA02F018BF404270474FF00000E0
:100B6800704750EA013005D111F0004008BF6FF01E
:100B7800004070474FF00000704700BF4A0011D294
:100B880012F5001211D20DD56FF47873B3EB6252DF
:100B98000ED44FEAC12343F0004343EA505323FAEB
:100BA80002F070474FF00000704750EA013002D160
:100BB8004FF0FF3070474FF0000070474FEA410296
:100BC800B2F1E04324BFB3F5001CDCF1FE5C0DD9A3
:100BD80001F0004C4FEAC0024CEA5070B2F1004FED
:100BE80040EB830008BF20F00100704711F0804FF0
:100BF80021D113F13872BCBF01F00040704741F4B5
:100C080080114FEA5252C2F11802C2F1200C10FAB8
:100C18000CF320FA02F018BF40F001004FEAC1239C
:100C28004FEAD32303FA0CFC40EA0C0023FA02F340
:100C38004FEA4303CCE77FEA625307D150EA013316
:100C48001EBF4FF0FE4040F44000704701F00040E6
:100C580040F0FE4040F40000704700BF53B94AB965
:100C6800002908BF00281CBF4FF0FF314FF0FF30AC
:100C780000F0B2B9ADF1080C6DE904CE00F006F849
:100C8800DDF804E0DDE9022304B070472DE9F04FF8
:100C98008C46099E04460F46002B48D18A421546C9
:100CA8005ED9B2FA82F33BB1C3F120029F409D4066
:100CB8009C4020FA02F217434FEA154E1FFA85FCB2
:100CC800220CB7FBFEF10EFB117701FB0CF042EA98
:100CD8000742904207D9AA1801F1FF3702D2904281
:100CE80000F258813946121AA4B2B2FBFEF00EFB8C
:100CF800102200FB0CFC44EA0244A4450BD92C1931
:100D080000F1FF322CBF01270027A44502D9002F8C
:100D180000F04381104640EA0140A4EB0C04002196
:100D28001EB1DC400023C6E90043BDE8F08F8B42CA
:100D380006D90EB1C6E9000100210846BDE8F08FCA
:100D4800B3FA83F1002951D16345C0F0168182427C
:100D580040F213810846002EE7D0C6E90047E4E7D1
:100D6800002A00F0AF80B2FA82F3002B40F0C28074
:100D78008A1A4FEA154EAFB20121200CB2FBFEFCD5
:100D88000EFB1C2240EA024207FB0CF090420ED9EF
:100D9800AA180CF1FF382CBF4FF001094FF00009D9
:100DA800904203D9B9F1000F00F0F080C446121A3E
:100DB800A4B2B2FBFEF00EFB102200FB07F744EAD8
:100DC8000244A7420ED92C1900F1FF322CBF4FF074
:100DD800010E4FF0000EA74203D9BEF1000F00F03C
:100DE800D2801046E41B40EA0C4099E7C1F1200587
:100DF8008B400CFA01F400FA01F922FA05F72CFAF3
:100E080005FC8A401F4320FA05F3380C23431FFAD8
:100E180087FE1C0CBCFBF0F800FB18CC44EA0C4421
:100E280008FB0EFCA4450ED93C1908F1FF3A2CBF6B
:100E38004FF0010B4FF0000BA44503D9BBF1000F95
:100E480000F0B880D046A4EB0C041FFA83FCB4FB76
:100E5800F0F300FB134403FB0EFE4CEA0444A645E2
:100E68000ED93C1903F1FF302CBF4FF0010C4FF0A5
:100E7800000CA64503D9BCF1000F00F09F80034683
:100E880043EA0840A4EB0E04A0FB02EC6445734659
:100E9800E04602D307D1F14505D2BEEB02036CEB65
:100EA800070C0138E0465EB1B9EB030264EB0804B5
:100EB80004FA05F522FA01F3CC401D43C6E90054B3
:100EC800002132E742082F464B08AC4642EAC1727D
:100ED800AE46C407110C92B241EA034142EA01420C
:100EE800B1FBF5F1B3FBF5F01F23A2EB0C0241EACD
:100EF800004142E79D40C3F1200299409C402CFAF2
:100F080002FC4FEA154E20FA02F2AFB2BCFBFEF823
:100F18000A430EFB18CC110C41EA0C4108FB07FCF4
:100F28008C4550D9691808F1FF302CBF4FF00109E2
:100F38004FF000098C4502D9B9F1000F30D0A1EB70
:100F48000C01B1FBFEF808FB07FC0EFB181192B26E
:100F580042EA0142624534D2AA1808F1FF312CBF97
:100F68004FF001094FF000096245BED2B9F1000FF8
:100F7800BBD1A8F102012A44B7E7841A6CEB03023B
:100F880001201746E7E62C4402382BE7ACF1020CA7
:100F98002A440CE702392A44A5E62C440238BAE66A
:100FA800A5EB0C0CA8F102006144B1FBFEF808FBAC
:100FB80007FCCAE7A8F102083C4444E7023B3C446A
:100FC8005EE7414691E7A1EB0C014046B1FBFEF814
:100FD80008FB07FCB9E700BF704700BF80B586B0C3
:100FE80000AF78600B467B801CF04CFB78617B6817
:100FF8001B689B6A01333B617A693B69B2FBF3F278
:101008007B88B2FBF3F3FB607B681B68FA68013AE4
:10101800DA62FB685A1E7B68DA6000BF1837BD4683
:1010280080BD80B582B000AF7860786812F016F99C
:10103800786811F047FE7B6800229A6200BF083783
:10104800BD4680BDB0B58CB000AFF860B9607A60BD
:1010580007F1100320220021184629F03EFD7B6885
:101068003B6104233B6200237B62BB68144A9342C2
:101078000BD10023BB614FF6FF73FB61104B9B6ADA
:10108800104A52F823307B6107E0BB680E4A93424E
:1010980003D101237B610023BB61BB689B6A5A1C97
:1010A800BB689A62FB681D4607F110040FCC0FC598
:1010B80094E80F0085E80F00F8683037BD46B0BDEA
:1010C800688E002000000020F48E002080B586B0D5
:1010D80000AFF860B9601346FB71F86811F028FB9F
:1010E8000023FB750AE0FB7D5B01BA6813441946CF
:1010F800F86812F099FBFB7D0133FB75FA7DFB79EB
:101108009A42F0D300BF00BF1837BD4680BD00002B
:1011180080B584B000AFF860B96011461A460B4636
:10112800FB801346BB802B4AFB681360294ABB68C7
:101138009360284AFB889381264ABB88D381254B34
:1011480001221A74234B00225A74224B1868214B2F
:101158009968204B9B891A46FB689B6A02FB03F33C
:101168001A4611F071FF1B4B1B681B4A934203D1AF
:10117800184B1A4A5A6007E0164B1B68184A9342E4
:1011880002D1144B174A5A60124B5B68114AD28934
:1011980011461846FFF722FF0E4B5B68184621F0F0
:1011A80099FC00BF0B4B5B68184622F065FF0346AD
:1011B800022BF7D000BF074B5B7C83F00103DBB247
:1011C800002BF8D1034B00225A7400BF1037BD46DC
:1011D80080BD00BF343A0020688E0020A49400200F
:1011E800F48E0020F094002080B582B000AF7860C3
:1011F8000A4B01225A747B68094A934203D1094871
:1012080021F041FC06E07B68074A934202D1074877
:1012180021F039FC00BF0837BD4680BD343A0020B4
:10122800688E0020A4940020F48E0020F094002002
:1012380080B58EB000AF6423BB8542F210737B8506
:10124800002387F8373059E097F83730304A52F89A
:1012580023307B62786AFFF7E4FE3B1D2D4A796AEA
:101268001846FFF7EFFE3B1D01221946786AFFF783
:101278002DFF4FF6FF724FF00111786A13F00AFC48
:101288000346002B01D00FF0EAFC7B8DBA8D224972
:10129800786AFFF73DFF00233B63002387F82F3070
:1012A8000CE097F82F301C4A52F823303A6B13445D
:1012B8003B6397F82F30013387F82F3097F82F309A
:1012C8009BB2BA8D9A42ECD8BB8D3A6BB2FBF3F362
:1012D8003B63124B1B881A4640F6B83303FB02F1F6
:1012E8003B6B9A0097F83730B1FBF2F20C4941F8A2
:1012F800232097F83730013387F8373097F837309D
:10130800012BA1D900BF00BF3837BD4680BD00BF43
:101318004000002001000080EC1A0020A507FA0B0D
:101328002C3A002080B58EB000AFB9607A601A46BA
:101338000346FB731346BB81FB7B254A52F82330D7
:101348003B63386BFFF76DFE07F11003BA68396B22
:101358001846FFF777FE07F1100301221946386B8C
:10136800FFF7B4FEB7F84030BA891A49386BFFF76F
:10137800CFFE0023FB8619E0FB8E164A52F8233075
:10138800FA7B154951F8222003FB02F2134BA3FB09
:101398000213D21A52081344D90AFB8E5B007A68EA
:1013A80013448AB21A80FB8E0133FB86FA8EBB89FE
:1013B8009A42E1D30A4A7B685361FB7B064A52F89A
:1013C8002330074A936100BF3837BD4680BD00BF50
:1013D80040000020EC1A00202C3A002001011000E7
:1013E800343A002080B582B000AF0346FB71114A41
:1013F800FB7913740F4B00225A740E4B18680D4B6F
:1014080099680C4B9B891A460A4B1B7C02FB03F319
:101418001A46084B1B689B6A02FB03F31A4611F035
:1014280013FE044B5B68184621F054FB00BF0837D5
:10143800BD4680BD343A002080B485B000AF034675
:10144800FB710023FB731DE0154B9A68FB7BF97950
:1014580001FB03F39B0013441B68114A926903FBC9
:1014680002F2104BA3FB0213D21A52081344D90AF2
:101478000B4B5A69FB7B5B0013448AB21A80FB7BD7
:101488000133FB73FB7B9AB2054B9B899A42DBD3F2
:1014980000BF00BF1437BD465DF8047B704700BF2E
:1014A800343A00200101100080B400AF034B5B7C8C
:1014B8001846BD465DF8047B704700BF343A0020EB
:1014C80080B582B000AF7860074A7B68136001225C
:1014D8004FF48071054816F061FA012010F0F2FC13
:1014E80000BF0837BD4680BD543A002000000242C4
:1014F80080B500AF00E000BF00F00EFB0346002BF4
:10150800F9D100224FF48071024816F047FA00BF63
:1015180080BD00BF0000024280B584B000AFF86013
:10152800B96011461A460B46FB8013467B714FF48F
:101538008071114816F01AFA0346002B18D00F4B89
:1015480000221A70FB881A46B968F86800F0FEF99C
:101558007B79002B0DD000E000BF084B1B7883F08F
:101568000103DBB2002BF7D1012010F0ABFC00E047
:1015780000BF1037BD4680BD00000242503A00202F
:1015880080B584B000AFF860B9601346FB80FB8873
:101598001A46B968F86800F013FA00BF1037BD465C
:1015A80080BD80B582B000AF7860396039687868EE
:1015B80000F03EFA00BF0837BD4680BD80B582B056
:1015C80000AF78600B467B80064B1B687A88114613
:1015D80078689847044B01221A7000BF0837BD4647
:1015E80080BD00BF543A0020503A002080B483B038
:1015F80000AF7860044A7B68136000BF0C37BD46B3
:101608005DF8047B704700BF583A002080B400AFF3
:10161800064B1B68002B04DB044B1B680133034A91
:10162800136000BFBD465DF8047B7047480000208A
:1016380080B584B000AF0346FB71FB79002B0BD05B
:10164800134B00221A60134819F028FE0346002B9A
:101658001AD00FF004FB17E00E4819F068FE034695
:10166800002B01D00FF0FBFA094B1B68FB73084BEA
:101678004FF0FF321A60084B1B68002B04D0064B52
:101688001B68FA7B1046984700BF1037BD4680BDDF
:1016980048000020E4910020583A002080B582B02C
:1016A80000AF0346FB80FB88082B03D10120FFF71E
:1016B800BFFF05E0FB88802B02D1002003F080FEED
:1016C80000BF0837BD4680BD80B582B000AF034675
:1016D800FB80FB88082B03D10020FFF7A9FF05E05A
:1016E800FB88802B02D1012003F06AFE00BF083777
:1016F800BD4680BD80B582B000AF786039604FF4D8
:10170800007200211F4829F0E8F94FF40072002107
:101718001D4829F0E2F94FF4807200211B4829F096
:10172800DCF91B4A7B6813601A4A3B681360012284
:101738001021194816F032F901222021174816F015
:101748002DF9174B1B7883F00103DBB2002B0BD06C
:1017580014480FF099FC14480EF098FE134810F046
:1017680041FA0F4B01221A70FF2211490F4825F048
:1017780038FE0346002B01D00FF071FA00BF08377E
:10178800BD4680BD5C3A00205C3D00205C3C0020EA
:10179800604100206441002000000242001802421B
:1017A8004C00002030930020D89000203C95002069
:1017B8005C3E002080B500AF174820F089FA034648
:1017C800002B01D00FF04BFA144823F0F7FB034627
:1017D800002B01D00FF043FA114B1B78002B0BD0D4
:1017E8000D480FF0C3FC0F480EF02AFF0B4810F00D
:1017F80069FA0B4B00221A70002210210A4816F0D1
:10180800CDF800222021094816F0C8F8084B00221C
:101818001A7000BF80BD00BF309300203C950020A7
:101828004C000020D890002000000242001802421C
:101838005C3F002080B582B000AF78600B46FB703B
:10184800FB781A467968054829F08AF9034AFB7833
:1018580082F8FF3000BF0837BD4680BD5C3C0020E1
:1018680080B586B004AF03463960FB71FB799AB244
:1018780005230293022301933B68009301239021DF
:10188800034816F0BDFF034618460837BD4680BD1D
:10189800D890002080B586B004AF03463960FB714C
:1018A800FB799AB205230293022301933B680093C4
:1018B80001239021034817F0B7F803461846083764
:1018C800BD4680BDD890002080B584B002AF0346E5
:1018D8003960FB710B4AFB7913703B681B889AB21D
:1018E800094B1A80074B1B781A4602230193064BB3
:1018F800009301239021054817F0B0F900BF08377D
:10190800BD4680BD684100206C410020D890002071
:1019180080B588B004AF03460A46FB8013467B7146
:101928007B79FB73FA88052302930123019307F15E
:101938000F0300930123A021034816F061FF03461B
:1019480018461037BD4680BDD890002080B584B0B9
:1019580000AFF860B9601346FB80FB88BA68F96885
:10196800104828F075FE03461A460F4B1A800E4B96
:101978001B88043B9AB20D4B1A800D4AFB68136012
:101988000C4B06221A70002210210B4816F006F89C
:1019980001220849094820F0C9F800BF1037BD46A0
:1019A80080BD00BF603F0020544100205C41002002
:1019B800584100205C3F0020000002423093002084
:1019C80080B586B000AFF860B9601346FB8000238D
:1019D8007B6107F11403F968184628F06FFE0022AE
:1019E8001021114815F0DAFF07F11401052304222C
:1019F8000E481FF0EDFB0346002B01D00FF02FF926
:101A0800FA880523B96809481FF0F6FD0346002B3C
:101A180001D00FF024F901221021034815F0BEFF70
:101A280000BF1837BD4680BD000002423093002039
:101A380080B588B000AF7860396007F110030022E4
:101A48001A601A710023FB7307F10F0207F11000E7
:101A58000123796828F0FCFD0623BB7300221021BE
:101A68002A4815F09BFF07F10E010523012228489B
:101A78001FF0AEFB0346002B01D00FF0F0F8012257
:101A88001021224815F08AFF1BF0FCFD0346214A6D
:101A9800A2FB03231B0DFB6102E0FB69013BFB6119
:101AA800FB69002BF9D100221021184815F076FFA8
:101AB80007F110010523052215481FF089FB03468D
:101AC800002B01D00FF0CBF87B680133BB610EE02F
:101AD80007F10F01052301220D481FF079FB03468A
:101AE800002B01D00FF0BBF8BB690133BB617A68EA
:101AF8003B681344BA699A42EAD301221021034889
:101B080015F04CFF00BF2037BD4680BD00000242E3
:101B18003093002083DE1B4380B483B000AF0023E2
:101B2800FB71064B1B78002B01D00123FB71FB795D
:101B380018460C37BD465DF8047B70475C3F0020B3
:101B480080B582B000AF78600B467B8000222021F0
:101B58000B4815F023FF7A880A23796809481FF093
:101B680037FB0346002B01D00FF079F80122202122
:101B7800034815F013FF00BF0837BD4680BD00BFFE
:101B8800001802423093002080B584B000AF78601E
:101B98000023FB7300222021134815F0FFFE07F1F4
:101BA8000F010523012211481FF026FD0346002BD3
:101BB80001D00FF054F8FB7B002B0BD0FB7B1A46AF
:101BC8000A23796809481FF017FD0346002B01D046
:101BD8000FF045F801222021034815F0DFFEFB7BBA
:101BE80018461037BD4680BD0018024230930020C9
:101BF80080B582B000AF0346FB71174B1B78FA79AA
:101C08009A4225D000224FF48061144815F0C6FE90
:101C180000224FF40071114815F0C0FE0A2010F0A0
:101C280051F9FB791A464FF480610C4815F0B6FE5D
:101C3800FB7983F00103DBB21A464FF400710748C1
:101C480015F0ACFE642010F03DF9034AFB791370DF
:101C580000BF0837BD4680BD6E4100200018024213
:101C680080B586B004AF3A601A460346FB710B464E
:101C7800BB711346BB80FB7999B2BB799AB20A2330
:101C88000293BB8801933B6800930123034816F035
:101C9800B7FD034618460837BD4680BD2C91002085
:101CA80080B586B004AF3A601A460346FB710B460E
:101CB800BB711346BB80FB7999B2BB799AB20A23F0
:101CC8000293BB8801933B6800930123034816F0F5
:101CD800ABFE034618460837BD4680BD2C91002050
:101CE80080B582B000AF0023FB7100E000BFFFF7B2
:101CF80013FF0346002BF9D11021464815F036FE94
:101D08000346012B0AD1012010F0DCF84248FFF706
:101D18003BFF0346DAB2414B83F8FF213F4B93F870
:101D2800FF31002B0ED03E4B1B683C4A3D493A48D8
:101D3800984703461A46394B83F8FF200123FB7165
:101D480000E000BFFFF7E8FE0346002BF9D14FF48F
:101D58008051304815F00AFE0346012B29D1102185
:101D68002C4815F003FE0346002B22D12B4B93F889
:101D7800FF30002B0BD0294B93F8FF30194627482A
:101D8800FFF7DEFE254B002283F8FF2011E0264BEB
:101D980093F8FF30002B0BD0234B93F8FF301946F4
:101DA8002148FFF7CDFE204B002283F8FF2000E0FA
:101DB80000BF1E4B93F8FF31002B0CD0184B1B684B
:101DC8001A4A1B491B48984703461A46174B83F87B
:101DD800FF200123FB71154B93F8FF30002B10D027
:101DE800124B93F8FF301A461049134823F042F873
:101DF8000346002B01D00EF032FF0C4B002283F873
:101E0800FF20012010F05EF8FB7918460837BD4620
:101E180080BD00BF001802425C3B00205C3A0020F5
:101E2800604100205B3C00205C3C00205C3D0020C1
:101E38005B3F00205C3E00203C95002080B582B0CE
:101E480000AF7860786820F039F80346002B01D09D
:101E58000EF005FF00BF0837BD4680BD80B582B0D3
:101E680000AF78607B680D4A934212D14FF400723C
:101E780000210B4828F031FE01222021094815F0E5
:101E88008DFD01221021084815F088FD074B00221E
:101E98001A7000BF0837BD4680BD00BF30930020D0
:101EA8005C3A002000180242000002425C3F002019
:101EB80080B584B000AF78607B68284A934247D1E8
:101EC8001021274815F052FD0346002B41D101226D
:101ED8001021234815F062FD224B1B78062B23D1D5
:101EE800204B02221A701BF0CDFB03461E4AA2FBB0
:101EF80003231B0DFB6002E0FB68013BFB60FB68F2
:101F0800002BF9D100221021154815F047FD174B79
:101F18001B881A46164911481FF008FE0346002B75
:101F280017D00EF09CFE14E00E4B1B78022B0BD141
:101F38000C4B00221A700F4B1B680F4A12680F498E
:101F480009881046984704E0064B00221A7000E002
:101F580000BF00BF1037BD4680BD00BF30930020D2
:101F6800000002425C3F002083DE1B4354410020F6
:101F7800603F002064410020584100205C4100205F
:101F880080B582B000AF7860786823F0F1F8034636
:101F9800002B01D00EF063FE00BF0837BD4680BDA0
:101FA80080B582B000AF78607B680A4A93420DD151
:101FB800094B002283F8FF21FF220849054825F034
:101FC80010FA0346002B01D00EF049FE00BF083777
:101FD800BD4680BD3C9500205C3D00205C3E002055
:101FE80080B582B000AF78600B467B807B680B4A77
:101FF80093420ED17B88DAB2094B83F8FF21FF2286
:102008000849064825F0EDF90346002B01D00EF0EB
:1020180026FE00BF0837BD4680BD00BF3C950020A6
:102028005C3D00205C3E002080B582B000AF0346D6
:10203800FB71074819F007F80346002B01D00EF092
:102048000EFE044AFB79137000BF0837BD4680BDF9
:10205800809100206F41002080B500AF044818F03F
:10206800F2FF0346002B01D00EF0F9FD00BF80BD42
:102078008091002080B582B000AF7860094B1B7852
:1020880083F00103DBB2002B07D0786818F0DBFF80
:102098000346002B01D00EF0E2FD00BF0837BD4615
:1020A80080BD00BF6F41002084B0B0B582B000AFE2
:1020B80007F1180484E80F000023FB71354B002258
:1020C8001A70354B1B68354A1360354B1B68334A09
:1020D8005360344B1B68314A9360304B07F1180248
:1020E8005A622E4A07F1380393622C4A07F15803C3
:1020F800D3622A4B2C4ADA61284B2C4A1A6241F2E5
:10210800883226492A4819F0BEFB0346002B01D025
:102118000EF0A5FD264819F0CAFB0346012B2ED167
:10212800244B1D4607F1180420686168A268E3681B
:102138000FC520696169A269E3690FC51D4B03F1E9
:10214800200407F1380528686968AA68EB680FC495
:1021580028696969AA69EB690FC4164B03F1400441
:1021680007F1580528686968AA68EB680FC42869E8
:102178006969AA69EB690FC40123FB7101E00023B7
:10218800FB71FB7918460837BD46BDE8B04004B07E
:10219800704700BF7842002040C702085000002066
:1021A800B8C60208DCC602082CC502084CC50208DD
:1021B800D49200201842002080B586B002AF786023
:1021C8007B68002B71D03E4B00221A603D4A7B6829
:1021D80013607B68013BFB608023BB6023E0FFF753
:1021E8003BFF374B1B6803F58023BA6892B2364928
:1021F8001846FFF7C5F900E000BF344815F0A0FC09
:102208000346012BF8D1BA682F49304816F033FA43
:102218000346002B01D00EF022FD294B1A68BB683B
:102228001344274A1360264B1B68FA68D31ABA6806
:102238009A42D4D3224B1B687A68D31ABB60204BCE
:102248001B6803F58023BA6892B21F491846FFF746
:1022580097F90A2300931E4BBA681B491B4816F0CE
:102268001CFA0346002B01D00EF0F9FC2022184975
:10227800184828F009FC0346002B03D1164B00220E
:102288001A700AE0242200210E4828F026FC124B7E
:102298001B780133DAB2104B1A7001232422094942
:1022A8004FF40020FFF738F905E00B4B1B7801339A
:1022B800DAB2094B1A70084B18461037BD4680BD74
:1022C80070410020F44100207441002094900020C7
:1022D800F8410020584200207842002080B58CB098
:1022E80002AF7860396007F1080320220021184600
:1022F80028F0F3FB1A4B1B884FF6FF7293420ED05F
:10230800174B1B88002B07D0154B1B889B025B08BB
:1023180003F10063194604E04FF0016101E04FF05A
:10232800016107F108030A2200927A680D4816F045
:102338008BF90346002B01D00EF091FC07F108033E
:1023480020223968184628F09FFB0346002B01D14C
:10235800012300E0002318462837BD4680BD00BF92
:10236800A007FA0B9490002084B0B0B590B000AFED
:1023780007F1500484E80F00464B1B68464A136077
:10238800464B1B68444A5360454B1B68424A93605E
:10239800414B07F150025A623F4A07F170039362BA
:1023A8003D4A07F19003D3623E4B3C461D460FCD94
:1023B8000FC495E80F0084E80F003A4B07F120049A
:1023C80003F120050FCD0FC495E80F0084E80F0036
:1023D800314A3B46D361304A3B462033136241F2CF
:1023E80088322D49304819F04EFA0346002B01D0A7
:1023F8000EF035FC2C4819F05AFA0346012B01D18E
:10240800FF2340E03B4640221946284802F0D7FB0C
:10241800214A3B46D361204A3B462033136241F2AE
:1024280088321D49204819F02EFA0346002B01D0A6
:102438000EF015FC1C4819F03AFA0346012B01D19D
:10244800022320E03B4640221946194802F0B7FB18
:10245800114A3B46D361104A3B462033136241F28E
:1024680088320D49104819F00EFA0346002B01D0A6
:102478000EF0F5FB0C4819F01AFA0346012B01D1AE
:10248800012300E0002318464037BD46BDE8B040B0
:1024980004B0704740C7020850000020B8C60208C0
:1024A800DCC602082CC50208D4920020E0C102084C
:1024B800E8C1020880B586B000AF3B1D83E807007D
:1024C8000023FB750023BB753B79503B052B00F2BD
:1024D8008F8001A252F823F0F92400083B25000858
:1024E8006125000887250008AD250008D3250008C8
:1024F8007B79002B7ED10123FB750223BB753B7BC7
:10250800FA7D9A4276D83B7BBA7D9A4272D3BB68F1
:102518001B787B757B7D184600F022F93B7B022BEC
:1025280068D1BB685B783B753B7D184600F03AF98B
:1025380060E07B79002B5FD10023FB750023BB751E
:102548003B7BFA7D9A4257D83B7BBA7D9A4253D35C
:10255800012000F005F94FE07B79002B4ED10023D4
:10256800FB750023BB753B7BFA7D9A4246D83B7BC3
:10257800BA7D9A4242D3002000F0F2F83EE07B791F
:10258800002B3DD10023FB750023BB753B7BFA7DF7
:102598009A4235D83B7BBA7D9A4231D3002000F06D
:1025A800DFF82DE07B79002B2CD10023FB7500236D
:1025B800BB753B7BFA7D9A4224D83B7BBA7D9A4215
:1025C80020D3144B01221A701CE07B79002B1BD1FD
:1025D8000023FB750023BB753B7BFA7D9A4213D819
:1025E8003B7BBA7D9A420FD30B4B01221A700BE04A
:1025F80000BF0AE000BF08E000BF06E000BF04E03B
:1026080000BF02E000BF00E000BF00BF1837BD46B2
:1026180080BD00BF7B4200207C42002080B584B092
:1026280000AF0346FB71354BFF221A70FFF714FD0C
:10263800FFF7C0F801224FF40061314815F0AEF9F8
:10264800002240212F4815F0A9F964200FF03AFC28
:10265800FB79002B4DD02C4800F080FA0122402154
:10266800284815F09BF900224FF40061244815F022
:1026780095F964200FF026FC24492548FFF73AF81D
:102688000A200FF01FFCFFF7E7FC0023FB732CE088
:10269800002240211B4815F081F932200FF012FC6E
:1026A80001224021174815F079F9C8200FF00AFCDB
:1026B800FFF7D2FC4FF48051124815F057F9034642
:1026C800002BE5D000F082F80023FB7302E0FB7BCF
:1026D8000133FB73FFF704FB034683F00103DBB20E
:1026E800002B02D0FB7B632BF1D9044B1B78FF2B0B
:1026F800E0D000BF1037BD4680BD00BF8400002079
:102708000000024200180242BD240008C515000856
:10271800852B000880B586B000AF786051233B73E5
:102728007B683B6129233B7507F10C0393E807009D
:1027380000F0AEFA00BF1837BD4680BD80B584B042
:1027480000AF53233B710023BB6000233B733B1D49
:1027580093E8070000F09CFA00BF1037BD4680BD23
:1027680080B483B000AF0346FB71074B1B78FA793E
:102778009A4202D0044AFB79137000BF0C37BD4659
:102788005DF8047B704700BF8400002080B400AF70
:10279800034B1B781846BD465DF8047B704700BFA5
:1027A8008400002080B483B000AF0346FB71FB793E
:1027B800002B02D0044AFB79137000BF0C37BD46CA
:1027C8005DF8047B704700BF7942002080B584B073
:1027D80000AF50233B710023BB6000233B733B1DBC
:1027E80093E8070000F054FA00BF1037BD4680BDDB
:1027F80080B584B000AF094B00221A7055233B7195
:102808000023BB6000233B733B1D93E8070000F0E7
:102818003FFA00BF1037BD4680BD00BF7C42002094
:1028280080B500AF0E4B1B68002B04DD0C4B1B68FA
:10283800013B0B4A13600A4B1B68002B0ED1094859
:1028480018F075FD0346002B01D00EF008FA044B72
:102858004FF0FF321A60044B00221A7000BF80BD8F
:1028680088000020349200207A42002080B400AF13
:10287800074B1B68002B05DD064B1B78042B01D981
:10288800012300E000231846BD465DF8047B70472D
:10289800880000207A42002080B588B000AF034647
:1028A800FB714FF000024FF00003C7E9042307F162
:1028B800100308221946264802F081F9D7E90423B3
:1028C80010461946FEF75AF90346FB774FF0000207
:1028D8004FF00003C7E9022307F10803082219464D
:1028E8001C4802F06CF9D7E9022310461946FEF796
:1028F80045F90346BB77FA79FB7F9A4224D3FA79E4
:10290800BB7F9A4220D80021134800F0DFFB134B0D
:102918001B780133DAB2114B1A70104B1B78012B5C
:102928000BD10F4B0A221A600E4818F0B7FC034669
:10293800002B09D00EF093F906E0084B1B78052B05
:1029480002D1074B0A221A6000BF2037BD4680BD5E
:10295800F0C10208F8C1020800C202087A42002049
:10296800880000203492002080B584B000AF7860E1
:102978000B46FB700023FB7300237B81FB78023B33
:102988001A467968104828F0EBF8FB78023B7A6819
:1029980013441B889BB27B81FB78023B1A460A4989
:1029A8000A4812F07FFC0346BB817B89BA899A42A8
:1029B80002D10123FB7301E00023FB73FB7B184664
:1029C8001037BD4680BD00BF8842002070900020AF
:1029D80090B583B000AF78600B46FB70124B1B6854
:1029E800002B1CD07B681A78104B1A707B689A7879
:1029F8000E4B5A700D4B00225A607B685A780B4B6D
:102A08001A720A4B1B7A002B03D07B680333074AE0
:102A18005360054B1C68054B93E80700A04700BFAF
:102A28000C37BD4690BD00BF844200207C43002087
:102A3800B0B58AB000AFF8610B467A61FB76FB69E6
:102A48001A78394B1A70384BF2225A70364B0022DA
:102A58005A60354B00221A72344B1B68002B1FD06A
:102A6800FB691A78324B1A70314B00225A60FB69A5
:102A78005A782F4B1A722E4B1B7A002B03D0FB6906
:102A880002332B4A5360294B1C68274D3846284B84
:102A98000ECBA0472C463B4693E8070084E8070086
:102AA800214B1B7A053387F827301F4B1A787B692F
:102AB8001A707B6901331C4A127A1A707B690233D7
:102AC800194A52781A70184B1B7A002B0CD0164BE7
:102AD8005B68002B08D07B690333134A5168124A9C
:102AE800127A184628F03CF897F82730023B1A4625
:102AF8007969104828F034F897F82730023B1A46CD
:102B08000C490D4812F0CEFB03469BB2BB8497F8E4
:102B18002730023B7A691344BA8C1A8097F8273019
:102B280018462837BD46B0BD7C43002080420020AF
:102B380088430020884200207090002080B483B031
:102B480000AF7860044A7B68136000BF0C37BD464D
:102B58005DF8047B704700BF8042002080B483B0DA
:102B680000AF7860044A7B68136000BF0C37BD462D
:102B78005DF8047B704700BF8442002080B586B0B2
:102B880000AFF860B9607A600023FB750023BB755D
:102B9800FB685B787B757B7DEF2B23D87B7D0533CA
:102BA800DBB21946F868FFF7DFFE0346002B19D0A1
:102BB8007B7D0533BB75BB7D1946F868FFF708FFB9
:102BC800BB7DFA68D118BB7DC3F1FF031A46F868CC
:102BD80027F06AFFBB681A78BB7DD31ADAB2BB68E4
:102BE8001A704BE07B7DF02B26D87B7D0433DBB25B
:102BF8001946F868FFF7B8FE0346002B1CD07B7D0A
:102C08000433BB75BB7D7A681946F868FFF710FF77
:102C18000346FB75BB7DFA68D118BB7DC3F1FF0382
:102C28001A46F86827F040FFBB681A78BB7DD31AAC
:102C3800DAB2BB681A7021E0FB681A787B681A70F0
:102C48007B68013300221A707B680233F0221A7005
:102C5800032279680C4827F083FF03220A490B48AE
:102C680012F020FB03469BB27B827B6803337A8A8F
:102C78001A800523FB75BB6800221A70FB7D184675
:102C88001837BD4680BD00BF8842002070900020E4
:102C980080B5C2B000AF07F58473A3F5827383E8EB
:102CA800070007F58473A3F582731B783B7507F556
:102CB8008473A3F582731B7A7B7507F58473A3F578
:102CC80082731B7A002B17D007F58473A3F58273E0
:102CD8005B68002B10D007F58473A3F582735968DD
:102CE80007F58473A3F582731B7A1A4607F1140358
:102CF8000233184627F034FF07F58473A3F582736F
:102D08001B7A9A1C07F114031946174827F028FF65
:102D180007F58473A3F582731B7A02331A461249A6
:102D2800124812F0BFFA03469BB27B8207F5847300
:102D3800A3F582731B7A023307F1140213447A8ACB
:102D48001A8007F58473A3F582731B7A0433DAB209
:102D580007F1140311461846FEF76CFD00BF07F58E
:102D68008477BD4680BD00BF884200207090002057
:102D780080B5C2B000AF07F58473A3F5827383E80A
:102D8800070007F58473A3F582731B783B7507F575
:102D98008473A3F582731B7A7B7507F58473A3F597
:102DA80082735B78BB7507F58473A3F582731B7A0E
:102DB800002B17D007F58473A3F582735B68002B8B
:102DC80010D007F58473A3F58273596807F58473E7
:102DD800A3F582731B7A1A4607F1140303331846C6
:102DE80027F0BEFE07F58473A3F582731B7ADA1CFD
:102DF80007F114031946174827F0B2FE07F5847344
:102E0800A3F582731B7A03331A461249124812F04B
:102E180049FA03469BB27B8207F58473A3F5827354
:102E28001B7A033307F1140213447A8A1A8007F5D0
:102E38008473A3F582731B7A0533DAB207F114039E
:102E480011461846FEF7F6FC00BF07F58477BD4625
:102E580080BD00BF8842002070900020B0B596B0B9
:102E680000AF786007F13C030022194672481DF054
:102E780019FD0346002B01D00DF0F1FE07F13803D0
:102E8800002219466C481DF005FE0346002B01D0B0
:102E98000DF0E5FE97F83B3087F8303097F8393079
:102EA80087F8313097F83A3087F8323097F83C3065
:102EB80087F8333097F83D3087F8343097F83E304C
:102EC80087F835303B6CDBB2DB43DBB287F8363052
:102ED8007B68002B0BD07A6807F130031068186004
:102EE8009188927999809A71544B7B6507E04FF4E9
:102EF80000720021524827F0F0FD514B7B65514B81
:102F080007F114041D460FCD0FC495E8070084E8A7
:102F180007004D4A07F10C0392E8030018600433D8
:102F2800198002330A0C1A70002387F853303EE0E8
:102F380097F8533007F10C021A4407F114031146AD
:102F4800184627F0D2FD034687F8523097F85330D9
:102F580058333B4413F8283C3C4AA2FB0323DB08C4
:102F6800DAB297F852303032D2B258333B4403F8D1
:102F7800442C97F8533058333B4413F8282C334BE0
:102F8800A3FB0213D9080B469B000B445B00D31A22
:102F9800DAB297F8523001333032D2B258333B4468
:102FA80003F8442C97F85330013387F8533097F8D7
:102FB8005330062BBCD997F83630254AA2FB032399
:102FC8005B09DBB23033DBB287F82A3097F836304A
:102FD8001F4AA2FB03125209642101FB02F29B1A49
:102FE800DBB21A4AA2FB0323DB08DBB23033DBB2C5
:102FF80087F82B3097F83620144BA3FB0213D90817
:103008000B469B000B445B00D31ADBB23033DBB2B8
:1030180087F82C307B6D1D4607F114040FCC28600F
:103028006960AA60EB6007CC28616961AA611B230B
:1030380018465837BD46B0BD00930020984500207B
:103048009843002008C2020824C20208CDCCCCCC88
:103058001F85EB5180B584B000AF78600B467B804C
:103068007B68FB600A4B1A687B881344B3F5003F02
:1030780002D3074B00221A60054B18687A88002390
:10308800F968FEF749FA00BF1037BD4680BD00BF9A
:103098009443002080B500AF04220B494FF4003060
:1030A800FEF76EFA084B1B68B3F5003F09D3064BD1
:1030B80000221A600023042203494FF40030FEF76F
:1030C8002BFA00BF80BD00BF9443002080B584B0B8
:1030D80000AF786039600020FFF7C0FE0346FB812F
:1030E800FB89144A134404221349184627F038FD73
:1030F800FB890433FB81FB890E4A13440522796856
:10310800184627F02DFDFB890533FB81FB89094A09
:1031180013440A4A1188927819809A70FB890333FC
:10312800FB81FB8919460348FFF794FF00BF10375E
:10313800BD4680BD984300202CC202086CC5020819
:1031480090B589B000AF03460A46FB801346BB80A2
:103158000020FFF783FE0346FB83FB8B5F4A134483
:1031680004225F49184627F0FBFCFB8B0433FB83E2
:103178005C4B07F10C040FCB07C4238002341B0CF3
:103188002370594A07F1080312681146198002335F
:10319800120C1A7007F1080207F10C0311461846C1
:1031A80027F0A3FC03467B77FB88504AA2FB031257
:1031B800520B42F2107101FB02F29B1A9BB24C4A6D
:1031C800A2FB03239B099BB2DAB27B7F3032D2B2D7
:1031D80020333B4403F8142CFB88454AA2FB031216
:1031E80092094FF47A7101FB02F29B1A9BB2414A91
:1031F800A2FB03235B099BB2DAB27B7F0233303236
:10320800D2B220333B4403F8142C07F108035A1CAC
:1032180007F10C031146184627F067FC03467B7735
:10322800BB88324AA2FB0312520B42F2107101FB17
:1032380002F29B1A9BB22E4AA2FB03239B099BB264
:10324800DAB27B7F3032D2B220333B4403F8142CFD
:10325800BB88274AA2FB031292094FF47A7101FB3B
:1032680002F29B1A9BB2234AA2FB03235B099BB27F
:10327800DAB27B7F02333032D2B220333B4403F8D8
:10328800142CFB8B154A9C1807F10C031846FCF705
:10329800EFFF024607F10C031946204627F060FCB1
:1032A80007F10C031846FCF7E3FF03469AB2FB8BC1
:1032B8001344FB83FB8B094A13440F4A1188927805
:1032C80019809A70FB8B0333FB83FB8B19460348E9
:1032D800FFF7C0FE00BF2437BD4690BD98430020CD
:1032E80034C202083CC202084CC202085917B7D1BE
:1032F800D34D62101F85EB516CC50208B0B588B07C
:1033080000AF78600020FFF7A9FD0346BB83BB8BA5
:103318007D4A134404227D49184627F021FCBB8BC3
:103328000433BB837A4B07F10C040FCB07C423701B
:1033380058233B8107F1080207F10C031146184690
:1033480027F0D3FB0346FB767A68724BA3FB021384
:103358009B0D714901FB03F3D31A704AA2FB0323A7
:103368009B0CDAB2FB7E3032D2B220333B4403F8F6
:10337800142C7A68694BA3FB02139B0C684901FB68
:1033880003F3D31A5B09674AA2FB0323DB09DAB20A
:10339800FB7E02333032D2B220333B4403F8142C84
:1033A8007A6853095F49A1FB0313DB095E4901FBF6
:1033B80003F3D31A5D4AA2FB03235B0BDAB2FB7E4D
:1033C80003333032D2B220333B4403F8142C7A68EA
:1033D800564BA3FB02135B0B42F2107101FB03F384
:1033E800D31A534AA2FB03239B09DAB2FB7E0433A8
:1033F8003032D2B220333B4403F8142C7A684C4B59
:10340800A3FB02139B094FF47A7101FB03F3D31A50
:10341800484AA2FB03235B09DAB2FB7E063330324B
:10342800D2B220333B4403F8142C7A68414BA3FBF7
:1034380002135B09642101FB03F3D31A3E4AA2FB82
:103448000323DB08DAB2FB7E07333032D2B22033F3
:103458003B4403F8142C7968374BA3FB0123DA08A3
:1034680013469B0013445B00CA1AD2B2FB7E083392
:103478003032D2B220333B4403F8142C0023FB77BC
:1034880002E0FB7F0133FB77FB7F20333B4413F8DB
:10349800143C302BF5D0FB7F20333B4413F8143C0D
:1034A8002C2BEED0BB8B184A9C18FB7F07F10C0223
:1034B800D51807F10C031846FCF7DAFE0246FB7F25
:1034C800D31A1A462946204627F04AFB07F10C036F
:1034D8001846FCF7CDFE03469AB2BB8B1344BB8358
:1034E800BB8B094A1344154A1188927819809A703F
:1034F800BB8B0333BB83BB8B19460348FFF7AAFD7D
:1035080000BF2037BD46B0BD9843002050C2020816
:1035180058C202086BCA5F6B8096980083DE1B4313
:1035280040420F00C55A7C0AA08601005917B7D13E
:10353800D34D62101F85EB51CDCCCCCC6CC50208A5
:10354800B0B594B000AFF8607A601A460B46FB72CB
:1035580013463B810020FFF781FC0346A7F84E3055
:10356800B7F84E30B04A13440422B049184627F041
:10357800F7FAB7F84E300433A7F84E30AC4A07F1E3
:10358800400392E8030018600433198002330A0CE0
:103598001A70FB681B68C7F84130B7F84E30A24A6A
:1035A800134407F140010622184627F0D9FAB7F864
:1035B8004E300633A7F84E30FB7A022B40F0DA8003
:1035C8004FF000024FF00003C7E90E237B681C6828
:1035D8005D6822462B46C7E90E23D7E90E014FF056
:1035E8000002944BFDF708F802460B46C7E90E2384
:1035F800D7E90E2310461946FDF7C0FA0346A7F887
:103608004A308D4A07F12C0307CA03C31A800233D4
:10361800120C1A7078233B8507F1280207F12C0356
:103628001146184627F061FA034687F84930B7F87B
:103638004A2053098149A1FB0313DB09804901FB97
:1036480003F3D31A7F4AA2FB03235B0BDAB297F882
:1036580049303032D2B250333B4403F8242CB7F807
:103668004A30784AA2FB0312520B42F2107101FB56
:1036780002F29B1A9BB2744AA2FB03239B099BB2DA
:10368800DAB297F8493001333032D2B250333B4482
:1036980003F8242CB7F84A306B4AA2FB03129209AC
:1036A8004FF47A7101FB02F29B1A9BB2674AA2FBA4
:1036B80003235B099BB2DAB297F849300233303200
:1036C800D2B250333B4403F8242CB7F84A305F4A4F
:1036D800A2FB03125209642101FB02F29B1A9BB25E
:1036E8005B4AA2FB0323DB089BB2DAB297F84930A6
:1036F80003333032D2B250333B4403F8242C97F8CA
:103708004930043350333B442E2203F8242CB7F8B5
:103718004A204F4BA3FB0213D9080B469B000B44CE
:103728005B00D31A9BB2DAB297F8493005333032CE
:10373800D2B250333B4403F8242CB7F84E303A4AFF
:103748009C1807F12C031846FCF792FD024607F176
:103758002C031946204627F003FA07F12C031846D4
:10376800FCF786FD03469AB2B7F84E301344A7F823
:103778004E3041E0374B07F114041D460FCD0FC4FE
:103788002B682370344A07F1100312681146198018
:103798000233120C1A700023A7F84C3027E0B7F850
:1037A8004C307A6813441B781B09DBB250333B4416
:1037B80013F83C3C3B74B7F84C307A6813441B78D8
:1037C80003F00F0350333B4413F83C3C7B74B7F8C9
:1037D8004E30154A13443A8A1A80B7F84E300233ED
:1037E800A7F84E30B7F84C300133A7F84C30B7F88B
:1037F8004C203B899A42D2D3B7F84E300A4A134438
:10380800164A1188927819809A70B7F84E300333A7
:10381800A7F84E30B7F84E3019460348FFF71AFCA0
:1038280000BF5037BD46B0BD9843002068C20208AB
:1038380070C202080000244078C20208C55A7C0AF7
:10384800A08601005917B7D1D34D62101F85EB51DF
:10385800CDCCCCCC84C2020898C202086CC5020840
:1038680080B586B000AF78600023FB754FF4007216
:103878000021204827F031F90023FB811D4BBB6054
:10388800FB89BA68134404221B49184627F068F9D3
:10389800FB890433FB81FB89BA68134405227968E4
:1038A800184627F05DF9FB890533FB8100233B614E
:1038B80016E0FB891A4611493869FDF761FEFB8954
:1038C8001A460E49B86827F0DFF80346002B02D1E4
:1038D8000123FB7508E0FEF7BFFB3B6901333B6141
:1038E8003B69B3F5003FE4D3FB7D18461837BD4666
:1038F80080BD00BF984300202CC2020898450020D4
:1039080080B588B000AF786039600023FB777868AD
:10391800FFF7A4FA03463B823D4BFB603D4B1B6817
:10392800BB613B8A1A46F9683B4827F0ADF8034665
:10393800002B02D1394B1B68BB610023BB600023FD
:103948007B615CE0BA697B691344C3F31003BB6015
:1039580001223968B868FDF713FE3B681B785B2BBA
:1039680048D13B8A1A463968B868FDF709FE3B8A90
:10397800013B3A6813441B785D2B3BD13B8A1A46BE
:10398800F968386827F080F80346002B32DD3B8A57
:10399800FB770023FB742AE0FEF75EFBFA7FBB6827
:1039A800D018FB7F3A68134401221946FDF7E8FD59
:1039B800FB7F3A6813441B780A2B05D0FB7F3A68D3
:1039C80013441B78002B0CD13B8A1A4639681248DD
:1039D80027F0C6F8114ABB681360FB7F0133DBB2DE
:1039E80012E0FB7F0133FB77FB7C0133FB74FB7C2C
:1039F800EE2BD1D9FEF730FB7B6901337B617B6904
:103A0800B3F5003F9ED3002318462037BD4680BD3E
:103A180098450020944300208C00002098470020FF
:103A280080B500AFFEF718FB4FF400310020FDF71A
:103A3800B8FD04214FF40030FDF7B3FD0422002146
:103A4800034827F04AF8024B00221A6000BF80BDE5
:103A58009443002080B582B000AF78600B467B802D
:103A68007B68B3F5003F0DD2084B1A687B88134476
:103A7800013B064A13600023042204494FF4003036
:103A8800FDF74AFD00BF0837BD4680BD94430020BE
:103A980080B582B000AF0346FB71FB791A4604215A
:103AA800034813F07BFF00BF0837BD4680BD00BF49
:103AB8000000024280B588B002AF786039606423A4
:103AC80000936423224A23490020FDF72BFC64233A
:103AD80000936423204A21490020FDF723FC00239A
:103AE8007B6100233B610023FB7312E0FB7B184AD8
:103AF80032F813301A467B6913447B61FB7B164A04
:103B080032F813301A463B6913443B61FB7B01339F
:103B1800FB73FB7B632BE9D97B69114AA2FB032367
:103B28005B097B613B690E4AA2FB03235B093B618E
:103B38007B699BB25B009AB27B681A803B699BB237
:103B48005B009AB23B681A8000BF1837BD4680BD3B
:103B58009C47002020000014644800204000001802
:103B68001F85EB5180B582B000AF0346FB71FB792E
:103B78001A460421034813F011FF00BF0837BD4659
:103B880080BD00BF0014024290B583B000AF044668
:103B9800084611461A462346FB710346BB710B467D
:103BA8007B7113463B71FB791A4602210C4813F0CE
:103BB800F5FEBB791A460821094813F0EFFE7B7918
:103BC8001A461021064813F0E9FE3B791A460121EE
:103BD800034813F0E3FE00BF0C37BD4690BD00BF9D
:103BE800001402420000000080B586B000AF786083
:103BF80039603868FCF786FC1AA3D3E90023FCF780
:103C0800FBFC02460B46C7E902237868FCF77AFCFE
:103C1800D7E90223FCF7F0FC02460B46104619468A
:103C28004FF000020E4BFCF731FB02460B461046E4
:103C38001946FCF7A3FF03467B617B69002B02D181
:103C480001237B6106E07B69B3F5FA6F02D94FF473
:103C5800FA637B617B699BB218461837BD4680BD05
:103C68000000E03F8DEDB5A0F7C6B03E80B586B048
:103C780002AFF860B96011461A460B46FB8013463E
:103C8800BB80FA88BB8800931346BA68F96801209C
:103C9800FDF748FB00BF1037BD4680BD000000009F
:103CA80080B58AB000AF78600B467B8013463B80B6
:103CB8007B687B614FF000024FF00003C7E90823DF
:103CC8000223FB747B885B083B823B885B08FB8193
:103CD8000023FB7644E00023FB834FF6FF73BB838E
:103CE800FB7E9BB23A8A12FB03F39AB2FB89134418
:103CF800BB813B8A5B089AB2BB8913447B81BB8931
:103D08003B8316E03B8B5B007A6913441B88FA8B74
:103D1800934238BF1346FB833B8B5B007A6913449D
:103D28001B88BA8B934228BF1346BB833B8B013356
:103D38003B833A8B7B899A42E4D3FA8BBB8BD31AA9
:103D48001846FCF7EFFB02460B46D7E90801FCF7DB
:103D58009DFA02460B46C7E90823FB7E0133FB7632
:103D6800FA7EFB7C9A42B6D3FB7C1846FCF7CAFB6A
:103D780002460B46D7E90801FCF768FD02460B46E8
:103D8800C7E9082308A3D3E90023D7E90801FCF70A
:103D980033FC02460B4643EC172BB0EE470AF0EE15
:103DA800670A2837BD4680BDAAAAAAAAAAAAEA3FD6
:103DB8002DE9B04F90B000AF87ED020B87ED001BE7
:103DC8004FF000027A4BD7E90201FCF73FFD0246AB
:103DD8000B46104619466CA3D3E90023FCF736FDC1
:103DE80002460B46C7E90A234FF000024FF00003D2
:103DF800D7E90A01FCF77CFE0346002B04D04FF0FC
:103E080000024FF00003B3E061A3D3E90023D7E930
:103E18000A01FCF7F1FB02460B46C7E90E23002313
:103E280087F837308EE0D7E90E23D7E90A01FCF787
:103E38000DFD02460B4610461946FCF7BFFE034629
:103E480000EE103A26F09AFEF0EE407A9FED597A8D
:103E580067EE877A17EE900AFCF776FB804689466C
:103E68004DA3D3E90023D7E90E01FCF7C5FB0246B1
:103E78000B4692469B464FF000024D4BD7E90A018C
:103E8800FCF7BAFB02460B4650465946FCF7FCF9CC
:103E980002460B4640464946FCF7F6F902460B46F1
:103EA800C7E90823D7E90E233DA1D1E90001FCF7B2
:103EB800CDFC02460B46144683F0004536A3D3E9F1
:103EC800002320462946FCF7DFF902460B46C7E9DE
:103ED8000623D7E90623D7E90801FCF7B7FC024611
:103EE8000B46C7E90423D7E90423D7E90E01FCF7F9
:103EF800CBF902460B46C7E90E23D7E90401FCF7C4
:103F08005DFE07EE900AF0EEE77A9FED2B7AF4EE6D
:103F1800C77AF1EE10FA1BD44FF000024FF00003FD
:103F2800D7E90E01FCF7E4FD0346002B05D01EA3DC
:103F3800D3E90023C7E90E230BE097F837300133A4
:103F480087F8373097F83730132B7FF66CAF00E0DF
:103F580000BF4FF00002164BD7E90E01FCF74CFBEF
:103F680002460B46D7E90001FCF770FC02460B46F7
:103F780043EC172BB0EE470AF0EE670A4037BD4610
:103F8800BDE8B08FAFF300800000000000E0A5405E
:103F9800000000A0AAAA1A400000000000C0624069
:103FA800000000206C789A3F000000809997713DCE
:103FB80000408F4061C3D33CCCBC8C2B80B582B011
:103FC80000AF0346FB71FB791A464FF48061034842
:103FD80013F0E4FC00BF0837BD4680BD0004024270
:103FE80080B582B000AF03460A46FB711346BB7129
:103FF800FB79013B032B35D801A252F823F000BF0F
:1040080019400008334000084F4000085F4000088E
:10401800BB791A462021164813F0C0FCBB791A4612
:104028001021134813F0BAFC1DE0BB791A464FF46F
:104038008051104813F0B2FCBB791A4610210C4885
:1040480013F0ACFC0FE0BB791A464FF480710848B6
:1040580013F0A4FC07E0BB791A460421064813F0C4
:104068009DFC00E000BF00BF0837BD4680BD00BF13
:1040780000040242000802420018024280B586B0DD
:1040880002AF396011461A460346FB710B46BB71F5
:104098001346BB80BB795B08DBB2FB81FB79013B34
:1040A800032B33D801A252F823F000BFC540000803
:1040B800D9400008ED40000801410008FA89BB8892
:1040C800009313463A6814490020FDF72BF91EE0C7
:1040D800FA89BB88009313463A6810490020FDF717
:1040E80021F914E0FA89BB88009313463A680C4911
:1040F8000020FDF717F90AE0FA89BB8800931346F8
:104108003A6808490120FDF70DF900E000BF00BF3B
:104118001037BD4680BD00BF0080003E0000014250
:10412800000002468000001C80B584B000AF034642
:10413800B96087ED010AFB731346BB737868FCF717
:1041480003FA4FF000020B4BFCF756FA02460B46F7
:1041580010461946FCF712FD03469BB2BA7BF87B62
:10416800B968FFF78BFF0A20FDF73CF900BF10374D
:10417800BD4680BD0000244080B500AF0A20FDF791
:104188005BF90A20FDF72EF900BF80BD80B582B02B
:1041980000AF0346FB71FB791A464FF48061034870
:1041A80013F0FCFB00BF0837BD4680BD0008024283
:1041B80080B586B002AF78600B46FB7013463B8033
:1041C800FB785B08DBB2FB81FA893B8800931346D6
:1041D8007A6804490120FDF7A5F800BF1037BD46ED
:1041E80080BD00BF0000405A80B582B000AF0346D2
:1041F800FB71FB791A462021034813F0CFFB00BF5F
:104208000837BD4680BD00BF0008024280B586B0B1
:1042180002AF396011461A460346FB710B46BB7163
:104228001346BB80BB795B08DBB2FB81FB79032BB0
:104238001AD0032B22DC012B02D0022B0AD01DE05E
:10424800FA89BB88009313463A680F490120FDF7A5
:1042580069F814E0FA89BB88009313463A680B4959
:104268000120FDF75FF80AE0FA89BB88009313463E
:104278003A6807490120FDF755F800E000BF00BF84
:104288001037BD4680BD00BF0800000C04000008C0
:104298000200000480B500AF0020FFF7F9FB002002
:1042A800FFF760FC0020FFF789FE00210120FFF7DF
:1042B80097FE00210220FFF793FE00210320FFF75D
:1042C8008FFE00210420FFF78BFE0020FFF75EFF22
:1042D8000020FFF789FF00BF80BD80B58AB000AF1E
:1042E800B9607A601A460346FB8113467B73FB89E3
:1042F800FB84082387F82230BB681B68BB61002356
:10430800BB84002387F8233049E04FF000024FF0C8
:104318000003C7E904237A7B97F82330D31A87F878
:10432800213097F8212097F822309A420BD297F83B
:1043380023307A68D11897F8212007F1100318461E
:1043480026F00EFC0AE097F823307A68D11897F81F
:10435800222007F11003184626F002FC07F110028C
:10436800FB8C1146184624F01BFC0346BB84BB8C0F
:1043780003F48073002B03D024F02CFC0346BB8489
:10438800BB8C002B01D00CF06AFCFB8C0133FB8446
:1043980097F8232097F82230134487F8233097F8AA
:1043A80023207B7B9A42B0D316F052FD0346002BA4
:1043B80001D00CF054FCFB8C18462837BD4680BD54
:1043C80080B58AB000AFB9607A601A460346FB81AF
:1043D80013467B73FB89FB8407F1100300221A60E4
:1043E8005A609A60DA60082387F8243000237B84B7
:1043F800002387F8253048E007F11002FB8C1146AE
:10440800184624F0AFFB03467B847B8CDBB2FF2B82
:1044180001D10CF024FC7A7B97F82530D31A87F861
:1044280021307A7B97F824309A4207D27A7B07F1B9
:1044380010031946786826F093FB1CE097F82120B2
:1044480097F824309A420BD297F825307A681344AB
:1044580097F8212007F11001184626F081FB0AE0A1
:1044680097F825307A68134497F8242007F110014B
:10447800184626F075FBFB8C0133FB8497F8252042
:1044880097F82430134487F8253097F825207B7B4C
:104498009A42B1D3BB68002B02D0BA69BB681A60D4
:1044A800FB8C18462837BD4680BD000080B584B017
:1044B80000AF78600023FB607B68002B1DD03F2392
:1044C8003B8100237B8114E07B891B010D4A134447
:1044D80004227968184626F0D7FA0346002B05D13E
:1044E8007B891B01074A1344FB6006E07B89013383
:1044F8007B817A893B899A42E6D3FB681846103754
:10450800BD4680BDA007002080B594B000AF002351
:104518007B620023A7F84E30B44B1B681B699BB223
:104528007B84002387F84D30B04B1B689A68AF4BEB
:104538001B6842F001029A600023A7F84A3048E05D
:10454800B7F84A301B01AA4A1344184600F0CDFABE
:10455800034687F82B3097F82B3003F00703DBB2BC
:10456800002B07D097F82B30DB08DBB2013387F834
:104578004D3004E097F82B30DB0887F84D300023E6
:1045880087F849301AE0B7F84A301B01984A1344B3
:104598001B687B6207F1240304221946934810F034
:1045A8003DFE03469BB27B84B7F84E300133A7F833
:1045B8004E3097F84930013387F8493097F8492049
:1045C80097F84D309A42DED3B7F84A300133A7F84E
:1045D8004A303F22B7F84A309342B1D312F0ACF9CF
:1045E8000346002B01D00CF03AFB0023A7F8463015
:1045F800002022F0DFFF0346A7F84630B7F8463020
:10460800002B01D00CF02BFB0023A7F84630002329
:10461800A7F84430754B1B681B699BB2FB81734B31
:104628001B689A68714B1B6842F001029A6000236C
:10463800A7F842302DE0B7F842300133A7F84230EE
:1046480007F11002B7F842301146184624F08AFAEA
:104658000346A7F84630B7F84630002B19D1BB6996
:104668007B62FA89614B1B681A6107F124030422F3
:1046780019465E4810F0D2FD03469BB2FB815B4BA6
:104688001B685A4A12691A61B7F844300133A7F80F
:104698004430B7F84630002BCDD0B7F84230012B64
:1046A80003D1B7F84630072B10D007F10E0107F1F8
:1046B80022030222184626F0E7F90346002B05D10B
:1046C800B7F84E20B7F844309A4261D0002024F061
:1046D80045F90346A7F84630B7F84630002B01D015
:1046E8000CF0BDFA0123A7F842300023A7F84030A8
:1046F80048E0B7F840303E4A1B0113440433B7F88A
:1047080042201A800023FB63002387F83B30B7F868
:104718004030374A1B01134408331B68002B0FD065
:10472800B7F84030324A1B01134408331B68FB6258
:10473800FB6A1B68FB63FB6A1B7987F83B300DE05B
:10474800B7F840302A4A1B0113440C331B683B63FB
:104758003B6B1033FB63082387F83B30B7F84030D6
:104768001B01234A991897F83B30B7F84200FA6BB7
:10477800FFF7B3FD0346A7F84230B7F840300133DE
:10478800A7F840303F22B7F840309342B1D377E1E1
:104798000123A7F8423000233B8734E03B8F144ABB
:1047A8001B0113440433B7F842201A803B8F1B01C6
:1047B8000F4A1344184600F098F9034687F8373033
:1047C80097F83730DB08DBB2BB8697F8373003F051
:1047D8000703DBB2002B0DD0B7F84220BB8E134481
:1047E8009BB20133A7F842300AE000BF7090002066
:1047F800A0070020B7F84220BB8E1344A7F8423028
:104808003B8F01333B873F223B8F9342C6D33223F2
:10481800A3F1300213469B0013445B001A4636236B
:10482800303B13449C4A82FB03129210DB17D31AC5
:10483800DBB23033DBB23B723223A3F130021346D2
:104848009B0013445B001A463623303B1A44924BB4
:1048580083FB02139910D317C91A0B469B000B440C
:104868005B00D11ACBB23033DBB27B7241234A2BC7
:1048780005D17523612B02D167236E2B37D04123D5
:10488800462B34D041234D2B05D17523612B02D102
:104898006723722B2BD04123412B02D17523702B18
:1048A80025D041234D2B05D17523612B02D16723D8
:1048B800792B1CD041234A2B05D17523752B02D1A6
:1048C80067236E2B13D041234A2B05D17523752BF3
:1048D80002D167236C2B0AD04123412B02D17523C7
:1048E800752B04D04123532B01D0012300E0002372
:1048F800DBB23033DBB2BB7241234A2B05D17523BF
:10490800612B02D167236E2B51D04123462B4CD00B
:1049180041234D2B05D17523612B02D16723722BBF
:1049280041D04123412B02D17523702B39D041232B
:104938004D2B05D17523612B02D16723792B2ED0FE
:1049480041234A2B05D17523752B02D167236E2B82
:1049580023D041234A2B05D17523752B02D1672318
:104968006C2B18D04123412B02D17523752B10D005
:104978004123532B0BD041234F2B06D041234E2BE1
:1049880001D1312314E0322312E0302310E039231F
:104998000EE038230CE037230AE0362308E03523FD
:1049A80006E0342304E0332302E0322300E031231D
:1049B800FB722023202B0BD13323303B364A82FB5A
:1049C80003129210DB17D31ADBB23033DBB213E0D9
:1049D8002023A3F1300213469B0013445B001A46C0
:1049E8003323303B13442C4A82FB03129210DB170B
:1049F800D31ADBB23033DBB23B732023202B11D127
:104A08003323A3F13002244B83FB02139910D317ED
:104A1800C91A0B469B000B445B00D11ACBB230334A
:104A2800DBB218E02023A3F1300213469B001344A5
:104A38005B001A463323303B1A44174B83FB02139F
:104A48009910D317C91A0B469B000B445B00D11A67
:104A5800CBB23033DBB27B733B46062219460F4894
:104A680000F0ADF807F108013B460622184626F08B
:104A78000BF80346002B03D00021084800F057F834
:104A880011F07CFF0346002B01D00CF0E8F800BFC2
:104A98005037BD4680BD00BF676666669CC2020887
:104AA80080B584B000AF78600023FB737B68002B6F
:104AB80016D07868FFF7FAFCB860BB68002B0FD0F7
:104AC800BB689B68002B02D00123FB7308E0BB681E
:104AD800DB68002B02D00223FB7301E00023FB7389
:104AE800FB7B18461037BD4680BD80B586B000AF49
:104AF80078600023FB757B68002B13D07868FFF77C
:104B0800D5FC38613B69002B0CD03B699B68002BB6
:104B180006D03B699B68FB60FB681B79FB7501E06D
:104B28000823FB75FB7D18461837BD4680BD80B548
:104B380088B000AF786039607B68002B3BD078681C
:104B4800FFF7B4FC78617B69002B34D00023FB7736
:104B58003B68BB617B699B68002B0CD07B699B68B9
:104B6800FB60FB681B79FB77BB69002B0ED1FB68E8
:104B78001B68BB610AE00823FB77BB69002B05D1E2
:104B88007B69DB683B613B691033BB6111F0D4FE84
:104B98000346002B01D00CF062F87B699888FB7FF4
:104BA800BA697968FFF799FB11F0E8FE0346002B14
:104BB80001D00CF054F800BF2037BD4680BD80B549
:104BC80088B000AFF860B9601346FB71FB68002B32
:104BD80025D0BB68002B22D0F868FFF767FCB861C6
:104BE800BB69002B1BD00023FB77BB699B68002B9C
:104BF80006D0BB699B687B617B691B79FB7701E009
:104C08000823FB77FA79FB7F9A4201D2FB79FB777D
:104C1800BB699888FB7FBA680021FFF7D1FB00BF0A
:104C28002037BD4680BD80B586B000AF786039605A
:104C38007B68002B23D03B68002B20D07868FFF7D7
:104C480035FC78617B69002B19D07B699B68002B48
:104C58000BD07B699B68FB60FB681968FB681B7954
:104C68001A46386825F07CFF09E07B69DB683B6100
:104C78003B69103308221946386825F071FF00BFD8
:104C88001837BD4680BD80B586B000AF78604FF05C
:104C980000024FF00003C7E904237B68002B12D001
:104CA8007868FFF703FCF860FB68002B0BD0FB6803
:104CB800DB68002B07D0FB68DB68BB60BB68D3E907
:104CC8000623C7E90423D7E9042343EC172BB0EEE6
:104CD800470AF0EE670A1837BD4680BD80B588B030
:104CE80000AFF86087ED000B0023FB77FB68002B13
:104CF80023D0F868FFF7DAFBB861BB69002B1CD03A
:104D0800BB69DB68002B18D0BB69DB687B617B69FA
:104D1800D3E90223D7E90001FBF7EAFE0346002B9B
:104D28000BD07B69D3E90023D7E90001FBF7EAFE42
:104D38000346002B01D00123FB77FB7F1846203761
:104D4800BD4680BD80B588B000AFF86087ED000B28
:104D5800FB68002B48D0F868FFF7A8FBF861FB69EF
:104D6800002B41D0FB69DB68002B3DD0FB69DB6879
:104D7800BB61BB69D3E90623D7E90001FBF766FDF0
:104D880002460B4643EC172BB0EE470AF0EE670AD3
:104D980025F06EFF51EC100BBB69D3E90623FBF736
:104DA8002BFC02460B46C7E90423BB69D3E9002361
:104DB800D7E90401FBF792FE0346002B03D0BB6939
:104DC800D3E9002314E0BB69D3E90223D7E904013E
:104DD800FBF7A2FE0346002B03D0BB69D3E90223ED
:104DE80006E0D7E9042303E04FF000024FF0000388
:104DF80043EC172BB0EE470AF0EE670A2037BD46A2
:104E080080BD000080B483B000AF0346FB80044A35
:104E1800FB88138000BF0C37BD465DF8047B7047E4
:104E28004449002080B400AF034B1B881846BD4698
:104E38005DF8047B704700BF4449002080B582B00C
:104E480000AF4FF000024FF00003C7E900233B46D4
:104E5800082219460748FFF7B2FED7E90023104693
:104E68001946FBF763FE0346034A136000BF083781
:104E7800BD4680BD04C30208900B002080B582B0F7
:104E880000AF4FF000024FF00003C7E900233B4694
:104E9800082219460748FFF792FED7E90023104673
:104EA8001946FBF743FE0346034A136000BF083761
:104EB800BD4680BD04C30208940B002080B588B0AD
:104EC80000AF04227A494FF42020FCF759FB784BB5
:104ED8001B88002B03D0764B5B88002B13D1744BB7
:104EE80040F201221A80724B40F201225A800123BB
:104EF80004226F494FF42020FCF70EFB6D4B40F263
:104F080001221A801DE06A4B1B8840F2012293425D
:104F180013D0674B40F201221A80654B40F2012200
:104F28005A800123042262494FF42020FCF7F4FA46
:104F3800604B40F201221A8003E05D4B5A885D4BBA
:104F48001A805D4BD3F8F43003F00053002B03D0E4
:104F580000215A48FEF7BAF8574BD3F8F43003F05B
:104F68000073002B08D0534B1B88B3F5027F03D086
:104F7800504B4FF400721A804F4BD3F8F4304E4A1E
:104F880043F40003C2F8F4304A4B1B88B3F5027FA0
:104F980062D0484B1B884FF6FF7293425CD00221C7
:104FA80047481BF0BBFFF861FB69022B54D94FF04F
:104FB80000024FF00003C7E9022307F108030822A3
:104FC80019464048FFF7FBFD0023FB800023BB8008
:104FD8000120FEF75DFD0A200CF074FF3A1DBB1D91
:104FE80011461846FEF766FD0020FEF751FDFA88C7
:104FF800BB889A420BD3FB881846FBF783FA4FF01D
:105008000002314BFBF722FC02460B460AE0BB8844
:105018001846FBF777FA4FF000022B4BFBF716FC0C
:1050280002460B46C7E90423D7E90223D7E904015E
:10503800FBF772FD0346002B0AD00022012120480D
:105048001BF054FF002202211D481BF04FFF03E014
:10505800184B4FF480721A80FFF7F0FEFFF70EFF2F
:10506800144B1B88B3F5027F14D0B3F5027F1ADC0A
:10507800B3F5017F04D040F20522934205D012E037
:10508800124B4FF0FF321A600EE0114B4FF0FF3217
:105098001A6009E00D4B4FF0FF321A600C4B4FF0CD
:1050A800FF321A6000E000BF00BF2037BD4680BD58
:1050B8004049002044490020000C02460CC3020865
:1050C8000093002014C3020800408F40900B00207A
:1050D800940B002080B58AB000AF0346FB71334AB9
:1050E800FB791370314B1B78002B5AD04FF000021C
:1050F8004FF00003C7E9062307F1180308221946F1
:105108002B48FFF75CFDD7E9062310461946FBF745
:1051180035FD034687F8273097F82730002B3DD018
:1051280097F82730062B39D84FF000024FF00003CC
:10513800C7E9042397F82730013B1E4A52F8233069
:1051480007F1100108221846FFF739FDD7E90423B3
:1051580010461946FBF712FD03469AB2164B1A8001
:105168004FF000024FF00003C7E9022397F82730F9
:10517800013B124A52F8233007F108010822184669
:10518800FFF71DFDD7E9022310461946FBF7F6FC89
:1051980003469AB20A4B1A8000BF02E0034B002272
:1051A8001A7000BF2837BD4680BD00BF4A4900209D
:1051B8001CC30208980B002046490020B00B0020B1
:1051C8004849002080B400AF0B4B1B68002B04DD5E
:1051D800094B1B68013B084A1360084B1B68002BEE
:1051E80004DD064B1B68013B044A136000BFBD4643
:1051F8005DF8047B704700BF900B0020940B0020E3
:1052080080B58CB000AF0CF051FE7862644B1B681F
:105218007A6AD31A47F22F52934240F2B880604A12
:105228007B6A13605F4B1B8840F20922934200F0AF
:10523800B0805C4B1B8840F20A22934200F0A980A0
:10524800584B1B88B3F5027F00F0A380554B1B8891
:10525800B3F5807F00F09D80524B1B884FF6FF729C
:10526800934200F096804FF400714F4812F07EFB95
:105278000346012B00F08F804FF000024FF000032F
:10528800C7E904234FF000024FF00003C7E90223E7
:1052980007F11003082219464448FFF790FC07F16C
:1052A8000803082219464248FFF789FC0023FB80BF
:1052B8000023BB800120FEF7EBFB0A200CF002FE66
:1052C8003A1DBB1D11461846FEF7F4FB0020FEF7F9
:1052D800DFFBFA88BB889A420BD3FB881846FBF79A
:1052E80011F94FF00002334BFBF7B0FA02460B46B8
:1052F8000AE0BB881846FBF705F94FF000022D4B72
:10530800FBF7A4FA02460B46C7E9062301212A48FF
:105318001BF004FEF862022127481BF0FFFDB8626B
:10532800D7E90423D7E90601FBF7F6FB0346002B70
:1053380004D00023FB620023BB621DE0D7E90223EF
:10534800D7E90601FBF7E8FB0346002B03D0FB6A0D
:105358000133FB6210E0FB6A0133FB62BB6A013375
:10536800BB62BB6A022B07D900211448FDF7AEFEC9
:105378000C4B4FF480721A80FA6A01210E481BF018
:10538800B5FDBA6A02210C481BF0B0FD04E000BF6D
:1053980002E000BF00E000BF3037BD4680BD00BF5F
:1053A8004C490020444900200008024214C3020866
:1053B80024C3020800408F40009300202CC3020839
:1053C80080B483B000AF0346FB71FB79002B23D078
:1053D8001C4B1B88B3F5807F04D01A4B1B88B3F590
:1053E800007F29D3174B1B884FF6FF72934223D0B7
:1053F800144B1B88B3F5027F1ED0124B1B88B3F5E4
:10540800807F04D10F4B40F201221A8014E00D4B2B
:1054180040F209221A800FE00A4B1B8840F2092249
:10542800934205D0074B1B8840F20A22934203D1CE
:10543800044B40F201221A8000BF0C37BD465DF8CC
:10544800047B70474449002080B588B000AF364BD4
:105458001B8840F20922934262D0334B1B8840F2EA
:105468000A2293425CD007F10803002219462F480C
:105478001BF018FA0346002B01D00BF0F0FB3B1D84
:105488000022194629481BF005FB0346002B01D0D2
:105498000BF0E5FB3B7A1A461201D31A9B009BB22C
:1054A8007A7A1344FB83204B1B88B3F5807F27D17E
:1054B8001F4B1B68002B08D11B4B4FF401721A803D
:1054C8001B4B4FF0FF321A602BE01A4B1B68002B66
:1054D80008D1154B40F205221A80164B4FF0FF32C7
:1054E8001A601EE0144B1B78002B1AD0134B1B8834
:1054F800FA8B9A4215D10C4B40F203221A8010E025
:10550800094B1B8840F2032293420AD10C4B1B889B
:10551800FA8B9A4205D1044B4FF400721A8000E0CE
:1055280000BF2037BD4680BD4449002000930020BD
:10553800900B0020940B00204A4900204649002087
:105548004849002080B588B000AF0346FB712C4B5A
:105558001B884FF6FF7293424DD0294B1B88B3F539
:10556800027F48D04FF000024FF00003C7E9042340
:1055780007F11003082219462248FFF720FBD7E954
:10558800042310461946FBF7F9FA0346FB774FF058
:1055980000024FF00003C7E9022307F108030822BD
:1055A80019461948FFF70BFBD7E90223104619469D
:1055B800FBF7E4FA0346BB77FA79FB7F9A421AD3E2
:1055C800FA79BB7F9A4216D800211048FDF77EFD74
:1055D8000B4B1B88B3F5807F04D1094B40F20122A5
:1055E8001A8008E0064B1B88B3F5007F03D3044BF1
:1055F8004FF480721A8000BF2037BD4680BD00BFBF
:105608004449002034C302083CC3020844C30208CA
:10561800B0B586B000AFF860B96087ED000BBA6826
:10562800FB689A4204D94FF000024FF0000324E0CF
:10563800B868FAF767FF16A3D3E90023FAF7DCFF87
:1056480002460B4614461D46F868FAF75BFF024609
:105658000B4620462946FBF7F9F802460B46C7E9F0
:10566800042397ED040B25F0BFFA51EC100BD7E992
:105678000023FAF7C1FF02460B4643EC172BB0EEA6
:10568800470AF0EE670A1837BD46B0BDAFF3008091
:10569800182D4454FB21194080B584B000AF07F1A0
:1056A800080383E803001346FB717B7A002B13D0B1
:1056B800364B1B7883F00103DBB2002B06D0FB7955
:1056C8001A460121324812F069F905E0FB791A46B9
:1056D80004212F4812F062F9BB7A002B13D02B4B10
:1056E8001B7883F00103DBB2002B06D0FB791A4646
:1056F8000121274812F052F905E0FB791A460421E6
:10570800234812F04BF9FB7A002B10D01F4B5B7823
:10571800002B06D0FB791A4601211D4812F03EF9EC
:1057280005E0FB791A460421194812F037F93B7B4A
:10573800002B10D0154B5B78002B06D0FB791A464E
:105748000121134812F02AF905E0FB791A460421D1
:105758000F4812F023F93B7A002B13D00B4B1B7820
:1057680083F00103DBB2002B06D0FB791A46012136
:10577800074812F013F905E0FB791A46042104489A
:1057880012F00CF900BF1037BD4680BD484D00200F
:10579800000C024280B584B000AF07F1080383E82B
:1057A80003001346FB717B7A002B05D0FB791A4660
:1057B8000221154812F0F2F8BB7A002B05D0FB79CC
:1057C8001A460821104812F0E9F8FB7A002B05D098
:1057D800FB791A4610210C4812F0E0F83B7B002BAD
:1057E80005D0FB791A462021074812F0D7F83B7AF2
:1057F800002B05D0FB791A464021034812F0CEF859
:1058080000BF1037BD4680BD000C024290B585B080
:1058180000AF07F1080484E80300394681E80C006A
:105828007B78002B0BD07B7A83F00103DBB21A461E
:105838008021254812F0B2F87A7A244BDA70BB78C6
:10584800002B0CD0BB7A83F00103DBB21A464FF46D
:1058580080711D4812F0A2F8BA7A1C4B1A71FB78B5
:10586800002B0CD0FB7A83F00103DBB21A464FF40D
:105878000071154812F092F8FA7A144B5A713B7974
:10588800002B0CD03B7B83F00103DBB21A464FF4AC
:1058980080610D4812F082F83A7B0C4B9A713B7884
:1058A800002B0CD03B7A83F00103DBB21A464FF48D
:1058B8000061054812F072F83A7A044B9A7000BFFA
:1058C8001437BD4690BD00BF000C0242484D002071
:1058D80090B585B000AF07F1080484E803003946A5
:1058E80081E80C0000223B4693E80300FFF7D4FE52
:1058F80000223B4693E80300FFF74CFF3B460CCBE6
:1059080007F1080103C9FFF781FF01223B4693E82D
:105918000300FFF73FFF01223B4693E80300FFF730
:10592800BBFE00BF1437BD4690BD000090B587B0E0
:1059380000AF07F1080484E80300394681E80C0049
:10594800FF23FB750023BB7500237B7500233B7584
:105958007B78002B07D07B7A83F00103DBB2002B26
:1059680001D00123FB75BB78002B07D0BB7A83F0ED
:105978000103DBB2002B01D00223FB75FB78002B5F
:1059880007D0FB7A83F00103DBB2002B01D003239D
:10599800FB753B79002B07D03B7B83F00103DBB21F
:1059A800002B01D00423FB753B78002B07D03B7AF2
:1059B80083F00103DBB2002B01D00523FB75FB7DCF
:1059C800052B28D8FB7D013BBB75BB7D03F001038C
:1059D800BB75FB7D013B5B107B757B7D03F0010391
:1059E8007B75FB7D013B9B103B753B7D03F0010301
:1059F8003B75BB7D1A460221094811F0CFFF7B7D1C
:105A08001A460821064811F0C9FF3B7D1A461021A5
:105A1800034811F0C3FF00BF1C37BD4690BD00BF4F
:105A28000014024280B582B000AF03460A46FB71FB
:105A38001346BB71FB791A464FF400610E4811F00A
:105A4800ADFF0A200CF03EFABB791A464FF480519C
:105A5800094811F0A3FF0A200CF034FABB791A4662
:105A68004FF40041044811F099FF0A200CF02AFA7B
:105A780000BF0837BD4680BD000402420000000098
:105A880080B58AB000AF0346FB8001224FF48051F5
:105A98001F4811F083FF0A200CF014FAFB881846FF
:105AA800FAF730FD4FF000021A4BFAF7CFFE024624
:105AB8000B46C7E9082397ED081B9FED110B24F04F
:105AC80023FF87ED060B10A3D3E90023D7E90601CE
:105AD800FAF7DAFB02460B46C7E9042397ED040BF5
:105AE80024F0AAFE0346FB73FB7B19460020FBF754
:105AF8000FFF034618462837BD4680BDAFF3008028
:105B08000000000080C014410000000000A1E34034
:105B18000004024200408F4080B582B000AF0346C7
:105B2800FB71FB791A464FF40071034811F036FFF8
:105B380000BF0837BD4680BD0004024280B582B070
:105B480000AF0023FB712E4B1B683B603B88194656
:105B5800052024F0DBFD02462A4B11461970C2F3DA
:105B680007215970C2F307429A70264B1B782649C1
:105B78001846FBF775FE03461A46FB791343FB717B
:105B880005200CF09FF97B881946042024F0BEFDFF
:105B980002461C4B11461970C2F307215970C2F313
:105BA80007429A70174B1B7817491846FBF758FE9F
:105BB80003461A46FB791343FB7105200CF082F962
:105BC800104B1A78114B1A70104B1B781049184655
:105BD800FBF760FE03461A46FB791343FB71032269
:105BE8000A49084824F050FF0346002B03D0FB79EC
:105BF80043F00103FB71FB7918460837BD4680BDA9
:105C08004CC302085C4D00205D4D0020604D002013
:105C1800614D002080B584B000AF03460A46FB8082
:105C28001346BB800023BB810023FB73F888022343
:105C3800022240F6C41124F097FD0346BB81BB89BC
:105C48001946082024F062FD0246394B11461970A6
:105C5800C2F307215970C2F307429A70344B1B787C
:105C680034491846FBF7FCFD03461A46FB7B1343F1
:105C7800FB732F4B1A78304B1A702F4B1B782F4918
:105C88001846FBF707FE03461A46FB7B1343FB73D4
:105C980003222949264824F0F7FE0346002B03D0A7
:105CA800FB7B43F00103FB73B8880223022240F612
:105CB800C41124F059FD0346BB81BB89194609204C
:105CC80024F024FD02461A4B11461970C2F307212D
:105CD8005970C2F307429A70154B1B78154918463C
:105CE800FBF7BEFD03461A46FB7B1343FB73104BC1
:105CF8001A78114B1A70104B1B7810491846FBF78D
:105D0800C9FD03461A46FB7B1343FB7303220A496A
:105D1800074824F0B9FE0346002B03D0FB7B43F071
:105D28000103FB73FB7B18461037BD4680BD00BFDF
:105D38005C4D00205D4D0020604D0020614D00202D
:105D480080B485B000AFF860B9601346FB80FB688B
:105D58004FF47A7202FB03F3174AD362BB684FF41D
:105D68007A7202FB03F3144A1363134AFB88A2F8FE
:105D78004C30114B0022A3F84E200F4B00225A63DF
:105D88000D4B5A6B0C4BDB6A13440B4A93630A4B5B
:105D9800DA68094B1B6BD31A074AD363064BDB68D7
:105DA800054A1364044B9B68034A536400BF1437C5
:105DB800BD465DF8047B7047504900200000000094
:105DC800B0B590B000AF87ED000B4FF00002844BE8
:105DD800D7E90001FAF73AFD02460B46C7E90A235C
:105DE8004FF000024FF00003D7E90A01FAF780FEEE
:105DF8000346002B04D04FF000024FF00003CCE024
:105E08006BA3D3E90023D7E90A01FAF7F5FB0246A9
:105E18000B461046194668A3D3E90023FAF7ECFBB2
:105E280002460B46C7E90E2300237B6397E064A371
:105E3800D3E90023D7E90E01FAF7DEFB02460B4649
:105E4800C7E9082360A3D3E90023D7E90A01FAF7D1
:105E5800D3FB02460B4614461D46D7E90A23D7E969
:105E68000801FAF7F3FC02460B4610461946FAF702
:105E7800A5FE034600EE103A24F080FEF0EE407ACC
:105E88009FED587A67EE877A17EE900AFAF75CFB6F
:105E980002460B4620462946FAF7F6F902460B4613
:105EA80014461D464FF000024D4BD7E90801FAF79A
:105EB800A3FB02460B4620462946FAF7E5F90246B7
:105EC8000B46C7E90623D7E90E2341A1D1E9000112
:105ED800FAF7BCFC02460B46104619463EA3D3E926
:105EE8000023FAF7D1F902460B46C7E90423D7E99C
:105EF8000423D7E90601FAF7A9FC02460B46C7E9CD
:105F08000223D7E90223D7E90E01FAF7BDF90246C1
:105F18000B46C7E90E23D7E90201FAF74FFE07EE51
:105F2800900AF0EEE77A9FED307AF4EEC77AF1EE58
:105F380010FA19D44FF000024FF00003D7E90E0110
:105F4800FAF7D6FD0346002B06D04FF000024FF0BB
:105F58000003C7E90E2308E07B6B01337B637B6B8F
:105F6800132B7FF764AF00E000BF4FF000021F4B18
:105F7800D7E90E01FAF7D0FD0346002B04D04FF005
:105F880000021A4BC7E90E234FF00002144BD7E961
:105F98000E01FAF731FB02460B4643EC172BB0EE25
:105FA800470AF0EE670A4037BD46B0BDAFF3008040
:105FB800000000403333C33F0000000000E0A5406C
:105FC800B1A934E4DC67373F0000000000C062403C
:105FD800000000206C789ABFB76DDBB66DDBD63F4A
:105FE80000408F4061C3D33CCCBC8C2B00000440E4
:105FF80080B582B000AF0346FB71FB791A460221D7
:10600800034811F0CBFC00BF0837BD4680BD00BF78
:106018000010024280B582B000AF0346FB71FB79E5
:106028001A460421034811F0B9FC00BF0837BD46E1
:1060380080BD00BF0010024280B582B000AF0346A9
:10604800FB71FB7983F00103DBB21A468021034818
:1060580011F0A4FC00BF0837BD4680BD0010024205
:1060680080B582B000AF3B4683E803003B7883F0FD
:106078000103DBB21A464FF48051264811F08EFC1A
:106088007B7883F00103DBB21A464FF400512148B4
:1060980011F084FCFB7883F00103DBB21A468021FF
:1060A8001C4811F07BFC3B7983F00103DBB21A46F4
:1060B8004FF48071174811F071FC7B7983F001036C
:1060C800DBB21A464FF40071124811F067FCBB7935
:1060D80083F00103DBB21A464FF480610D4811F0DA
:1060E8005DFCBB7883F00103DBB21A464FF4006114
:1060F800084811F053FC084B3A4692E80300186030
:106108000433198002330A0C1A7000BF0837BD46E1
:1061180080BD00BF000C0242484D002080B582B00F
:1061280000AF3B4683E80300264B3A4692E803005B
:1061380018600433198002330A0C1A70224B5B7DF5
:1061480083F00103DBB2002B37D0204B5B7D83F05B
:106158000103DBB2002B30D01D4B1B7F83F0010302
:10616800DBB2002B29D03B781A460121194811F0DF
:1061780015FC7B781A460421164811F00FFCBB78F1
:106188001A460221134811F009FCFB781A46082127
:10619800104811F003FC3B791A4610210D4811F004
:1061A800FDFB7B791A4620210A4811F0F7FBBB79E1
:1061B8001A464021074811F0F1FB00BF0837BD46D9
:1061C80080BD00BF504D002050490020A04900204C
:1061D800F0490020000C024290B585B000AF3C4663
:1061E80084E80F003B68184A13607B685B08164A0E
:1061F8005360BA68FB6813444FF47A7202FB03F3E6
:10620800114A9360BB684FF47A7202FB03F30E4A9B
:10621800D3600D4B5B7D002B11D00B4B5A680B4B99
:106228001B68013ADA62084B5B68013B074AD36096
:10623800064B1B68044A12685A6301F017F800BF3E
:106248001437BD4690BD00BF50490020C0930020C0
:1062580090B585B000AF3C4684E80F003B68184A0B
:1062680013607B685B08164A5360BA68FB6813447E
:106278004FF47A7202FB03F3114A9360BB684FF440
:106288007A7202FB03F30E4AD3600D4B5B7D002B41
:1062980011D00B4B5A680B4B1B68013ADA62084B5A
:1062A8005B68013B074AD360064B1B68044A1268C7
:1062B8005A6300F0DBFF00BF1437BD4690BD00BF36
:1062C800A04900205894002080B584B000AF034650
:1062D800FB717F4B5B7D002B40F0F6807C4B0022EE
:1062E8001A617B4B00229A64794B01221A75784B0C
:1062F800002283F82A20764AFB7982F82B30744BE7
:1063080093F82B30002B03D0714BDB68704A9360F5
:106318006F4B704A163302321168196012791A717C
:106328006B4BDB7D002B14BF01230023DBB283F012
:106338000103DBB203F00103DAB2654B1A77644B51
:106348001B7E002B14BF01230023DBB283F0010363
:10635800DBB203F00103DAB25D4B5A775C4B5B7E2C
:10636800002B14BF01230023DBB283F00103DBB24F
:1063780003F00103DAB2564B9A77554B9B7E002BFC
:1063880014BF01230023DBB283F00103DBB203F067
:106398000103DAB24E4BDA774D4B9B7D002B14BFCD
:1063A80001230023DBB283F00103DBB203F0010316
:1063B800DAB2474BDA76464B002283F82120444B69
:1063C800002283F82220424B002283F82320404BEE
:1063D800002283F824203E4B002283F82020052247
:1063E80000213D4824F079FB3C4B1B78002B23D03F
:1063F800384B1B7883F00103DBB2002B0ED0374BF0
:106408009A78334B83F82620344BDA78304B83F86C
:106418002720324B9A792E4B83F825202D4B5B7819
:10642800002B09D02D4B1A79294B83F828202B4BA8
:106438005A79274B83F829200023FB60244B5B689B
:10644800092B0BD9224B5B680A3BFB60204B1B686E
:10645800FA689A4202D21E4B1B68FB601C4B5A68B2
:106468001F4B1B68013ADA62194B5B68013B1C4AF7
:10647800D3601B481CF02EFB0346002B01D00AF00A
:10648800EEFB174B1B68124A12685A630021144826
:106498001CF058FF0346002B01D00AF0E0FB104B1C
:1064A8001B68FA689A6304210D481CF043FC0346F4
:1064B800002B01D00AF0D3FB094B1B6800225A625B
:1064C800034B01225A7500E000BF1037BD4680BD5E
:1064D80050490020484D002075490020504D0020AB
:1064E800C093002080B582B000AF7B4B5B7D002B52
:1064F80040F0ED80784B00221A61774B00229A64B5
:10650800754B01221A75744B002283F82A20724BAE
:10651800002283F82B20704B704A16330232116820
:10652800196012791A716C4BDB7D002B14BF0123A3
:106538000023DBB283F00103DBB203F00103DAB21C
:10654800654B1A77644B1B7E002B14BF0123002375
:10655800DBB283F00103DBB203F00103DAB25E4B76
:106568005A775D4B5B7E002B14BF01230023DBB2FF
:1065780083F00103DBB203F00103DAB2564B9A77DA
:10658800554B9B7E002B14BF01230023DBB283F005
:106598000103DBB203F00103DAB24F4BDA774E4B5B
:1065A8009B7D002B14BF01230023DBB283F0010382
:1065B800DBB203F00103DAB2474BDA76464B00222E
:1065C80083F82120444B002283F82220424B0022EA
:1065D80083F82320404B002283F824203E4B0022DE
:1065E80083F82020052200213D4824F076FA3D4B0F
:1065F8005B78002B23D0394B1B78002B0ED0394BFE
:106608009A78354B83F82620364BDA78324B83F864
:106618002720344B9A79304B83F825202F4B5B7811
:1066280083F00103DBB2002B09D02E4B1A792A4BD9
:1066380083F828202B4B5A79274B83F829200023ED
:106648007B60254B5B68092B0BD9234B5B680A3BA6
:106658007B60214B1B687A689A4202D21E4B1B68EA
:106668007B601D4B5A68204B1B68013ADA621A4B53
:106678005B68013B1C4AD3601B481CF02BFA03469D
:10668800002B01D00AF0EBFA174B1B68124A12686C
:106698005A63002114481CF055FE0346002B01D014
:1066A8000AF0DDFA104B1B687A689A6304210E48D9
:1066B8001CF040FB0346002B01D00AF0D0FA0A4B2D
:1066C8001B6800225A62044B01225A7500E000BF81
:1066D8000837BD4680BD00BFA0490020484D0020B6
:1066E800C5490020504D00205894002080B500AFC7
:1066F800124B5B7D002B1ED011481CF08BFA034611
:10670800002B01D00AF0ABFA00210D481CF0BAFFAB
:106718000346002B01D00AF0A2FA042108481CF015
:10672800A9FC0346002B01D00AF099FA5022002157
:10673800024824F0D2F900BF80BD00BF50490020B4
:10674800C093002080B500AF124B5B7D002B1ED09C
:1067580011481CF05FFA0346002B01D00AF07FFABB
:1067680000210D481CF08EFF0346002B01D00AF0D3
:1067780076FA042108481CF07DFC0346002B01D062
:106788000AF06DFA50220021024824F0A6F900BF51
:1067980080BD00BFA04900205894002090B593B058
:1067A80000AF0346FB71FB79002B40F0A180B04B92
:1067B8001B68DB6A01337B63AD4B1B685B6A3B6319
:1067C800AC4B1A693B6B1344AA4A9268B3FBF2F1CB
:1067D80001FB02F29B1AFB62A64B1A697B6B1344FE
:1067E800A44A9268B3FBF2F101FB02F29B1AA14A98
:1067F8001361A04BDB68FA6A9A4269D29D4B93F801
:106808002A3083F00103DBB2002B61D0994B1B7D4A
:10681800002B2ED0974B974AD3F825100C4693F8A7
:106828002910002361F30703D2F816100846927E58
:10683800002162F307012246FFF74AF88D4B93F8CF
:106848002B30002B00F04B818A4B8A4AD3F8251055
:106858000C4693F82910002361F30703D2F81610A9
:106868000846927E002162F307012246FFF75EF890
:1068780035E1804B7F4AD3F825100C4693F8291050
:10688800002361F30703D2F81B100846D27F0021CA
:1068980062F307012246FFF71BF8764B93F82B307B
:1068A800002B00F01C81734B724AD3F825100C465C
:1068B80093F82910002361F30703D2F81B10084648
:1068C800D27F002162F307012246FFF72FF806E185
:1068D800684B6849D3F82520104693F829200023EF
:1068E80062F307030246203103C9FEF7F1FFF7E020
:1068F800FB79012B00F0F480FB79022B40F0F0804B
:106908005C4B93F82B3083F00103DBB2002B0ED0E5
:10691800584B5849D3F82520104693F829200023CE
:1069280062F307030246203103C9FEF7D1FF514B3A
:106938001B7D002B14BF01230023DBB283F001036E
:10694800DBB203F00103DAB24A4B1A7507F1080308
:1069580024220021184624F0C0F807F10803242255
:106968001946454824F090F80346002B00F0B880FB
:106978003F4B1B68DB6A01337B643E4B9A6C7B6C34
:1069880013443C4A526CB3FBF2F101FB02F29B1A2E
:10699800384A9364374B9A6C364B5B6B9A4224D3D4
:1069A800344B9A6C334B9B6B9A421ED2314B9B6C87
:1069B8003B64304BDB6A9C002E4BB3F84C301846D6
:1069C800F9F7A0FD02460B4643EC102B396C204624
:1069D800FEF71EFE53EC102B10461946FAF7CEF8B8
:1069E80003469AB2254B1A804DE0224B9A6C214BF4
:1069F8009B6B9A420BD31F4B9A6C1E4BDB6B9A42D4
:106A080005D21C4BB3F84C201C4B1A803BE0194BA9
:106A18009A6C184BDB6B9A4232D3164B9A6C154B17
:106A28001B6C9A422CD2134B9A6C124BDB6BD21A0A
:106A3800104B1B6B1344FB630E4B1B6B9C000D4BE5
:106A4800B3F84C301846F9F75DFD02460B4643ECA7
:106A5800102BF96B2046FEF7DBFD53EC102B10468C
:106A68001946FAF78BF803469AB2044B1A800AE0E3
:106A7800C0930020504900207C490020584D002038
:106A8800194B00221A80194BB3F84E20164B1B885D
:106A98009A4225D0144B1A88144BA3F84E20124B57
:106AA80018880223022240F6C41123F05DFE034633
:106AB8007B877B8F1946082023F028FE02460C4B63
:106AC80011461970C2F307215970C2F307429A7030
:106AD800074B1B7807491846FAF7F6FE00E000BF97
:106AE80000BF4C37BD4690BD584D0020504900208E
:106AF8005C4D00205D4D002090B587B000AF034687
:106B0800FB71FB79002B6CD1504B1B68DB6A01339E
:106B18007B614E4B1B685B6A3B614D4B1A693B6955
:106B280013444B4A9268B3FBF2F101FB02F29B1A41
:106B3800FB60474B1A697B691344454A9268B3FB6B
:106B4800F2F101FB02F29B1A414A1361404BDB68E8
:106B5800FA689A4235D23E4B93F82A3083F0010303
:106B6800DBB2002B2DD03A4B1B7D002B14D0384BB9
:106B7800374AD3F825100C4693F82910002361F3FF
:106B88000703D2F816100846927E002162F3070127
:106B98002246FEF79DFE54E02D4B2D4AD3F82510D2
:106BA8000C4693F82910002361F30703D2F81B1051
:106BB8000846D27F002162F307012246FEF788FECD
:106BC8003FE0234B2249D3F82520104693F829208B
:106BD800002362F307030246203103C9FEF778FE5B
:106BE8002FE0FB79012B05D101220221194810F071
:106BF800D5FE26E0FB79022B23D10022022115487D
:106C080010F0CCFE124B1249D3F82520104693F809
:106C18002920002362F307030246203103C9FEF747
:106C280057FE0B4B1B7D002B14BF01230023DBB247
:106C380083F00103DBB203F00103DAB2044B1A75E7
:106C4800FFE700BF1C37BD4690BD00BF5894002029
:106C5800A04900200010024284B0F0B587B000AF10
:106C680007F1300686E80F003B6B524A13603B6B16
:106C7800514AA2FB03235B094E4A93607B6B3A6B34
:106C8800B3FBF2F101FB02F29B1A4A4A53603A8FB6
:106C9800484B9A81FA6B3B6C13444FF47A7202FBAF
:106CA80003F3444A1361FB6B4FF47A7202FB03F35C
:106CB800404A53613F4B5B683E4A1268B3FBF2F1AE
:106CC80001FB02F29A1A3B4B9B68B2FBF3F39BB2AF
:106CD80001339AB2374BA3F85423364BB3F85433E5
:106CE800354AA2FB03125209642101FB02F29B1AE6
:106CF8009AB2304BA3F8542300237B613EE02D4B1E
:106D08009B687A6903FB02F22A497B690633DB0038
:106D18000B445A60274B1E68264A7B690633DB0002
:106D280013445B687B60234B9B891846F9F7EAFBA1
:106D380002460B4643EC102B79683046FEF768FC98
:106D480087ED020BBC68FB6823F000452046294606
:106D5800F9F714FF034698B20223022240F6C41141
:106D680023F002FD03461946124A7B690633DB000D
:106D780013440A461A817B6901337B617B69632B63
:106D8800BDD90C4B1B7F002B0DD00A4BB3F85433E5
:106D980018460A4B1A680749831DDB000B445B68D9
:106DA800936300F063FA00BF1C37BD46BDE8F040AE
:106DB80004B07047F04900201F85EB510C94002067
:106DC80080B582B000AF974B00229A61954B0022A4
:106DD80083F83120934B944A1D33023211681960AD
:106DE80012791A718F4B9B7F002B14BF012300234C
:106DF800DBB283F00103DBB203F00103DAB2894BA3
:106E080083F82320874BDB7F002B14BF012300234B
:106E1800DBB283F00103DBB203F00103DAB2814B8A
:106E280083F824207F4B93F82030002B14BF0123D4
:106E38000023DBB283F00103DBB203F00103DAB213
:106E4800784B83F82520774B93F82130002B14BF1B
:106E580001230023DBB283F00103DBB203F001035B
:106E6800DAB2704B83F826206E4B5B7F002B14BF81
:106E780001230023DBB283F00103DBB203F001033B
:106E8800DAB2684B83F82220664B002283F8282068
:106E9800644B002283F82920624B002283F82A20C1
:106EA800604B002283F82B205E4B002283F82720BA
:106EB800052200215D4823F010FE5D4B5B78002B16
:106EC80023D0594B1B78002B0ED0594B9A78554B31
:106ED80083F82D20564BDA78524B83F82E20544BEA
:106EE8009A79504B83F82C204F4B5B7883F0010341
:106EF800DBB2002B09D04E4B1A794A4B83F82F206E
:106F08004B4B5A79474B83F83020012202214948DC
:106F180010F044FD0223022240F6C411002023F0A1
:106F280023FC0346FB80FB881946092023F0EEFB6F
:106F38000246414B11461970C2F307215970C2F33A
:106F480007429A703C4B1B783C491846FAF788FC74
:106F5800344B5A68334B1B685B089A420FD2314A4C
:106F6800304BD3F81D10084693F82130002163F305
:106F7800070102F12C030CCBFEF7AAFC0EE0294A0C
:106F8800284BD3F82210084693F82630002163F3E3
:106F9800070102F12C030CCBFEF79AFC214B1A686F
:106FA800274B1B68013ADA621E4B1B68013B244AD7
:106FB800D36023481BF08EFD0346002B01D009F057
:106FC8004EFE184B1A681E4B1B6852085A63002164
:106FD8001B481CF0B7F90346002B01D009F03FFE0F
:106FE800104BB3F854331846154B1A680D49831DD6
:106FF800DB000B445B689363042111481BF09AFE85
:107008000346002B01D009F02AFE0D4B1B68054AE8
:1070180052685A62034B01221A7700BF0837BD46EF
:1070280080BD00BFF0490020484D00201C4A0020C8
:10703800504D0020001002425C4D00205D4D0020A4
:107048000C94002080B500AF124B1B7F002B1FD083
:1070580011481BF0DFFD0346002B01D009F0FFFDAE
:1070680000210D481CF00EFB0346002B01D009F04F
:10707800F6FD042108481BF0FDFF0346002B01D054
:1070880009F0EDFD4FF456720021024823F025FD6A
:1070980000BF80BDF04900200C94002080B586B068
:1070A80000AF0346FB71FB79002B40F081806A4BEF
:1070B8001B68DB6A01337B61674B1B685B6A3B615A
:1070C800664BB3F854335A1C654BA3FB02135B0998
:1070D800642101FB03F3D31A9AB2604BA3F854233B
:1070E8005E4BB3F8543318465B4B1A685B49831DF3
:1070F800DB000B445B689363584B9A693B69134404
:10710800564A1269B3FBF2F101FB02F29B1AFB60CB
:10711800524BB3F85433514A0633DB0013445B68CF
:10712800002B0CD14D4B9A697B6913444B4A126969
:10713800B3FBF2F101FB02F29B1A484A9361474BF9
:107148005B69FA689A421AD2444B002283F83120CC
:10715800424BB3F85433414A0633DB0013441B89CE
:107168001946092023F0D2FA02463E4B11461970FF
:10717800C2F307215970C2F307429A7011E0374BE6
:10718800012283F831200021092023F0BFFA0246AA
:10719800344B11461970C2F307215970C2F30742E4
:1071A8009A70304B1B7830491846FAF78DFB4EE041
:1071B800FB79012B24D1294B93F83130002B0FD0C8
:1071C800264A264BD3F82710084693F82B3000217F
:1071D80063F3070102F12C030CCBFEF779FB36E0D1
:1071E8001E4A1E4BD3F81D10084693F82130002183
:1071F80063F3070102F12C030CCBFEF769FB26E0D1
:10720800FB79022B23D1154B93F83130002B0FD08B
:10721800124A124BD3F82710084693F82B30002156
:1072280063F3070102F12C030CCBFEF751FB0EE0D0
:107238000A4A0A4BD3F82210084693F82630002150
:1072480063F3070102F12C030CCBFEF741FB00BFEF
:107258001837BD4680BD00BF0C940020F0490020BF
:107268001F85EB515C4D00205D4D002080B400AFC0
:10727800134B00221A61124B00229A64104B012210
:107288001A75104B00221A610E4B00229A640D4B9E
:1072980001221A750C4B00229A610C4B1B680022C4
:1072A8005A620B4B1B6800225A620A4B1B68064A3B
:1072B80052685A6200BFBD465DF8047B704700BF44
:1072C80050490020A0490020F0490020C093002028
:1072D800589400200C94002080B582B000AFFFF7CE
:1072E80005FAFFF72FFAFFF7ADFE0020FEF792FE32
:1072F8000020FEF7A1FE0020FEF77AFE0020FEF730
:107308000BFC00210020FEF78DFB3B4600221A6093
:10731800C3F803203B4693E80300FEF7FFFE00BFD7
:107328000837BD4680BD80B584B000AFF860B9604D
:107338001346FB80FB881A46B968F86823F010FCEE
:10734800FB88FA68134418461037BD4680BD80B5DF
:1073580084B000AFF860B9601346FB80FB881A461A
:10736800F968B86823F0FCFBFB88FA6813441846F0
:107378001037BD4680BD000090B5ADF2444D02AF58
:1073880007F58764A4F22C44206007F58760A0F510
:10739800876080E80E0007F58763A3F587631B788D
:1073A80087F84C33002387F84D330023C7F8503350
:1073B800002387F8543307F58763A3F587631B78A1
:1073C800F62B02F2428401A252F823F05978000801
:1073D8007D7800080379000857790008BF7900080C
:1073E800E3790008337A0008997A0008E97A0008F6
:1073F800157B0008557B0008B77B0008E37B000875
:107408006B7C0008777E0008517F0008EB7F00083E
:107418001D8000084F8000087B800008E581000877
:10742800C98200081F8300084B830008EB8400080A
:10743800C5850008F3850008218600084F860008E6
:107448007D860008EF860008618700084D880008DF
:107458005B89000887890008B38900089D8A0008AD
:10746800178B0008918B0008038C0008358C0008E6
:10747800678C0008F18C0008638D0008DF8D000818
:10748800118E00084D8E0008BF8E00083B8F000843
:10749800678F0008938F00087F9000086B910008A1
:1074A8005B92000889920008B7920008E5920008EC
:1074B8001393000883930008F3930008DD940008F1
:1074C800C595000839960008679600089596000843
:1074D8004D970008CF9700087D990008C9990008C2
:1074E800059A0008759A00089D9A00081F9B0008D5
:1074F8008B9B0008F79B0008259C0008539C0008FC
:10750800539C0008539C0008539C0008539C000897
:10751800539C0008539C0008539C0008539C000887
:10752800539C0008539C0008539C0008539C000877
:10753800539C0008539C0008539C0008539C000867
:10754800539C0008539C0008539C0008539C000857
:10755800539C0008539C0008539C0008539C000847
:10756800539C0008539C0008539C0008539C000837
:10757800539C0008539C0008539C0008539C000827
:10758800539C0008539C0008539C0008539C000817
:10759800539C0008539C0008539C0008539C000807
:1075A800539C0008539C0008539C0008539C0008F7
:1075B800539C0008539C0008539C0008539C0008E7
:1075C800539C0008539C0008539C0008539C0008D7
:1075D800539C0008539C0008539C0008539C0008C7
:1075E800539C0008539C0008539C0008539C0008B7
:1075F800539C0008539C0008539C0008539C0008A7
:10760800539C0008539C0008539C0008539C000896
:10761800539C0008539C0008539C0008539C000886
:10762800539C0008539C0008539C0008539C000876
:10763800539C0008539C0008539C0008539C000866
:10764800539C0008539C0008539C0008539C000856
:10765800539C0008539C0008539C0008539C000846
:10766800539C0008539C0008539C0008539C000836
:10767800539C0008539C0008539C0008539C000826
:10768800539C0008539C0008539C0008539C000816
:10769800539C0008539C0008539C0008539C000806
:1076A800539C0008539C0008539C0008539C0008F6
:1076B800539C0008539C0008539C0008539C0008E6
:1076C800539C0008539C0008539C0008539C0008D6
:1076D800539C0008539C0008539C0008539C0008C6
:1076E800539C0008539C0008539C0008539C0008B6
:1076F800539C0008539C0008539C0008539C0008A6
:10770800539C0008539C0008539C0008539C000895
:10771800539C0008539C0008539C0008539C000885
:10772800539C0008539C0008539C0008539C000875
:10773800539C0008539C0008539C0008539C000865
:10774800539C0008539C0008539C0008539C000855
:10775800539C0008539C0008539C0008539C000845
:10776800539C0008539C0008539C0008539C000835
:10777800539C0008539C0008539C0008539C000825
:10778800539C0008539C0008539C0008539C000815
:10779800539C0008539C0008539C0008539C000805
:1077A800539C0008B1770008022387F8373407F59F
:1077B8008763A3F587631B7A97F837249A4204D026
:1077C800F12387F84D3302F04BBA0023A7F84A3368
:1077D80007F58763A3F587635B681B889BB2A7F8E7
:1077E8004A33B7F84A33B3F5807F17D0B3F5807FB3
:1077F80028DBB3F5027F25DCB3F5007F22DBA3F598
:10780800007340F23B1222FA03F303F00103002B4A
:1078180014BF01230023DBB2002B13D040F2012355
:10782800A7F84433B7F84A33A7F8463307F5517138
:10783800012304224FF42020F9F76EFECC4B0122DD
:107848001A7003E0012387F84D3300BF02F008BA2D
:10785800002387F8373407F58763A3F587631B7A16
:1078680097F837249A4202F0F481F12387F84D33D0
:1078780002F0EFB9002387F8373407F58763A3F5DB
:1078880087631B7A97F837249A4204D0F12387F844
:107898004D3302F0E5B907F54F73C7F858330122A5
:1078A800B449D7F85803FFF73EFDC7F8580301223B
:1078B800B149D7F85803FFF736FDC7F85803012236
:1078C800AE49D7F85803FFF72EFDC7F8580305222D
:1078D800AB49D7F85803FFF726FDC7F8580307F553
:1078E8004F73D7F85823D31ADBB287F8543307F508
:1078F8004F73C7F8503302F0B3B9022387F837340F
:1079080007F58763A3F587631B7A97F837249A42AC
:1079180004D0F12387F84D3302F0A2B907F5876345
:10792800A3F587635B68C7F85C3307F54E730222DB
:107938001946D7F85C03FFF70AFDC7F85C0307F59B
:107948004E7319468F48FDF7F2F802F089B9002303
:1079580087F8373407F58763A3F587631B7A97F8A9
:1079680037249A4204D0F12387F84D3302F078B9CE
:1079780007F54D73022219468248FDF720F907F5ED
:107988004C73C7F8603307F54D7302221946D7F8D0
:107998006003FFF7C8FCC7F8600307F54C73D7F816
:1079A8006023D31ADBB287F8543307F54C73C7F852
:1079B800503302F055B9012387F8373407F5876348
:1079C800A3F587631B7A97F837249A4202F043811C
:1079D800F12387F84D3302F03EB9002387F8373496
:1079E80007F58763A3F587631B7A97F837249A42CC
:1079F80004D0F12387F84D3302F032B9624B0122EB
:107A08001A70614B1B78002B14BF01230023DAB2D4
:107A1800584B1B78002B14BF01230023DBB21946F7
:107A28001046FDF7FFFF02F01BB9022387F8373431
:107A380007F58763A3F587631B7A97F837249A427B
:107A480004D0F12387F84D3302F007B907F58763AF
:107A5800A3F587635B68C7F8643307F54B730222A5
:107A68001946D7F86403FFF772FCC7F8640307F5F3
:107A78008763A3F586731B881846FEF701F803464B
:107A8800002B02F0EA80012387F84D3302F0E5B8B5
:107A9800002387F8373407F58763A3F587631B7AD4
:107AA80097F837249A4204D0F12387F84D3302F02F
:107AB800D7B8304B01221A70334B1B78002B14BFF8
:107AC80001230023DAB22B4B1B78002B14BF0123B0
:107AD8000023DBB219461046FDF7A4FF02F0C0B838
:107AE800002387F8373407F58763A3F587631B7A84
:107AF80097F837249A4204D0F12387F84D3302F0DF
:107B0800AFB8224B01221A7002F0AAB8002387F8F6
:107B1800373407F58763A3F587631B7A97F837240B
:107B28009A4204D0F12387F84D3302F099B8114BEB
:107B380001225A700F4B5B78002B14BF01230023DE
:107B4800DBB21846FDF7E8FF02F08AB8002387F891
:107B5800373407F58763A3F587631B7A97F83724CB
:107B68009A4215D0F12387F84D3302F079B800BF57
:107B7800654D00206C4D00206D4D00206E4D00209D
:107B88006F4D002050C30208634D0020644D002053
:107B9800C14B01229A70C04B9B78002B14BF012364
:107BA8000023DBB21846FCF709FA02F059B80023A3
:107BB80087F8373407F58763A3F587631B7A97F847
:107BC80037249A4204D0F12387F84D3302F048B89D
:107BD8000120FBF75DFF02F043B8002387F8373434
:107BE80007F58763A3F587631B7A97F837249A42CA
:107BF80004D0F12387F84D3302F032B807F54A7301
:107C08009A1C07F54A7311461846FBF753FF0020E4
:107C1800FBF73EFF07F54973C7F8683307F54A7362
:107C280002221946D7F86803FFF77DFBC7F86803F7
:107C380007F54A73023302221946D7F86803FFF79B
:107C480072FBC7F8680307F54973D7F86823D31A96
:107C5800DBB287F8543307F54973C7F8503301F09E
:107C6800FFBF0D2387F8373407F58763A3F58763CC
:107C78001B7A97F837249A4204D0F12387F84D33BA
:107C880001F0EEBF07F58763A3F587635B68C7F864
:107C98006C3307F5457302221946D7F86C03FFF7D2
:107CA80056FBC7F86C0307F54573023301221946E2
:107CB800D7F86C03FFF74BFBC7F86C0307F5457360
:107CC800043302221946D7F86C03FFF740FBC7F8C4
:107CD8006C0307F54573063302221946D7F86C037F
:107CE800FFF735FBC7F86C0307F545730833012226
:107CF8001946D7F86C03FFF72AFBC7F86C0307F59A
:107D080045730A3302221946D7F86C03FFF71FFBA5
:107D1800C7F86C0307F545730C3301221946D7F8E9
:107D28006C03FFF714FBC7F86C0307F545730E33B4
:107D380002221946D7F86C03FFF709FBC7F86C0352
:107D4800564A07F58763A3F5927314460FCB84E868
:107D58000F00524B1B881A4607F58763A3F59A73E1
:107D68001A604E4B9B881A4607F58763A3F59A73EA
:107D78005A604A4B9B781A4607F58763A3F59A73AE
:107D88009A60464B9B781A4607F58763A3F59A7362
:107D9800DA60424BDB881A4607F58763A3F5A273BE
:107DA8001A603E4B5B891A4607F58763A3F5A273F1
:107DB8005A603A4B1B7A1A4607F58763A3F5A273F4
:107DC8009A60364B1B7A1A4607F58763A3F5A273A8
:107DD800DA60324B1B7B1846F8F794FB02460B46D9
:107DE8002BA1D1E90001F8F731FD02460B461046F8
:107DF8001946F8F7C3FE024607F58763A3F5AC7387
:107E08001A6007F58763A3F5AC7300225A60244B08
:107E18005A8807F58763A3F5AC731A811F4BDB8972
:107E28001A4607F58763A3F5AC73DA601B4BDB8949
:107E38001A4607F58763A3F5AC731A6107F58763DC
:107E4800A3F59A730FCBFEF7C7F907F58763A3F578
:107E5800A2730FCBFEF7FCF907F58763A3F5AC73A4
:107E68001A6900920FCBFEF7F7FE01F0F9BE002366
:107E780087F8373407F58763A3F587631B7A97F884
:107E880037249A420ED0F12387F84D3301F0E8BE2B
:107E98000000000080842E416C4D0020C80B00209B
:107EA800744D002007F53473C7F870330222D449A3
:107EB800D7F87003FFF737FAC7F870030122D149E2
:107EC800D7F87003FFF72FFAC7F870030222CE49DC
:107ED800D7F87003FFF727FAC7F870030222CB49D7
:107EE800D7F87003FFF71FFAC7F870030122C849D3
:107EF800D7F87003FFF717FAC7F870030222C549CD
:107F0800D7F87003FFF70FFAC7F870030122C249C8
:107F1800D7F87003FFF707FAC7F870030222BF49C2
:107F2800D7F87003FFF7FFF9C7F8700307F5347344
:107F3800D7F87023D31ADBB287F8543307F53473B4
:107F4800C7F8503301F08CBE042387F8373407F59F
:107F58008763A3F587631B7A97F837249A4204D07E
:107F6800F12387F84D3301F07ABE07F58763A3F54F
:107F780087635B68C7F8743307F5337302221946C1
:107F8800D7F87403FFF7E3F9C7F8740307F53373F9
:107F9800023302221946D7F87403FFF7D8F9C7F855
:107FA800740307F58763A3F5B6731B689C4A1360CF
:107FB800FDF7C4FD0346002B02D0012387F84D339B
:107FC800974B1B88964A528811461846FDF722FEA1
:107FD8000346002B01F04386012387F84D3301F057
:107FE8003EBE002387F8373407F58763A3F5876318
:107FF8001B7A97F837249A4204D0F12387F84D3337
:1080080001F02EBE0120FDF7F3FF864B01229A7086
:1080180001F026BE002387F8373407F58763A3F5F8
:1080280087631B7A97F837249A4204D0F12387F89C
:108038004D3301F015BE0020FDF7DAFF794B002221
:108048009A7001F00DBE002387F8373407F587636F
:10805800A3F587631B7A97F837249A4204D0F12353
:1080680087F84D3301F0FCBD0120FDF7D3FF01F087
:10807800F7BD072387F8373407F58763A3F58763C8
:108088001B7A97F837249A4204D0F12387F84D33A6
:1080980001F0E6BD07F58763A3F587635B68C7F85A
:1080A800783307F5317301221946D7F87803FFF7BB
:1080B8004EF9C7F8780307F53173013301221946E1
:1080C800D7F87803FFF743F9C7F8780307F5317352
:1080D800023301221946D7F87803FFF738F9C7F8B1
:1080E800780307F53173033301221946D7F878036B
:1080F800FFF72DF9C7F8780307F531730433012228
:108108001946D7F87803FFF722F9C7F8780307F577
:108118003173053301221946D7F87803FFF717F9A9
:10812800C7F8780307F53173063301221946D7F8E3
:108138007803FFF70CF9C7F878033B4907F587631D
:10814800A3F5BA720B4692E803001860043319804D
:1081580002330A0C1A70344B1A7807F58763A3F5B3
:10816800BE731A70304B5A7807F58763A3F5BE7350
:108178005A702D4B9A7807F58763A3F5BE739A70EA
:10818800294BDA7807F58763A3F5BE73DA70264BB7
:108198001A7907F58763A3F5BE731A71224B5A79CA
:1081A80007F58763A3F5BE735A711F4B9A7907F5D4
:1081B8008763A3F5BE739A7107F58763A3F5BE734A
:1081C80093E80300FDF7AAFF174B1A78154B1A70AE
:1081D800154B5A78134B5A7001F042BD002387F8AB
:1081E800373407F58763A3F587631B7A97F8372435
:1081F8009A421BD0F12387F84D3301F031BD00BFFF
:10820800C80B0020CA0B0020CC0B0020CE0B00208E
:10821800D00B0020D20B0020D40B0020D60B00205E
:10822800744D0020684D0020784D002007F52D730F
:10823800C7F87C330122B349D7F87C03FFF773F8FA
:10824800C7F87C030122B049D7F87C03FFF76BF825
:10825800C7F87C030122AD49D7F87C03FFF763F820
:10826800C7F87C030122AA49D7F87C03FFF75BF81B
:10827800C7F87C030122A749D7F87C03FFF753F816
:10828800C7F87C030122A449D7F87C03FFF74BF811
:10829800C7F87C030122A149D7F87C03FFF743F80C
:1082A800C7F87C0307F52D73D7F87C23D31ADBB204
:1082B80087F8543307F52D73C7F8503301F0D0BC55
:1082C800002387F8373407F58763A3F587631B7A9C
:1082D80097F837249A4204D0F12387F84D3301F0F8
:1082E800BFBC8F4B1B78002B04D08D4BDB78184616
:1082F800FDF7EAFF8A4B5B78002B08D0884B9B7808
:10830800002B02D0FEF75CFD01E0FEF7EBF8FEF76C
:10831800ADFF01F0A5BC002387F8373407F5876364
:10832800A3F587631B7A97F837249A4204D0F12380
:1083380087F84D3301F094BC0120FDF77DFE01F074
:108348008FBC072387F8373407F58763A3F587635E
:108358001B7A97F837249A4204D0F12387F84D33D3
:1083680001F07EBC07F58763A3F587635B68C7F8F0
:10837800803307F52B7301221946D7F88003FEF7DF
:10838800E6FFC7F8800307F52B730133012219466E
:10839800D7F88003FEF7DBFFC7F8800307F52B73D8
:1083A800023301221946D7F88003FEF7D0FFC7F839
:1083B800800307F52B73033301221946D7F880038E
:1083C800FEF7C5FFC7F8800307F52B7304330122B6
:1083D8001946D7F88003FEF7BAFFC7F8800307F5F8
:1083E8002B73053301221946D7F88003FEF7AFFF38
:1083F800C7F8800307F52B73063301221946D7F80F
:108408008003FEF7A4FFC7F88003464907F5876392
:10841800A3F5C6720B4692E803001860043319806E
:1084280002330A0C1A703F4B1B78002B14BF012330
:108438000023DAB207F58763A3F5CA731A70394BBC
:108448005B78002B14BF01230023DAB207F587639A
:10845800A3F5CA735A70334B9B78002B14BF0123C2
:108468000023DAB207F58763A3F5CA739A702D4B18
:10847800DB78002B14BF01230023DAB207F58763EA
:10848800A3F5CA73DA70274B1B79002B14BF01239D
:108498000023DAB207F58763A3F5CA731A71214B73
:1084A8005B79002B14BF01230023DAB207F5876339
:1084B800A3F5CA735A711B4B9B79002B14BF012378
:1084C8000023DAB207F58763A3F5CA739A7107F533
:1084D8008763A3F5CA7393E80300FDF7C1FD01F0B4
:1084E800BFBB002387F8373407F58763A3F5876395
:1084F8001B7A97F837249A4216D0F12387F84D3320
:1085080001F0AEBB784D0020794D00207A4D002057
:108518007B4D00207C4D00207D4D00207E4D0020AD
:10852800684D0020804D002007F52773C7F8843375
:108538000122CD49D7F88403FEF7F5FEC7F8840376
:108548000122CA49D7F88403FEF7EDFEC7F8840371
:108558000122C749D7F88403FEF7E5FEC7F884036C
:108568000122C449D7F88403FEF7DDFEC7F8840367
:108578000122C149D7F88403FEF7D5FEC7F8840362
:108588000122BE49D7F88403FEF7CDFEC7F884035D
:108598000122BB49D7F88403FEF7C5FEC7F8840358
:1085A80007F52773D7F88423D31ADBB287F8543337
:1085B80007F52773C7F8503301F052BB002387F83B
:1085C800373407F58763A3F587631B7A97F8372451
:1085D8009A4204D0F12387F84D3301F041BB0021C2
:1085E8000120FBF7FDFC01F03BBB002387F8373483
:1085F80007F58763A3F587631B7A97F837249A42B0
:1086080004D0F12387F84D3301F02ABB0021022062
:10861800FBF7E6FC01F024BB002387F8373407F5A5
:108628008763A3F587631B7A97F837249A4204D0A7
:10863800F12387F84D3301F013BB01210120FBF72B
:10864800CFFC01F00DBB002387F8373407F58763AB
:10865800A3F587631B7A97F837249A4204D0F1234D
:1086680087F84D3301F0FCBA01210220FBF7B8FC72
:1086780001F0F6BA002387F8373407F58763A3F5C6
:1086880087631B7A97F837249A4204D0F12387F836
:108698004D3301F0E5BA4FF400517A480FF066F90E
:1086A80003461A4607F58763A3F5D0731A7007F5D2
:1086B8002573C7F8883307F5267301221946D7F8BA
:1086C8008803FEF730FEC7F8880307F52573D7F847
:1086D8008823D31ADBB287F8543307F52573C7F814
:1086E800503301F0BDBA002387F8373407F58763A4
:1086F800A3F587631B7A97F837249A4204D0F123AD
:1087080087F84D3301F0ACBA4FF400615D480FF0C3
:108718002DF903461A4607F58763A3F5D4731A7033
:1087280007F52373C7F88C3307F52473012219461C
:10873800D7F88C03FEF7F7FDC7F88C0307F523730A
:10874800D7F88C23D31ADBB287F8543307F5237391
:10875800C7F8503301F084BA032387F8373407F594
:108768008763A3F587631B7A97F837249A4204D066
:10877800F12387F84D3301F073BA07F58763A3F542
:1087880087635B68C7F8903307F52273012219469F
:10879800D7F89003FEF7DBFDC7F8900307F52273BF
:1087A800023302221946D7F89003FEF7D0FDC7F826
:1087B800900307F11003EF220021184622F08DF9EB
:1087C80007F58763A3F5D8731A7807F58763A3F5C8
:1087D80085631A7007F58763A3F585631A7807F52B
:1087E8008763A3F5D873588807F11003591C03460B
:1087F8000120FBF743FC07F58073C7F8903307F1B6
:10880800100301221946D7F89003FEF78CFDC7F82C
:10881800900307F110030133EE221946D7F89003AD
:10882800FEF781FDC7F8900307F58073D7F890230A
:10883800D31ADBB287F8543307F58073C7F850337F
:1088480001F00EBA032387F8373407F58763A3F5D9
:1088580087631B7A97F837249A4215D0F12387F853
:108868004D3301F0FDB900BF804D0020814D00203F
:10887800824D0020834D0020844D0020854D00202E
:10888800864D00200008024207F58763A3F5876339
:108898005B68C7F8943307F5217301221946D7F8A6
:1088A8009403FEF754FDC7F8940307F521730233C8
:1088B80002221946D7F89403FEF749FDC7F8940336
:1088C80007F11003EF220021184622F006F907F5F8
:1088D8008763A3F5DA731A7807F58763A3F58563C9
:1088E8001A7007F58763A3F585631A7807F5876318
:1088F800A3F5DA73588807F11003591C03460220C0
:10890800FBF7BCFB07F58073C7F8943307F1100336
:1089180001221946D7F89403FEF705FDC7F894031A
:1089280007F110030133EE221946D7F89403FEF736
:10893800FAFCC7F8940307F58073D7F89423D31A81
:10894800DBB287F8543307F58073C7F8503301F06A
:1089580087B9002387F8373407F58763A3F587635A
:108968001B7A97F837249A4204D0F12387F84D33BD
:1089780001F076B90120FBF709FC01F071B9002379
:1089880087F8373407F58763A3F587631B7A97F869
:1089980037249A4204D0F12387F84D3301F060B9A7
:1089A8000020FBF7F3FB01F05BB9032387F83734AA
:1089B80007F58763A3F587631B7A97F837249A42EC
:1089C80004D0F12387F84D3301F04AB907F58763DE
:1089D800A3F587635B68C7F8983307F5207301220E
:1089E8001946D7F89803FEF7B2FCC7F8980307F5BD
:1089F8002073023302221946D7F89803FEF7A7FC22
:108A0800C7F8980307F11003EF220021184622F057
:108A180064F807F58763A3F5DC731A7807F58763AD
:108A2800A3F585631A7007F58763A3F5856319783D
:108A380007F58763A3F5DC735A8807F11003013340
:108A48001846FBF7B5FB07F58073C7F8983307F1AD
:108A5800100301221946D7F89803FEF764FCC7F8FB
:108A6800980307F110030133EE221946D7F898034B
:108A7800FEF759FCC7F8980307F58073D7F89823D1
:108A8800D31ADBB287F8543307F58073C7F850332D
:108A980001F0E6B8002387F8373407F58763A3F5B4
:108AA80087631B7A97F837249A4204D0F12387F812
:108AB8004D3301F0D5B88021DC480EF057FF03464E
:108AC800002B0CBF01230023DBB21A4607F587638E
:108AD800A3F5DE731A7007F51E73C7F89C3307F504
:108AE8001F7301221946D7F89C03FEF71CFCC7F830
:108AF8009C0307F51E73D7F89C23D31ADBB287F8BB
:108B0800543307F51E73C7F8503301F0A9B8002392
:108B180087F8373407F58763A3F587631B7A97F8D7
:108B280037249A4204D0F12387F84D3301F098B8DE
:108B38004021BE480EF01AFF0346002B0CBF01234C
:108B48000023DBB21A4607F58763A3F5E2731A70B0
:108B580007F51C73C7F8A03307F51D7301221946E2
:108B6800D7F8A003FEF7DFFBC7F8A00307F51C73CF
:108B7800D7F8A023D31ADBB287F8543307F51C7350
:108B8800C7F8503301F06CB8002387F8373407F57D
:108B98008763A3F587631B7A97F837249A4204D032
:108BA800F12387F84D3301F05BB84FF400719F480B
:108BB8000EF0DCFE03461A4607F58763A3F5E67355
:108BC8001A7007F51A73C7F8A43307F51B73012247
:108BD8001946D7F8A403FEF7A6FBC7F8A40307F5C0
:108BE8001A73D7F8A423D31ADBB287F8543307F5DE
:108BF8001A73C7F8503301F033B8002387F83734B5
:108C080007F58763A3F587631B7A97F837249A4299
:108C180004D0F12387F84D3301F022B801224FF434
:108C2800806183480EF0BAFE01F01AB8002387F875
:108C3800373407F58763A3F587631B7A97F83724DA
:108C48009A4204D0F12387F84D3301F009B8002285
:108C58004FF4806176480EF0A1FE01F001B80223BE
:108C680087F8373407F58763A3F587631B7A97F886
:108C780037249A4204D0F12387F84D3300F0F0BF2F
:108C880007F58763A3F587635B68C7F8A83307F51B
:108C9800197301221946D7F8A803FEF758FBC7F83D
:108CA800A80307F51973013301221946D7F8A80359
:108CB800FEF74DFBC7F8A80307F58763A3F5EA732A
:108CC8001B781A464FF4807159480EF067FE07F575
:108CD8008763A3F5EA735B781A464FF4007154482A
:108CE8000EF05CFE00F0BCBF002387F8373407F5B0
:108CF8008763A3F587631B7A97F837249A4204D0D1
:108D0800F12387F84D3300F0ABBF4FF4804148485A
:108D18000EF02CFE03461A4607F58763A3F5EC739D
:108D28001A7007F51773C7F8AC3307F518730122E3
:108D38001946D7F8AC03FEF7F6FAC7F8AC0307F5FF
:108D48001773D7F8AC23D31ADBB287F8543307F577
:108D58001773C7F8503300F083BF002387F8373400
:108D680007F58763A3F587631B7A97F837249A4238
:108D780004D0F12387F84D3300F072BF4FF48051CF
:108D88002B480EF0F3FD0346002B0CBF01230023F4
:108D9800DBB21A4607F58763A3F5F0731A7007F577
:108DA8001573C7F8B03307F5167301221946D7F8BB
:108DB800B003FEF7B8FAC7F8B00307F51573D7F88C
:108DC800B023D31ADBB287F8543307F51573C7F805
:108DD800503300F045BF002387F8373407F5876321
:108DE800A3F587631B7A97F837249A4204D0F123B6
:108DF80087F84D3300F034BF01224FF400610C486E
:108E08000EF0CCFD00F02CBF002387F8373407F5AF
:108E18008763A3F587631B7A97F837249A4209D0AA
:108E2800F12387F84D3300F01BBF00BF0008024252
:108E38000010024200224FF40061D2480EF0AEFD4D
:108E480000F00EBF002387F8373407F58763A3F5D2
:108E580087631B7A97F837249A4204D0F12387F85E
:108E68004D3300F0FDBE4FF40041C6480EF07EFDC4
:108E780003461A4607F58763A3F5F4731A7007F5D6
:108E88001373C7F8B43307F5147301221946D7F8DA
:108E9800B403FEF748FAC7F8B40307F51373D7F815
:108EA800B423D31ADBB287F8543307F51373C7F822
:108EB800503300F0D5BE002387F8373407F58763B1
:108EC800A3F587631B7A97F837249A4204D0F123D5
:108ED80087F84D3300F0C4BE4FF40051A9480EF096
:108EE80045FD0346002B0CBF01230023DBB21A46C5
:108EF80007F58763A3F5F8731A7007F51173C7F8B8
:108F0800B83307F5127301221946D7F8B803FEF7EC
:108F18000AFAC7F8B80307F51173D7F8B823D31AB4
:108F2800DBB287F8543307F51173C7F8503300F0F4
:108F380097BE002387F8373407F58763A3F587635F
:108F48001B7A97F837249A4204D0F12387F84D33D7
:108F580000F086BE0120FBF747F900F081BE002330
:108F680087F8373407F58763A3F587631B7A97F883
:108F780037249A4204D0F12387F84D3300F070BEAD
:108F88000020FBF731F900F06BBE032387F8373474
:108F980007F58763A3F587631B7A97F837249A4206
:108FA80004D0F12387F84D3300F05ABE07F58763E4
:108FB800A3F587635B68C7F8BC3307F51073012214
:108FC8001946D7F8BC03FEF7C2F9C7F8BC0307F582
:108FD8001073023302221946D7F8BC03FEF7B7F91B
:108FE800C7F8BC0307F11003EF220021184621F04F
:108FF80074FD07F58763A3F5FC731A7807F5876393
:10900800A3F585631A7007F58763A3F585631A7856
:1090180007F58763A3F5FC73588807F11003591CFB
:1090280003460120FBF7F2F807F58073C7F8BC3355
:1090380007F1100301221946D7F8BC03FEF773F9AC
:10904800C7F8BC0307F110030133EE221946D7F81D
:10905800BC03FEF768F9C7F8BC0307F58073D7F8B7
:10906800BC23D31ADBB287F8543307F58073C7F8EB
:10907800503300F0F5BD032387F8373407F58763CD
:10908800A3F587631B7A97F837249A4204D0F12313
:1090980087F84D3300F0E4BD07F58763A3F58763D0
:1090A8005B68C7F8C03307F50F7301221946D7F874
:1090B800C003FEF74CF9C7F8C00307F50F73023376
:1090C80002221946D7F8C003FEF741F9C7F8C003D2
:1090D80007F11003EF220021184621F0FEFC07F5E6
:1090E8008763A3F5FE731A7807F58763A3F585638D
:1090F8001A7007F58763A3F585631A7807F5876300
:10910800A3F5FE73588807F11003591C0346022083
:10911800FBF77CF807F58073C7F8C03307F1100335
:1091280001221946D7F8C003FEF7FDF8C7F8C003B7
:1091380007F110030133EE221946D7F8C003FEF7F2
:10914800F2F8C7F8C00307F58073D7F8C023D31A1D
:10915800DBB287F8543307F58073C7F8503300F053
:109168007FBD032387F8373407F58763A3F5876343
:109178001B7A97F837249A4206D0F12387F84D33A3
:1091880000F06EBD0010024207F58763A3F5876300
:109198005B68C7F8C43307F50E7301221946D7F880
:1091A800C403FEF7D4F8C7F8C40307F50E730233F7
:1091B80002221946D7F8C403FEF7C9F8C7F8C40352
:1091C80007F11003EF220021184621F086FC07F56D
:1091D8008763A3F500731A7807F58763A3F585639A
:1091E8001A7007F58763A3F585631A7807F587630F
:1091F800A3F50073588807F11003591C0346032090
:10920800FBF704F807F58073C7F8C43307F11003B8
:1092180001221946D7F8C403FEF785F8C7F8C40336
:1092280007F110030133EE221946D7F8C403FEF7FD
:109238007AF8C7F8C40307F58073D7F8C423D31A9C
:10924800DBB287F8543307F58073C7F8503300F062
:1092580007BD002387F8373407F58763A3F58763CD
:109268001B7A97F837249A4204D0F12387F84D33B4
:1092780000F0F6BC00210320FAF7B2FE00F0F0BCC3
:10928800002387F8373407F58763A3F587631B7ACC
:1092980097F837249A4204D0F12387F84D3300F029
:1092A800DFBC00210420FAF79BFE00F0D9BC0023A4
:1092B80087F8373407F58763A3F587631B7A97F830
:1092C80037249A4204D0F12387F84D3300F0C8BC04
:1092D80001210320FAF784FE00F0C2BC002387F8BE
:1092E800373407F58763A3F587631B7A97F8372424
:1092F8009A4204D0F12387F84D3300F0B1BC012124
:109308000420FAF76DFE00F0ABBC002387F8373471
:1093180007F58763A3F587631B7A97F837249A4282
:1093280004D0F12387F84D3300F09ABC4021DF4880
:109338000EF01CFB03461A4607F58763A3F5017375
:109348001A7007F50C73C7F8C83307F50D730122B7
:109358001946D7F8C803FDF7E6FFC7F8C80307F5AD
:109368000C73D7F8C823D31ADBB287F8543307F540
:109378000C73C7F8503300F073BC002387F83734F8
:1093880007F58763A3F587631B7A97F837249A4212
:1093980004D0F12387F84D3300F062BC0221C448A1
:1093A8000EF0E4FA03461A4607F58763A3F503733C
:1093B8001A7007F50A73C7F8CC3307F50B73012247
:1093C8001946D7F8CC03FDF7AEFFC7F8CC0307F56D
:1093D8000A73D7F8CC23D31ADBB287F8543307F5CE
:1093E8000A73C7F8503300F03BBC032387F83734BF
:1093F80007F58763A3F587631B7A97F837249A42A2
:1094080004D0F12387F84D3300F02ABC07F58763B1
:10941800A3F587635B68C7F8D03307F509730122A2
:109428001946D7F8D003FDF792FFC7F8D00307F520
:109438000973023302221946D7F8D003FDF787FFD4
:10944800C7F8D00307F11003EF220021184621F0D6
:1094580044FB07F58763A3F505731A7807F5876357
:10946800A3F585631A7007F58763A3F585631A78F2
:1094780007F58763A3F50573588807F11003591C8E
:1094880003460320FAF7FAFD07F58073C7F8D033CF
:1094980007F1100301221946D7F8D003FDF743FF5F
:1094A800C7F8D00307F110030133EE221946D7F8A5
:1094B800D003FDF738FFC7F8D00307F58073D7F856
:1094C800D023D31ADBB287F8543307F58073C7F873
:1094D8005033C5E3032387F8373407F58763A3F5CB
:1094E80087631B7A97F837249A4203D0F12387F8C9
:1094F8004D33B5E307F58763A3F587635B68C7F862
:10950800D43307F5087301221946D7F8D403FDF7B9
:109518001EFFC7F8D40307F5087302330222194661
:10952800D7F8D403FDF713FFC7F8D40307F11003E6
:10953800EF220021184621F0D0FA07F58763A3F53A
:1095480006731A7807F58763A3F585631A7007F51C
:109558008763A3F585631A7807F58763A3F5067310
:10956800588807F11003591C03460420FAF786FDB2
:1095780007F58073C7F8D43307F1100301221946A1
:10958800D7F8D403FDF7CFFEC7F8D40307F11003CB
:109598000133EE221946D7F8D403FDF7C4FEC7F805
:1095A800D40307F58073D7F8D423D31ADBB287F82E
:1095B800543307F58073C7F8503351E3002387F815
:1095C800373407F58763A3F587631B7A97F8372441
:1095D8009A4203D0F12387F84D3341E308213548F7
:1095E8000EF0C4F90346002B14BF01230023DAB29E
:1095F80007F58763A3F507731A7007F50673C7F8AD
:10960800D83307F5077301221946D7F8D803FDF7B1
:109618008AFEC7F8D80307F50673D7F8D823D31AF4
:10962800DBB287F8543307F50673C7F8503317E3EE
:10963800002387F8373407F58763A3F587631B7A18
:1096480097F837249A4203D0F12387F84D3307E37C
:109658000120FAF787FA184B0122DA7000E3002399
:1096680087F8373407F58763A3F587631B7A97F87C
:1096780037249A4203D0F12387F84D33F0E20020D3
:10968800FAF770FA0C4B0022DA70E9E2042387F843
:10969800373407F58763A3F587631B7A97F8372470
:1096A8009A420BD0F12387F84D33D9E200040242E5
:1096B8000018024200000242684D002007F5876347
:1096C800A3F587635B68C7F8DC3307F505730122E8
:1096D8001946D7F8DC03FDF73AFEC7F8DC0307F5AF
:1096E8000573013301221946D7F8DC03FDF72FFE75
:1096F800C7F8DC0307F50573023301221946D7F8CA
:10970800DC03FDF724FEC7F8DC0307F50573033314
:1097180001221946D7F8DC03FDF719FEC7F8DC0368
:1097280007F58763A3F509731B68BC4A1360BB4B35
:109738001878BA4B5978B94B9A78B84BDB78FAF75E
:1097480023FA8DE2002387F8373407F58763A3F5FA
:1097580087631B7A97F837249A4203D0F12387F856
:109768004D337DE207F50473C7F8E0330122AB49B6
:10977800D7F8E003FDF7D7FDC7F8E0030122A849B1
:10978800D7F8E003FDF7CFFDC7F8E0030122A549AC
:10979800D7F8E003FDF7C7FDC7F8E0030122A249A7
:1097A800D7F8E003FDF7BFFDC7F8E00307F504733A
:1097B800D7F8E023D31ADBB287F8543307F50473DC
:1097C800C7F850334CE2002387F8373407F587632E
:1097D800A3F587631B7A97F837249A4203D0F123BD
:1097E80087F84D333CE24CF25033A7F82634B7F8EB
:1097F80026348E4A928811461846FAF7F5F9034638
:10980800A7F82434B7F82634884A1288114618462F
:10981800FAF7EAF90346A7F82234844B9B781846EE
:1098280008F050FBFDF722FDB7F82634B7F82424DA
:109838007F498048FAF71AFAFDF718FDB7F8263479
:10984800B7F824247C497D48FAF710FAB7F822249F
:10985800B7F8243419467648FAF722FA07F58363ED
:1098680083ED000BB7F82224B7F824341946724860
:10987800FAF716FA07F5826383ED000B07F58263A2
:10988800D3E9002307F58361D1E90001F6F7FEFC6F
:1098980002460B4607F58161C1E90023684B1B7836
:1098A800002B07D1674B1B881846F6F72BFE02469C
:1098B8000B4606E0634B5B881846F6F723FE024624
:1098C8000B4607F58061C1E900235D4B5B78012BEE
:1098D80007D15C4B1B881846F6F714FE02460B4668
:1098E80006E0584B5B881846F6F70CFE02460B4616
:1098F800C7E9FE23494BDB7883F00103DBB2002B79
:1099080004D007F58063D3E9002301E0D7E9FE23FB
:10991800C7E9FC2307F5816393ED001B97EDFC0B6A
:10992800FAF746FA87EDFA0BD7E9FA01F7F726F9BD
:1099380003469AB207F58763A3F50B731A8007F5F8
:109948000273C7F8E43307F5037302221946D7F800
:10995800E403FDF7E8FCC7F8E40307F50273D7F85A
:10996800E423D31ADBB287F8543307F50273C7F838
:10997800503375E1002387F8373407F58763A3F57B
:1099880087631B7A97F837249A4203D0F12387F824
:109998004D3365E12C4B00221A702C4B1B78002BA1
:1099A80014BF01230023DAB2274B1B78002B14BF06
:1099B80001230023DBB219461046FCF733F84FE1C8
:1099C800002387F8373407F58763A3F587631B7A85
:1099D80097F837249A4203D0F12387F84D333FE1B3
:1099E800194B00225A70184B5B78002B14BF0123C7
:1099F8000023DBB21846FCF78FF831E1002387F823
:109A0800373407F58763A3F587631B7A97F83724FC
:109A18009A421DD0F12387F84D3321E1884D00206B
:109A2800894D00208A4D00208B4D0020C80B002056
:109A3800904D002020000014305D002040000018E8
:109A4800804D0020744D00206C4D0020634D002097
:109A58008E4B00229A708D4B9B78002B14BF0123EC
:109A68000023DBB21846FAF7A9FAF9E0002387F8D1
:109A7800373407F58763A3F587631B7A97F837248C
:109A88009A4203D0F12387F84D33E9E00020FCF730
:109A9800C1FAE5E0022387F8373407F58763A3F5B1
:109AA80087631B7A97F837249A4203D0F12387F803
:109AB8004D33D5E007F58763A3F587635B68C7F87F
:109AC800283407F5017301221946D7F82804FDF751
:109AD8003EFCC7F8280407F5017301330122194633
:109AE800D7F82804FDF733FCC7F8280407F55373A3
:109AF80003F1080207F5FE7107F58763A3F50D73F7
:109B0800186800F0F5FA034687F84D3307F5FE7339
:109B1800C7F85033A4E0012387F8373407F5876383
:109B2800A3F587631B7A97F837249A4203D0F12369
:109B380087F84D3394E007F58763A3F587635B687F
:109B4800C7F82C3407F5FC7301221946D7F82C0402
:109B5800FDF7FDFBC7F82C0407F5537303F1080262
:109B680007F5807107F58763A3F51073187800F07F
:109B7800CBFD034687F84D3307F58073C7F850339C
:109B88006EE0012387F8373407F58763A3F5876309
:109B98001B7A97F837249A4203D0F12387F84D337C
:109BA8005EE007F58763A3F587635B68C7F8303421
:109BB80007F5FA7301221946D7F83004FDF7C7FBF9
:109BC800C7F8300407F5537303F1080207F5F87175
:109BD80007F58763A3F51173187801F02BF903468D
:109BE80087F84D3307F5F873C7F8503338E000238A
:109BF80087F8373407F58763A3F587631B7A97F8E7
:109C080037249A4203D0F12387F84D3328E0002205
:109C18004FF480711E480DF0C1FE21E0002387F843
:109C2800373407F58763A3F587631B7A97F83724DA
:109C38009A4203D0F12387F84D3311E001224FF403
:109C4800807113480DF0AAFE0AE0F22387F84D331D
:109C580006E000BF04E000BF02E000BF00E000BF74
:109C680007F58763A3F22C431B681C4607F553735B
:109C780093E8070084E8070007F58763A3F22C43FD
:109C8800186807F23C47BD4690BD00BF6C4D0020E8
:109C9800000802420000000080B590B002AF4FF407
:109CA8000061AB480DF062FE03461A46A94B1A70D4
:109CB8004FF40041A6480DF059FE03461A46A64B3C
:109CC8001A704FF40071A2480DF050FE03461A4670
:109CD800A14B5A704FF480619D480DF047FE034632
:109CE8001A469D4B9A7001219C480DF03FFE034691
:109CF800002B14BF01230023DAB2994B1A700421F8
:109D080096480DF033FE0346002B14BF01230023B1
:109D1800DAB2934B5A70022190480DF027FE0346A1
:109D2800002B14BF01230023DAB28D4B9A7008214F
:109D38008A480DF01BFE0346002B14BF01230023A5
:109D4800DAB2874BDA70102184480DF00FFE034613
:109D5800002B14BF01230023DAB2814B1A71202192
:109D68007E480DF003FE0346002B14BF0123002399
:109D7800DAB27B4B5A71402178480DF0F7FD034663
:109D8800002B14BF01230023DAB2754B9A714FF4EC
:109D9800805172480DF0EAFD0346002B0CBF0123E9
:109DA8000023DBB21A466F4B1A704FF400516B4810
:109DB8000DF0DCFD0346002B0CBF01230023DBB2B2
:109DC8001A46684B5A704FF4006164480DF0CEFD96
:109DD8000346002B0CBF01230023DBB21A46614B5C
:109DE8009A7080215D480DF0C1FD0346002B0CBF21
:109DF80001230023DBB21A465A4BDA704FF4807104
:109E080056480DF0B3FD0346002B0CBF0123002379
:109E1800DBB21A46534B1A714FF400714F480DF0DC
:109E2800A5FD0346002B0CBF01230023DBB21A4615
:109E38004C4B5A714FF4806148480DF097FD03462A
:109E4800002B0CBF01230023DBB21A46454B9A7145
:109E5800022145480DF08AFD0346002B14BF01235B
:109E68000023DAB2414B1A7008213F480DF07EFDFD
:109E78000346002B14BF01230023DAB23B4B5A7070
:109E8800102139480DF072FD0346002B14BF012341
:109E98000023DAB2354B9A70012133480DF066FD84
:109EA8000346002B14BF01230023DAB22F4BDA70CC
:109EB80001212A480DF05AFD0346002B14BF012347
:109EC8000023DAB22A4B1A70042124480DF04EFD03
:109ED8000346002B14BF01230023DAB2244B5A7027
:109EE800022124480DF042FD0346002B14BF012334
:109EF8000023DAB21E4B9A7004211B480DF036FD80
:109F08000346002B14BF01230023DAB2184BDA7082
:109F1800FBF714FE184B1B88174A5288114618463F
:109F2800FBF778FE154B1B88BB62144B9B88FB62C2
:109F3800124B9B783B63114B9B787B630F4BDB8801
:109F4800BB610E4B5B89FB610C4B1B7A18E000BFB1
:109F580000040242634D00206C4D0020000C0242B8
:109F6800784D0020804D002000140242884D0020CA
:109F7800684D002000100242744D0020C80B0020DC
:109F88003B621D4B1B7A7B621B4B1B7B1846F6F70B
:109F9800B9FA02460B4616A1D1E90001F6F756FCBC
:109FA80002460B4610461946F6F7E8FD03467B6065
:109FB8000023BB60114B5B88BB810F4BDB893B6186
:109FC8000D4BDB897B6107F128030FCBFCF704F904
:109FD80007F118030FCBFCF73BF97B6900933B1D96
:109FE8000FCBFCF739FE00BF3837BD4680BD00BF38
:109FF8000000000080842E41C80B0020744D002012
:10A0080080B582B000AF0020F8F70EF8FFF744FEE5
:10A018002F48F8F793FDF8F7B9FB0346FB71FB7976
:10A02800FF2B06D10120F8F7F9FAF8F7AFFB034642
:10A03800FB71FB79002B13D1264B1B7883F00103AE
:10A04800DBB2002B05D0F8F7D3FB224B01221A70A4
:10A058000CE0214801F0DAFC2048F8F75BFB05E04A
:10A06800F8F7B4FB02E0012007F02CFFF7F738FE01
:10A07800034683F00103DBB2002BF4D1F8F786FB2B
:10A088000346FB71164B1B78002B05D001224FF4B9
:10A09800805114480DF082FC134B1B78002BC8D05C
:10A0A8000020F8F7BBFA0120F8F7B8FAF8F7A0FB98
:10A0B80004E0F7F715FEC82007F004FF0B4B1B78E8
:10A0C80083F00103DBB2002BF3D10AF08AFFB0E77B
:10A0D800817300088C4D0020191A0020081A0020EE
:10A0E800644D002000000242654D00207C420020A3
:10A0F80090B58BB000AFB881B9607A607B7BDB0923
:10A1080087F823307B7B03F07F0387F8223097F8AA
:10A1180022305B0087F82130BB6897F822201A703C
:10A128007B6801221A703B7B0A2B0DD03B7B192BD5
:10A138000AD03B7B322B07D03B7B642B04D03B7B84
:10A14800C82B01D00423D9E297F82130302B05D051
:10A1580097F82130322B01D00423CFE20120F7F702
:10A1680047FD00237B62C4E2CA4A7B6A4FF4E3617D
:10A1780001FB03F313441B7897F821209A4240F01F
:10A18800B582C44A7B6A4FF4E36101FB03F31344CD
:10A1980003F2167301221A70BE4A7B6A4FF4E36118
:10A1A80001FB03F313441B78194605230322BA481D
:10A1B8000EF0DEFD0346002B40F09682002387F860
:10A1C8002030B44A7B6A4FF4E36101FB03F3134484
:10A1D80003F2127300221A701C23FB77AD4A7B6AC4
:10A1E8004FF4E36101FB03F3134401330F221A70A8
:10A1F800A84A7B6A4FF4E36101FB03F31344187820
:10A20800A44A7B6A4FF4E36101FB03F3134401336F
:10A2180019787B6A4FF4E36202FB03F39D4A134407
:10A228009A1C0123F7F73CFD9A4A7B6A4FF4E361D5
:10A2380001FB03F3134402331B78332B40F05282A3
:10A24800944A7B6A4FF4E36101FB03F3134401333F
:10A2580020221A70002020F099FB034618468D4AE8
:10A268007B6A4FF4E36101FB03F3134402330246B4
:10A278001A70884A7B6A4FF4E36101FB03F31344C5
:10A288001878844A7B6A4FF4E36101FB03F31344B3
:10A29800013319787B6A4FF4E36202FB03F37D4ACA
:10A2A80013449A1C0123F7F7DBFC7A4A7B6A4FF4C4
:10A2B800E36101FB03F31344013324221A70754A46
:10A2C8007B6A4FF4E36101FB03F31344023340223A
:10A2D8001A70704A7B6A4FF4E36101FB03F313447D
:10A2E80018786C4A7B6A4FF4E36101FB03F313446B
:10A2F800013319787B6A4FF4E36202FB03F3654A82
:10A3080013449A1C0123F7F7ABFC624A7B6A4FF4AB
:10A31800E36101FB03F3134401332E221A70FB7F20
:10A32800803BD8B25B4A7B6A4FF4E36101FB03F3DD
:10A338001344023302461A70564A7B6A4FF4E361AB
:10A3480001FB03F3134418787B6A4FF4E36202FBC2
:10A3580003F3504A13449A1C01232E21F7F780FC7B
:10A368004C4A7B6A4FF4E36101FB03F31344013366
:10A378002F221A70474A7B6A4FF4E36101FB03F30B
:10A3880013441878434A7B6A4FF4E36101FB03F3F3
:10A398001344013319787B6A4FF4E36202FB03F339
:10A3A800C0333C4A13441A1D0123F7F779FC394A94
:10A3B8007B6A4FF4E36101FB03F31344C4331B7856
:10A3C80003F02003002B39D1324A7B6A4FF4E36152
:10A3D80001FB03F31344C4331B7803F01F03DBB200
:10A3E8000133BB772B4A7B6A4FF4E36101FB03F32C
:10A3F80013440133A8221A70264A7B6A4FF4E3619A
:10A4080001FB03F313441878224A7B6A4FF4E36193
:10A4180001FB03F31344013319787B6A4FF4E362B9
:10A4280002FB03F31B4A13441A1DBB7F9BB21C4655
:10A43800640023445B009BB2F7F732FC154A7B6A41
:10A448004FF4E36101FB03F31344013320221A7034
:10A458003B7B184620F09AFA034618460D4A7B6A59
:10A468004FF4E36101FB03F31344023302461A700D
:10A47800084A7B6A4FF4E36101FB03F3134418783D
:10A48800044A7B6A4FF4E36101FB03F3134401338D
:10A4980004E000BFD80B00202C91002019787B6ABB
:10A4A8004FF4E36202FB03F3964A13449A1C012318
:10A4B800F7F7D6FB03461A4697F82030134487F877
:10A4C800203097F82030002B01D0022316E18D4A66
:10A4D8007B6A4FF4E36101FB03F3134403F20C734B
:10A4E80000221A80874A7B6A4FF4E36101FB03F379
:10A4F800134403F20E7300221A80824A7B6A4FF4D7
:10A50800E36101FB03F3134403F5E26300221A80BD
:10A518007C4A7B6A4FF4E36101FB03F3134403F2C3
:10A52800147300221A70774A7B6A4FF4E36101FBC7
:10A5380003F3134403F2137301221A70714A7B6AFE
:10A548004FF4E36101FB03F3134401332F221A7024
:10A558006C4A7B6A4FF4E36101FB03F313441878F8
:10A56800684A7B6A4FF4E36101FB03F31344013348
:10A5780019787B6A4FF4E36202FB03F3C033614A44
:10A5880013441A1D0123F7F78BFB5E4A7B6A4FF4CD
:10A59800E36101FB03F31344C4331B785B1103F03D
:10A5A8000103DBB2002BC9D1564A7B6A4FF4E36141
:10A5B80001FB03F31344C4331B7803F01F03DBB21E
:10A5C80001337B774F4A7B6A4FF4E36101FB03F366
:10A5D80013440133A8221A704A4A7B6A4FF4E36194
:10A5E80001FB03F313441878464A7B6A4FF4E3618E
:10A5F80001FB03F31344013319787B6A4FF4E362D8
:10A6080002FB03F33F4A13441A1D7B7F9BB21C468F
:10A61800640023445B009BB2F7F742FB07F046FC5B
:10A62800024638497B6A4FF4E36000FB03F30B44AE
:10A6380003F5E1631A60334A7B6A4FF4E36101FB77
:10A6480003F3134403F2127397F823201A7007F1E7
:10A65800100300221A605A6097F822303B747B7FFF
:10A668005A1E13465B0013445B007A6A4FF4E36199
:10A6780001FB02F21344234A1344191D07F1100386
:10A6880002330622184620F06BFABB68BB6107F15B
:10A69800100301221946B869FCF745FEB86107F1B5
:10A6A8001003023302221946B869FCF73CFEB86170
:10A6B80007F11003043302221946B869FCF733FE88
:10A6C800B86107F11003063302221946B869FCF78E
:10A6D8002AFEB861BA69BB68D31ADAB27B681A7005
:10A6E80000230BE0032309E0032307E07B6A01331F
:10A6F8007B627B6A012B7FF737AD032318462C3723
:10A70800BD4690BDD80B002090B5C3B000AF3873DC
:10A7180007F58473A3F58073196007F58473A3F5AF
:10A7280082731A603B7B5B0087F8E7303A7B07F55A
:10A738008473A3F580731B681A7007F58473A3F5F7
:10A7480082731B6801221A7097F8E730302B05D006
:10A7580097F8E730322B01D0042366E30023C7F8CB
:10A7680004315CE3CB4AD7F804314FF4E36101FBD1
:10A7780003F313441B7897F8E7209A4240F04A8382
:10A78800C44AD7F804314FF4E36101FB03F31344DF
:10A7980003F213731B7883F00103DBB2002B01D0A3
:10A7A800032342E3BB4AD7F804314FF4E36101FBCA
:10A7B80003F3134403F212731B78DBB2002B40F04F
:10A7C8006B81B44AD7F804314FF4E36101FB03F31A
:10A7D800134401332F221A70AE4AD7F804314FF4CC
:10A7E800E36101FB03F313441878AA4AD7F804314C
:10A7F8004FF4E36101FB03F3134401331978D7F8ED
:10A8080004314FF4E36202FB03F3C033A14A13445B
:10A818001A1D0123F7F744FA034687F8E33097F83F
:10A82800E330002B01D00423FFE29A4AD7F8043121
:10A838004FF4E36101FB03F31344C4331B785B114A
:10A8480003F00103DBB2002B01D00223EDE2002369
:10A8580087F803318F4AD7F804314FF4E36101FBDD
:10A8680003F31344C4331B789B1103F00103DBB2D9
:10A87800002B02D0012387F80331864AD7F8043128
:10A888004FF4E36101FB03F31344C4331B7803F073
:10A898001F03DBB2013387F8E2307E4AD7F8043170
:10A8A8004FF4E36101FB03F313440133A8221A7048
:10A8B800784AD7F804314FF4E36101FB03F31344FA
:10A8C8001878744AD7F804314FF4E36101FB03F3B5
:10A8D800134401331978D7F804314FF4E36202FBCB
:10A8E80003F36C4A13441A1D97F8E2309BB21C46D6
:10A8F800640023445B009BB2F7F7D2F907F1140315
:10A90800CC220021184620F0E8F83B7B3B7507F085
:10A91800CDFA0346BB615F4AD7F804314FF4E361CF
:10A9280001FB03F3134403F5E2631B88BB83D7F8E9
:10A9380004314FF4E36202FB03F3564A1344191D32
:10A9480097F8E22013465B0013445B001A4607F1B0
:10A9580014030A33184620F003F94E4AD7F8043195
:10A968004FF4E36101FB03F3134403F5E2631A8830
:10A9780097F8E2309BB2134498B2464AD7F80431AC
:10A988004FF4E36101FB03F3134403F5E26302466A
:10A998001A8007F58473A3F580731B68C7F8FC3029
:10A9A80007F1140301221946D7F8FC00FCF7BBFC99
:10A9B800C7F8FC0007F11403043304221946D7F83A
:10A9C800FC00FCF7B0FCC7F8FC0007F114030833DF
:10A9D80002221946D7F8FC00FCF7A5FCC7F8FC00D2
:10A9E8000023C7F8F8303DE007F11401D7F8F82044
:10A9F80013465B0013445B0008330B440233022206
:10AA08001946D7F8FC00FCF78EFCC7F8FC0007F1E4
:10AA18001401D7F8F82013465B0013445B00083391
:10AA28000B44043302221946D7F8FC00FCF77BFCE0
:10AA3800C7F8FC0007F11401D7F8F82013465B00AB
:10AA480013445B0008330B44063302221946D7F837
:10AA5800FC00FCF768FCC7F8FC00D7F8F8300133B5
:10AA6800C7F8F83097F8E230D7F8F8209A42BBDBFD
:10AA780007F58473A3F58073D7F8FC201B68D31AF5
:10AA8800DAB207F58473A3F582731B681A7097F816
:10AA98000331CAE1D80B0020DC4AD7F804314FF45F
:10AAA800E36101FB03F3134403F212731B78DBB277
:10AAB800012B40F0AF81D54AD7F804314FF4E36158
:10AAC80001FB03F3134403F2157301221A70CF4AF2
:10AAD800D7F804314FF4E36101FB03F3134403F2A5
:10AAE80014731B78DBB283F00103DBB2002B27D091
:10AAF800C64AD7F804314FF4E36101FB03F313446A
:10AB080003F20E731B889AB2C049D7F804314FF488
:10AB1800E36000FB03F30B4403F20C731B889BB246
:10AB28009A420DD1B94AD7F804314FF4E36101FBD9
:10AB380003F3134403F2157300221A70022374E11D
:10AB4800002387F8F730B14AD7F804314FF4E361AE
:10AB580001FB03F3134403F214731B78DBB2002BDD
:10AB680002D0012387F8F73007F11403CC22002123
:10AB780018461FF0B2FF3B7B3B75A44AD7F8043157
:10AB88004FF4E36101FB03F3134403F20E731B88D4
:10AB98009BB218469D4AD7F804314FF4E37101FB84
:10ABA80003F3034403F5917352F82330BB61974ACA
:10ABB800D7F804314FF4E36101FB03F3134403F2C4
:10ABC8000E731B889BB2BB832023A7F8E430B7F829
:10ABD800E430A7F8F4300023A7F8F23077E0B7F8AC
:10ABE800F22007F1140113465B0013445B0008339D
:10ABF8000B44981C854AD7F804314FF4E36101FBF4
:10AC080003F3134403F20E731B889BB21A461346D0
:10AC18005B0013445B00D7F804214FF4E36101FBA8
:10AC280002F21344C033794A134406330622194604
:10AC38001FF096FF754AD7F804314FF4E36101FB22
:10AC480003F3134403F20E731B889BB25A1C704B18
:10AC580083FB02139911D317C91A0B469B000B44A7
:10AC68005B01D11A88B2694AD7F804314FF4E3611D
:10AC780001FB03F3134403F20E7302461A80634A7E
:10AC8800D7F804314FF4E36101FB03F3134403F2F3
:10AC98000E731B889AB25D49D7F804314FF4E3600C
:10ACA80000FB03F30B4403F20C731B889BB29A421C
:10ACB80008D1B7F8F2300133A7F8F430B7F8E43028
:10ACC800A7F8F230B7F8F2300133A7F8F230B7F846
:10ACD800F220B7F8E4309A4281D34C4AD7F80431CD
:10ACE8004FF4E36101FB03F3134403F214730022EE
:10ACF8001A7007F58473A3F580731B68C7F8EC30E6
:10AD080007F1140301221946D7F8EC00FCF70BFBF6
:10AD1800C7F8EC0007F11403043304221946D7F8E6
:10AD2800EC00FCF700FBC7F8EC0007F1140308334C
:10AD380002221946D7F8EC00FCF7F5FAC7F8EC0040
:10AD48000023C7F8E8303DE007F11401D7F8E82000
:10AD580013465B0013445B0008330B4402330222A2
:10AD68001946D7F8EC00FCF7DEFAC7F8EC0007F153
:10AD78001401D7F8E82013465B0013445B0008333E
:10AD88000B44043302221946D7F8EC00FCF7CBFA3F
:10AD9800C7F8EC0007F11401D7F8E82013465B0068
:10ADA80013445B0008330B44063302221946D7F8D4
:10ADB800EC00FCF7B8FAC7F8EC00D7F8E830013334
:10ADC800C7F8E830B7F8F430D7F8E8209A42BBDB88
:10ADD80007F58473A3F58073D7F8EC201B68D31AA2
:10ADE800DAB207F58473A3F582731B681A70074AF1
:10ADF800D7F804314FF4E36101FB03F3134403F282
:10AE0800157300221A7097F8F7300EE0D80B00205F
:10AE180067666666D7F804310133C7F80431D7F896
:10AE28000431012B7FF79EAC0423184607F586777B
:10AE3800BD4690BD80B586B000AF3873B9607A6002
:10AE48003B7B5B00FB743A7BBB681A707B68012212
:10AE58001A7000237B616FE0464A7B694FF4E36117
:10AE680001FB03F313441B78FA7C9A4261D1414AEF
:10AE78007B694FF4E36101FB03F3134403F2167398
:10AE880000221A703B4A7B694FF4E36101FB03F32C
:10AE9800134403F2127300221A70364A7B694FF486
:10AEA800E36101FB03F3134403F213731B78002BD4
:10AEB8003FD0304A7B694FF4E36101FB03F313444D
:10AEC800013320221A7000201FF060FD0346184647
:10AED800284A7B694FF4E36101FB03F3134402330F
:10AEE80002461A70234A7B694FF4E36101FB03F3BE
:10AEF800134418781F4A7B694FF4E36101FB03F39D
:10AF08001344013319787B694FF4E36202FB03F3BE
:10AF1800184A13449A1C0123F6F7A2FE154A7B69C6
:10AF28004FF4E36101FB03F3134403F213730022AC
:10AF38001A707B6901337B617B69012B8CDD0D4BBA
:10AF480093F81637DBB283F00103DBB2002B0BD08A
:10AF5800084B93F82E3EDBB283F00103DBB2002BE3
:10AF680002D00020F6F744FE002318461837BD46E5
:10AF780080BD00BFD80B002090B587B000AF00237C
:10AF88007B618CE1564A7B694FF4E36101FB03F373
:10AF9800134403F212731B78DBB2012B40F07C815F
:10AFA8004F4A7B694FF4E36101FB03F3134403F257
:10AFB80015731B78DBB283F00103DBB2002B00F0C2
:10AFC8006B81474A7B694FF4E36101FB03F3134448
:10AFD80001332F221A70424A7B694FF4E36101FB67
:10AFE80003F3134418783E4A7B694FF4E36101FB8D
:10AFF80003F31344013319787B694FF4E36202FBCE
:10B0080003F3C033364A13441A1D0123F6F748FEEA
:10B0180003467B747B7C002B40F03E81304A7B6981
:10B028004FF4E36101FB03F31344C4331B785BB2B1
:10B03800DB115BB203F00103DBB2002B00F02C81C3
:10B04800274A7B694FF4E36101FB03F31344C433DC
:10B058001B7803F01F033B74214A7B694FF4E361BB
:10B0680001FB03F313440133A8221A701C4A7B69BD
:10B078004FF4E36101FB03F313441878184A7B6922
:10B088004FF4E36101FB03F31344013319787B693F
:10B098004FF4E36202FB03F3114A13441A1D3B7C8D
:10B0A8009BB21C46640023445B009BB2F6F7F8FD94
:10B0B80003467B747B7C002B40F0EE80084A7B695A
:10B0C8004FF4E36101FB03F3134403F5E1631B68E9
:10B0D800FB6006F0EBFEB86000237B82D6E000BF81
:10B0E800D80B0020724A7B694FF4E36101FB03F33C
:10B0F800134403F20C731B889BB25A1C6D4B83FBE1
:10B1080002139911D317C91A0B469B000B445B0114
:10B11800D11A0B46FB80664A7B694FF4E36101FB59
:10B1280003F3134403F20E731B889BB2FA889A4206
:10B138002DD15F4A7B694FF4E36101FB03F31344AC
:10B1480003F2147301221A70594A7B694FF4E361C0
:10B1580001FB03F3134403F20E731B889BB25A1CC2
:10B16800544B83FB02139911D317C91A0B469B0042
:10B178000B445B01D11A88B24D4A7B694FF4E361F5
:10B1880001FB03F3134403F20E7302461A807A8A12
:10B1980047497B694FF4E36000FB03F30B4403F278
:10B1A8000C731B889BB21C464148796923465B0097
:10B1B80023445B004FF4E36404FB01F10B440344B4
:10B1C80003F1C6043A48796913465B0013445B00EF
:10B1D8004FF4E36201FB02F21344034422460433B2
:10B1E800196811609B889380BA68FB68D31A7A8AB9
:10B1F800013203FB02F23B7CB2FBF3F22C497B6980
:10B208004FF4E36000FB03F30B4403F20C731B8859
:10B218009BB21C46FB681A4425497B694FF4E370CE
:10B2280000FB03F3234403F5917341F82320204ADC
:10B238007B694FF4E36101FB03F3134403F20C73DE
:10B248001B889BB218461A4A7B694FF4E37101FBCD
:10B2580003F3034403F5917352F8232014497B69DF
:10B268004FF4E36000FB03F30B4403F5E1631A605A
:10B278000F4A7B694FF4E36101FB03F3134403F2C4
:10B288000C73FA881A807B8A01337B823B7C9BB2E1
:10B298007A8A9A42FFF426AF7B6901337B617B6926
:10B2A800012B7FF76FAE00BF00BF1C37BD4690BDB6
:10B2B800D80B00206766666680B582B000AF03468B
:10B2C800FB71FB791846FAF73DF9FB791846F7F751
:10B2D800E3FA00BF0837BD4680BD000080B500AF67
:10B2E800FA2006F0EFFD17480FF0ADFEFA2006F041
:10B2F800E9FD802114480CF039FB0346012B05D1E8
:10B3080001224FF4807110480CF048FB0F49104897
:10B31800F6F7F0F90F48F6F7D3F80F48F6F766F99D
:10B32800F5F786FFF7F7B6FEF9F7EEF8F9F7C6FD79
:10B3380000210A48F7F7CAFE0120F6F775FE00BF9C
:10B3480080BD00BF8091002000080242C51500089A
:10B35800852B00085D3A0008C1B2000858C30208EE
:10B3680080B500AFF6F778FEF9F75CFD03464FF6B7
:10B37800FF7293422CD0B3F5803F4DDAB3F5807F4E
:10B3880029D0B3F5807F47DB40F20A22934243DCA1
:10B39800B3F5007F40DBA3F500730A2B3CD801A26C
:10B3A80052F823F0E5B30008EBB30008F1B3000846
:10B3B800F7B30008FDB3000803B4000809B4000897
:10B3C8000FB4000815B400081BB400081BB400082B
:10B3D80003F052FF21E003F061FF1EE004F0CCF916
:10B3E8001BE000F00FFD18E002F058F915E003F03B
:10B3F800ABFA12E002F080FD0FE000F015F90CE066
:10B4080002F0FAFE09E002F08DFA06E0FEF7F8FD18
:10B4180003E003F0F1FB00E000BF00BF80BD00BF08
:10B4280080B500AF084B1B781A46084B1B681344BD
:10B43800064A136000F038FE02F04CFAFFF79CFD54
:10B4480003F0BCFB00BF80BD581A0020D095002037
:10B4580080B582B000AF78607B680F4A934202D112
:10B46800F9F7B0FE13E07B680C4A934202D1F6F775
:10B47800CDF80CE07B680A4A934202D1F7F7D0F97D
:10B4880005E07B68074A934201D1F6F7E5FD00BF66
:10B498000837BD4680BD00BF94910020E49100208C
:10B4A800349200208492002080B582B000AF78608A
:10B4B800F9F7CAFF00BF0837BD4680BD80B582B026
:10B4C80000AF78607B68134A934207D17B681B7F83
:10B4D800012B03D10220FBF761F917E07B680E4AC4
:10B4E800934207D17B681B7F012B03D10220FBF716
:10B4F80003FB0BE07B68094A934207D17B681B7FFB
:10B50800012B03D10220FBF7C9FDFFE700BF083775
:10B51800BD4680BDC0930020589400200C940020A4
:10B5280080B582B000AF78607B68124A934203D13D
:10B538000120FBF733F919E07B680F4A934203D1E6
:10B548000120FBF7D9FA11E07B680C4A934203D13A
:10B558000120FBF7A3FD09E07B68094A934203D069
:10B568007B68084A934201D1F6F776FD00BF083799
:10B57800BD4680BDC0930020589400200C94002044
:10B58800A4940020F094002080B582B000AF7860C9
:10B598007B68134A934207D17B681B7F022B03D138
:10B5A8000020FBF77BFD17E07B680E4A934207D12A
:10B5B8007B681B7F022B03D10020FBF7EFF80BE021
:10B5C8007B68094A934207D17B681B7F022B03D112
:10B5D8000020FBF791FAFFE700BF0837BD4680BDA2
:10B5E8000C940020C09300205894002080B582B0AD
:10B5F80000AF786039600120F8F74AFA0A2006F0AF
:10B6080061FC39687868F8F755FA0020F8F740FACD
:10B618007B681A883B681B8819461046F7F790FD27
:10B6280000BF0837BD4680BD80B58EB000AFF9F7C2
:10B63800F9FB0346FB864FF400716C480CF096F951
:10B648000346012B00F0CE804FF000024FF00003BC
:10B65800C7E904234FF000024FF00003C7E90223B3
:10B6680007F11003082219466148F9F7A8FA07F10B
:10B678000803082219465F48F9F7A1FA0023FB805E
:10B688000023BB804FF000024FF00003C7E90A23F4
:10B698004FF000024FF00003C7E908234FF0000203
:10B6A8004FF00003C7E906233A1DBB1D1146184693
:10B6B800FFF79CFFFB881846F4F724FF4FF00002C1
:10B6C8004D4BF5F7C3F802460B46C7E90823BB887C
:10B6D8001846F4F717FF4FF00002474BF5F7B6F896
:10B6E80002460B46C7E906230121444815F016FC1B
:10B6F8000346434A13600221404815F00FFC0346F5
:10B70800404A1360D7E90623D7E90801F5F7FAF9A3
:10B718000346002B04D0D7E90823C7E90A2303E02E
:10B72800D7E90623C7E90A23D7E90423D7E90A0199
:10B73800F5F7F2F90346002B06D0314B00221A60C8
:10B74800304B00221A6021E0D7E90423D7E90A0127
:10B75800F5F7CEF90346002B0ED0D7E90223D7E937
:10B768000A01F5F7D9F90346002B05D0244B1B68CD
:10B778000133234A136009E0214B1B680133204A37
:10B788001360204B1B6801331E4A13601C4B1B6857
:10B79800022B03D900211C48F7F798FC194B1B68AA
:10B7A800022B07D900211948F7F790FC4FF4807352
:10B7B800FB8602E04FF40073FB86FB8E1846F9F710
:10B7C80021FBF9F75BFB0E4B1B681A4601210B485E
:10B7D80015F08CFB0B4B1B681A460221074815F025
:10B7E80085FB00E000BF3837BD4680BD0008024237
:10B7F80060C3020868C3020800408F40009300201D
:10B80800D06C0020D46C002070C3020878C30208F2
:10B8180080B588B000AFF860B9607A603B60FB68BB
:10B82800002B02D03B68002B01D101233CE07B6850
:10B83800DB08FB617B6803F00703BB61FA69BB683F
:10B848009A4201D301232FE03B8D194638680CF04A
:10B858008DF80346FB75FB7D012B11D1FA68FB6956
:10B8680013441B785AB20121BB6901FA03F35BB296
:10B87800134359B2FA68FB691344CAB21A7012E04A
:10B88800FA68FB6913441B785AB20121BB6901FAB3
:10B8980003F35BB2DB435BB2134059B2FA68FB694E
:10B8A8001344CAB21A70002318462037BD4680BD1B
:10B8B80090B5B5B014AFF860384680E80E003B7814
:10B8C80087F87030002387F8713000237B670023E6
:10B8D80087F878303B78F02B7AD14548F9F705F9A5
:10B8E800034687F87F304348F9F7FFF8034687F89F
:10B8F8007E3097F87F2097F87E301344DBB26033B0
:10B9080087F87D3097F87F2097F87E301344DBB2B4
:10B91800603387F87C303B7A97F87D209A4204D8C8
:10B928003B7A97F87C209A4203D2F12387F871304A
:10B9380052E007F110036022002118461FF0CDF8ED
:10B948007A6807F110031146602218461FF008F9BB
:10B95800684607F12003502219461FF001F907F144
:10B9680010030FCBF6F700FD03461A46224B1A7058
:10B97800214B1B78002B06D1012387F871301F4B10
:10B9880001221A701EE01C4B1B78022B03D01A4BA5
:10B998001B78012B0ED17B68603319461848F9F7DC
:10B9A800C6F87A6897F87F3060331344194615480B
:10B9B800F9F7BDF840F20220F9F724FA00211248FD
:10B9C800F7F784FB012387F878300B4B7B6703E09C
:10B9D800F32387F8713000BFFB681C4607F170033A
:10B9E80093E8070084E80700F8688437BD4690BDEF
:10B9F80080C3020888C30208DC6C0020DD6C0020CC
:10BA080090C3020898C30208A0C3020880B58AB090
:10BA180002AF78604FF47A7300930123364A3749AE
:10BA28000020F5F77FFC0120F8F732F80A2006F02D
:10BA380049FA33493348F8F73DF84FF47A730093DD
:10BA48000123314A31490120F5F76CFC4FF47A7330
:10BA5800009301232E4A2F490120F5F763FC4FF488
:10BA68007A7302222C490120F8F7D0FB4FF47A733D
:10BA780002222A490220F8F7C9FB4FF47A730222FE
:10BA880027490320F8F7C2FB1B4B1B88254A82FB7A
:10BA98000312D210DB17D31AFB771A4B1B88214AE3
:10BAA800A2FB03235B099BB2BB77164B5B881D4A3D
:10BAB800A2FB03235B099BB27B77134B1B881A4AB3
:10BAC800A2FB0323DB089BB23B770F4B5B88164A2C
:10BAD800A2FB0323DB089BB2FB760F4B1B8840F6C7
:10BAE800F612934222D80C4B1B880F4AA2FB032361
:10BAF800DB089BB2DBB21AE0DE6C0020000004CA4F
:10BB0800E26C0020E06C0020E46C002020000014AF
:10BB1800E66C002040000018E86C0020EA6C002069
:10BB2800EC6C00201F85EB51CDCCCCCCFF23BB7631
:10BB3800A74B5B88A74AA2FB0323DB089BB27B7653
:10BB4800A34B9B88A34AA2FB0323DB089BB23B764B
:10BB58007B687B617B695A1C7A61FA7F1A707B6902
:10BB68005A1C7A61BA7F1A707B695A1C7A617A7F8B
:10BB78001A707B695A1C7A613A7F1A707B695A1C61
:10BB88007A61FA7E1A707B695A1C7A61BA7E1A70D9
:10BB98007B695A1C7A617A7E1A707B695A1C7A61B1
:10BBA8003A7E1A707A697B68D31ADBB2C3F118033C
:10BBB800FB74F97C80230093874B00227869FFF798
:10BBC80027FE0346002B01D005F049F8F97C4023F5
:10BBD8000093814B01227869FFF71AFE0346002B78
:10BBE80001D005F03CF8F97C4FF4007300937A4BD0
:10BBF80002227869FFF70CFE0346002B01D005F0FE
:10BC08002EF8F97C4FF480430093744B0322786933
:10BC1800FFF7FEFD0346002B01D005F020F8F97C64
:10BC28004FF4805300936D4B04227869FFF7F0FDC1
:10BC38000346002B01D005F012F8F97C4FF40043BD
:10BC48000093664B05227869FFF7E2FD0346002B57
:10BC580001D005F004F8F97C4FF4005300935F4BD2
:10BC680006227869FFF7D4FD0346002B01D004F0C3
:10BC7800F6FFF97C04230093594B07227869FFF7F4
:10BC8800C7FD0346002B01D004F0E9FFF97C4FF40F
:10BC980080730093534B08227869FFF7B9FD034678
:10BCA800002B01D004F0DBFFF97C102300934D4BEF
:10BCB80009227869FFF7ACFD0346002B01D004F098
:10BCC800CEFFF97C20230093464B0A227869FFF7C0
:10BCD8009FFD0346002B01D004F0C1FFF97C4FF40F
:10BCE800805300933C4B0B227869FFF791FD034684
:10BCF800002B01D004F0B3FFF97C20230093364BCE
:10BD08000C227869FFF784FD0346002B01D004F06C
:10BD1800A6FFF97C04230093334B0D227869FFF7C3
:10BD280077FD0346002B01D004F099FFF9F77AF864
:10BD380003463B823B8A40F20922934204D03B8A65
:10BD480040F20A22934201D1012300E00023FB7351
:10BD5800FB7B03F00103FB733B8A40F20A22934208
:10BD68000CBF01230023BB73FB7B002B09D07B692D
:10BD780001331A787B69013342F04002D2B21A705B
:10BD880008E07B6901331A787B69013322F04002AD
:10BD9800D2B21A70BB7B002B09D07B6901331A78A9
:10BDA8007B69013362F07F02D2B21A7008E07B69C6
:10BDB80001331A787B69013302F07F02D2B21A701C
:10BDC8007A697B68D31ADBB218462037BD4680BD36
:10BDD800E86C0020CDCCCCCC000802420010024216
:10BDE80000180242000402420014024280B400AF6C
:10BDF800034B1B781846BD465DF8047B704700BFAF
:10BE0800DC6C002080B592B000AFF9F70BF8034660
:10BE1800A7F846309A48F6F791FE9A4B00221A7016
:10BE28000120F8F7E1F90120F7F732FE07F11003D6
:10BE38002922002118461EF050FE4FF000024FF054
:10BE48000003C7E902239048F8F74FFE034687F836
:10BE5800443007F1100311331846FFF7D7FD0346A6
:10BE680087F8433007F11003062219468748F8F788
:10BE7800A6FE07F110030633012219468448F8F795
:10BE88009EFE07F10803082219468248F8F797FE34
:10BE980097F8433007F1100210331344013397F831
:10BEA800442019467848F8F78AFE07F110030F3343
:10BEB800022219467848F8F782FED7E9022310468D
:10BEC8001946F4F75BFE0346FB63FB6B5B087B607C
:10BED8007B68C7F81B300123C7F81730152387F88C
:10BEE8003830F6F7C3FC0346002B07D007F11003E0
:10BEF80019466648F8F797FE0023BB750120F6F748
:10BF08008DFBF6F743FC034687F8453007F110032D
:10BF180011331846FFF77AFD07F110031846F6F7B4
:10BF2800F9FB02E0012005F0CDFFF5F7D9FE034645
:10BF380083F00103DBB2002BF4D1FB6B4FF47A7270
:10BF480002FB03F3554A136014E0F6F785F8F6F799
:10BF58003DFC02E0012005F0B5FFF5F7C1FE034600
:10BF680083F00103DBB2002BF4D1F6F70FFC034694
:10BF780087F8453097F84530012B76D0474B1B683A
:10BF8800002BE2D171E0F6F767F8802144480BF006
:10BF9800EDFC0346002B03D140F20920F8F732FFED
:10BFA8003E4B1B68002B07D14FF40070F8F72AFFAF
:10BFB8000020F6F733FB51E03A4B1B78002B08D0F2
:10BFC800322005F07FFFF6F7B9FB364B00221A70D6
:10BFD80001E0F6F7FBFBF5F783FE322005F072FF70
:10BFE800F6F7D4FB034687F8453097F84530002B21
:10BFF80034D107F1100311331846FFF707FD07F195
:10C0080010031846F6F786FB02E0012005F05AFFF8
:10C01800F5F766FE034683F00103DBB2002BF4D18B
:10C0280014E0F6F719F8F6F7D1FB02E0012005F065
:10C0380049FFF5F755FE034683F00103DBB2002BF9
:10C04800F4D1F6F7A3FB034687F8453097F8453057
:10C05800012B03D0114B1B68002BE2D1F9F7D0F864
:10C06800F8F7E0FE0346A7F84630B7F8463040F246
:10C078000122934287D000BF00BF4837BD4680BD2C
:10C08800B9B80008DC6C002088C30208A8C30208FD
:10C09800B0C30208B8C30208C0C30208D86C0020A5
:10C0A80000080242DD6C002080B400AF064B1B681C
:10C0B800002B04D0044B1B68013B034A136000BFEC
:10C0C800BD465DF8047B7047D86C002090B5FDB084
:10C0D80014AF07F5D074A4F5CA74206007F5D070C2
:10C0E800A0F5D07080E80E0007F5D073A3F5D073E3
:10C0F8001B7887F83431002387F835310023C7F8D7
:10C108003831002387F83C31002387F89B3100231E
:10C1180087F89A31002387F89F31FFF767FE0346B7
:10C1280087F899310822D849D848F8F748FDD64BFE
:10C13800D3E900014FF00002D54BF4F75DFA02464F
:10C148000B46D149C1E90023CF4BD3E90023104660
:10C158001946F4F7EBFC0346CE4A136007F5D07393
:10C16800A3F5D0731B78473BAF2B01F27A8201A26B
:10C1780052F823F0B7D400084FD50008E3D50008DB
:10C188006BD600086BD600086BD600086BD6000883
:10C198006BD600086BD600086BD600086BD6000873
:10C1A8006BD600086BD600086BD600086BD6000863
:10C1B8006BD600086BD600086BD600086BD6000853
:10C1C8006BD600086BD600086BD600086BD6000843
:10C1D8006BD600086BD600086BD600086BD6000833
:10C1E8006BD600086BD600086BD600086BD6000823
:10C1F8006BD600086BD600086BD600086BD6000813
:10C208006BD600086BD600086BD600086BD6000802
:10C218006BD600086BD600086BD600086BD60008F2
:10C228006BD600086BD600086BD600086BD60008E2
:10C238006BD600086BD600086BD600086BD60008D2
:10C248006BD600086BD600086BD600086BD60008C2
:10C258006BD600086BD600086BD600086BD60008B2
:10C268006BD600086BD600086BD600086BD60008A2
:10C278006BD600086BD600086BD600086BD6000892
:10C288006BD600086BD600086BD600086BD6000882
:10C298006BD600086BD600086BD600086BD6000872
:10C2A8006BD600086BD600086BD600086BD6000862
:10C2B8006BD600086BD600086BD600086BD6000852
:10C2C8006BD600086BD600086BD600086BD6000842
:10C2D8006BD600086BD60008F3C600085DC70008D7
:10C2E800BFC700087DC8000811C9000871C9000847
:10C2F80025CA000889CA000827CB0008BBCB00085C
:10C30800A3CD000837CF0008A3CD000837CF000819
:10C3180089D10008FBD1000853D200081DD30008BA
:10C328006BD600086BD600086BD600086BD60008E1
:10C338006BD600086BD600086BD600086BD60008D1
:10C348006BD600086BD600086BD600086BD60008C1
:10C358006BD600086BD600086BD600086BD60008B1
:10C368006BD600086BD600086BD600086BD60008A1
:10C378006BD600086BD600086BD600086BD6000891
:10C388006BD600086BD600086BD600086BD6000881
:10C398006BD600086BD600086BD600086BD6000871
:10C3A8006BD600086BD600086BD600086BD6000861
:10C3B8006BD600086BD600086BD600086BD6000851
:10C3C8006BD600086BD600086BD600086BD6000841
:10C3D8006BD600086BD600086BD600086BD6000831
:10C3E8006BD600086BD600086BD600086BD6000821
:10C3F8006BD600086BD600086BD600086BD6000811
:10C408006BD600086BD600086BD600086BD6000800
:10C418006BD600086BD600086BD6000827C5000845
:10C42800B1C500083FC600086BD600086BD60008E7
:10C438003DC40008022387F89B31022387F89A310C
:10C44800FF2387F89F3107F5D073A3F5D0731B7AC4
:10C4580097F89B219A4208D807F5D073A3F5D073B3
:10C468001B7A97F89A219A4203D2F12387F835313B
:10C4780053E097F8992197F89F319A420CD2F32309
:10C4880087F8353101F0F2B8F06C0020C8C3020813
:10C4980000408F40341A00200023A7F8323107F5F6
:10C4A800D073A3F5D0735B681B889BB2A7F83231B1
:10C4B800B7F83231B3F5807F17D0B3F5807F28DB2A
:10C4C800B3F5027F25DCB3F5007F22DBA3F500730B
:10C4D80040F23B1222FA03F303F00103002B14BFCE
:10C4E80001230023DBB2002B13D040F20123A7F86D
:10C4F8002C31B7F83231A7F82E3107F596710123A0
:10C5080004224FF42020F5F707F8D24B01221A70C5
:10C5180003E0012387F8353100BF01F0A7B80023F5
:10C5280087F89B31002387F89A31FF2387F89F31DA
:10C5380007F5D073A3F5D0731B7A97F89B219A421D
:10C5480008D807F5D073A3F5D0731B7A97F89A210A
:10C558009A4204D2F12387F8353101F087B897F869
:10C56800992197F89F319A4204D2F32387F83531FD
:10C5780001F07CB8B84BC7F89431D7F8943106224B
:10C588001946B648F8F71BFBD7F894310633012251
:10C598001946B348F8F713FB072387F83C31AE4B2D
:10C5A800C7F8383101F062B8072387F89B310723B1
:10C5B80087F89A31FF2387F89F3107F5D073A3F5E1
:10C5C800D0731B7A97F89B219A4208D807F5D07345
:10C5D800A3F5D0731B7A97F89A219A4204D2F123D3
:10C5E80087F8353101F042B897F8992197F89F31CB
:10C5F8009A4204D2F32387F8353101F037B807F5AA
:10C60800D073A3F5D0735A6807F592731068186051
:10C618009188927999809A7107F5927319468F4893
:10C62800F8F785FA07F59273063319468C48F8F738
:10C638007EFA01F01BB8602387F89B31602387F8E6
:10C648009A31FF2387F89F3107F5D073A3F5D0738C
:10C658001B7A97F89B219A4208D807F5D073A3F55F
:10C66800D0731B7A97F89A219A4204D2F12387F85B
:10C67800353100F0FBBF97F8992197F89F319A421E
:10C6880004D2F32387F8353100F0F0BF07F5D073F3
:10C69800A3F5D0735A6807F5D073A3F5C873184685
:10C6A800114660231A461EF05BFA07F5D073A3F50E
:10C6B800C874684604F11003502219461EF050FA57
:10C6C80094E80F00F5F7F0FC034683F00103DBB2B2
:10C6D800002B04D0012387F8353100F0C7BF40F2A2
:10C6E8000620F8F78FFB00F0C1BF002387F89B31C5
:10C6F800002387F89A31FF2387F89F3107F5D07315
:10C70800A3F5D0731B7A97F89B219A4208D807F5AE
:10C71800D073A3F5D0731B7A97F89A219A4204D262
:10C72800F12387F8353100F0A1BF97F8992197F8E0
:10C738009F319A4204D2F32387F8353100F096BF2F
:10C7480000214848F6F7C2FC4FF6FF70F8F75AFB8D
:10C7580000F08CBF002387F89B31002387F89A31BB
:10C76800FF2387F89F3107F5D073A3F5D0731B7AA1
:10C7780097F89B219A4208D807F5D073A3F5D07390
:10C788001B7A97F89A219A4204D2F12387F8353117
:10C7980000F06CBF97F8992197F89F319A4204D21C
:10C7A800F32387F8353100F061BF40F20720F8F72E
:10C7B80029FB00F05BBF002387F89B31002387F833
:10C7C8009A31FF2387F89F3107F5D073A3F5D0730B
:10C7D8001B7A97F89B219A4208D807F5D073A3F5DE
:10C7E800D0731B7A97F89A219A4204D2F12387F8DA
:10C7F800353100F03BBF97F8992197F89F319A425D
:10C8080004D2F32387F8353100F030BF4FF000022F
:10C818004FF00003C7E9462307F58C730822194631
:10C828001148F8F7CCF9D7E946014FF000020F4B51
:10C83800F3F7E2FE02460B46C7E94623D7E946234B
:10C8480010461946F4F772F90346094A136000F0D6
:10C858000DBF00BFF86C0020F86D0020D0C302089F
:10C86800D8C30208E0C30208E8C3020800408F40AA
:10C87800381A0020002387F89B31012387F89A3162
:10C88800012387F89F3107F5D073A3F5D0731B7A7E
:10C8980097F89B219A4208D807F5D073A3F5D0736F
:10C8A8001B7A97F89A219A4204D2F12387F83531F6
:10C8B80000F0DCBE97F8992197F89F319A4204D28C
:10C8C800F32387F8353100F0D1BE07F5D073A3F50F
:10C8D800D0731B7A97F89A219A420DD107F5D07335
:10C8E800A3F5D0735B681B78002B14BF01230023CA
:10C8F800DAB2C54B1A7002E0C34B00221A7001204D
:10C90800F8F7E8FB00F0B2BE002387F89B3100235C
:10C9180087F89A31012387F89F3107F5D073A3F57B
:10C92800D0731B7A97F89B219A4208D807F5D073E1
:10C93800A3F5D0731B7A97F89A219A4204D2F1236F
:10C9480087F8353100F092BE97F8992197F89F3112
:10C958009A4204D2F32387F8353100F087BE0020CD
:10C96800F8F7B8FB00F082BE002387F89B3101235B
:10C9780087F89A31FF2387F89F3107F5D073A3F51D
:10C98800D0731B7A97F89B219A4208D807F5D07381
:10C99800A3F5D0731B7A97F89A219A4204D2F1230F
:10C9A80087F8353100F062BE97F8992197F89F31E2
:10C9B8009A4204D2F32387F8353100F057BE07F5C1
:10C9C800D073A3F5D0731B7A97F89A219A420DD1A8
:10C9D80007F5D073A3F5D0735B681B78002B14BFE1
:10C9E80001230023DAB2884B1A7002E0864B00223A
:10C9F8001A7001F051FC034683F00103DBB2002BEF
:10CA080004D0012387F8353100F030BE0020F8F754
:10CA180061FB7E4B01221A7000F028BE002387F8C4
:10CA28009B31002387F89A31FF2387F89F3107F558
:10CA3800D073A3F5D0731B7A97F89B219A4208D834
:10CA480007F5D073A3F5D0731B7A97F89A219A4209
:10CA580004D2F12387F8353100F008BE97F8992100
:10CA680097F89F319A4204D2F32387F8353100F0C2
:10CA7800FDBD01F04BFF654B00221A7000F0F6BDBA
:10CA8800002387F89B31002387F89A31FF2387F822
:10CA98009F3107F5D073A3F5D0731B7A97F89B21C4
:10CAA8009A4208D807F5D073A3F5D0731B7A97F884
:10CAB8009A219A4204D2F12387F8353100F0D6BD85
:10CAC80097F8992197F89F319A4204D2F32387F86F
:10CAD800353100F0CBBD4E4B1B78002B04D0012321
:10CAE80087F8353100F0C2BD0020F8F7F3FA494B5A
:10CAF800C7F8403101F010F853EC102B10461946D6
:10CB0800F4F73CF803469AB2D7F840311A8002236A
:10CB180087F83C313F4BC7F8383100F0A7BD0023F8
:10CB280087F89B31002387F89A31FF2387F89F31D4
:10CB380007F5D073A3F5D0731B7A97F89B219A4217
:10CB480008D807F5D073A3F5D0731B7A97F89A2104
:10CB58009A4204D2F12387F8353100F087BD97F85F
:10CB6800992197F89F319A4204D2F32387F83531F7
:10CB780000F07CBD264B1B78002B04D0012387F8DE
:10CB8800353100F073BD234BC7F84831D7F8483129
:10CB98000233C7F84431D7F84411D7F84801FEF7F3
:10CBA80025FD042387F83C311A4BC7F8383100F0CB
:10CBB8005DBD012387F89B31052387F89A31FF2350
:10CBC80087F89F3107F5D073A3F5D0731B7A97F8D0
:10CBD8009B219A420CD007F5D073A3F5D0731B7A2A
:10CBE80097F89A219A4203D0F12387F83531D2E099
:10CBF80097F8992197F89F319A420FD2F32387F833
:10CC0800353100F033BD00BF598E0020F96C00208B
:10CC1800FA6C0020F86D002000CCCC4507F5D073E5
:10CC2800A3F5D0735B681B7887F857314FF0000382
:10CC3800C7F8143107F5D073A3F5D0731B7A97F8AA
:10CC48009A219A421FD107F5D073A3F5D0735B6878
:10CC580001331B68C7F81431D7ED457AB7EE087A67
:10CC6800F4EEC77AF1EE10FA08D4D7ED457A1FED45
:10CC7800167AF4EEC77AF1EE10FA04DD012387F88C
:10CC8800353100F0F3BCC34BC7F85031C24B00221A
:10CC98001A70C82387F84F3197F85731012B0BD0FA
:10CCA80097F85731022B07D097F85731032B03D049
:10CCB80097F85731042B4DD1B84B01221A70D7ED94
:10CCC800457AF5EE407AF1EE10FA0FD197F8573120
:10CCD800032B03D097F85731042B02D141F2883344
:10CCE80001E04FF48073A7F89C3107E0D7ED457A4F
:10CCF800FCEEE77A17EE903AA7F89C310120F7F797
:10CD08005DF997F8573101211846F7F769F9B7F82F
:10CD18009C3107EE903AF8EE677A97F84F2197F82A
:10CD28005731B0EE670AD7F850111846F7F7FCF9F3
:10CD380097F84F310133DBB287F83C31964BC7F88F
:10CD48003831974B1C4607F59A7393E8070084E837
:10CD5800070020E097F85731002B17D18F4B00229E
:10CD68001A700020F7F72AF900210120F7F738F99F
:10CD780000210220F7F734F900210320F7F730F9F2
:10CD880000210420F7F72CF900F070BC012387F884
:10CD9800353100F06BBC00F069BC042387F89B3187
:10CDA800042387F89A31FF2387F89F3107F5D0735A
:10CDB800A3F5D0731B78AC2B02D1022387F89F31DF
:10CDC80007F5D073A3F5D0731B7A97F89B219A4285
:10CDD80008D807F5D073A3F5D0731B7A97F89A2172
:10CDE8009A4203D2F12387F835319FE097F89921C9
:10CDF80097F89F319A4204D2F32387F8353100F02F
:10CE080035BC07F5D073A3F5D0735B68C7F87031EC
:10CE1800D7F870311B681A46624B1A6007F5D07351
:10CE2800A3F5D0731B78AA2B0CD102225E49D7F840
:10CE380070011DF029FE0346002B03D0012387F85B
:10CE4800353173E007F5D073A3F5D0731B78AC2B9D
:10CE580015D102225549D7F870011DF015FE034679
:10CE6800002B0CD002225249D7F870011DF00CFE9D
:10CE78000346002B03D0012387F8353156E0D7F855
:10CE88007001F7F70DFE034687F86F3197F86F3199
:10CE9800012B12D1EB224749D7F87001F7F78FFE23
:10CEA800D7F87001F7F721FE03460433DBB287F8A1
:10CEB8003C313C4BC7F83831D8E397F86F31022B37
:10CEC80030D14FF000024FF00003C7E9422307F5C5
:10CED800847308221946D7F87001F7F770FED7F85F
:10CEE8007001F7F7D0FE87ED580BD7E94201D7E973
:10CEF8005823F3F7ABFC02460B46C7E95623D7E99C
:10CF08005601F3F73BFE03469BB2A7F80631B7F884
:10CF18000621244B9A80062387F83C31214BC7F819
:10CF28003831A3E3012387F835319FE39EE30423D7
:10CF380087F89B31F02387F89A31FF2387F89F31D0
:10CF480007F5D073A3F5D0731B78AD2B02D102235C
:10CF580087F89F3107F5D073A3F5D0731B7A97F83C
:10CF68009B219A4208D807F5D073A3F5D0731B7A92
:10CF780097F89A219A4203D2F12387F83531FEE0D7
:10CF880097F8992197F89F319A4215D2F32387F899
:10CF980035316BE3FD6C0020FC6C0020FA6C00203E
:10CFA800EC6D0020F86D0020F0C30208F4C30208FD
:10CFB800F8C30208FC6D002007F5D073A3F5D07301
:10CFC8005B68C7F890310023C7F88C3107F5D07338
:10CFD800A3F5D0731B78AB2B0CD10222AF49D7F83D
:10CFE80090011DF051FD0346002B03D0012387F863
:10CFF8003531C4E007F5D073A3F5D0731B78AD2B9A
:10D0080015D10222A649D7F890011DF03DFD03462F
:10D01800002B0CD00222A349D7F890011DF034FD53
:10D028000346002B03D0012387F83531A7E0D7F852
:10D038009001F7F735FD034687F88B3107F5D07374
:10D04800A3F5D0731B7A042B05D10021D7F89001E2
:10D05800F7F76DFD0AE397F88B31012B2ED1D7F83E
:10D068009001F7F742FD034687F8773107F5D0734B
:10D07800A3F5D0731B7A1A4697F8773104339A428E
:10D0880003D0F12387F83531F0E207F5D073A3F523
:10D09800D0735B680433C7F88C31D7F88C11D7F894
:10D0A8009001F7F744FD97F877319BB2D7F88C21B8
:10D0B8000121D7F89001F6F743FAD7E297F88B31B8
:10D0C800022B58D107F5D073A3F5D0731B7A062B22
:10D0D80003D0F12387F83531C8E207F5D073A3F5FB
:10D0E800D0735B680433C7F88C310023A7F8043188
:10D0F800D7F88C311B889BB2A7F80431B7F80431F4
:10D108001846F3F7FFF902460B46C7E96023D7F83C
:10D118009001F7F7B8FD87ED5E0BD7E95E23D7E9F5
:10D128006001F3F769FA02460B46C7E93E2397ED1B
:10D138003E7BB0EE470AF0EE670AD7F89001F7F7A2
:10D14800CDFD034683F00103DBB2002B03D001239E
:10D1580087F835318AE207F1F8031946D7F89001C4
:10D16800F7F7E5FC07F1F80208230221D7F8900148
:10D17800F6F7E6F97AE2012387F8353176E275E2C7
:10D18800072387F89B31072387F89A31FF2387F80D
:10D198009F3107F5D073A3F5D0731B7A97F89B21BD
:10D1A8009A4208D807F5D073A3F5D0731B7A97F87D
:10D1B8009A219A4203D2F12387F8353156E297F83B
:10D1C800992197F89F319A4203D2F32387F8353192
:10D1D8004CE207F5D073A3F5D0735B683249184663
:10D1E800F6F78EFB034687F83C312F4BC7F83831EA
:10D1F8003CE2002387F89B31002387F89A31FF230C
:10D2080087F89F3107F5D073A3F5D0731B7A97F889
:10D218009B219A4208D807F5D073A3F5D0731B7ADF
:10D2280097F89A219A4203D2F12387F835311DE203
:10D2380097F8992197F89F319A4203D2F32387F8F8
:10D24800353113E2F6F7ECFB10E2002387F89B3147
:10D25800002387F89A31FF2387F89F3107F5D073A9
:10D26800A3F5D0731B7A97F89B219A4208D807F543
:10D27800D073A3F5D0731B7A97F89A219A4203D2F8
:10D28800F12387F83531F1E197F8992197F89F3123
:10D298009A420BD2F32387F83531E7E1F0C302084D
:10D2A800F4C30208F8C30208F86D00200022BA4946
:10D2B800BA4813F0F7FA0346002B01D003F0CFFC6D
:10D2C8000022B749B54813F0E5FB0346002B01D00F
:10D2D80003F0C5FCB24BDB7887F8F030B04B5B78D5
:10D2E80087F8F130AE4B9B7887F8F230AA4B1B7861
:10D2F80087F8F330A84B5B7887F8F430A64B9B7817
:10D3080087F8F530062387F83C3107F1F003C7F8B2
:10D318003831ABE1062387F89B31062387F89A3129
:10D32800FF2387F89F3107F5D073A3F5D0731B7AD5
:10D3380097F89B219A4208D807F5D073A3F5D073C4
:10D348001B7A97F89A219A4203D2F12387F835314C
:10D358008BE197F8992197F89F319A4203D2F323EA
:10D3680087F8353181E107F5D073A3F5D0735B6891
:10D378001B78632B02D9012387F8353107F5D07361
:10D38800A3F5D0735B6801331B78002B08D007F531
:10D39800D073A3F5D0735B6801331B780C2B02D9CB
:10D3A800012387F8353107F5D073A3F5D0735B688F
:10D3B80002331B78002B08D007F5D073A3F5D07380
:10D3C8005B6802331B781F2B02D9012387F835319C
:10D3D80007F5D073A3F5D0735B6803331B78172B5D
:10D3E80002D9012387F8353107F5D073A3F5D07337
:10D3F8005B6804331B783B2B02D9012387F835314E
:10D4080007F5D073A3F5D0735B6805331B783B2B06
:10D4180002D9012387F8353197F83531002B40F0D0
:10D42800248107F5D073A3F5D0735B681A785C4B39
:10D43800DA7007F5D073A3F5D0735B685A78584B48
:10D448005A7007F5D073A3F5D0735B689A78544B7C
:10D458009A7007F5D073A3F5D0735B68DA784E4BF2
:10D468001A7007F5D073A3F5D0735B681A794A4B25
:10D478005A7007F5D073A3F5D0735B685A79464B99
:10D488009A7000224449454813F070F90346002B6E
:10D4980001D003F0E4FB00224149404813F074FA3C
:10D4A8000346002B00F0E18003F0D9FBDDE0022306
:10D4B80087F89B31022387F89A31FF2387F89F3139
:10D4C80007F5D073A3F5D0731B7A97F89B219A427E
:10D4D80008D807F5D073A3F5D0731B7A97F89A216B
:10D4E8009A4203D2F12387F83531BFE097F89921A2
:10D4F80097F89F319A4203D2F32387F83531B5E084
:10D5080007F5D073A3F5D0735B681B7887F8EC3008
:10D5180007F5D073A3F5D0735B685B7887F8ED30B7
:10D5280007F59A7303F1080207F1E4031946D7F8DF
:10D53800EC00FCF7DDFD034687F8353107F1E4031D
:10D54800C7F8383192E0012387F89B31012387F827
:10D558009A31FF2387F89F3107F5D073A3F5D0736D
:10D568001B7A97F89B219A4208D807F5D073A3F540
:10D57800D0731B7A97F89A219A4203D2F12387F83D
:10D58800353173E097F8992197F89F319A4209D27B
:10D59800F32387F8353169E0E86E00200093002016
:10D5A800FC6E002007F5D073A3F5D0735B681B7879
:10D5B80087F8E03007F59A7303F1080207F11003C2
:10D5C800194697F8E000FDF79FF8034687F83531CC
:10D5D80007F11003C7F8383148E0012387F89B3179
:10D5E800012387F89A31FF2387F89F3107F5D07315
:10D5F800A3F5D0731B7A97F89B219A4208D807F5B0
:10D60800D073A3F5D0731B7A97F89A219A4203D264
:10D61800F12387F8353129E097F8992197F89F3158
:10D628009A4203D2F32387F835311FE007F5D07308
:10D63800A3F5D0735B681B7887F8DC30012387F883
:10D648003C3107F59A7308331A46134997F8DC00FA
:10D65800FDF7F0FB034687F835310F4BC7F8383133
:10D6680004E0F22387F8353100E000BF07F5D073F6
:10D67800A3F5CA731B681C4607F59A7393E807005D
:10D6880084E8070007F5D073A3F5CA73186807F58F
:10D69800D277BD4690BD00BFF86D002080B582B03E
:10D6A80000AFF7F7BFFB0346FB807C48F5F746FA67
:10D6B800F5F76CF803467B71082279497948F7F742
:10D6C8007EFA774BD3E900014FF00002764BF2F770
:10D6D80093FF02460B467249C1E90023704BD3E918
:10D6E800002310461946F3F721FA03466F4A1360E0
:10D6F8006F4B4FF0FF321A606E4B4FF47A721A601C
:10D708008EE0F4F7A9FC694B1B68002B03D0684B2B
:10D718001B68002B1AD101F00BF9034683F00103B3
:10D72800DBB2002B12D0F5F709F800216248F5F7B3
:10D73800CDFC5E4B4FF0FF321A605D4B4FF0FF326D
:10D748001A604FF40070F7F75DFB40E05B4B1B7805
:10D75800002B26D0F3F7A8FE0346002B21D0F6F7BE
:10D768000BFD574B1B785A1C564BA3FB02135B0946
:10D77800642101FB03F3D31ADAB2514B1A70524BEE
:10D7880093E80700F5F7F4FA454BD3E90023104670
:10D798001946F3F7CBF90346444A1360F4F7A0FAA5
:10D7A80015E0444B1B68002B11D1F5F70FF802E088
:10D7B800012004F087FBF4F793FA034683F0010392
:10D7C800DBB2002BF4D13B4B4FF47A721A603F4B1B
:10D7D8001B78002B01D007F004FCF4F7D7FF0346B1
:10D7E8007B71FB8840F20222934205D0F4F734FCA7
:10D7F800642004F067FB0DE07B79002B0AD100213F
:10D808002D48F5F763FC2D4B00221A7040F20120D9
:10D81800F7F7F8FAF7F7F4FCF7F704FB0346FB8091
:10D82800FB8840F2022293423FF46BAFF7F7FAFA13
:10D838000346FB80FB8840F20922934204D0FB8810
:10D8480040F20A22934225D1214B1B78002B04D0A9
:10D8580001F05CF81E4B00221A70184B1B78002B45
:10D8680015D0164B00221A700020F6F7A7FB0021EE
:10D878000120F6F7B5FB00210220F6F7B1FB0021E5
:10D888000320F6F7ADFB00210420F6F7A9FB0020E2
:10D89800F4F7C4FE00BF0837BD4680BDD5C00008F8
:10D8A800F06C0020C8C3020800408F40341A0020E2
:10D8B800381A00203C1A0020FCC30208FA6C002029
:10D8C800FC6C00201F85EB51EC6D0020F86C0020EB
:10D8D800F96C002080B400AF0F4B1B68002B04DDEF
:10D8E8000D4B1B68013B0C4A13600C4B1B68002B4B
:10D8F80004DD0A4B1B68013B084A1360084B1B6890
:10D90800002B04DD064B1B68013B054A136000BF72
:10D91800BD465DF8047B7047341A0020381A002091
:10D928003C1A002080B5A0B000AF07F13C031846B0
:10D9380009F018FA07F12C0300221A605A609A605D
:10D94800DA600223FB62724B1B884FF6FF72934228
:10D958000BD06F4B1B88002B05D06D4B1B889B028F
:10D968005B085B0B02E0802300E08023BB63BB6D98
:10D9780003F48013002B05D102233B634FF480137B
:10D98800BB6503E001233B630023BB650423FB6302
:10D998004FF400737B650023FB6700237B60002343
:10D9A80087F87B309FE0F4F757FB08F0C5FF034684
:10D9B800002B01D003F053F907F10803242219467C
:10D9C8004FF40020F3F7DCFD00237B603A1D07F1DC
:10D9D8002C031146184609F0DDF80346002B01D048
:10D9E80003F03DF94B4B7B67494B1B884FF6FF72A1
:10D9F80093420DD0464B1B88002B06D0444B1B8806
:10DA08009B025B0803F1006304E04FF0016301E04F
:10DA18004FF001633B670023FB6719E0F4F71CFB39
:10DA2800FB6F03F5802310223A491846F3F7A8FD47
:10DA38003A6FFB6F13447A6F1946012008F032FFE2
:10DA48000346002B01D003F00AF9FB6F1033FB6784
:10DA5800BB68FA6F9A42E1D30DF0FAF90346002B3E
:10DA680001D003F0FCF808F089FF0346002B01D031
:10DA780003F0F5F8F4F7F0FABA6807F1080304338D
:10DA880019461046F4F72AFC0346002B26D008F066
:10DA980053FF0346002B01D003F0E1F80DF0D8F94D
:10DAA8000346002B01D003F0DAF808F081FF0346A3
:10DAB800002B01D003F0D3F807F13C03184609F016
:10DAC800D9F80346002B01D003F0C9F808F092FFFB
:10DAD8000346002B07D003F0C2F804E097F87B3028
:10DAE800013387F87B3097F87B30022B7FF65BAFEA
:10DAF80008F044FF0346002B01D003F0B0F84FF4C0
:10DB08000070F7F77FF900BF8037BD4680BD00BFC2
:10DB1800A007FA0B006F002080B594B000AF4FF05B
:10DB280000024FF00003C7E908234FF000024FF04E
:10DB38000003C7E906234FF000024FF00003C7E9CE
:10DB4800042307F1200308221946E248F7F737F8BB
:10DB580007F1180308221946DF48F7F730F807F1EC
:10DB6800100308221946DD48F7F729F897ED047BDA
:10DB7800B0EE470AF0EE670AF8F722F953EC102BDB
:10DB880010461946F2F7FAFF0346A7F84C30D7E9D2
:10DB9800062310461946F2F7F1FF034687F84B3083
:10DBA800D7E9082310461946F2F7E8FF034687F835
:10DBB8004A3001233B7200237B720023BB7200238F
:10DBC800FB7200233B7300237B730023BB7300238A
:10DBD8003B7001237B700023BB700023FB70002384
:10DBE8003B7100237B710023BB7197F84A30013BDE
:10DBF80087F8493097F8493003F0010387F849302E
:10DC080097F84A30013B5B1087F8483097F848305E
:10DC180003F0010387F8483097F84A30013B9B101E
:10DC280087F8473097F8473003F0010387F8473003
:10DC3800002387F84F3097F84B30013B042B49D825
:10DC480001A252F823F000BF65DC00087DDC000863
:10DC580095DC0008ADDC0008C5DC00080123BB72B8
:10DC680000233B7000237B700123FB70002387F89F
:10DC78004F302FE00123FB7200233B7000237B70A1
:10DC880001233B71002387F84F3023E001233B73C6
:10DC980001233B7001237B7001237B71012387F8EB
:10DCA8004F3017E001237B7301233B7001237B7006
:10DCB8000123BB71012387F84F300BE00123BB73AD
:10DCC80000233B7000237B700123BB70002387F87F
:10DCD8004F3000BF97F84A30013B042B1BD801A2F4
:10DCE80052F823F001DD000807DD00080DDD00080B
:10DCF80013DD000819DD00080123BB720BE00123C6
:10DD0800FB7208E001233B7305E001237B7302E00B
:10DD18000123BB7300BF4CF25033A7F84430B7F867
:10DD280044306F4A526811461846F5F75DFF0346BE
:10DD3800A7F84230B7F84430694A126811461846C5
:10DD4800F5F752FF0346A7F840304FF47A620021F6
:10DD580064481CF0C2FE4FF47A62002162481CF04D
:10DD6800BCFEF4F779F9F9F7B7FA642004F0AAF8D9
:10DD780007F1080393E80300F8F7D0F9584B0FCBE5
:10DD8800F8F72AFA01210120F7F74CFE41F2680062
:10DD9800F7F776FE0346002B01D002F060FF012062
:10DDA800F7F7BAFE642004F08DF8F7F7C7FE0346CC
:10DDB800002B01D002F053FFB7F84C300021184671
:10DDC800F7F728FF0346002B01D002F048FF3B4637
:10DDD80093E80300F8F744F90120F8F71BF997F8DE
:10DDE8004F3097F8472097F8481097F84900F5F70B
:10DDF800CBFE0120F5F7B6FE642004F063F8F4F7D3
:10DE08002BF90120F8F718F90120F8F75DFA344BDF
:10DE18009B68184604F056F8F9F728FAB7F8443022
:10DE2800B7F842202F493148F5F720FFF9F71EFAD5
:10DE3800B7F84430B7F842202B492D48F5F716FFBC
:10DE4800F9F74AFA0020F5F78DFEB7F84020B7F841
:10DE5800423019462348F5F723FF87ED0E0BB7F834
:10DE68004020B7F8423019461F48F5F719FF87EDEB
:10DE78000C0BD7E90C23D7E90E01F2F707FA024693
:10DE88000B461C49C1E90023B7F84C301846F2F795
:10DE980039FB184B93ED007BB0EE471AF0EE671A8A
:10DEA80041EC100BF5F784FF87ED0A0BD7E90A015F
:10DEB800F2F764FE03461846F5F720FAD7E90A2375
:10DEC80043EC172BB0EE470AF0EE670A5037BD4611
:10DED80080BD00BF04C402080CC4020814C40208B0
:10DEE800401A0020106F0020B07E0020200000148F
:10DEF80040000018508E002080B588B000AF4FF069
:10DF080000024FF00003C7E902234FF000024FF070
:10DF18000003C7E9002307F108030822194632481D
:10DF2800F6F74DFE3B46082219463048F6F747FEFD
:10DF3800FFF7F2FD87ED060BD7E90023D7E90601C5
:10DF4800F2F7CCFD0346002B03D000212848F5F753
:10DF5800BDF8284BD3E90001D7E90623F2F776FC90
:10DF680002460B46C7E9042397ED040B1E48F6F753
:10DF7800E9FE87ED040BD7E90223D7E90401F2F79C
:10DF8800A3FD0346002B24D1D7E90223D7E90401D6
:10DF9800F2F7A4FD0346002B04D000211648F5F73C
:10DFA80095F80CE0D7E90223D7E90401F2F7B4FDAC
:10DFB8000346002B03D000211048F5F787F8D7E96E
:10DFC8000423C7E9022307F1080319460648F6F7B0
:10DFD800AEFD4FF40070F6F715FFF6F72FFF00BF00
:10DFE8002037BD4680BD00BF14C402081CC4020807
:10DFF80024C40208508E00202CC4020834C402082D
:10E0080090B5CDB000AF07F59874A4F59274206070
:10E0180007F59870A0F5987080E80E0007F59873DA
:10E02800A3F598731B7887F81C31002387F81D31F6
:10E038000023C7F82031002387F82431002387F80C
:10E048002F31002387F82E3107F59873A3F59873BD
:10E058001B78F42B02D0F52B66D0B1E0842387F827
:10E068002F31842387F82E3107F59873A3F5987319
:10E078001B7A97F82F219A4208D807F59873A3F5C9
:10E0880098731B7A97F82E219A4203D2F12387F8C6
:10E098001D3199E007F59873A3F59873596807F14E
:10E0A8001003842218461CF05BFD07F59873A3F54E
:10E0B80090731B688033B3F5802F03D9012387F849
:10E0C8001D3181E007F59873A3F59873596807F136
:10E0D8009403842218461CF043FDD7F8943003F5C6
:10E0E800802007F19403043380221946F3F748FA95
:10E0F80007F11003191D07F1940304338022184611
:10E108001CF0C2FC0346002B5ED007F59873A3F5FC
:10E1180090731B6803F5802007F11003191D012374
:10E128008022F3F7F9F94FE0042387F82F3104230D
:10E1380087F82E3107F59873A3F598731B7A97F82B
:10E148002F219A4208D807F59873A3F598731B7A7C
:10E1580097F82E219A4203D2F12387F81D3135E032
:10E168000123C7F8183107F59873A3F598735B680E
:10E178001B68C7F81831D7F818311846F4F71CF897
:10E18800C7F82801D7F828311B78002B04D140F2B2
:10E198000720F6F737FE19E0012387F81D31012320
:10E1A80087F82431D7F82831C7F82031D7F8283133
:10E1B8001B78022B0AD940F20220F6F723FE05E06D
:10E1C800F22387F81D3102E000BF00E000BF07F529
:10E1D8009873A3F592731B681C4607F58E7393E832
:10E1E800070084E8070007F59873A3F59273186889
:10E1F80007F59A77BD4690BD80B582B000AFF6F7B7
:10E2080011FE0346FB802348F4F798FCF4F7BEFAA6
:10E2180003463B71FF237B7132E0F3F71DFF7B79E7
:10E22800002B03D1F4F7D2FAFF237B71F3F758FDE3
:10E23800322003F047FEF4F7A9FA03463B71F6F7DC
:10E24800F1FD0346FB80FB8840F20622934207D08B
:10E25800F3F702FFF3F744FD642003F033FE0CE00C
:10E268003B79002B08D140F20120F6F7CBFDF6F7F9
:10E27800D9FD0346FB8000E000BF7B79013B7B7141
:10E28800FB8840F206229342C7D000BF00BF083780
:10E29800BD4680BD09E0000880B5BEB002AFC24BE4
:10E2A80000221A70C148F5F7DBFA034683F0010330
:10E2B800DBB2002B00F012834FF000024FF0000396
:10E2C800C7E92A234FF000024FF00003C7E92823CB
:10E2D8004FF000024FF00003C7E926234FF0000279
:10E2E8004FF00003C7E924234FF000024FF000036A
:10E2F800C7E922234FF000024FF00003C7E92023AB
:10E308004FF000024FF00003C7E91E234FF0000250
:10E318004FF00003C7E91C234FF000024FF0000341
:10E32800C7E91A234FF000024FF00003C7E918238A
:10E338004FF000024FF00003C7E916234FF0000228
:10E348004FF00003C7E914234FF000024FF0000319
:10E35800C7E912234FF000024FF00003C7E910236A
:10E368004FF000024FF00003C7E90E2307F1A8039E
:10E37800082219468E48F6F722FC07F1A003082266
:10E3880019468C48F6F71BFC07F198030822194632
:10E398008948F6F714FC07F19003082219468748C4
:10E3A800F6F70DFC07F18803082219468448F6F7AA
:10E3B80006FC07F18003082219468248F6F7FFFB9E
:10E3C80007F17803082219467F48F6F7F8FB07F1AA
:10E3D8007003082219467D48F6F7F1FB07F1680338
:10E3E800082219467A48F6F7EAFB07F16003082283
:10E3F80019467848F6F7E3FB07F15803082219464F
:10E408007548F6F7DCFB07F15003082219467348F4
:10E41800F6F7D5FB07F14803082219467048F6F7C6
:10E42800CEFB07F14003082219466E48F6F7C7FBF2
:10E4380007F13803082219466B48F6F7C0FBD7E9FD
:10E448002A01D7E91823F2F767FB0346002B0DD002
:10E45800D7E91823C7E92A2307F1A803194654481E
:10E46800F6F765FB00216148F4F730FE97ED2A7B4B
:10E47800B0EE470AF0EE670AF7F7A2FC53EC102B50
:10E4880010461946F2F77AFB0346A7F8EE30D7E9AB
:10E4980026234FF000005649F2F7D8F902460B46FA
:10E4A800104619463EA3D3E90023F2F7A5F8024621
:10E4B8000B46C7E938234FF000024FF08043D7E9F5
:10E4C8003801F2F7C3F902460B46C7E93623D7E904
:10E4D8002823D7E93601F2F701FB0346002B09D0C0
:10E4E800D7E93623C7E9282307F1A003194631489D
:10E4F800F6F71DFBD7E9282310461946F2F73EFB2D
:10E508000346BB62D7E93801F2F738FB0346FB62E2
:10E51800D7E920014FF00002364BF2F76DF80246BA
:10E528000B4610461946F2F729FB03463B63D7E929
:10E538001E014FF000022F4BF2F75EF802460B4621
:10E5480010461946F2F71AFB03467B63D7E9240104
:10E558004FF00002274BF2F74FF802460B461046E1
:10E568001946F2F70BFB0346C7F8D430D7E9220166
:10E578004FF000021F4BF2F73FF802460B461046D9
:10E588001946F2F7FBFA0346C7F8D030D7E9160167
:10E59800D7E91423F2F7C0FA0346002B36D02BE054
:10E5A8000000000080842E41588E00203CC40208E0
:10E5B80044C402084CC4020854C402085CC40208DB
:10E5C80064C402086CC4020874C402087CC402084B
:10E5D80084C402088CC4020894C402089CC40208BB
:10E5E800A4C40208ACC40208B4C40208BCC402082B
:10E5F8000000F03F00408F40D7E91423C7E91623F5
:10E6080007F158031946BC48F6F791FA97ED167BBF
:10E61800B0EE470AF0EE670AF7F7D2FB53EC102B7F
:10E6280010461946F2F7AAFA0346A7F8CE30D7E9FA
:10E638001223ADA1D1E90001F2F708F902460B4611
:10E64800C7E93023AAA3D3E90023D7E93001F1F7BA
:10E65800D3FF02460B46D7E93801F1F717FE024609
:10E668000B46C7E92E23D7E93001F2F787FA0346AC
:10E678007B61D7E92E01F2F781FA0346BB61B7F84F
:10E68800CE30BB83D7E910014FF000029B4BF1F766
:10E69800B3FF02460B4610461946F2F76FFA0346D7
:10E6A8003B62D7E90E014FF00002944BF1F7A4FF4B
:10E6B80002460B4610461946F2F760FA03467B629B
:10E6C80001233B7300237B730023BB730023FB737D
:10E6D80000233B7400237B740023BB7400233B712D
:10E6E80001237B710023BB710023FB7100233B7264
:10E6F80000237B720023BB72814B1B78002B12D046
:10E7080001237B730123BB730123FB7301233B7438
:10E7180001237B7400233B7100237B710123FB7170
:10E7280001237B7273E0D7E91A2310461946F2F7E2
:10E7380025FA034687F8B730D7E91C23104619464F
:10E74800F2F71CFA034687F8B63097F8B730013B62
:10E75800042B3AD801A252F823F000BF79E7000849
:10E768008BE700089DE70008AFE70008C1E700084D
:10E778000123BB7300233B7100237B710123FB71D1
:10E7880023E00123FB7300233B7100237B710123EA
:10E798003B721AE001233B7401233B7101237B7117
:10E7A80001237B7211E001237B7401233B71012358
:10E7B8007B710123BB7208E00123BB7400233B710A
:10E7C80000237B710123BB7100BF97F8B630013B72
:10E7D800042B1CD801A252F823F000BFF9E7000867
:10E7E800FFE7000805E800080BE8000811E8000842
:10E7F8000123BB730BE00123FB7308E001233B7487
:10E8080005E001237B7402E00123BB7400BFF3F72A
:10E8180023FCF8F761FD642003F054FB07F10C03B7
:10E8280093E80300F7F77AFC07F128030FCBF7F713
:10E83800D3FC7B6A009307F114030FCBF8F70CFAAB
:10E8480001210120F7F7EEF842F67150F7F718F9B1
:10E858000346002B01D002F002FA0120F7F75CF919
:10E86800642003F02FFBF7F769F90346002B01D06A
:10E8780002F0F5F900210020F7F7CCF90346002B48
:10E8880001D002F0ECF9B7F8EE301A46D7F8D010FC
:10E89800D7F8D400F7F754FA3B1D93E80300F7F7CD
:10E8A800DFFB0120F7F7B6FB642003F00BFBF3F75F
:10E8B800D3FB0120F7F7C0FB0020F7F705FD104B4D
:10E8C8001B78002B03D0F8F77BFAF8F7CFFC0D4B39
:10E8D80001221A7000210C48F4F7F8FB094B1B7849
:10E8E8001846F037BD4680BD0000000080842E41E8
:10E8F800333333333333C33F94C4020800408F406B
:10E90800598E0020588E0020C4C4020880B500AF7C
:10E9180000210548F4F7DAFBF8F7DEFC034B002288
:10E928001A7000BF80BD00BFCCC40208588E0020FA
:10E9380080B400AF034B1B781846BD465DF8047BD6
:10E94800704700BF588E002080B584B000AFFFF735
:10E95800A3FC0346002B38D04FF000024FF0000311
:10E96800C7E900233B46082219461C48F6F727F951
:10E97800D7E9002310461946F2F700F90346FB6071
:10E98800FB68002B0BD0FB68591E00230422144897
:10E9980012F0F8F90346002B01D002F060F90120CB
:10E9A800F6F798FB03E0F3F757FBF6F729FCF6F7C1
:10E9B80039FA03461A4640F203239A42F3D000205C
:10E9C800F6F788FBFFF7A2FF03E04FF40070F6F7B5
:10E9D80019FA00BF1037BD4680BD00BFD4C4020875
:10E9E8000093002080B48DB000AF0346FB800B4637
:10E9F800BB8013467B80BB8807EE903AB8EE677AF7
:10EA08007B8807EE903AF8EE677A77EE677AC7ED7B
:10EA18000A7AFB8807EE903AB8EE677ABB8807EE69
:10EA2800903AF8EE677A77EE677AC7ED097AD7ED0C
:10EA3800097AF5EEC07AF1EE10FA06D9D7ED0A7A1E
:10EA4800F5EEC07AF1EE10FA02D8DFED557A9FE0C4
:10EA580097ED097ADFED536AC7EE267AC7ED087A93
:10EA6800D7ED0A6A97ED087AC6EE877AC7ED077A76
:10EA7800DFED4D7AF8EE677A97ED077AB4EEE77A2C
:10EA8800F1EE10FA04DBDFED497AF8EEE77A7FE081
:10EA9800DFED477AF8EE677A97ED077AB4EEE77A12
:10EAA800F1EE10FA04D8DFED437AF8EEE77A6FE07A
:10EAB800002387F82F3065E097F82F303E4ADB00B7
:10EAC80013445B6807EE903AF8EE677AC7ED067A6A
:10EAD80097F82F300133384ADB0013445B6807EEA0
:10EAE800903AF8EE677AC7ED057A97ED077AD7ED91
:10EAF800067AB4EEE77AF1EE10FA3ED897ED077A87
:10EB0800D7ED057AB4EEE77AF1EE10FA35DB97ED3A
:10EB1800067AD7ED077A77EE676A97ED067AD7ED2A
:10EB2800057A37EE677AC6EE877AC7ED047A97F8E2
:10EB38002F30214A32F9333007EE903AF8EEE77A6F
:10EB4800C7ED037A97F82F3001331B4A32F9333077
:10EB580007EE903AF8EEE77AC7ED027A97ED027A77
:10EB6800D7ED037A37EE677AD7ED047A27EE277A5E
:10EB7800D7ED037A77EE277A0AE097F82F3001333A
:10EB880087F82F3097F82F30032B95D9DFED047ACB
:10EB9800B0EE670A3437BD465DF8047B704700BFA6
:10EBA8000000000000EC4247C0ED01001400000026
:10EBB800FE8300003200000070C5020880B400AF78
:10EBC8000B4B1B68002B04D0094B1B68013B084A00
:10EBD8001360084B1B68002B04D0064B1B68013BD5
:10EBE800044A136000BFBD465DF8047B704700BF50
:10EBF800608E0020648E002080B59EB000AFF6F7CE
:10EC080011F90346A7F8683001224FF4807198483B
:10EC180008F0C4FE01224FF40071954808F0BEFECA
:10EC280001224FF48061934808F0B8FE00224FF4A7
:10EC38008071904808F0B2FE0120F5F7D5FA01205E
:10EC4800F4F726FF0023A7F854300023A7F856301E
:10EC580007F154039A1C07F1540311461846F4F7B8
:10EC680029FF854B01221A70844B01221A70844BAC
:10EC780000221A70834B00221A70834B00221A60FC
:10EC88007D4B1B78002B05D001224FF4806178481A
:10EC980008F084FE794B1B78002B05D001224FF435
:10ECA8000061734808F07AFE07F128032922002141
:10ECB80018461BF012FF4FF000024FF00003C7E99F
:10ECC80008237248F5F711FF034687F8673007F104
:10ECD800280311331846FCF799FE034687F8663077
:10ECE80007F12803062219466948F5F768FF07F176
:10ECF80028030633012219466648F5F760FF07F135
:10ED08002003082219466448F5F759FF97F866303A
:10ED180007F1280210331344013397F86720194686
:10ED28005A48F5F74CFF07F128030F33022219461A
:10ED38005A48F5F744FF0123FB61D7E90823104639
:10ED48001946F1F71BFF03465B08BB61BB69C7F8AF
:10ED58003330FB69C7F82F30152387F85030F3F7A5
:10ED680085FD0346002B08D007F1280319464848BB
:10ED7800F5F759FF002387F82E300120F3F74EFCF2
:10ED8800F3F704FD034687F86B3097F86B3003F010
:10ED98000203002B29D040F6B833FB6620E0F3F7D6
:10EDA8005BF9F3F713FD02E0012003F08BF8F2F7AB
:10EDB80097FF034683F00103DBB2002BF4D1F3F78E
:10EDC800E5FC034687F86B3097F86B3003F00203D5
:10EDD800002B09D0012003F075F8FB6E013BFB66A0
:10EDE800FB6E002BDBD100E000BF07F128031133D5
:10EDF8001846FCF70BFE07F128031846F3F78AFCC0
:10EE080002E0012003F05EF8F2F76AFF034683F0A0
:10EE18000103DBB2002BF4D14FF47A733B671AE09D
:10EE2800F3F71AF9F3F7D2FC02E0012003F04AF8ED
:10EE3800F2F756FF034683F00103DBB2002BF4D14F
:10EE4800F3F7A4FC034687F86B30012003F03AF887
:10EE58003B6F013B3B6797F86B30012B02D03B6F50
:10EE6800002BDDD10E4B4FF47A721A6074E100BFAB
:10EE780000100242000802425A8E00205B8E0020D9
:10EE88005C8E00205D8E0020648E0020DCC40208A9
:10EE9800E4C40208ECC40208F4C40208FCC4020872
:10EEA800608E0020F3F7D8F8914B1B68002B40F0D8
:10EEB800EF808F4B4FF47A721A6007F154039A1C53
:10EEC80007F1540311461846F4F7F4FD00233B827A
:10EED80000237B820023BB8207F110014FF47A7371
:10EEE80002220120F5F792F907F11003991C4FF45B
:10EEF8007A7302220220F5F789F907F11003191D28
:10EF08004FF47A7302220320F5F780F93B8A798A55
:10EF1800BA8A1846FFF766FD87ED170A754B002277
:10EF28001A70754B00221A704FF48051734808F01C
:10EF38001DFD0346002B0CBF0123002387F85B301F
:10EF48004FF400516D4808F011FD0346002B0CBF2B
:10EF58000123002387F85A304021694808F006FD4C
:10EF68000346002B0CBF0123002387F85930B7F85C
:10EF7800683040F2092293424AD1624B1B78002B39
:10EF880003D097F85B30002B14D15F4B1B78002B14
:10EF980003D097F85A30002B0CD1D7ED177A9FED94
:10EFA8005B7AF4EEC77AF1EE10FA03DC97F8593081
:10EFB800002B01D0012300E0002387F8583097F890
:10EFC800583003F0010387F8583097F85830002B71
:10EFD80058D001224FF48071494808F0DFFC002224
:10EFE8004FF48061454808F0D9FC00224FF40061D5
:10EFF800424808F0D3FC97F85930002B03D0444B13
:10F0080041F288321A6040F20A20F5F7FBFE39E037
:10F018003C4B1B78002B03D13B4B1B78002B31D08A
:10F02800D7ED177A9FED397AF4EEC77AF1EE10FA38
:10F0380028D597F8593083F00103DBB2002B21D093
:10F04800334B1B68002B1DD100224FF480712C48D4
:10F0580008F0A4FC2B4B1B78002B05D001224FF4A1
:10F068008061264808F09AFC274B1B78002B05D0B6
:10F0780001224FF40061214808F090FC40F2092079
:10F08800F5F7C0FE07F1280311331846FCF7BEFC5C
:10F09800F3F79CFBF2F724FE322002F013FFF3F79C
:10F0A80075FB034687F86B3097F86B30002B4ED111
:10F0B80007F1280311331846FCF7A8FC07F12803C9
:10F0C8001846F3F727FB02E0012002F0FBFEF2F7F7
:10F0D80007FE034683F00103DBB2002BF4D14FF4A3
:10F0E8007A737B672CE0F2F7B7FFF3F76FFB14E056
:10F0F800608E00205C8E00205D8E00200010024291
:10F10800000802425A8E00205B8E00200000284230
:10F11800648E0020012002F0D5FEF2F7E1FD0346DF
:10F1280083F00103DBB2002BF4D1F3F72FFB034686
:10F1380087F86B30012002F0C5FE7B6F013B7B67CF
:10F1480097F86B30012B02D07B6F002BCBD1F5F7F2
:10F1580069FE0346A7F86830B7F8683040F209221C
:10F1680093423FF49FAEB7F8683040F20A229342C8
:10F178003FF498AE01224FF480712F4808F00EFC3E
:10F1880000224FF480612D4808F008FC00224FF45B
:10F1980000612A4808F002FC00224FF480612648EA
:10F1A80008F0FCFB4FF000024FF00003C7E9022310
:10F1B80007F10803082219462148F5F700FDD7E9A9
:10F1C80002014FF000021F4BF1F716FA02460B46F8
:10F1D80010461946F1F7D2FC0346A7F8643000231D
:10F1E800BB800023FB803B1D9A1C3B1D1146184623
:10F1F800F4F760FCBA88FB88934238BF1346A7F837
:10F208006230B7F86220B7F864309A4209D9002210
:10F2180001210D4811F06AFE002202210A4811F06E
:10F2280065FE0020F4F734FC0020F3F7F7F900BF7F
:10F238007837BD4680BD00BF000802420010024278
:10F2480004C5020800408F400093002080B500AF3D
:10F25800FFF76EFB0346002B03D000210548F3F7A8
:10F2680035FFF8F739F8F5F715F80020F3F7D6F970
:10F2780000BF80BD0CC5020880B500AFF2F738F9B1
:10F28800F2F798FAFFF7E2FF01224FF480510248A3
:10F2980008F084FB00BF80BD0000024280B58EB03C
:10F2A80000AFF2F7D9FEF2F723F9F2F783FAFFF786
:10F2B800CDFF00222021984808F070FB07F11403C5
:10F2C80000221A605A609A60DA601A610323BB61EF
:10F2D8000023FB614FF480537B6107F11403194647
:10F2E8008E4808F08DF810237B6107F11403194646
:10F2F8008A4808F085F820237B6107F11403194632
:10F30800864808F07DF820237B6107F1140319462D
:10F31800814808F075F810237B6107F1140319463A
:10F328007D4808F06DF880237B6107F114031946C6
:10F33800794808F065F802237B6107F11403194640
:10F34800774808F05DF808237B6107F11403194634
:10F35800734808F055F810237B6107F11403194628
:10F368006F4808F04DF820237B6107F11403194614
:10F378006B4808F045F840237B6107F114031946F0
:10F38800674808F03DF880237B6107F114031946AC
:10F39800634808F035F84FF480737B6107F1140374
:10F3A80019465F4808F02CF84FF400737B6107F1A9
:10F3B800140319465A4808F023F84FF480637B6118
:10F3C80007F114031946564808F01AF84FF4006379
:10F3D8007B6107F114031946514808F011F84FF4FE
:10F3E80080537B6107F1140319464D4808F008F86B
:10F3F8004FF400537B6107F114031946484807F09E
:10F40800FFFF04237B6107F114031946454807F001
:10F41800F7FF01237B6107F114031946414807F000
:10F42800EFFF02237B6107F1140319463D4807F0FB
:10F43800E7FF08237B6107F114031946394807F0F1
:10F44800DFFF10237B6107F114031946354807F0E5
:10F45800D7FF02F05BFD344BD3F8D830324A43F47F
:10F468000063C2F8D830304BD3F8D8302E4A43F472
:10F478008053C2F8D8302C4BD3F8D8302A4A43F4FA
:10F488000053C2F8D83029480BF008FF0346002B78
:10F4980001D001F0E4FB26480BF000FF0346002BE7
:10F4A80001D001F0DCFB4FF000024FF00003C7E988
:10F4B8000A2307F12803082219461E48F5F77FFB9F
:10F4C800D7E90A2310461946F1F758FB03463B6370
:10F4D8003B6B002B0BD03B6B591E002304221648B4
:10F4E80011F050FC0346002B01D001F0B8FB134B80
:10F4F8001B781846F5F7EEFD8021114808F036FA1A
:10F508000346002B02D10120F5F75AFFF5F78AFCD4
:10F518000346FB861EE000BF0010024200180242AC
:10F52800000C024200140242000C02469491002092
:10F538008492002014C50208009300204A49002044
:10F5480000080242012100200CF094FEF5F76AFC45
:10F558000346FB86FB8EB3F5807FF3D07A480BF029
:10F56800E6FE0346002B01D001F079FB77480BF04B
:10F57800DEFE0346002B01D001F071FB744811F048
:10F588006DFC0346002B01D001F069FB0020F5F764
:10F59800A1FD01F0B1FA01F01FFB6E4B9B6B6D4AA8
:10F5A80043F00103936302F0C1FC3B4600221A605A
:10F5B8005A609A60DA601A610023FB6000237B605E
:10F5C8000123BB6041F210033B603B461946624889
:10F5D80007F016FF01237B600023BB6020233B60FC
:10F5E8003B4619465C4807F00BFF20233B603B462F
:10F5F80019465A4807F004FF01222021574808F00D
:10F60800CDF910233B603B461946544807F0F8FEF5
:10F6180080233B603B461946504807F0F1FE012223
:10F6280080214E4808F0BAF90123BB6002233B60F1
:10F638003B4619464A4807F0E3FE08233B603B4631
:10F648001946474807F0DCFE10233B603B46194645
:10F65800434807F0D5FE20233B603B461946404807
:10F6680007F0CEFE40233B603B4619463C4807F076
:10F67800C7FE80233B603B461946394807F0C0FE69
:10F688004FF480733B603B461946354807F0B8FE97
:10F698004FF400733B603B461946314807F0B0FE13
:10F6A8004FF480633B603B4619462D4807F0A8FE9F
:10F6B8004FF400633B603B461946294807F0A0FE1B
:10F6C8004FF480533B603B461946254807F098FEA7
:10F6D8004FF400533B603B461946214807F090FE23
:10F6E80004233B603B4619461E4807F089FE012368
:10F6F8003B603B4619461B4807F082FE02233B60ED
:10F708003B461946174807F07BFE08233B603B46FB
:10F718001946144807F074FE10233B603B4619460F
:10F72800104807F06DFEF2F797FC0F48F1F7C8FE96
:10F738000E490F48F1F7DEFF00210E48F3F7C6FC2B
:10F7480000BF3837BD4680BD9491002084920020C8
:10F7580000930020000802460018024200100242EE
:10F76800000C0242001402425D3A0008C515000868
:10F77800852B00081CC5020880B584B000AF4FF087
:10F7880000024FF00003C7E900233B460822194650
:10F798001448F5F714FAD7E900014FF00002124BAC
:10F7A800F0F72AFF02460B46C7E90023D7E90023F2
:10F7B80010461946F1F7E2F90346FB60FFF746FDEC
:10F7C8000020F2F731FCF86802F07CFB0120F2F728
:10F7D8002BFC4FF48070F5F715FB00BF1037BD46C2
:10F7E80080BD00BF24C5020800408F4080B588B0A6
:10F7F80000AF3B462022002118461BF06EF9364B1D
:10F80800364A1A60344B4FF480225A60324B042235
:10F818009A60314B0022DA602F4B01221A612E4B7D
:10F8280004229A612C4B00221A772B4B002283F872
:10F838002420294B02229A62274B002283F82C208D
:10F84800254B4FF4B4625A63234B4FF480629A639A
:10F85800214B002283F840201F4B00229A661E4B42
:10F8680000225A641C4B00221A651B4B0122DA63E2
:10F87800194B002283F85420174802F059FF034619
:10F88800002B01D001F0EBF9154B3B6006237B60A0
:10F898000023BB604FF6FF73FB6004233B6100232A
:10F8A8007B613B4619460C4803F0BEFF0346002B1C
:10F8B80001D001F0D4F90C237B603B461946064879
:10F8C80003F0B2FF0346002B01D001F0C8F900BFD6
:10F8D8002037BD4680BD00BF688E002000800242F0
:10F8E8000100008080B588B000AF3B46202200218F
:10F8F80018461BF0F2F8324B324A1A60304B4FF47C
:10F9080080225A602E4B04229A602D4B00225A61A5
:10F918002B4B4FF000421A61294B04229A61284B65
:10F9280000221A62264B00221A77254B002283F800
:10F938002420234B01229A62214B002283F82C2099
:10F948001F4B4FF498625A631D4B4FF480629A63C1
:10F958001B4B002283F84020194B4FF000529A6647
:10F96800174B0022DA66164B00225A64144B022207
:10F978009A64134B0022DA64114B002283F8542056
:10F988000F4802F0D5FE0346002B01D001F067F9BD
:10F998000D4B3B6001237B600023BB6004233B616C
:10F9A80000237B613B461946054803F03DFF0346AB
:10F9B800002B01D001F053F900BF2037BD4680BDB0
:10F9C800F48E0020001002460100008080B58EB041
:10F9D80000AF786007F1240300221A605A609A6029
:10F9E800DA601A617B681B68A54A934240F09180EF
:10F9F800A44BD3F88C30A34A43F48063C2F88C300C
:10FA0800A04BD3F88C3003F480633B623B6A9D4B78
:10FA1800D3F88C309B4A43F00103C2F88C30994BE1
:10FA2800D3F88C3003F00103FB61FB69954BD3F8E5
:10FA38008C30944A43F00203C2F88C30914BD3F8CF
:10FA48008C3003F00203BB61BB6903237B62032391
:10FA5800BB620023FB6207F1240319468A4807F0BA
:10FA6800CFFC07237B620323BB620023FB6207F101
:10FA780024031946854807F0C3FC854B854A1A605C
:10FA8800834B00225A60824B00229A60804B0022EE
:10FA9800DA607F4B00221A617D4B4FF400225A61D5
:10FAA8007B4B02229A617A4B4FF40032DA61784B31
:10FAB80000221A62764B01225A62754B01229A6221
:10FAC800734B0022DA62724B00221A63704B0022D9
:10FAD8005A636F4805F08AFD0346002B01D001F0F8
:10FAE800BEF87B686A4A1A67694A7B68D365102141
:10FAF800674806F001FA0346002B01D001F0AFF881
:10FB080000220021252005F036FA252005F04DFABF
:10FB1800B2E07B681B68604A934240F0AD80594B65
:10FB2800D3F89430574A43F02003C2F89430554B29
:10FB3800D3F8943003F020037B617B69514BD3F8F1
:10FB48008C30504A43F00403C2F88C304D4BD3F844
:10FB58008C3003F004033B613B694A4BD3F88C308B
:10FB6800484A43F02003C2F88C30464BD3F88C3017
:10FB780003F02003FB60FB68424BD3F88C30414A0A
:10FB880043F04003C2F88C303E4BD3F88C3003F07E
:10FB98004003BB60BB6817237B620323BB6200235F
:10FBA800FB6207F1240319463C4807F029FC4FF48F
:10FBB80040437B620323BB620023FB6207F12403FB
:10FBC8001946374807F01CFC01237B620323BB62FC
:10FBD8000023FB6207F124031946324807F010FCA2
:10FBE800314B324A1A60304B01225A602E4B0022A8
:10FBF8009A602D4B0022DA602B4B00221A612A4BA7
:10FC08004FF400225A61284B02229A61264B4FF486
:10FC18000032DA61244B00221A62234B01225A6215
:10FC2800214B01229A62204B4FF04022DA621E4B90
:10FC380000221A631C4B00225A631B4805F0D6FCAD
:10FC48000346002B01D001F00AF87B68164A1A67B0
:10FC5800154A7B68D3651021134806F04DF9034611
:10FC6800002B01D000F0FBFF00220021712005F0DD
:10FC780082F9712005F099F900BF3837BD4680BD7B
:10FC880000800242000C02460000024200040242C8
:10FC9800808F0020500002400010024600080242F7
:10FCA8000014024200180242F88F0020D0000240DF
:10FCB80080B582B000AF78607B681B68204A9342A9
:10FCC80018D1204BD3F88C301E4A23F48063C2F835
:10FCD8008C3003211C4807F06BFD07211B4807F0F7
:10FCE80067FD7B681B6F184605F0ACFD252005F005
:10FCF8006AF921E07B681B68154A93421CD1114BB5
:10FD0800D3F894300F4A23F02003C2F89430172117
:10FD1800104807F04DFD4FF440410F4807F048FDEB
:10FD280001210E4807F044FD7B681B6F184605F05B
:10FD380089FD712005F047F900BF0837BD4680BD31
:10FD480000800242000C0246000002420004024207
:10FD58000010024600080242001402420018024243
:10FD680080B500AF134B144A1A60124B01221A7166
:10FD7800104B01225A710F4B41F221029A600D4B30
:10FD88000822DA600B4B4FF6FF721A61094B00220A
:10FD98005A61084B00229A61064B01221A620548F3
:10FDA80005F0D8F90346002B01D000F058FF00BF3A
:10FDB80080BD00BF709000200030024080B485B044
:10FDC80000AF78607B681B680B4A93420ED10B4BDF
:10FDD800D3F88830094A43F48053C2F88830074B77
:10FDE800D3F8883003F48053FB60FB6800BF1437F6
:10FDF800BD465DF8047B704700300240000C0246A7
:10FE080080B582B000AF114BD3F888300F4A43F069
:10FE18000103C2F888300D4BD3F8883003F0010392
:10FE28007B607B68002200211D2005F0A4F81D20BE
:10FE380005F0BBF8002200211E2005F09CF81E20CA
:10FE480005F0B3F800BF0837BD4680BD000C024678
:10FE580080B58EB000AF07F1240300221A605A6003
:10FE68009A60DA601A61C24BD3F88C30C04A43F00A
:10FE78001003C2F88C30BE4BD3F88C3003F010035B
:10FE88003B623B6ABA4BD3F88C30B94A43F0020361
:10FE9800C2F88C30B64BD3F88C3003F00203FB6108
:10FEA800FB69B34BD3F88C30B14A43F04003C2F836
:10FEB8008C30AF4BD3F88C3003F04003BB61BB6987
:10FEC800AB4BD3F88C30AA4A43F00803C2F88C3005
:10FED800A74BD3F88C3003F008037B617B69A44BF4
:10FEE800D3F88C30A24A43F00403C2F88C30A04BFC
:10FEF800D3F88C3003F004033B613B699C4BD3F887
:10FF08008C309B4A43F00103C2F88C30984BD3F8ED
:10FF18008C3003F00103FB60FB68954BD3F88C3001
:10FF2800934A43F08003C2F88C30914BD3F88C305D
:10FF380003F08003BB60BB688D4BD3F88C308C4AD0
:10FF480043F02003C2F88C30894BD3F88C3003F08F
:10FF580020037B607B6801226021864807F01EFD34
:10FF6800002240F69671834807F018FD002249F6F2
:10FF78003071814807F012FD002243F6FF717F4877
:10FF880007F00CFD01224FF408417D4807F006FDFB
:10FF980001224FF400717B4807F000FD00224FF466
:10FFA800A151794807F0FAFC00224FF48071764895
:10FFB80007F0F4FC002241F21411714807F0EEFC3E
:10FFC800002240F264416F4807F0E8FC00221F213C
:10FFD8006E4807F0E3FC4FF47F637B620123BB624A
:10FFE8000023FB6200233B6307F1240319466148A1
:08FFF80007F006FA06237B6204
:020000040801F1
:100000000123BB620123FB6200233B6307F124034E
:1000100019465A4807F0F8F949F630737B62012314
:10002000BB620023FB6200233B6307F124031946F4
:10003000534807F0E9F940237B620023BB620123A8
:10004000FB6207F1240319464D4807F0DDF941F240
:1000500012037B620023BB620123FB6207F12403CE
:1000600019464A4807F0D0F943F6FF737B62012333
:10007000BB620123FB6203233B6307F124031946A0
:10008000404807F0C1F94FF421537B620023BB6263
:100090000123FB6207F1240319463D4807F0B4F938
:1000A00080237B623C4BBB620123FB6207F124038C
:1000B0001946374807F0A8F94FF400437B62012343
:1000C000BB620123FB6200233B6307F12403194653
:1000D0002D4807F099F908237B620323BB620023B4
:1000E000FB6207F1240319462C4807F08DF940F212
:1000F00024637B620123BB620023FB6200233B631A
:1001000007F124031946214807F07EF94FF4A9535B
:100110007B620123BB620023FB6200233B6307F188
:10012000240319461A4807F06FF941F214037B6261
:100130000123BB620023FB6200233B6307F124031E
:100140001946114807F060F901237B620323BB6263
:100150000023FB6207F124031946084807F054F90D
:100160004FF400637B620123BB620023FB62032325
:100170003B6307F1240313E0000C02460010024227
:1001800000040242000C0242000002420018024237
:10019000000802420014024200003110001C02421A
:1001A00019465A4807F030F91B237B620123BB62D2
:1001B0000123FB6203233B6307F1240319465448E0
:1001C00007F022F980237B620323BB620023FB62DA
:1001D00007F1240319464F4807F016F94FF48073CE
:1001E0007B620123BB620123FB6203233B6307F1B4
:1001F00024031946454807F007F904237B620123CD
:10020000BB620123FB6200233B6307F12403194611
:100210003F4807F0F9F84FF400737B620023BB629C
:100220000023FB6207F1240319463B4807F0ECF872
:1002300043F620037B620323BB620023FB6207F1CA
:1002400024031946324807F0DFF808237B620323B2
:10025000BB620023FB6207F1240319462E4807F016
:10026000D3F840237B621123BB620023FB6200238F
:100270003B6307F124031946284807F0C5F8082313
:100280007B620323BB620023FB6207F12403194650
:10029000224807F0B9F84FF440437B620323BB6266
:1002A0000023FB6207F1240319461D4807F0ACF850
:1002B0004FF470437B620023BB620123FB6207F1B2
:1002C00024031946174807F09FF808237B62164B52
:1002D000BB620023FB6207F1240319460B4807F0B9
:1002E00093F8002200210E2004F049FE0E2004F0B5
:1002F00060FE00220021122004F041FE122004F0D2
:1003000058FE00BF3837BD4680BD00BF0000024226
:100310000014024200040242000802420018024295
:10032000000C0242001002420000311080B500AF04
:10033000064B20221A60054807F072FB0346002B8B
:1003400001D000F090FC00BF80BD00BF9490002061
:1003500080B584B000AF78600D4BD3F88C300C4A78
:1003600043F40033C2F88C30094BD3F88C3003F4DB
:100370000033FB60FB6800220021602004F0FFFDD9
:10038000602004F016FE00BF1037BD4680BD00BFE0
:10039000000C024680B500AF1B4B1C4A1A601A4B7A
:1003A0001B4A5A60184B00229A60174B0122DA60F0
:1003B000154B00221A61144B00225A61124B002285
:1003C0009A61114B0022DA610F4B00221A620E482B
:1003D00008F07EF90346002B01D000F044FC002118
:1003E00009480AF091FC0346002B01D000F03BFCC9
:1003F000002105480AF0D3FC0346002B01D000F091
:1004000032FC00BF80BD00BFD890002000580040E3
:10041000FF7BF00080B500AF1B4B1C4A1A601A4BE3
:100420001B4A5A60184B00229A60174B0122DA606F
:10043000154B00221A61144B00225A61124B002204
:100440009A61114B0022DA610F4B00221A620E48AA
:1004500008F03EF90346002B01D000F004FC002117
:1004600009480AF051FC0346002B01D000F0FBFBC9
:10047000002105480AF093FC0346002B01D000F050
:10048000F2FB00BF80BD00BF2C9100200028004679
:10049000FF7BF00080B5BEB000AF786007F1E403E9
:1004A00000221A605A609A60DA601A6107F1180334
:1004B000C822002118461AF014FB7B681B685D4AAD
:1004C000934257D14FF080024FF00003C7E9062353
:1004D0000023C7F8843007F1180318460DF0B8FA66
:1004E0000346002B01D000F0BEFB534BD3F88C30F9
:1004F000514A43F00203C2F88C304F4BD3F88C3092
:1005000003F002037B617B694FF4C043C7F8E4301A
:100510001223C7F8E8300123C7F8EC300023C7F8EE
:10052000F0300423C7F8F43007F1E40319464348D8
:1005300006F06AFF404BD3F89C303F4A43F48003F7
:10054000C2F89C303C4BD3F89C3003F480033B61F1
:100550003B6900220021392004F011FD392004F00C
:1005600028FD002200213A2004F009FD3A2004F081
:1005700020FD5BE07B681B68314A934256D14FF403
:1005800080724FF00003C7E906230023C7F88830C4
:1005900007F1180318460DF05BFA0346002B01D053
:1005A00000F061FB244BD3F88C30234A43F0400326
:1005B000C2F88C30204BD3F88C3003F04003FB6042
:1005C000FB684FF4C073C7F8E4301223C7F8E83073
:1005D0000023C7F8EC300323C7F8F0300423C7F832
:1005E000F43007F1E4031946164806F00DFF124BEC
:1005F000D3F8A830104A43F08003C2F8A8300E4B5D
:10060000D3F8A83003F08003BB60BB680022002150
:10061000582004F0B4FC582004F0CBFC0022002148
:10062000592004F0ACFC592004F0C3FC00BFF8379B
:10063000BD4680BD00580040000C02460004024246
:10064000002800460018024280B582B000AF7860F2
:100650007B681B681D4A934218D11D4BD3F89C3010
:100660001B4A23F48003C2F89C304FF40051194810
:1006700007F0A2F84FF48041164807F09DF83920A2
:1006800004F0A5FC3A2004F0A2FC1BE07B681B6888
:10069000114A934216D10E4BD3F8A8300C4A23F0DE
:1006A0008003C2F8A83080210C4807F085F84FF489
:1006B00080710A4807F080F8582004F088FC59201F
:1006C00004F085FC00BF0837BD4680BD00580040DF
:1006D000000C0246000402420028004600180242B4
:1006E00080B500AF0AF0A8FB0346002B01D000F054
:1006F000BAFA00BF80BD000080B500AF0D4B0E4AB6
:100700001A600C4B03225A600A4B40F6FF72DA6003
:10071000084B4FF47A629A60064B64221A610548CE
:100720000AF026FC0346002B01D000F09CFA00BF23
:1007300080BD00BF809100200030004080B500AF38
:10074000154B164A1A60144B00225A60124B4FF494
:1007500060629A60104B4FF6FF725A610E4B4FF475
:1007600070521A620C4B4FF480025A620A4B0022FC
:100770009A62094B0022DA62074B00221A63064B89
:100780003B225A6304480AF08DFC0346002B01D03B
:1007900000F069FA00BF80BD94910020004400463B
:1007A00080B500AF154B164A1A60144B00225A60F0
:1007B000124B4FF460629A60104B4FF6FF725A6111
:1007C0000E4B4FF480721A620C4B4FF480025A6247
:1007D0000A4B00229A62094B0022DA62074B002280
:1007E0001A63064B00225A6304480AF05BFC034676
:1007F000002B01D000F037FA00BF80BDE49100204B
:100800000094004080B500AF154B164A1A60144B97
:1008100000225A60124B4FF460629A60104B4FF600
:10082000FF725A610E4B4FF470521A620C4B002249
:100830005A620B4B00229A62094B0022DA62084B83
:1008400000221A63064B00225A6305480AF02AFC6C
:100850000346002B01D000F006FA00BF80BD00BFA8
:10086000349200200048004680B500AF144B154A72
:100870001A60134B00225A60114B4FF460629A6069
:100880000F4B4FF6FF725A610D4B80221A620C4BD0
:1008900000225A620A4B00229A62094B0022DA6255
:1008A000074B00221A63064B00225A6304480AF0E1
:1008B000F9FB0346002B01D000F0D5F900BF80BD45
:1008C00084920020004C004680B5B8B000AF78603C
:1008D00007F11803C822002118461AF002F97B68B4
:1008E0001B68624A93422BD14FF400724FF0000311
:1008F000C7E906234FF44063C7F8903007F11803A7
:1009000018460DF0A5F80346002B01D000F0ABF916
:10091000574BD3F8A830564A43F40063C2F8A830C6
:10092000534BD3F8A83003F400637B617B6900224A
:100930000021432004F023FB432004F03AFB91E024
:100940007B681B684B4A93422BD14FF480624FF077
:100950000003C7E906234FF44023C7F8943007F19A
:10096000180318460DF074F80346002B01D000F070
:100970007AF93F4BD3F8A0303D4A43F02003C2F848
:10098000A0303B4BD3F8A03003F020033B613B6920
:1009900000220021442004F0F2FA442004F009FB74
:1009A00060E07B681B68344A93422BD14FF40062AD
:1009B0004FF00003C7E906234FF44073C7F898309F
:1009C00007F1180318460DF043F80346002B01D039
:1009D00000F049F9264BD3F8A830254A43F4805358
:1009E000C2F8A830224BD3F8A83003F48053FB6040
:1009F000FB6800220021622004F0C1FA622004F0AA
:100A0000D8FA2FE07B681B681C4A93422AD14FF426
:100A100000624FF00003C7E906234FF44073C7F8A4
:100A2000983007F1180318460DF012F80346002B12
:100A300001D000F018F90E4BD3F8A8300C4A43F45B
:100A40000053C2F8A8300A4BD3F8A83003F400537F
:100A5000BB60BB68002200216E2004F090FA6E207B
:100A600004F0A7FA00BFE037BD4680BD0044004651
:100A7000000C02460094004000480046004C00462E
:100A800080B500AF01F070F900F0DDF800F038F843
:100A900000F0A6F800F082F9FFF7DEF9FFF7B4F9ED
:100AA00001F058F8FEF7A6FEFEF720FFFFF772FCF4
:100AB000FFF7B0FC00F07CFAFFF756F9FFF736FCC1
:100AC000FFF73CFEFFF76CFEFFF79CFE00F00EF90F
:100AD00000F0D0F800F022FD00F0D6FE00F00AFF92
:100AE000FFF7FEFDFFF708FEFFF7BEFE00F0ACFDCE
:100AF00000F036FEFAF7F6FBFAF736FCFCE70000EA
:100B000080B59EB000AF07F118036022002118469F
:100B100019F0E7FF3B4600221A605A609A60DA60DB
:100B20001A615A614FF440300BF0D6FB0346002B9C
:100B300001D000F098F80BF091FB284BD3F8F0307F
:100B4000264A23F01803C2F8F0302D23BB614FF47E
:100B50008033FB6181233B624FF480537B644FF011
:100B60008063FB6200233B6302233B6503237B65B9
:100B70004FF40053FB650323BB6514233B6602233C
:100B80007B660223BB660223FB660C233B670023C4
:100B90007B6707F1180318460BF0AAFC0346002BED
:100BA00001D000F060F81F233B6003237B6000232B
:100BB000BB600023FB6000233B6100237B613B465D
:100BC000042118460CF070FB0346002B01D000F006
:100BD0004AF800BF7837BD4680BD00BF000C024612
:100BE00080B5B2B000AF3B46C8220021184619F0CC
:100BF00078FF4FF400424FF00003C7E900234FF4A1
:100C00000053C7F8A8300323BB600C23FB602823E4
:100C10003B6102237B610223BB611023FB61002344
:100C20003B6200237B624FF48023BB623B46184645
:100C30000CF00EFF0346002B01D000F014F800BFAB
:100C4000C837BD4680BD80B500AF0BF021FC0BF06E
:100C50003FFC02200BF0CCFB0346002B01D000F040
:100C600002F800BF80BD80B400AF72B600BF00BF05
:100C7000FDE7000080B500AF064B074A1A60054843
:100C80000AF0B0FD0346002B01D0FFF7ECFF00BFD8
:100C900080BD00BFD492002000200C4280B584B0FB
:100CA00000AF78607B681B680E4A934216D10E4BEA
:100CB000D3F88C300C4A43F40023C2F88C300A4B32
:100CC000D3F88C3003F40023FB60FB680022002182
:100CD000612004F054F9612004F06BF900BF103773
:100CE000BD4680BD00200C42000C024680B500AF1E
:100CF000074B084A1A60064B00225A6004480FF05E
:100D000091FB0346002B01D0FFF7ADFF00BF80BD74
:100D1000EC92002000080C4280B5B6B000AF7860BD
:100D200007F11003C8220021184619F0DAFE7B688B
:100D30001B68184A934229D14FF400224FF0000358
:100D4000C7E904230023C7F8A83007F110031846A9
:100D50000CF07EFE0346002B01D0FFF784FF0E4B04
:100D6000D3F88C300C4A43F48023C2F88C300A4B01
:100D7000D3F88C3003F48023FB60FB680022002151
:100D80005E2004F0FCF85E2004F013F900BFD837B1
:100D9000BD4680BD00080C42000C024680B58EB0F6
:100DA00000AF07F1180300221A605A609A60DA60F7
:100DB0001A615A619A613B1D00221A605A609A605A
:100DC000DA601A6100233B604D4B4E4A1A604C4B6F
:100DD00000225A604A4B7F229A60494BFF22DA6018
:100DE000474B00221A61464B00225A61444B0022B5
:100DF0009A61434B4FF08042DA61414B00221A6204
:100E00003F4B00225A623E480FF02AFC0346002B5B
:100E100001D0FFF728FF0023BB6100237B62002382
:100E2000BB620023FB6207F118031946344810F037
:100E30008FF80346002B01D0FFF715FF0021304843
:100E400010F070F878637B6B002B54D101220021E5
:100E50002B4810F04FF800233B7100237B710023D7
:100E6000BB7100233B6100237B613B1D01221946BE
:100E700023480FF07FFC0346002B01D0FFF7F3FE61
:100E800007233B7001237B700123BB702323FB707E
:100E90003B46012219461A480FF07AFD0346002B03
:100EA00001D0FFF7E0FE002304223B2114480FF09D
:100EB0006DFF0346002B01D0FFF7D5FE4FF4807184
:100EC0000F480FF039FE0346002B01D0FFF7CBFE91
:100ED0004FF400710A480FF02FFE0346002B01D09B
:100EE000FFF7C1FE06480FF0BDFF0346002B03D0FD
:100EF000FFF7B9FE00E000BF3837BD4680BD00BF38
:100F0000009300200078004680B5B6B000AF78604E
:100F100007F11003C8220021184619F0E2FD7B6892
:100F20001B68214A93423AD14FF480224FF00003CC
:100F3000C7E904234FF48073C7F8D03007F11003DA
:100F400018460CF085FD0346002B01D0FFF78BFE01
:100F5000164BD3F8F030154A43F40043C2F8F03092
:100F6000124BD3F8A830114A43F40013C2F8A8304A
:100F70000E4BD3F8A83003F40013FB60FB680B4B57
:100F8000D3F8D830094A43F40013C2F8D83000220D
:100F90000021022003F0F3FF022004F00AF800BF52
:100FA000D837BD4680BD00BF00780046000C024621
:100FB00080B584B000AF3B1D00221A605A609A6071
:100FC000314B324A1A60304B4FF480025A602E4B3C
:100FD00000229A602C4B0722DA602B4B00221A6108
:100FE000294B00225A61284B4FF080629A61264BB0
:100FF0004FF08042DA61244B00221A62224B002219
:101000005A62214B00229A621F4B0722DA621E4B62
:101010004FF080425A631C4B00229A631A4B002205
:10102000DA63194B00229A64174B0022DA64164BDC
:1010300000221A65144B00225A65134B00229A6550
:10104000114B0022DA65104B00221A660E480FF091
:10105000ADFF0346002B01D0FFF705FE00237B60A8
:101060004FF08053BB600023FB603B1D19460648D0
:1010700011F075FC0346002B01D0FFF7F4FD00BF13
:101080001037BD4680BD00BF3093002000300140C6
:1010900080B5BCB000AF786007F1DC0300221A60B5
:1010A0005A609A60DA601A6107F11003C8220021C1
:1010B000184619F016FD7B681B682B4A93424ED1E7
:1010C0004FF400024FF00003C7E904234FF48013EC
:1010D000C7F8C43007F1100318460CF0B9FC0346FA
:1010E000002B01D0FFF7BFFD204BD3F8A4301F4ADF
:1010F00043F48053C2F8A4301C4BD3F8A43003F45B
:101100008053FB60FB68194BD3F88C30174A43F0CF
:101110000103C2F88C30154BD3F88C3003F0010377
:10112000BB60BB68E023C7F8DC300223C7F8E030BF
:101130000023C7F8E4300023C7F8E8300523C7F8D8
:10114000EC3007F1DC031946094806F05DF900228E
:1011500000213B2003F013FF3B2003F02AFF00BFD8
:10116000F037BD4680BD00BF00300140000C024694
:101170000000024280B582B000AF78607B681B68D7
:101180000A4A93420ED10A4BD3F8A430084A23F4FA
:101190008053C2F8A430E021064806F00DFB3B2046
:1011A00003F015FF00BF0837BD4680BD0030014089
:1011B000000C02460000024280B582B000AF204B16
:1011C000D3F894301E4A43F00403C2F894301C4B09
:1011D000D3F8943003F004037B607B680BF058F97C
:1011E0000BF066F9002200211B2003F0C8FE1B2033
:1011F00003F0DFFE002200216B2003F0C0FE6B2015
:1012000003F0D7FE0E4BD3F8A8300D4A43F48013F9
:10121000C2F8A8300A4BD3F8A83003F480133B601F
:101220003B68302000F0A4FE00F0CAFE022000F06F
:10123000B3FE002000F0B0FE00BF0837BD4680BD01
:10124000000C024680B400AF00BFFDE780B400AFE1
:1012500000BFFDE780B400AF00BFFDE780B400AF82
:1012600000BFFDE780B400AF00BFFDE780B400AF72
:1012700000BFBD465DF8047B704780B400AF00BF7F
:10128000BD465DF8047B704780B400AF00BFBD462B
:101290005DF8047B704780B500AFFAF7C5F800BF72
:1012A00080BD000080B500AF02480FF009FE00BF0E
:1012B00080BD00BF0093002080B500AF082006F07D
:1012C00089FB00BF80BD80B500AF802006F082FBA7
:1012D00000BF80BD80B500AF024809F0C8FE00BF66
:1012E00080BD00BF8091002080B500AF024804F0AF
:1012F0008CFC00BF80BD00BF808F002080B500AF98
:10130000024804F082FC00BF80BD00BFF88F0020BF
:1013100080B500AF024802F01DF800BF80BD00BFDD
:10132000688E002080B500AF024812F0B5FA00BF09
:1013300080BD00BFC093002080B500AF024812F00E
:10134000ABFA00BF80BD00BF0C94002080B500AF99
:10135000024812F0A1FA00BF80BD00BF58940020DF
:1013600080B500AF024812F097FA00BF80BD00BF01
:10137000A494002080B500AF024807F002FE00BF31
:1013800080BD00BFD890002080B500AF024807F0B4
:1013900012FE00BF80BD00BFD890002080B500AF16
:1013A000024810F0AFFE00BF80BD00BF30930020A8
:1013B00080B500AF024813F0E1FF00BF80BD00BF61
:1013C0003C95002080B500AF02480AF010F800BF3D
:1013D00080BD00BF9491002080B500AF02480AF0A4
:1013E00006F800BF80BD00BFE491002080B500AFCB
:1013F000024812F051FA00BF80BD00BFF0940020F7
:1014000080B500AF024807F0BCFD00BF80BD00BF43
:101410002C91002080B500AF024807F0CCFD00BF42
:1014200080BD00BF2C91002080B500AF02480FF0B6
:1014300097F800BF80BD00BFEC92002080B500AFE0
:10144000024806F05FFB00BF80BD00BF9490002003
:1014500080B500AF02480AF043FA00BF80BD00BF6C
:10146000D492002080B500AF024809F0C0FF00BF51
:1014700080BD00BF3492002080B500AF09F036FD7A
:1014800000BF80BD80B500AF024809F0B0FF00BFCB
:1014900080BD00BF8492002080B500AF024801F0FB
:1014A00059FF00BF80BD00BFF48E002080B400AFA4
:1014B000184BD3F88830174A43F47003C2F88830C9
:1014C000154B01221A60144B0022DA61124B0022E4
:1014D0001A62114B00225A620F4B1B680E4A23F00E
:1014E000A85323F4102313600B4B00229A620A4B7B
:1014F0001B68094A23F480231360074B00221A65F6
:10150000044B4FF000629A6000BFBD465DF8047B5B
:10151000704700BF00ED00E0000C024680B58EB0C1
:1015200000AF07F1280300221A605A609A60DA605F
:1015300007F11C0300221A605A609A603B460022A1
:101540001A605A609A60DA601A615A619A613C4B7B
:101550003C4A1A603A4B9F225A60394B00229A60EB
:10156000374B40F2E732DA60354B00221A61344BD8
:1015700000229A61324811F033FA0346002B01D061
:10158000FFF771FB4FF48053BB6207F12803194644
:101590002B4812F05FFC0346002B01D0FFF763FBE2
:1015A000274811F071FE0346002B01D0FFF75BFBCB
:1015B000234811F062FB0346002B01D0FFF753FBD9
:1015C0000023FB6100237B6207F11C0319461C48C2
:1015D00013F0FCFA0346002B01D0FFF744FB602315
:1015E0003B6063237B600023BB6000233B613B4681
:1015F00000221946124812F019FB0346002B01D0B5
:10160000FFF731FB30233B6001237B603B46042224
:1016100019460B4812F090FA0346002B01D0FFF751
:1016200022FB074B1B689A69054B1B6842F400625A
:101630009A61034800F054FA00BF3837BD4680BDB8
:10164000C09300200004004080B58EB000AF07F1C9
:10165000280300221A605A609A60DA6007F11C03BE
:1016600000221A605A609A603B4600221A605A6053
:101670009A60DA601A615A619A61374B374A1A6088
:10168000354B9F225A60344B00229A60324B40F215
:10169000E732DA60304B00221A612F4B00229A6148
:1016A0002D4811F09DF90346002B01D0FFF7DBFA1E
:1016B0004FF48053BB6207F128031946264812F005
:1016C000C9FB0346002B01D0FFF7CDFA224811F0E9
:1016D000DBFD0346002B01D0FFF7C5FA1E4811F0D1
:1016E000CCFA0346002B01D0FFF7BDFA0023FB61C3
:1016F00000237B6207F11C031946174813F066FAB2
:101700000346002B01D0FFF7AEFA60233B60632352
:101710007B600023BB6000233B613B4600221946EF
:101720000D4812F083FA0346002B01D0FFF79BFA15
:1017300030233B6001237B603B4604221946064868
:1017400012F0FAF90346002B01D0FFF78CFA00BF24
:101750003837BD4680BD00BF0C9400200008004013
:1017600080B58EB000AF07F1280300221A605A60DE
:101770009A60DA6007F11C0300221A605A609A60CE
:101780003B4600221A605A609A60DA601A615A6118
:101790009A613B4B3B4A1A60394B9F225A60384B47
:1017A00000229A60364B40F2E732DA60344B002276
:1017B0001A61334B00229A61314811F011F9034646
:1017C000002B01D0FFF74FFA4FF48053BB6207F1B3
:1017D000280319462A4812F03DFB0346002B01D08E
:1017E000FFF741FA264811F04FFD0346002B01D0C8
:1017F000FFF739FA224811F040FA0346002B01D0D6
:10180000FFF731FA0023FB6100237B6207F11C0321
:1018100019461B4813F0DAF90346002B01D0FFF7F5
:1018200022FA60233B6063237B600023BB600023BC
:101830003B613B4600221946114812F0F7F9034676
:10184000002B01D0FFF70FFA30233B6001237B60B0
:101850003B46042219460A4812F06EF90346002B53
:1018600001D0FFF700FA064B1B689A69044B1B680E
:1018700042F400629A6100BF3837BD4680BD00BFA8
:1018800058940020000C004080B584B000AF3B1D90
:1018900000221A605A609A60144B154A1A60134B62
:1018A0000F225A60114B00229A60104B40F2E7322F
:1018B000DA600E4B00229A610C4811F091F8034651
:1018C000002B01D0FFF7CFF920237B600023FB60C2
:1018D0003B1D1946054813F079F90346002B01D04A
:1018E000FFF7C1F900BF1037BD4680BDA4940020AA
:1018F0000010004080B588B000AF07F1100300224F
:101900001A605A609A60DA603B1D00221A605A60C1
:101910009A601F4B1F4A1A601D4B0F225A601C4BC6
:1019200000229A601A4B40F2E732DA60184B00222C
:101930001A61174B00225A61154B00229A61144814
:1019400011F04EF80346002B01D0FFF78CF94FF44D
:1019500080533B6107F1100319460D4812F07AFAE3
:101960000346002B01D0FFF77EF920237B60002384
:10197000FB603B1D1946064813F028F90346002B6F
:1019800001D0FFF770F900BF2037BD4680BD00BF12
:10199000F09400200040014080B588B000AF78602E
:1019A0007B681B68484A934217D1484BD3F89C3058
:1019B000464A43F00203C2F89C30444BD3F89C30B3
:1019C00003F00203FB61FB69002200212E2003F0DB
:1019D000D6FA2E2003F0EDFA72E07B681B683C4AD1
:1019E000934217D1394BD3F89C30384A43F0040363
:1019F000C2F89C30354BD3F89C3003F00403BB6134
:101A0000BB69002200212F2003F0B9FA2F2003F038
:101A1000D0FA55E07B681B682E4A934217D12B4BB6
:101A2000D3F89C30294A43F00803C2F89C30274B76
:101A3000D3F89C3003F008037B617B69002200210E
:101A4000302003F09CFA302003F0B3FA38E07B68D2
:101A50001B68214A934217D11C4BD3F89C301B4A78
:101A600043F01003C2F89C30184BD3F89C3003F0BD
:101A700010033B613B6900220021312003F07FFA13
:101A8000312003F096FA1BE07B681B68134A9342EF
:101A900016D10E4BD3F8A4300C4A43F48033C2F86D
:101AA000A4300A4BD3F8A43003F48033FB60FB6806
:101AB00000220021452003F062FA452003F079FA64
:101AC00000BF2037BD4680BD00040040000C024628
:101AD00000080040000C00400010004000400140A1
:101AE00080B588B000AF786007F10C0300221A605F
:101AF0005A609A60DA601A617B681B68124A9342E6
:101B00001ED1124BD3F88C30104A43F01003C2F8A8
:101B10008C300E4BD3F88C3003F01003BB60BB68E5
:101B20000823FB6002233B6101237B610323BB612C
:101B30000223FB6107F10C031946054805F064FC1C
:101B400000BF2037BD4680BD00040040000C0246A7
:101B50000010024280B500AF224B234A1A60214B8D
:101B60004FF4E1325A601F4B00229A601D4B002255
:101B7000DA601C4B00221A611A4B0C225A61194B75
:101B800000229A61174B0022DA61164B00221A627A
:101B9000144B00225A62134B00229A62114813F030
:101BA0001DF90346002B01D0FFF75DF800210D4819
:101BB00015F09FFB0346002B01D0FFF754F80021DE
:101BC000084815F0D4FB0346002B01D0FFF74BF873
:101BD000044815F055FB0346002B01D0FFF743F8EE
:101BE00000BF80BD3C9500200038014080B5BCB0EE
:101BF00000AF786007F1DC0300221A605A609A6037
:101C0000DA601A6107F11003C8220021184618F0A3
:101C100068FF7B681B682A4A93424DD14FF001024E
:101C20004FF00003C7E9042300233B6607F11003CC
:101C300018460BF00DFF0346002B01D0FFF713F8F9
:101C4000204BD3F8A4301F4A43F48043C2F8A43099
:101C50001C4BD3F8A43003F48043FB60FB68194BA2
:101C6000D3F88C30174A43F00103C2F88C30154B7F
:101C7000D3F88C3003F00103BB60BB684FF4C06342
:101C8000C7F8DC300223C7F8E0300023C7F8E4309F
:101C90000023C7F8E8300723C7F8EC3007F1DC036E
:101CA0001946094805F0B0FB002200213D2003F051
:101CB00066F93D2003F07DF900BFF037BD4680BDD9
:101CC00000380140000C02460000024280B582B09C
:101CD00000AF78607B681B680B4A93420FD10B4BB7
:101CE000D3F8A430094A23F48043C2F8A4304FF457
:101CF000C061074805F060FD3D2003F068F900BFB2
:101D00000837BD4680BD00BF00380140000C0246C8
:101D100000000242DFF834D0FFF7C8FB002103E0E7
:101D20000B4B5B58435004310A480B4B42189A4204
:101D3000F6D30A4A02E0002342F8043B084B9A42D9
:101D4000F9D318F0EDFEFEF79BFEFEE700000C2035
:101D500030C9020800000020D01A0020D01A00204C
:101D60002C970020FEE7000080B500AF124B1B68E7
:101D7000114A43F480731360032003F0F5F80BF06D
:101D800085FC02460D4B1B6A03F00F030C49CB5C2C
:101D900022FA03F30B4A1360042003F04DF90F20DD
:101DA00000F012F80346002B01D0012302E0FFF7F8
:101DB00003FA0023184680BD00200240000C0246B2
:101DC00098C50208501A002080B584B000AF786032
:101DD0000023FB60334B1B78002B01D101235CE017
:101DE000314B1B6803F00403042B0CD12F4B1A68F2
:101DF0002C4B1B7819464FF47A73B3FBF1F3B2FB0B
:101E0000F3F3FB6037E003F06FF9B860BB68022BB7
:101E100023D0BB68022B2DD8BB68002B03D0BB6836
:101E2000012B0DD026E0214B1A681E4B1B7819465A
:101E30004FF4FA53B3FBF1F3B2FBF3F3FB601AE098
:101E4000184B1B781A464FF47A73B3FBF2F34FF436
:101E5000FA42B2FBF3F3FB600DE0124B1B781A461B
:101E60004FF47A73B3FBF2F34FF40042B2FBF3F397
:101E7000FB6000E000BFF86803F0BCF80346002BED
:101E800001D0012309E0002279684FF0FF3003F010
:101E900076F8074A7B681360002318461037BD4662
:101EA00080BD00BF581A002010E000E0501A00204A
:101EB000541A002080B400AF034B1B681846BD467F
:101EC0005DF8047B704700BFD095002080B584B0DA
:101ED00000AF7860FFF7EEFFB8607B68FB60FB68DF
:101EE000B3F1FF3F05D00A4B1B781A46FB68134439
:101EF000FB6000BFFFF7DEFF0246BB68D31AFA683B
:101F00009A42F7D800BF00BF1037BD4680BD00BF62
:101F1000581A002080B400AF054B1B68044A23F018
:101F20000203136000BFBD465DF8047B704700BF2D
:101F300010E000E080B400AF054B1B68044A43F09A
:101F40000203136000BFBD465DF8047B704700BF0D
:101F500010E000E080B400AF044B1B681B0C9BB288
:101F60001846BD465DF8047B704700BF004004E0A2
:101F700080B483B000AF7860064B1B6823F070021A
:101F800004497B6813430B6000BF0C37BD465DF806
:101F9000047B70470074004680B483B000AF786063
:101FA000064B1B6823F0020204497B6813430B6055
:101FB00000BF0C37BD465DF8047B704700740046D7
:101FC00080B582B000AF0F4B1B680E4A43F001038F
:101FD0001360FFF76FFF786008E0FFF76BFF0246C2
:101FE0007B68D31A0A2B01D9032306E0054B1B6833
:101FF00003F00803002BF0D0002318460837BD4635
:1020000080BD00BF0074004680B483B000AF78602C
:1020100039607B681B6823F470123B681A437B6845
:102020001A6000BF0C37BD465DF8047B704780B472
:1020300083B000AF786039607B681B6823F0E07282
:102040003B681A437B681A6000BF0C37BD465DF8D9
:10205000047B704780B483B000AF78607B681B68F6
:1020600003F0E07318460C37BD465DF8047B7047FB
:1020700080B485B000AF786039603B68FB607B68F6
:102080000A4A934204D1FB68013B03F00C03FB6056
:102090007B68DB6823F00C02FB681A437B68DA601C
:1020A00000BF1437BD465DF8047B70470010024640
:1020B00080B487B000AFF860B9607A603B60FB68BD
:1020C00060331A46BB689B0013447B617B691B68C5
:1020D00003F0E0627B685B0003F078413B680B43F0
:1020E0001A437B691A6000BF1C37BD465DF8047B4C
:1020F000704780B485B000AF786039607B6860332A
:102100001A463B689B001344FB60FB681B68DB0EB0
:1021100003F01F03BB60BB68092B07D8BB689A0696
:102120000121BB6801FA03F3134308E0BB689A0678
:102130000121BB6801FA03F3134343F0007318460F
:102140001437BD465DF8047B704780B487B000AF9C
:10215000F860B9607A60FB6860331A46BB689B0020
:1021600013447B617B691B6823F080727B681A4390
:102170007B691A6000BF1C37BD465DF8047B704761
:1021800080B487B000AFF860B9607A60FB686033F4
:102190001A46BB689B0013447B617B691B6823F074
:1021A00080627B681A437B691A6000BF1C37BD469A
:1021B0005DF8047B704780B487B000AFF860B96009
:1021C0007A60FB6860331A46BB689B0013447B61EE
:1021D0007B691B6823F000727B681A437B691A6075
:1021E00000BF1C37BD465DF8047B704780B483B0E8
:1021F00000AF786039607B681B6F23F47F5323F056
:102200003F033A681A437B681A677B681B6F23F0A9
:1022100000433A68002A02D04FF0004200E000225A
:102220001A437B681A6700BF0C37BD465DF8047B14
:10223000704780B485B000AFF860B9607A60FB6821
:102240005A69BB6803F00403072101FA03F3DB4377
:102250001A40BB6803F00403796801FA03F31A43D8
:10226000FB685A6100BF1437BD465DF8047B7047B8
:1022700080B483B000AF78607B68DB6803F44063B0
:10228000002B01D1012300E0002318460C37BD4686
:102290005DF8047B7047000080B489B000AFF8603F
:1022A000B9607A60FB682B4A934220D0FB683033D8
:1022B0001A46BB681B0A9B0003F00C031344FB6126
:1022C000FB691A68BB6803F01F031F2101FA03F3BF
:1022D000DB431A407B689B0E03F01F01BB6803F0D1
:1022E0001F0301FA03F31A43FB691A602BE0FB6832
:1022F0009A6ABB6803F01F030F2101FA03F3DB4363
:102300001A407B6823F07F43002B04D17B689B0E2F
:1023100003F01F0310E07B687B617B6993FAA3F3F2
:102320003B613B69BB61BB69002B01D1202303E00A
:10233000BB69B3FA83F3DBB2B96801F01F018B40CC
:102340001A43FB689A6200BF2437BD465DF8047BE0
:10235000704700BF0010024680B487B000AF7860BD
:1023600039603B6823F07F43002B07D13B689B0E0D
:1023700003F01F03012202FA03F315E03B683B61FF
:102380003B6993FAA3F3FB60FB687B617B69002BDD
:1023900001D1202303E07B69B3FA83F3DBB203F0BE
:1023A0001F03012202FA03F37A68926A1A437B68D8
:1023B0009A6200BF1C37BD465DF8047B704780B44D
:1023C00083B000AF786039607B689A6A3B689B0E87
:1023D00003F01F03012101FA03F3DB431A407B687A
:1023E0009A6200BF0C37BD465DF8047B704780B42D
:1023F00083B000AF78607B68DB6803F003031846A6
:102400000C37BD465DF8047B704780B483B000AFE5
:1024100078607B68DB6C03F4C073002B01D101236F
:1024200000E0002318460C37BD465DF8047B70477A
:1024300080B48BB000AFF860B9607A60FB682C4A5A
:10244000934240D0BB6823F07F43002B04D1BB688C
:102450009B0E03F01F0310E0BB68BB61BB6993FADE
:10246000A3F37B617B69FB61FB69002B01D1202316
:1024700003E0FB69B3FA83F3DBB2BA68520E02F0F1
:102480000102524202F00A029A1A13465B001344F8
:102490007B62FB6814331A46BB685B0E9B0003F03B
:1024A000040313443B623B6A1A6807217B6A01FA02
:1024B00003F3DB431A4079687B6A01FA03F31A439A
:1024C0003B6A1A600EE0FB685A69BB681B02DB437B
:1024D0001A40BB6819027B680B4023F0FF031A43C4
:1024E000FB685A6100BF2C37BD465DF8047B70471E
:1024F0000010024680B485B000AFF860B9607A6021
:10250000FB68D3F8C020BB6823F07F43DB431A404D
:102510007B6803F018030849D940BB680B4023F0DF
:102520007F431A43FB68C3F8C02000BF1437BD4681
:102530005DF8047B704700BFFFFF0F0080B483B0DD
:1025400000AF78607B689B6823F0204323F03F0353
:102550007A68936000BF0C37BD465DF8047B704716
:1025600080B483B000AF78607B689B6803F0005351
:10257000B3F1005F01D1012300E0002318460C37BE
:10258000BD465DF8047B704780B483B000AF7860CF
:102590007B689B6823F0104323F03F0343F0805295
:1025A0007B689A6000BF0C37BD465DF8047B7047BE
:1025B00080B483B000AF78607B689B6803F0805381
:1025C000B3F1805F01D1012300E0002318460C37EE
:1025D000BD465DF8047B704780B483B000AF78607F
:1025E0007B689B6823F0004323F03F0343F0010224
:1025F0007B689A6000BF0C37BD465DF8047B70476E
:1026000080B483B000AF78607B689B6823F00043A0
:1026100023F03F0343F002027B689A6000BF0C374F
:10262000BD465DF8047B704780B483B000AF78602E
:102630007B689B6803F00103012B01D1012300E0BB
:10264000002318460C37BD465DF8047B704780B404
:1026500083B000AF78607B689B6803F00203022BB5
:1026600001D1012300E0002318460C37BD465DF878
:10267000047B704780B483B000AF78607B689B6850
:1026800023F0004323F03F0343F004027B689A6089
:1026900000BF0C37BD465DF8047B704780B483B043
:1026A00000AF78607B689B6823F0004323F03F0312
:1026B00043F010027B689A6000BF0C37BD465DF89E
:1026C000047B704780B483B000AF78607B689B6800
:1026D00003F00403042B01D1012300E0002318467A
:1026E0000C37BD465DF8047B704780B483B000AF03
:1026F00078607B689B6823F0004323F03F0343F03E
:1027000020027B689A6000BF0C37BD465DF8047BF1
:10271000704780B483B000AF78607B689B6803F03B
:102720000803082B01D1012300E0002318460C37D1
:10273000BD465DF8047B704780B58AB000AF786015
:10274000002387F8273000233B620023FB617B686E
:10275000002B01D10123B3E27B681B69002B03D05E
:102760007B681B688B4A93427B689B6F002B09D167
:102770007868FDF72FF97B680022DA677B68002212
:1027800083F874207B681B681846FFF7E9FE034650
:10279000002B04D07B681B681846FFF7CFFE7B68D0
:1027A0001B681846FFF704FF0346002B15D17B6812
:1027B0001B681846FFF7E8FE774B1B689B09774AB2
:1027C000A2FB03239B0901335B00FB6002E0FB6873
:1027D000013BFB60FB68002BF9D17B681B68184646
:1027E000FFF7E6FE0346002B0ED17B689B6F43F09C
:1027F00010027B689A677B68DB6F43F001027B689D
:10280000DA67012387F827307B681B681846FFF7D3
:1028100059FFB8617B689B6F03F01003002B40F0F9
:102820004482BB69002B40F040827B689B6F23F49D
:10283000817343F002027B689A677B681B681846C5
:10284000FFF7F2FE0346002B40D17B681B68514A1C
:10285000934228D07B681B68514A934209D1504863
:10286000FFF7E2FE0346002B0CBF01230023DBB27F
:1028700008E04848FFF7D8FE0346002B0CBF0123B1
:102880000023DBB2002B21D07B681B68444A9342B3
:1028900001D1444A00E0444A7B685B68194610460F
:1028A000FFF7B2FB12E07B681A687B689B681946E9
:1028B0001046FFF7DDFB3C4B1B6823F470127B686E
:1028C0005B6803F47013384913430B607B681B6823
:1028D000304A934210D07B6893F824305A037B68C7
:1028E0005B6C1A437B689B681A437B6893F82C30B7
:1028F0001B0413433B6230E07B681B7F9A037B68B9
:1029000093F824305B0313437A68526C002A02D098
:102910004FF4805200E000221A437B685B691A433F
:102920007B681B69002B04DA7B681B6923F000437A
:1029300001E04FF400131A437B681B6818498B426F
:1029400003D17B6893F8403003E07B6893F8403014
:102950005B0013433A6A13433B627B6893F82C3065
:10296000012B2FD17B681B680A4A934207D07B68F2
:102970001B6B013B5B043A6A13433B6222E07B68BA
:1029800093F82430002B11D13B6A43F480333B622F
:1029900018E000BF00100246501A0020632D3E05CB
:1029A0000080024208830242081302467B689B6F44
:1029B00043F020027B689A677B68DB6F43F001027B
:1029C0007B68DA677B681B68924A934218D07B6801
:1029D0005B6B002B09D07B685B6B03F478727B68C0
:1029E0009B6B13433A6A13433B627B681B68DA684C
:1029F000894B13407A681268396A0B43D36031E01F
:102A00007B685B6B002B09D07B685B6B03F4E07227
:102A10007B689B6B13433A6A13433B627B681B687A
:102A2000DA687E4B13407A681268396A0B43D360C8
:102A30007B681B6A002B08D07B681B68596C7B681D
:102A40001A6A7B681B680A435A647B68DB6E002B3A
:102A500008D07B681B68596C7B68DA6E7B681B68E2
:102A60000A435A647B681B686A4A934200F0938069
:102A70007B681B681846FFF725FE78617B681B683A
:102A80001846FFF746FE38617B69002B61D13B6930
:102A9000002B5ED17B681B7F9A037B681B686049B3
:102AA0008B4202D17B68DB6B02E07B68DB6B5B00F7
:102AB00013433B627B681B68DB6823F4804323F08D
:102AC00003037A681268396A0B43D3607B68DB685A
:102AD000002B07D07B681A687B68DB6819461046B4
:102AE000FFF784FB7B6893F85430012B1ED17B6881
:102AF0005B6B002B7B681B681A694A4B13407A6832
:102B0000926D11047A68D26D11437A68126E114386
:102B10007A68526E11437A68926E92080A431A4399
:102B20007B681B6842F001021A6107E07B681B6842
:102B30001A697B681B6822F001021A617B681B68B6
:102B40001B6923F070417B681A6D7B681B680A4320
:102B50001A617B681B69012B0CD17B681B681B6B9E
:102B600023F00F017B689B6A5A1E7B681B680A432F
:102B70001A6307E07B681B681A6B7B681B6822F08E
:102B80000F021A637B689B6F23F0030343F001027B
:102B90007B689A6792E07B6893F85430012B11D1DF
:102BA0007B689A6D7B68DB6D1A437B681B6E1A43EA
:102BB0007B689B6E1343FA691343FB61FB6943F027
:102BC0000103FB617B681B681A69174B13407A6825
:102BD0001268F9690B4313617B6818687B689B6C0A
:102BE0001A460021FFF725FB7B6818687B68DB6CC1
:102BF0001A466FF0FB01FFF71CFB7B681B69002B7B
:102C000014D17B681B689A6A7B681B6862F00F02AC
:102C10009A6224E00010024613C0F0FF0D80DEFF30
:102C2000008002421EF800FC02FCFFF77B681B6973
:102C3000B3F5001F13D17B681B689B6A7B689B6A96
:102C4000013B9B0003F01C036FF00F0202FA03F13B
:102C50007B68D3F888207B681B680A439A627B688C
:102C60001B68DA68184B13403A6A9A420BD17B68AA
:102C70000022DA677B689B6F23F0030343F00102B5
:102C80007B689A671AE07B689B6F23F0120343F01E
:102C900010027B689A677B68DB6F43F001027B68F8
:102CA000DA67012387F8273008E07B689B6F43F0E1
:102CB00010027B689A67012387F8273097F827303E
:102CC00018462837BD4680BDF3FF3F8380B584B0EA
:102CD00000AF78607B68002B01D10123A8E17B68FD
:102CE0009B6F43F002027B689A670321786801F0CA
:102CF00077FC0346FB73FB7B002B0AD1786801F05D
:102D00009BFD0346FB73FB7B002B02D17B680122FA
:102D10009A677B681B687B4A934200F0FF807B6860
:102D20001B685B687A68126823F47F7323F00303DF
:102D300053607B681B6840F2FF321A607B681B6837
:102D40009A687B681B6822F080529A607B681B68D7
:102D50009A687B681B6842F000529A607B681B6827
:102D6000D9687B681A68684B0B40D3607B681B6826
:102D700019697B681A68654B0B4013617B681B6897
:102D80005A697B681B6802F040425A617B681B6885
:102D90009A697B681B6802F078429A617B681B68BD
:102DA000D3F8A8207B681B6802F07E42C3F8A820F5
:102DB0007B681B68D3F8AC207B681B6802F07E42FE
:102DC000C3F8AC207B681B68D3F8B0207B681B6815
:102DD00002F07E42C3F8B0207B681B68D3F8B420B1
:102DE0007B681B6802F07E42C3F8B4207B681B68D6
:102DF000D3F8B8207B681B6802F07E42C3F8B82085
:102E00007B681B68D3F8BC207B681B6802F07E429D
:102E1000C3F8BC207B681B68196B7B681A683C4B45
:102E20000B4013637B681B68596B7B681A68394BCE
:102E30000B4053637B681B68996B7B681A68354B42
:102E40000B4093637B681B68DB6B7A68126823F422
:102E5000FB6323F00703D3637B681B681B6E7B68EF
:102E60001B6800221A667B681B685B6E7B681B68A8
:102E700000225A667B681B689B6E7B681B68002279
:102E80009A667B681B68DB6E7B681B680022DA66CB
:102E90007B681B68196F7B681A681F4B0B401367B0
:102EA0007B681B68D3F8A0207B681B6802F07F4218
:102EB000C3F8A0207B681B68D3F8A4207B681B683C
:102EC00002F07F42C3F8A4207B681B68D3F8C030AF
:102ED0007A6812681B0D1B05C2F8C0307B681B683E
:102EE000DB697A6812681B0D1B05D3617B681B6860
:102EF000D3F8C4207B681B6822F04072C3F8C4205A
:102F000048E000BF00100246108020801CF800FC42
:102F1000300882E0200882E000C0FF7F7B681B68E9
:102F20005B687A68126823F4677323F003035360C5
:102F30007B681B6840F29F321A607B681B68D96807
:102F40007B681A683C4B0B40D3607B681B6819692F
:102F50007B681A68394B0B4013617B681B685A69A0
:102F60007B681B6822F038025A617B681B681A6A0A
:102F70007B681B6802F0F0221A627B681B689B6A00
:102F80007B681B6800229A622D4B1B682C4A23F039
:102F9000FE7313607B681B682A4A934209D1294853
:102FA000FFF742FB0346002B0CBF01230023DBB2DB
:102FB00008E02548FFF738FB0346002B0CBF012330
:102FC0000023DBB2002B13D07B681B681D4A9342A1
:102FD00001D11B4B00E01D4B1A687B681B68194927
:102FE0008B4201D1164B00E0184B22F0FE721A60A2
:102FF0007868FCF761FE7B680022DA677B681B68F3
:10300000114A934204D17B680022C3F8882007E06C
:103010007B680022C3F880207B680022C3F88420EC
:103020007B6800229A677B68002283F87420FB7B10
:1030300018461037BD4680BD00801E83E2FDFFDFCD
:103040000883024200800242001002460813024632
:1030500080B5A2B000AFF860B9607A60FB681B6809
:103060001846FFF72FFB0346002B40F0E980FB6872
:1030700093F87430012B01D10223E6E0FB680122B2
:1030800083F87420F86801F067FB034687F88730FF
:1030900097F88730002B40F0CE80FB689B6F23F4BD
:1030A000706323F0010343F48072FB689A67FB6846
:1030B0001B68684A934210D0FB689B6F03F48053EF
:1030C000002B06D0FB68DB6F23F00602FB68DA6793
:1030D00006E0FB680022DA6702E0FB680022DA679C
:1030E000FB681B6F5C4A1A66FB681B6F5B4A5A667B
:1030F000FB681B6F5A4A9A66FB681B681C221A60A1
:10310000FB68002283F87420FB681B685A68FB6820
:103110001B6842F010025A60FB681B684D4A9342DC
:1031200007D1FB681B68DA68FB681B6842F0010284
:10313000DA60FB681B6F1B6D03F08003002B4FD020
:10314000FB681B6F5B6F002B46D0FB681B6F5B6FD0
:103150001B68002B40D0FB681B6F5B6F1A6807F180
:1031600014031146184603F041FA0346002B01D020
:1031700001236AE0FB6A022B04D17B689B00C7F83D
:1031800080300AE0FB6A012B04D17B685B00C7F842
:10319000803002E07B68C7F88030FB681B6F5B6F94
:1031A0001B68D7F880209A60FB681B6803F1400217
:1031B000FB681B6F5B6F1B68DA60FB681B6F5B6FE4
:1031C0001B68BA681A61FB681B6F184603F07AF92E
:1031D000034687F8873028E0012387F8873024E00A
:1031E000FB681B6F9B69022B04D17B689B00C7F8AF
:1031F00080300CE0FB681B6F9B69012B04D17B685E
:103200005B00C7F8803002E07B68C7F88030FB685D
:10321000186FFB681B6840331946BA68D7F88030CE
:1032200002F0EEFB034687F88730FB681B68184600
:10323000FFF720FA07E0FB68002283F8742002E021
:10324000022387F8873097F8873018468837BD46BD
:1032500080BD00BF00100246F7480108CF490108B1
:10326000EB49010880B584B000AF78607B6893F8C3
:103270007430012B01D1022366E07B68012283F8C0
:1032800074200321786801F0ABF90346FB73FB7BE4
:10329000002B54D17B681B682D4A934207D17B6871
:1032A0001B68DA687B681B6822F00102DA607B68C1
:1032B0001B6F93F85430DBB2022B0FD17B681B6F6E
:1032C000184602F0FDFB0346FB73FB7B002B05D089
:1032D0007B689B6F43F040027B689A677B681B6842
:1032E0005A687B681B6822F010025A60FB7B002B37
:1032F00005D1786801F0A0FA0346FB7302E0786814
:1033000001F09AFAFB7B002B19D17B681B68104AED
:1033100093420AD07B689B6F23F4885323F0010308
:1033200043F001027B689A6709E07B689B6F23F496
:10333000807323F0010343F001027B689A677B6886
:10334000002283F87420FB7B18461037BD4680BDF1
:103350000010024680B588B000AF78600023FB61A2
:103360007B681B681B68BB617B681B685B687B6153
:10337000BB6903F00203002B17D07B6903F0020343
:10338000002B12D07B689B6F03F01003002B05D13C
:103390007B689B6F43F400627B689A67786801F0F2
:1033A000F1FC7B681B6802221A60BB6903F004030E
:1033B000002B04D07B6903F00403002B0BD1BB6905
:1033C00003F00803002B00F0A4807B6903F00803DE
:1033D000002B00F09E807B689B6F03F01003002B96
:1033E00005D17B689B6F43F400727B689A677B68AA
:1033F0001B683D4A934247D07B681B681846FEF71E
:1034000037FF0346002B7DD07B681B68DB683B6180
:103410003B6903F40053002B74D17B681B681B6865
:1034200003F00803082B6DD17B681B681846FFF773
:1034300049F90346002B1AD17B681B685A687B68E0
:103440001B6822F00C025A607B689B6F23F4807229
:103450007B689A677B689B6F03F48053002B51D184
:103460007B689B6F43F001027B689A674AE07B6848
:103470009B6F43F010027B689A677B68DB6F43F0B9
:1034800001027B68DA673DE07B681B681846FEF73F
:10349000EFFE0346002B35D07B6893F82430002BD9
:1034A00030D17B681B681B6803F00803082B29D107
:1034B0007B681B681846FFF705F90346002B15D1FA
:1034C0007B681B685A687B681B6822F00C025A6094
:1034D0007B689B6F23F4807323F0010343F00102A8
:1034E0007B689A670EE000BF001002467B689B6F06
:1034F00043F020027B689A677B68DB6F43F0010230
:103500007B68DA677868EDF773FE7B681B680C22CE
:103510001A607B681B686D4A93426FD0BB6903F0E9
:103520002003002B04D07B6903F02003002B09D17A
:10353000BB6903F04003002B60D07B6903F04003BC
:10354000002B5BD07B689B6F03F01003002B05D131
:103550007B689B6F43F400527B689A677B681B68AB
:103560001846FEF752FFF8607B681B681846FEF7A6
:103570007FFEB8607B681B68DB683B61FB68002BE3
:1035800035D03B6903F00073002B07D0BB68002BDC
:103590002DD03B6903F40053002B28D17B681B68B6
:1035A0001B6803F04003402B21D17B681B68184641
:1035B000FFF7AFF80346002B19D17B681B685A68E8
:1035C0007B681B6822F060025A607B689B6F23F463
:1035D00080527B689A677B689B6F03F48073002B33
:1035E00005D17B689B6F43F001027B689A6778681E
:1035F00001F0AAFB7B681B6860221A60BB6903F0BC
:103600008003002B11D07B6903F08003002B0CD0CA
:103610007B689B6F43F480327B689A67786800F020
:10362000D5F87B681B6880221A60BB6903F480733D
:10363000002B12D07B6903F48073002B0DD07B68C4
:103640009B6F43F400327B689A67786801F086FBD1
:103650007B681B684FF480721A60BB6903F40073C7
:10366000002B12D07B6903F40073002B0DD07B6814
:103670009B6F43F480227B689A67786801F078FB3F
:103680007B681B684FF400721A60BB6903F010037B
:10369000002B3DD07B6903F01003002B38D07B68F2
:1036A0005B6C002B02D10123FB611BE07B681B6874
:1036B000064A93420CD07B681B68DB6803F0030367
:1036C000002B0FD00123FB610CE000BF001002466D
:1036D0007B681B681846FEF78AFE0346002B01D064
:1036E0000123FB61FB69012B0ED17B689B6F43F4C7
:1036F00080627B689A677B68DB6F43F002027B68BD
:10370000DA67786800F06CF87B681B6810221A6032
:10371000BB6903F00103002B1BD07B6903F001039D
:10372000002B16D07B689B6F03F01003002B05D194
:103730007B689B6F43F001027B689A67786800F0B2
:103740006DF87B681B685A687B681B6822F0010271
:103750005A607B681B68174A934226D1BB6903F401
:103760000063002B0CD07B6903F40063002B07D0AF
:10377000786800F03FF87B681B684FF400621A60BD
:10378000BB6903F48053002B0FD07B6903F4805393
:10379000002B0AD0786800F037F87B681B685A68FD
:1037A0007B681B6822F480525A6000BF2037BD46F8
:1037B00080BD00BF0010024680B483B000AF7860C7
:1037C00000BF0C37BD465DF8047B704780B483B002
:1037D00000AF786000BF0C37BD465DF8047B7047D2
:1037E00080B483B000AF786000BF0C37BD465DF891
:1037F000047B704780B483B000AF786000BF0C37A3
:10380000BD465DF8047B704780B483B000AF78603C
:1038100000BF0C37BD465DF8047B704780B483B0B1
:1038200000AF786000BF0C37BD465DF8047B704781
:1038300080B5BCB000AF78603960002387F8EF3006
:103840000023BB607B681B68A84A934203D17B6856
:103850001B69B3F1004F7B6893F87430012B02D1E0
:10386000022300F0B5BE7B68012283F874207B68D8
:103870001B681846FEF726FF0346002B40F095868E
:103880007B681B68994A934200F0EA833B681B6897
:1038900023F07F43002B08D13B681B689B0E03F08D
:1038A0001F03012202FA03F31DE03B681B68C7F8FF
:1038B000D030D7F8D03093FAA3F3C7F8CC30D7F88C
:1038C000CC30C7F8D430D7F8D430002B01D1202326
:1038D00004E0D7F8D430B3FA83F3DBB203F01F036C
:1038E000012202FA03F37A681268D1697A681268D1
:1038F0000B43D3617B6818683B6859683B681B6859
:103900001A46FEF7C9FC7B681B681846FEF7DAFE0C
:10391000C7F8E0007B681B681846FEF7FAFEC7F898
:10392000DC00D7F8E030002B40F0ED81D7F8DC3038
:10393000002B40F0E8817B6818683B6819683B6899
:103940009B681A46FEF774FD3B685A697B681B68E2
:10395000DB689B0803F003035B0002FA03F3C7F87C
:10396000D8303B681B69042B46D07B6818683B68DD
:1039700019693B681A68D7F8D830FEF799FB7B685D
:1039800018683B6819693B68DB691A46FEF7DDFB7E
:103990003B689B7E012B1ED17B6818683B681969C8
:1039A0003B685B7E002B02D14FF0007300E00023E8
:1039B0001A46FEF700FC7B6818683B6819693B688B
:1039C0005B7E012B02D14FF0806300E000231A469A
:1039D000FEF7D6FB97E17B6818683B681B690022FD
:1039E0001946FEF7E8FB7B6818683B681B690022F4
:1039F0001946FEF7C5FB86E17B681B680021184667
:103A0000FEF777FB034623F07F43002B0AD17B6848
:103A10001B6800211846FEF76CFB03469B0E03F063
:103A20001F021EE07B681B6800211846FEF761FB41
:103A30000346C7F8C430D7F8C43093FAA3F3C7F8E5
:103A4000C030D7F8C030C7F8C830D7F8C830002B1E
:103A500001D1202304E0D7F8C830B3FA83F3DBB2F6
:103A60001A463B681B6823F07F43002B05D13B6857
:103A70001B689B0E03F01F0318E03B681B68C7F828
:103A8000B830D7F8B83093FAA3F3C7F8B430D7F802
:103A9000B430C7F8BC30D7F8BC30002B01D120239C
:103AA00004E0D7F8BC30B3FA83F3DBB29A4207D113
:103AB0007B6818683B681A6800230021FEF7F8FA53
:103AC0007B681B6801211846FEF713FB034623F0B1
:103AD0007F43002B0CD17B681B6801211846FEF741
:103AE00008FB03469B0E03F01F0220E00010024675
:103AF0007B681B6801211846FEF7FBFA0346C7F8EE
:103B0000AC30D7F8AC3093FAA3F3C7F8A830D7F8A5
:103B1000A830C7F8B030D7F8B030002B01D120233F
:103B200004E0D7F8B030B3FA83F3DBB21A463B684F
:103B30001B6823F07F43002B05D13B681B689B0E5D
:103B400003F01F0318E03B681B68C7F8A030D7F8E4
:103B5000A03093FAA3F3C7F89C30D7F89C30C7F88D
:103B6000A430D7F8A430002B01D1202304E0D7F8EB
:103B7000A430B3FA83F3DBB29A4207D17B681868AA
:103B80003B681A6800230121FEF792FA7B681B68E4
:103B900002211846FEF7ADFA034623F07F43002BBF
:103BA0000AD17B681B6802211846FEF7A2FA034679
:103BB0009B0E03F01F021EE07B681B680221184663
:103BC000FEF797FA0346C7F89430D7F8943093FA83
:103BD000A3F3C7F89030D7F89030C7F89830D7F8EB
:103BE0009830002B01D1202304E0D7F89830B3FAA5
:103BF00083F3DBB21A463B681B6823F07F43002B3C
:103C000005D13B681B689B0E03F01F0318E03B685F
:103C10001B68C7F88830D7F8883093FAA3F3C7F841
:103C20008430D7F88430C7F88C30D7F88C30002B2C
:103C300001D1202304E0D7F88C30B3FA83F3DBB250
:103C40009A4207D17B6818683B681A6800230221F2
:103C5000FEF72EFA7B681B6803211846FEF749FA27
:103C6000034623F07F43002B0AD17B681B680321A6
:103C70001846FEF73EFA03469B0E03F01F021AE0B9
:103C80007B681B6803211846FEF733FA0346FB677F
:103C9000FB6F93FAA3F3BB67BB6FC7F88030D7F80D
:103CA0008030002B01D1202304E0D7F88030B3FA14
:103CB00083F3DBB21A463B681B6823F07F43002B7B
:103CC00005D13B681B689B0E03F01F0311E03B68A6
:103CD0001B683B673B6F93FAA3F3FB66FB6E7B6746
:103CE0007B6F002B01D1202303E07B6FB3FA83F3BA
:103CF000DBB29A4207D17B6818683B681A680023D8
:103D00000321FEF7D5F97B681B681846FEF78CFC8B
:103D10000346002B40F056847B6818683B6819689E
:103D20003B68DB681A46FEF7E5FB3B68DB6813F58A
:103D3000803F40F0D6803B681B6823F07F43002B18
:103D40000BD13B681B689B0E013303F01F03092B4B
:103D500094BF01230023DBB219E03B681B687B663C
:103D60007B6E93FAA3F33B663B6EBB66BB6E002B88
:103D700001D1202303E0BB6EB3FA83F3DBB201333E
:103D800003F01F03092B94BF01230023DBB2002B98
:103D90004DD03B681B6823F07F43002B07D13B6865
:103DA0001B689B0E01339B0603F0F84215E03B684D
:103DB0001B68BB65BB6D93FAA3F37B657B6DFB65ED
:103DC000FB6D002B01D1202303E0FB6DB3FA83F3DD
:103DD000DBB201339B0603F0F8423B681B6823F01B
:103DE0007F43002B09D13B681B689B0E013303F016
:103DF0001F03012101FA03F317E03B681B68FB6412
:103E0000FB6C93FAA3F3BB64BB6C3B653B6D002B6F
:103E100001D1202303E03B6DB3FA83F3DBB201331E
:103E200003F01F03012101FA03F313434EE03B6843
:103E30001B6823F07F43002B07D13B681B689B0E58
:103E400001339B0603F0F84215E03B681B683B64B6
:103E50003B6C93FAA3F3FB63FB6B7B647B6C002BE3
:103E600001D1202303E07B6CB3FA83F3DBB201338F
:103E70009B0603F0F8423B681B6823F07F43002B4E
:103E800009D13B681B689B0E013303F01F0301211E
:103E900001FA03F317E03B681B687B637B6B93FAC3
:103EA000A3F33B633B6BBB63BB6B002B01D12023B4
:103EB00003E0BB6BB3FA83F3DBB2013303F01F0300
:103EC000012101FA03F3134343F00073C7F8E8300C
:103ED0007B6818683B689B681A46D7F8E810FEF7BD
:103EE000A7FA3B681B68002B80F26C837B681B6819
:103EF000974A934201D1974B00E0974B1846FEF743
:103F0000A9F8C7F8E4007B681B68914A934209D17D
:103F10008F48FEF789FB0346002B0CBF01230023CB
:103F2000DBB208E08D48FEF77FFB0346002B0CBF99
:103F300001230023DBB2002B00F088803B681B6864
:103F4000874A934232D1D7F8E43003F40003002BC0
:103F50002CD17B681B687E4A934205D07B681B6826
:103F60007E4A934240F02B837B681B68784A9342D9
:103F700001D1784A00E0784AD7F8E43043F40003EE
:103F800019461046FEF753F8764B1B689B09764A94
:103F9000A2FB03239B0901335B00BB6002E0BB680B
:103FA000013BBB60BB68002BF9D108E33B681B6891
:103FB0006E4A934221D1D7F8E43003F08073002B8E
:103FC0001BD17B681B68624A934205D07B681B68E3
:103FD000624A934240F0F5827B681B685C4A9342D8
:103FE00001D15C4A00E05C4AD7F8E43043F08073CA
:103FF00019461046FEF71BF8E3E23B681B685C4A73
:10400000934240F0DF82D7F8E43003F48003002BC2
:1040100040F0D8827B681B684D4A934205D07B688C
:104020001B684E4A934240F0CD827B681B68484A29
:10403000934201D1474A00E0474AD7F8E43043F4BD
:10404000800319461046FDF7F2FFBBE27B689B6FC9
:1040500043F020027B689A67012387F8EF30B1E2D2
:104060003B681B68C7F8E830FDF774FF0346B3F5FB
:10407000805F30D13B681B683E4A934203D13E4B80
:10408000C7F8E83027E03B681B683C4A934203D1FD
:104090003B4BC7F8E8301EE03B681B68394A934247
:1040A00003D1394BC7F8E83015E03B681B68374A45
:1040B000934203D1364BC7F8E8300CE03B681B68ED
:1040C000344A934203D1314BC7F8E83003E03B68F0
:1040D0001B68C7F8E8303B685B68022B00F0A281E0
:1040E0007B681B69B3F1004F04D07B681B692A4AC7
:1040F000934207D17B681B68D7F8E8101846FEF793
:104100002BF9C1E07B68D3F888203B685B6803F03B
:104110001F030F2101FA03F3DB431A40D7F8E830FD
:1041200023F07F43002B05D1D7F8E8309B0E03F036
:104130001F0337E0D7F8E830BB62BB6A93FAA3F3FA
:104140007B627B6AFB62FB6A002B27D1202329E07C
:104150000080024208830242081302460010024611
:10416000000008CE501A0020632D3E05000004CA4E
:1041700001000080002000B6000040DA004000BAD4
:10418000000080DE001000B201000081000020D697
:10419000000010D2000020D710000080FB6AB3FAA4
:1041A00083F3DBB23968496801F01F018B401A4381
:1041B0007B68C3F888203B685B689B085A1C7B6857
:1041C0009B6A9A4260D8FDF7C5FE0346B3F5805F4F
:1041D00051D8D7F8E83023F07F43002B0AD1D7F825
:1041E000E8309B0E03F01F03132B8CBF0123002329
:1041F000DBB216E0D7F8E830FB61FB6993FAA3F372
:10420000BB61BB693B623B6A002B01D1202303E009
:104210003B6AB3FA83F3DBB2132B8CBF0123002379
:10422000DBB2002B27D0D7F8E83023F07F43002BF8
:1042300009D1D7F8E8309B0E03F01F03093B012298
:1042400002FA03F315E0D7F8E8303B613B6993FAD3
:10425000A3F3FB60FB687B617B69002B01D120230A
:1042600003E07B69B3FA83F3DBB2093B012202FA74
:1042700003F3C7F8E8307B6818683B685B68D7F8D9
:10428000E8201946FEF708F87B6818683B689B68C9
:104290001A46D7F8E810FEF7CBF83B681B68002BEE
:1042A00080F290817B681B68974A934201D1974BBB
:1042B00000E0974B1846FDF7CDFEC7F8E4003B68D9
:1042C0001B68944A934226D1D7F8E43003F40003E4
:1042D000002B20D17B681B688B4A934201D18B4A0B
:1042E00000E08B4AD7F8E43043F400031946104647
:1042F000FDF79DFE884B1B689B09884AA2FB0323A0
:104300009B095B00BB6002E0BB68013BBB60BB6814
:10431000002BF9D167E03B681B68814A934216D1B4
:10432000D7F8E43003F08073002B10D17B681B6852
:10433000754A934201D1754A00E0754AD7F8E430D6
:1043400043F0807319461046FDF771FE4BE03B6861
:104350001B68744A934216D1D7F8E43003F4800303
:10436000002B10D17B681B68674A934201D1674AD2
:1043700000E0674AD7F8E43043F48003194610465A
:10438000FDF755FE2FE03B681B68674A93422AD130
:10439000D7F8E43003F48003002B24D17B681B683A
:1043A000624A93421FD17B681B68574A934201D1EE
:1043B000564A00E0564AD7F8E43043F480031946E1
:1043C0001046FDF734FEFDF7C5FD0346B3F5805FEB
:1043D00009D87B681B68D3F8D0207B681B6842F043
:1043E0000102C3F8D020FDF7B5FD0346B3F5005F29
:1043F00040F0E8803B681B684D4A934240F0E28001
:10440000D7F8E43003F48003002B40F0DB807B68B6
:104410001B68D3F8D0207B681B6842F00102C3F808
:10442000D020CFE07B681B69B3F1004F04D07B68DC
:104430001B69404A934206D17B681B68D7F8E81095
:104440001846FDF7BCFF3B681B68002B80F2BA8062
:104450007B681B682C4A934201D12C4B00E02C4B0B
:104460001846FDF7F7FDC7F8E4003B681B68324AC1
:10447000934210D17B681B68234A934201D1234A9F
:1044800000E0234AD7F8E43023F40003194610462D
:10449000FDF7CDFD6DE03B681B68284A934210D1C3
:1044A0007B681B68184A934201D1184A00E0184AF9
:1044B000D7F8E43023F0807319461046FDF7B7FDB6
:1044C00057E03B681B68174A934210D17B681B6812
:1044D0000D4A934201D10D4A00E00D4AD7F8E4306D
:1044E00023F4800319461046FDF7A1FD41E03B6827
:1044F0001B680D4A93423CD17B681B68024A934279
:104500001ED1024A1DE000BF008002420883024221
:1045100008130246002000B6501A0020632D3E0505
:10452000004000BA01000080001000B200100246F6
:10453000000020D710000080000008CE000004CA50
:10454000254AD7F8E43023F4800319461046FDF7D6
:104550006EFDFDF7FFFC0346B3F5805F09D87B686D
:104560001B68D3F8D0207B681B6842F00102C3F8B7
:10457000D020FDF7EFFC0346B3F5005F22D13B6886
:104580001B68164A93421DD1D7F8E43003F4800328
:10459000002B17D17B681B68D3F8D0207B681B6881
:1045A00042F00102C3F8D0200CE07B689B6F43F01F
:1045B00020027B689A67012387F8EF3002E000BF92
:1045C00000E000BF7B68002283F8742097F8EF308A
:1045D0001846F037BD4680BD08130246000020D7BC
:1045E00080B588B000AF786039600023FB613B681C
:1045F000BB617B681B681846FEF764F838617B680E
:104600001B681846FEF785F8F8603B69002B03D15C
:10461000FB68002B00F099807B681B68DB6803F067
:104620000073002B2BD07B6893F82430012B26D10C
:104630007B681B7F012B22D10123BB6114E0FB6946
:10464000444A93420DD97B689B6F43F010027B680C
:104650009A677B68DB6F43F001027B68DA670123AE
:1046600074E0FB690133FB617B681B681B6803F026
:104670004003402BE3D17B681B6840221A60BB6972
:10468000022B14D07B681B681846FEF71BF8034604
:10469000002B0CD07B681B681846FDF7D8FF03463B
:1046A000002B04D17B681B681846FDF7F7FFBB6938
:1046B000012B14D07B681B681846FEF72AF80346C6
:1046C000002B0CD07B681B681846FDF7C0FF034623
:1046D000002B04D17B681B681846FEF706F8BB69FF
:1046E000022B05D0BB69032B05D10C237B6105E0B0
:1046F00008237B6102E004237B6100BFFDF7DAFB46
:10470000B8601BE0FDF7D6FB0246BB68D31A052B49
:1047100014D97B681B689A687B691340002B0DD005
:104720007B689B6F43F010027B689A677B68DB6F46
:1047300043F001027B68DA67012307E07B681B68AE
:104740009A687B691340002BDCD100231846203780
:10475000BD4680BDFFDB0C0080B584B000AF786043
:104760007B681B681846FDF75FFF0346002B5AD194
:104770007B681B689A682E4B1340002B0DD07B681A
:104780009B6F43F010027B689A677B68DB6F43F096
:1047900001027B68DA67012346E07B681B6801221F
:1047A0001A607B681B681846FDF716FF7B681B6A5A
:1047B000002B04D07B681B681E4A934233D0FDF760
:1047C00079FBF86028E07B681B681846FDF72CFF32
:1047D0000346002B04D17B681B681846FDF7FCFEDE
:1047E000FDF768FB0246FB68D31A022B14D97B68DD
:1047F0001B681B6803F00103012B0DD07B689B6FC6
:1048000043F010027B689A677B68DB6F43F001021C
:104810007B68DA67012307E07B681B681B6803F08D
:104820000103012BCFD1002318461037BD4680BDB0
:104830003F0000800010024680B584B000AF786071
:104840007B681B681846FDF702FFF8607B681B68F1
:104850001846FDF7E9FE0346002B47D0FB68002B06
:1048600044D17B681B689B6803F00D03012B0CD1BE
:104870007B681B681846FDF7C3FE7B681B68032234
:104880001A60FDF717FBB86029E07B689B6F43F067
:1048900010027B689A677B68DB6F43F001027B68DC
:1048A000DA67012323E0FDF705FB0246BB68D31A54
:1048B000022B14D97B681B689B6803F00103002B53
:1048C0000DD07B689B6F43F010027B689A677B6812
:1048D000DB6F43F001027B68DA67012307E07B6846
:1048E0001B689B6803F00103002BDCD100231846F2
:1048F0001037BD4680BD80B584B000AF78607B685E
:10490000DB6DFB60FB689B6F03F05003002B4BD10A
:10491000FB689B6F43F40072FB689A67FB681B6837
:104920001B6803F00803002B21D0FB681B681846A6
:10493000FDF79EFC0346002B32D0FB681B68DB684A
:1049400003F40053002B2BD1FB689B6F23F4807280
:10495000FB689A67FB689B6F03F48053002B1FD1A1
:10496000FB689B6F43F00102FB689A6718E0FB68E5
:104970001B68DB6803F00303002B11D1FB689B6FFE
:1049800023F48072FB689A67FB689B6F03F4805383
:10499000002B05D1FB689B6F43F00102FB689A670F
:1049A000F868ECF725FC0EE0FB689B6F03F0100342
:1049B000002B03D0F868FEF713FF04E0FB681B6FC1
:1049C0009B6E7868984700BF1037BD4680BD80B5A4
:1049D00084B000AF78607B68DB6DFB60F868FEF741
:1049E000EBFE00BF1037BD4680BD80B584B000AF80
:1049F00078607B68DB6DFB60FB689B6F43F0400277
:104A0000FB689A67FB68DB6F43F00402FB68DA67B8
:104A1000F868FEF7E5FE00BF1037BD4680BD000018
:104A200080B483B000AF786039607B680F4A9342EE
:104A30000CD07B689A680E4B13403A6802F48032BF
:104A4000134343F000427B689A6009E07B689B68EF
:104A500023F0004323F03F0343F000427B689A6059
:104A600000BF0C37BD465DF8047B7047001002465E
:104A7000C0FFFE7F80B483B000AF78607B689B6826
:104A800003F00043B3F1004F01D1012300E0002304
:104A900018460C37BD465DF8047B704780B58AB078
:104AA00000AFF860B9607A6000233B61FB6893F85F
:104AB0007430012B01D1022338E1FB68012283F815
:104AC0007420F868FFF7B8FE034687F8273097F898
:104AD0002730002B40F01E81FB689B6F23F4885326
:104AE00023F0020343F00202FB689A67FB681B682D
:104AF000904A934250D1FB681B685B6C03F0010342
:104B0000BB61FB681B68DB6803F003037B61FB6828
:104B10001B68DA68FB681B6822F00302DA60FB6836
:104B20001B685A6CFB681B6822F001025A64FB6820
:104B30001B6800211846FFF773FF14E03B6901333F
:104B40003B613B697C4A93420DD9FB689B6F23F024
:104B5000120343F01002FB689A67FB68002283F897
:104B600074200123E2E0FB681B681846FFF782FF10
:104B70000346002BE2D1FB681B68D968FB681B6801
:104B80007A690A43DA60FB681B68596CFB681B682A
:104B9000BA690A435A64B4E0684B1B68C3F30B0359
:104BA0003B62664B1B681B0C9BB2FB613B6A40F28D
:104BB0005542934212D03B6A40F2764293420DD066
:104BC0003B6A40F28142934204D03B6A40F2824207
:104BD000934272D1FB69B3F5405F6ED3F868FFF77B
:104BE000BBFD034687F8273097F82730002B40F0AD
:104BF0008880FB681B689B6823F07062FB681B68F9
:104C000042F010629A60BFF35F8F00BFFB681B68C1
:104C1000D3F8C830D9B2FB681A68494B0B43C2F8C5
:104C2000C830BFF35F8F00BFFB681B68D3F8C42098
:104C3000FB681B6842F08072C3F8C420F868FFF775
:104C4000FBFD034687F82730BB68B3F1011F09D18C
:104C5000FB681B689A683B4B1340FA68126843F480
:104C600080339360FB681B689B6823F0004323F04C
:104C70003F03FA68126843F00043936014E03B6915
:104C800001333B613B692C4A93420DD9FB689B6F12
:104C900023F0120343F01002FB689A67FB680022BE
:104CA00083F87420012341E0FB681B681846FFF776
:104CB000E1FE0346002BE2D123E0FB681B68B968E4
:104CC0001846FFF7ADFE14E03B6901333B613B69D9
:104CD000194A93420DD9FB689B6F23F0120343F0EE
:104CE0001002FB689A67FB68002283F87420012396
:104CF0001CE0FB681B681846FFF7BCFE0346002B50
:104D0000E2D1FB689B6F23F0030343F00102FB68D1
:104D10009A6705E0FB689B6F43F01002FB689A6797
:104D2000FB68002283F8742097F82730184628374C
:104D3000BD4680BD001002467F6B2B02004004E0A0
:104D400000110203C0FFFE7F80B483B000AF786023
:104D500000BF0C37BD465DF8047B704780B483B05C
:104D600000AF786000BF0C37BD465DF8047B70472C
:104D700080B483B000AF786000BF0C37BD465DF8EB
:104D8000047B704780B483B000AF786000BF0C37FD
:104D9000BD465DF8047B704780B485B000AF786095
:104DA0007B6803F00703FB600C4BDB68BB60BA68F1
:104DB0004FF6FF031340BB60FB681A02BB68134346
:104DC00043F0BF6343F40033BB60044ABB68D36065
:104DD00000BF1437BD465DF8047B704700ED00E06E
:104DE00080B400AF044BDB681B0A03F007031846CE
:104DF000BD465DF8047B704700ED00E080B483B0F1
:104E000000AF0346FB7197F90730002B0BDBFB79F2
:104E100003F01F02074997F907305B09012000FAE8
:104E200002F241F8232000BF0C37BD465DF8047B39
:104E3000704700BF00E100E080B483B000AF0346DC
:104E4000FB7197F90730002B12DBFB7903F01F028F
:104E50000A4997F907305B09012000FA02F2203372
:104E600041F82320BFF34F8F00BFBFF36F8F00BF08
:104E700000BF0C37BD465DF8047B704700E100E0E1
:104E800080B483B000AF03463960FB7197F90730F7
:104E9000002B0ADB3B68DAB20C4997F907301201A4
:104EA000D2B20B4483F800230AE03B68DAB2084927
:104EB000FB7903F00F03043B1201D2B20B441A76C4
:104EC00000BF0C37BD465DF8047B704700E100E091
:104ED00000ED00E080B489B000AFF860B9607A609E
:104EE000FB6803F00703FB61FB69C3F10703042BB5
:104EF00028BF0423BB61FB690433062B02D9FB697D
:104F0000033B00E000237B614FF0FF32BB6902FAF4
:104F100003F3DA43BB681A407B699A404FF0FF31D4
:104F20007B6901FA03F3D9437B680B4013431846AE
:104F30002437BD465DF8047B7047000080B400AFA5
:104F4000BFF34F8F00BF064BDB6803F4E0620449F8
:104F5000044B1343CB60BFF34F8F00BF00BFFDE78F
:104F600000ED00E00400FA0580B582B000AF786083
:104F70007868FFF711FF00BF0837BD4680BD80B5D8
:104F800086B000AF0346B9607A60FB73FFF728FF75
:104F900078617A68B9687869FFF79CFF024697F9EB
:104FA0000F3011461846FFF76BFF00BF1837BD469C
:104FB00080BD80B582B000AF0346FB7197F9073022
:104FC0001846FFF71BFF00BF0837BD4680BD80B500
:104FD00082B000AF0346FB7197F907301846FFF720
:104FE0002BFF00BF0837BD4680BD80B500AFFFF77F
:104FF000A5FF000080B483B000AF78607B68013B00
:10500000B3F1807F01D301230DE00A4A7B68013BA5
:105010005360084B00229A60064B1B68054A43F018
:1050200003031360002318460C37BD465DF8047B6C
:10503000704700BF10E000E080B483B000AF78603C
:105040007B68042B44D801A252F823F06F5001086A
:105050008D500108AF500108D1500108615001087E
:105060001F4B1B681E4A43F00403136031E01C4BC6
:105070001B681B4A23F0040313601A4BD3F8E0307B
:10508000184A23F44003C2F8E03022E0144B1B68B6
:10509000134A23F004031360124BD3F8E03023F4D7
:1050A0004003104A43F48003C2F8E03011E00C4B97
:1050B0001B680B4A23F0040313600A4BD3F8E0305B
:1050C00023F44003074A43F40003C2F8E03000E051
:1050D00000BF00BF0C37BD465DF8047B704700BFC2
:1050E00010E000E0000C024680B483B000AF194B22
:1050F0001B6803F00403002B02D004237B6021E033
:10510000154BD3F8E03003F440033B603B68B3F544
:10511000000F11D03B68B3F5000F10D83B68002B8F
:1051200004D03B68B3F5800F03D008E000237B6018
:1051300008E001237B6005E002237B6002E000239E
:105140007B6000BF7B6818460C37BD465DF8047B6A
:10515000704700BF10E000E0000C024680B582B04E
:1051600000AF78607B68002B01D1012354E07B689D
:105170005B7FDBB2002B05D17B6800221A77786851
:10518000FAF720FE7B6802225A777B681B79002B96
:105190000CD17B681B68224A5A617B681B689A683D
:1051A0007B681B6822F018029A600CE07B689968A3
:1051B0007B68DB681A46786800F08EF90346002B9E
:1051C00001D0012328E07B685B79002B05D17B6847
:1051D0001B684FF0FF321A6104E07B681B687A6835
:1051E00012691A617B681B689B6823F060017B6809
:1051F0005A697B681B680A439A607B681B689B68D6
:1052000023F080017B689A697B681B680A439A6077
:105210007B6801225A77002318460837BD4680BDB7
:10522000B71DC10480B586B000AFF860B9607A6080
:1052300000233B61FB6802225A77FB681B6A032B41
:1052400006D0032B29D8012B19D0022B1ED024E025
:1052500000237B610AE07B699B00BA681A44FB6803
:105260001B6812681A607B6901337B617A697B680D
:105270009A42F0D3FB681B681B683B610EE07A68BA
:10528000B968F86800F05EF8386107E07A68B968D4
:10529000F86800F0E7F8386100E000BFFB68012221
:1052A0005A773B6918461837BD4680BD80B586B031
:1052B00000AFF860B9607A6000233B61FB680222AE
:1052C0005A77FB681B689A68FB681B6842F001020A
:1052D0009A60FB681B6A032B06D0032B29D8012B8D
:1052E00019D0022B1ED024E000237B610AE07B69E9
:1052F0009B00BA681A44FB681B6812681A607B69D5
:1053000001337B617A697B689A42F0D3FB681B6842
:105310001B683B610EE07A68B968F86800F012F823
:10532000386107E07A68B968F86800F09BF838617E
:1053300000E000BFFB6801225A773B691846183726
:10534000BD4680BD80B489B000AFF860B9607A60B6
:105350000023FB6123E0FB699B00BA6813441B78C0
:105360001A06FB699B000133B9680B441B781B04C8
:105370001A43FB699B000233B9680B441B781B027C
:105380001A43FB699B000333B9680B441B78194629
:10539000FB681B680A431A60FB690133FB617B6889
:1053A0009B08FA699A42D6D37B6803F00303002B6B
:1053B0004FD07B6803F00303012B07D1FB699B00EF
:1053C000BA681344FA6812681B7813707B6803F09C
:1053D0000303022B17D1FB699B00BA6813441B78A7
:1053E0001BB21B021AB2FB699B000133B9680B4464
:1053F0001B781BB213431BB27B83FB681B687B616A
:105400007B697A8B1A807B6803F00303032B20D11E
:10541000FB699B00BA6813441B781BB21B021AB2CB
:10542000FB699B000133B9680B441B781BB2134323
:105430001BB27B83FB681B687B617B697A8B1A805C
:10544000FB699B000233BA681344FA6812681B7840
:105450001370FB681B681B6818462437BD465DF84F
:10546000047B704780B487B000AFF860B9607A60A1
:1054700000237B6113E07B699B00BA6813441B889F
:105480001A047B699B000233B9680B441B881946D8
:10549000FB681B680A431A607B6901337B617B6888
:1054A0005B087A699A42E6D37B6803F00103002B1C
:1054B00009D0FB681B683B617B699B00BA68134499
:1054C0001A883B691A80FB681B681B6818461C37E2
:1054D000BD465DF8047B704780B487B000AFF860CC
:1054E000B9607A600023FB751F233B61BB6803F042
:1054F0000103002B02D10123FB7563E000BF3B6970
:105500005A1E3A61002B09D03B6903F01F03BA68A9
:1055100022FA03F303F00103002BF0D07B68182B71
:1055200046D801A252F823F0B7550108B155010839
:10553000B1550108B1550108B1550108B15501082F
:10554000B1550108B1550108A5550108B15501082B
:10555000B1550108B1550108B1550108B15501080F
:10556000B1550108B155010899550108B155010817
:10557000B1550108B1550108B1550108B1550108EF
:10558000B1550108B15501088D5501083B69062B3D
:1055900013D90123FB7510E03B69072B0FD90123B9
:1055A000FB750CE03B690F2B0BD90123FB7508E061
:1055B0000123FB7506E000BF04E000BF02E000BF6E
:1055C00000E000BFFB7D002B0DD1FB681B68BA68B3
:1055D0005A61FB681B689B6823F01801FB681B6815
:1055E0007A680A439A60FB7D18461C37BD465DF811
:1055F000047B704780B584B000AF7860FCF75AFC3C
:10560000F8607B68002B01D10123DBE07B681B681D
:105610006E4A934200F09F807B681B686C4A9342FD
:1056200000F099807B681B686A4A934200F093807F
:105630007B681B68684A934200F08D807B681B681A
:10564000664A934200F087807B681B68644A9342F5
:1056500000F081807B681B68624A93427BD07B6844
:105660001B68614A934276D07B681B685F4A93420D
:1056700071D07B681B685E4A93426CD07B681B6864
:105680005C4A934267D07B681B685B4A934262D056
:105690007B681B68594A93425DD07B681B68584AF7
:1056A000934258D07B681B68564A934253D07B681C
:1056B0001B68554A93424ED07B681B68534A9342FD
:1056C00049D07B681B68524A934244D07B681B6870
:1056D000504A93423FD07B681B684F4A93423AD06E
:1056E0007B681B684D4A934235D07B681B684C4AE7
:1056F000934230D07B681B684A4A93422BD07B6828
:105700001B68494A934226D07B681B68474A9342EC
:1057100021D07B681B68464A93421CD07B681B687B
:10572000444A934217D07B681B68434A934212D085
:105730007B681B68414A93420DD07B681B68404AD6
:10574000934208D07B681B683E4A934203D07B6833
:105750001B683D4A93427B68002283F84C207B689B
:10576000022283F854207B681B685A697B681B6897
:1057700042F006025A610FE0FCF79CFB0246FB6810
:10578000D31A052B08D97B6810229A657B680322FF
:1057900083F85420012315E07B681B685B6903F0E4
:1057A0000103002BE8D1786800F00CFC7B685A6B91
:1057B0007B681A657B6800229A657B68012283F802
:1057C0005420002318461037BD4680BD50000240CB
:1057D00050000250D0000240D00002505001024060
:1057E00050010250D0010240D0010250500202404C
:1057F00050020250D0020240D00202505003024038
:1058000050030250D0030240D00302505004024023
:1058100050040250D0040240D0040250500502400F
:1058200050050250D0050240D005025050060240FB
:1058300050060250D0060240D006025050070240E7
:1058400050070250D0070240D007025080B584B004
:1058500000AF7860FCF72EFBF8607B68002B01D16D
:105860000123B9E07B681B6823F47F6323F00F03F7
:10587000BB607B681B685A697B681B6842F0060244
:105880005A610FE0FCF716FB0246FB68D31A052BA2
:1058900008D97B6810229A657B68032283F854201C
:1058A000012399E07B681B685B6903F00103002B0F
:1058B000E8D17B681B6800221A607B681B680022A5
:1058C0005A617B681B6800221A647B681B6800228F
:1058D0005A647B681B6800229A647B681B680022FC
:1058E000DA647B681B6800221A657B681B680022EB
:1058F000DA677B681B683A4A934222D07B681B6850
:10590000384A93421DD07B681B68374A934218D0AF
:105910007B681B68354A934213D07B681B68344A06
:1059200093420ED07B681B68324A934209D07B6851
:105930001B68314A934204D07B681B682F4A93420C
:1059400001D1012300E00023002B07D07B681B68F6
:1059500000225A657B681B6800229A65BB685A68FA
:105960007B681B68C3F30B03503BDB0903F01F0389
:10597000012101FA03F3DB431A40BB685A607B68DC
:105980001B684FF4FE42DA607B6800221A667B686F
:1059900000225A667B6800229A667B680022DA66DB
:1059A0007B6800221A677B6800225A677B68DB6D80
:1059B000002B02D07B680022DA657B6800221A6522
:1059C0007B6800229A657B68002283F854207B68FC
:1059D000002283F84C20002318461037BD4680BDB6
:1059E0005006024050060250D0060240D006025037
:1059F0005007024050070250D0070240D007025023
:105A000080B584B000AFF860B9607A603B60FB6835
:105A1000002B01D101234FE0FB6893F84C30012BA0
:105A200001D1022348E0FB68012283F84C20FB6887
:105A300093F85430DBB2012B36D1FB68022283F895
:105A40005420FB6800229A653B687A68B968F86858
:105A500000F092FAFB681B685A69FB681B6842F405
:105A6000BA425A61FB685B6E002B07D0FB681B686B
:105A70005A69FB681B6842F400725A61FB681B6F2D
:105A8000002B07D0FB681B685A69FB681B6842F44F
:105A900000525A61FB681B685A69FB681B6842F038
:105AA00001025A61002307E0FB6840229A65FB6807
:105AB000002283F84C20012318461037BD4680BDD4
:105AC00080B584B000AF7860FCF7F4F9F8607B68CB
:105AD000002B01D101236BE07B6893F85430DBB2DB
:105AE000022B08D07B6820229A657B68002283F80D
:105AF0004C2001235CE07B681B685A697B681B684B
:105B000042F004025A617B68052283F8542020E0A9
:105B1000FCF7D0F90246FB68D31A052B19D97B682C
:105B20009B6D43F010027B689A657B68032283F8C3
:105B300054207B681B6D03F08003002B03D07B682F
:105B40005B6F01221A737B68002283F84C200123CB
:105B50002EE07B681B681B6903F40053002BD7D031
:105B60007B681B685A697B681B6842F002025A61B5
:105B70007B68042283F854207B681B684FF4FE4244
:105B8000DA607B68012283F854207B681B6D03F088
:105B90008003002B07D07B685B6F01221A737B6840
:105BA0001B6800229A647B68002283F84C20002343
:105BB00018461037BD4680BD80B483B000AF786012
:105BC0007B68002B01D1012319E07B6893F85430E6
:105BD000DBB2022B04D07B6820229A6501230EE001
:105BE0007B68042283F854207B681B685B697A68B1
:105BF000126843F4005343F0040353610023184632
:105C00000C37BD465DF8047B704780B586B000AFA9
:105C100078607B681B6823F47F6323F00F037B614C
:105C20007B681B68C3F30B03503BDB0903F01F03C6
:105C3000012202FA03F33B617B69DB683A69134096
:105C4000FB60FB68002B00F03B817B681B681B69D5
:105C500003F48063002B11D07B681B685B6903F43D
:105C60008063002B0AD07B681B684FF48062DA6087
:105C70007B689B6D43F001027B689A657B681B68BB
:105C80001B6903F40063002B11D07B681B685B6900
:105C900003F40063002B0AD07B681B684FF400629A
:105CA000DA607B689B6D43F002027B689A657B68D3
:105CB0001B681B6903F48053002B11D07B681B68A1
:105CC0005B6903F48053002B0AD07B681B684FF498
:105CD0008052DA607B689B6D43F004027B689A65B2
:105CE0007B681B681B6903F48043002B11D07B6821
:105CF0001B685B6903F48043002B0AD07B681B6838
:105D00004FF48042DA607B689B6D43F008027B6849
:105D10009A657B681B681B6903F40073002B13D022
:105D20007B681B685B6903F40073002B0CD07B68F5
:105D30001B684FF40072DA607B685B6E002B03D047
:105D40007B685B6E786898477B681B681B6903F407
:105D50000053002B4CD07B681B685B6903F4005335
:105D6000002B45D07B681B684FF40052DA607B68DB
:105D700093F85430DBB2042B2ED17B681B685A6930
:105D80007B681B6822F400525A617B681B685A6961
:105D90007B681B6842F002025A617B68012283F82B
:105DA00054207B681B6D03F08003002B07D07B68B9
:105DB0005B6F01221A737B681B6800229A647B6800
:105DC000002283F84C207B68DB6E002B7AD07B6846
:105DD000DB6E7868984775E07B68052283F854206D
:105DE0007B681B6F002B03D07B681B6F786898471C
:105DF0007B681B681B6903F48073002B39D07B68B8
:105E00001B685B6903F48073002B32D07B681B6DC9
:105E100003F08003002B12D07B681B68DB6F002B24
:105E200016D17B681B689B6C002B11D17B6801220B
:105E300083F854207B685B6F01221A7308E07B684B
:105E40001B689B6C002B03D17B68012283F85420D4
:105E50007B681B684FF44072DA607B68002283F82D
:105E60004C207B681B6E002B03D07B681B6E786810
:105E700098477B689B6D002B25D07B681B685A690F
:105E80007B681B6842F002025A617B68012283F83A
:105E900054207B681B6D03F08003002B03D07B68CC
:105EA0005B6F01221A737B68002283F84C207B68A9
:105EB0009B6E002B07D07B689B6E7868984702E04A
:105EC00000BF00E000BF1837BD4680BD80B483B07E
:105ED00000AF78607B6893F85430DBB218460C371B
:105EE000BD465DF8047B704780B483B000AF786036
:105EF0007B689B6D18460C37BD465DF8047B704788
:105F000080B485B000AF786039607B68002B01D128
:105F100001232BE07B681B6823F47F6323F00F03CE
:105F2000FB607B681B68C3F30B03503BDB0903F08A
:105F30001F03012202FA03F3BB603B6803F0100366
:105F4000002B12D03B6803F01103112B06D1FB6824
:105F50005A68BB681A43FB685A6006E0FB685A68D7
:105F6000BB68DB431A40FB685A60002318461437AD
:105F7000BD465DF8047B704780B485B000AFF86023
:105F8000B9607A603B60FB681B689B6C1B0C1B0450
:105F90003A6891B2FA6812680B439364FB681B6815
:105FA0004FF4FE42DA60FB681B68BA68DA64FB688B
:105FB0001B687A681A6500BF1437BD465DF8047B1C
:105FC0007047000080B485B000AF78607B681B6AC2
:105FD000FB607B681B685B6923F443017B681B687B
:105FE000FA680A435A617B685A697B68DB691A431D
:105FF0007B681B691A437B689B691343FB607B6862
:106000001B68534A934200F0A0807B681B68514A8A
:10601000934200F09A807B681B684F4A934200F0DD
:1060200094807B681B684D4A934200F08E807B68A9
:106030001B684B4A934200F088807B681B68494A82
:10604000934200F082807B681B68474A93427CD071
:106050007B681B68454A934277D07B681B68444A3B
:10606000934272D07B681B68424A93426DD07B6832
:106070001B68414A934268D07B681B683F4A934241
:1060800063D07B681B683E4A93425ED07B681B6886
:106090003C4A934259D07B681B683B4A934254D098
:1060A0007B681B68394A93424FD07B681B68384A2B
:1060B00093424AD07B681B68364A934245D07B683E
:1060C0001B68354A934240D07B681B68334A934231
:1060D0003BD07B681B68324A934236D07B681B6892
:1060E000304A934231D07B681B682F4A93422CD0B0
:1060F0007B681B682D4A934227D07B681B682C4A1B
:10610000934222D07B681B682A4A93421DD07B6849
:106110001B68294A934218D07B681B68274A934220
:1061200013D07B681B68264A93420ED07B681B689D
:10613000244A934209D07B681B68234A934204D0C7
:106140007B681B68214A934242D1012341E000BF92
:106150005000024050000250D0000240D0000250D7
:106160005001024050010250D0010240D0010250C3
:106170005002024050020250D0020240D0020250AF
:106180005003024050030250D0030240D00302509B
:106190005004024050040250D0040240D004025087
:1061A0005005024050050250D0050240D005025073
:1061B0005006024050060250D0060240D00602505F
:1061C0005007024050070250D0070240D00702504B
:1061D0000023002B12D07B68DA6A7B689B6A013B44
:1061E0001B0503F07C731A437B685B6A013B1B0150
:1061F00003F47C731343FA681343FB607B681B68EA
:106200001B6C03F080217B681B68FA680A431A64E0
:106210007B689A687B685B6803F07F031A437B683E
:106220001B6B1343FB607B68DB68B3F5806F40F04A
:10623000B0807B681B68824A934200F0A0807B6834
:106240001B68804A934200F09A807B681B687E4AF4
:10625000934200F094807B681B687C4A934200F074
:106260008E807B681B687A4A934200F088807B6846
:106270001B68784A934200F082807B681B68764AEC
:1062800093427CD07B681B68744A934277D07B68CA
:106290001B68734A934272D07B681B68714A9342B1
:1062A0006DD07B681B68704A934268D07B681B681E
:1062B0006E4A934263D07B681B686D4A93425ED0FE
:1062C0007B681B686B4A934259D07B681B686A4A9B
:1062D000934254D07B681B68684A93424FD07B68D6
:1062E0001B68674A93424AD07B681B68654A9342A1
:1062F00045D07B681B68644A934240D07B681B682A
:10630000624A93423BD07B681B68614A934236D015
:106310007B681B685F4A934231D07B681B685E4A8A
:1063200093422CD07B681B685C4A934227D07B68E1
:106330001B685B4A934222D07B681B68594A934290
:106340001DD07B681B68584A934218D07B681B6835
:10635000564A934213D07B681B68554A93420ED02D
:106360007B681B68534A934209D07B681B68524A7A
:10637000934204D07B681B68504A934201D10123A9
:1063800000E00023002B0DD0FB6843F48063FB602A
:1063900008E07B68DB68B3F5007F03D1FB6843F45A
:1063A0000073FB607B681B685A6C454B13407A682E
:1063B0001268F9680B4353647B681B6800229A6477
:1063C0007B681B68364A934222D07B681B68354A3B
:1063D00093421DD07B681B68334A934218D07B6878
:1063E0001B68324A934213D07B681B68304A934241
:1063F0000ED07B681B682F4A934209D07B681B68CC
:106400002D4A934204D07B681B682C4A934201D1E9
:10641000012300E00023002B07D07B681B680022CB
:106420005A657B681B6800229A657B681B6800229E
:10643000DA6700BF1437BD465DF8047B704700BFC4
:106440005000024050000250D0000240D0000250E4
:106450005001024050010250D0010240D0010250D0
:106460005002024050020250D0020240D0020250BC
:106470005003024050030250D0030240D0030250A8
:106480005004024050040250D0040240D004025094
:106490005005024050050250D0050240D005025080
:1064A0005006024050060250D0060240D00602506C
:1064B0005007024050070250D0070240D007025058
:1064C0008031C03C80B586B000AF78607B68002B1F
:1064D00003D07B685B6F002B01D1012382E07B68D6
:1064E00093F85430FB757B681B685B6903F4803359
:1064F0003B61FB7D012B05D0FB7D022B6AD13B6903
:10650000002B67D07B6893F85430DBB2012B57D156
:106510007B6893F84C30012B01D1022362E07B6849
:10652000012283F84C207B68022283F854207B6888
:106530005B6F02221A737B6800229A657B685B6F2F
:1065400000221A617B681B685A697B681B6842F4E9
:10655000BA425A617B685B6E002B07D07B681B6870
:106560005A697B681B6842F400725A617B681B6F32
:10657000002B07D07B681B685A697B681B6842F454
:1065800000525A617B685B6F1B6807F10C010022A7
:10659000184600F05BF97B685B6F1B6819467B68E7
:1065A0001A680B0C1B0413607B685B6F1B681A4630
:1065B0004FF6FC731340F9687A6812680B43D3678F
:1065C0007B681B685A697B681B6842F001025A614C
:1065D000002307E07B6840229A657B68002283F8ED
:1065E0004C20012318461837BD4680BD80B582B0C7
:1065F00000AF786039607B68002B02D03B68002BCD
:1066000001D1012304E03968786800F015F800230F
:1066100018460837BD4680BD80B483B000AF7860AF
:106620007B681B681B691B0CDBB218460C37BD4628
:106630005DF8047B7047000080B485B000AF7860DF
:1066400039603B681B6ADAB27B681A603B681B687A
:1066500003F008027B681A613B681B6803F40022A0
:106660007B685A613B681B6803F003027B689A6190
:106670003B681B6803F440327B68DA613B681B6847
:106680001B0903F03F035A1C7B685A623B681B6876
:106690001B0D03F03F035A1C7B689A623B681B6822
:1066A00003F040227B68DA623B681A68664B13404D
:1066B0007A6893633B681B6803F4C0527B68DA63B3
:1066C0003B685B6803F40073002B08D07B684FF4D1
:1066D00000725A607B684FF40072DA6013E03B6826
:1066E0005B6803F07F027B685A603B685B6803F479
:1066F0008063002B04D07B684FF48062DA6002E094
:106700007B680022DA603B685B6803F400627B68A8
:106710009A603B685B6803F440427B681A643B689C
:106720005B6803F040727B685A643B685B681B0CD3
:1067300003F03F027B689A643B685B6803F0404269
:106740007B681A633B689B689AB27B689A667B6831
:106750001B6803F00203002B08D03B689B681B0CEE
:10676000C3F30A035A1C7B68DA6402E07B680122E7
:10677000DA643B68DA687B681A663B681A697B688A
:106780005A667B681B6803F00203002B4AD03B6803
:106790005B699BB2C3F30C03FB81FA897B681A65C2
:1067A0003B685B691B0C9BB2C3F30C03FB81FA894A
:1067B0007B685A653B689B6803F08053002B04D0CC
:1067C0007B681B6D5A427B681A653B689B6803F0C7
:1067D0000053002B04D07B685B6D5A427B685A657E
:1067E0003B689B69FB81FA897B689A653B689B697A
:1067F0001B0CFB81FA897B68DA653B689B6803F0B8
:106800008043002B04D07B689B6D5A427B689A655D
:106810003B689B68002B11DA7B68DB6D5A427B6812
:10682000DA650BE07B6800221A657B6800225A65F6
:106830007B6800229A657B680022DA6500BF143706
:10684000BD465DF8047B70470020000C80B485B025
:1068500000AFF860B9607A60FB681B6A03F002035E
:10686000002B0CD0BB68002B02D0BB680D4A1A600D
:106870007B68002B0FD07B6807221A600BE0BB6897
:10688000002B02D0BB68084A1A607B68002B02D03C
:106890007B6805221A6000BF1437BD465DF8047B93
:1068A000704700BF000001FE000001F880B586B00F
:1068B00000AFF860B9607A601F4B1B78012B01D1E3
:1068C000022334E01C4B01221A701B4B00225A6039
:1068D0004FF47A7000F0A2F80346FB75FB7D002BA5
:1068E00021D1154AFB689360144B3B61FB6823F090
:1068F0000043012B04D17968B86800F0D5F803E0B3
:106900007968B86800F00CF94FF47A7000F086F8F6
:106910000346FB753B691A68FB6823F00043DB43C1
:106920001A403B691A60044B00221A70FB7D18461E
:106930001837BD4680BD00BF5C1A002028200240E9
:1069400080B483B000AF0023FB710B4B9B6A002B1C
:106950000BDA094B094A9A60074B094A9A60064BC1
:106960009B6A002B01DA0123FB71FB7918460C3777
:10697000BD465DF8047B7047002002402301674557
:10698000AB89EFCD80B483B000AF0123FB71094B1D
:106990009B6A084A43F000439362064B9B6A002BB4
:1069A00001DA0023FB71FB7918460C37BD465DF810
:1069B000047B70470020024080B400AF0C4B9B6A00
:1069C00003F08043002B0DD0094B0A4A1A61084B93
:1069D000094A1A61064B9B6A03F08043002B01D0E1
:1069E000012300E000231846BD465DF8047B704794
:1069F000002002403B2A19087F6E5D4C80B400AF36
:106A0000054B9B6A044A43F00063936201231846D6
:106A1000BD465DF8047B70470020024080B586B01B
:106A200000AF7860FBF746FA02467B6813447B614F
:106A30001B4B3B610BE07B68B3F1FF3F07D0FBF7DB
:106A400039FA02467B69934201D8032323E03B696C
:106A50001B6803F44033002BEDD13B691A6842F206
:106A6000FA031340FB60FB68002B0AD00D4B5A68F9
:106A7000FB6813430B4A53603B69FA681A600123B1
:106A800009E03B691B6803F00103002B02D03B695E
:106A900001221A60002318461837BD4680BD00BF8A
:106AA000202002405C1A002080B48BB000AF7860D8
:106AB0003960042387F827307B683B623B68FB61C1
:106AC000164BBB61BB691B6843F00102BB691A60CE
:106AD000EFF310833B613B697B6172B600BFFB69DA
:106AE0001A683B6A1A603B6A04333B62FB690433F1
:106AF000FB6197F82730013B87F8273097F827305C
:106B0000002BECD17B69FB60FB6883F3108800BF2E
:106B100000BF2C37BD465DF8047B7047282002403B
:106B200080B48BB000AF78603960202387F82730BD
:106B30007B683B623B68FB61174BBB61BB691B68B1
:106B400043F4804343F00103BA691360EFF3108309
:106B50003B613B697B6172B600BFFB691A683B6AA7
:106B60001A603B6A04333B62FB690433FB6197F8AC
:106B70002730013B87F8273097F82730002BECD1DE
:106B80007B69FB60FB6883F3108800BF00BF2C3774
:106B9000BD465DF8047B70472820024080B586B072
:106BA00000AF78603960334B1B78012B01D1022391
:106BB0005CE0304B01221A702E4B00225A604FF4D9
:106BC0007A70FFF72BFF0346FB75FB7D002B49D145
:106BD0007B681B68274A9360274BFB607B681B68B8
:106BE00023F0004348F2040293420BD17B685B68B8
:106BF000184600F009F94FF47A70FFF70FFF0346CB
:106C0000FB7525E03B684FF0FF321A607B689B689C
:106C10003B6115E07B685B681946386900F01AF93A
:106C20004FF47A70FFF7FAFE0346FB75FB7D002BED
:106C300003D03B683A691A600AE03B6901333B6163
:106C40007B689A687B68DB6813443A699A42E1D3AF
:106C5000FB681A687B681B6823F00043DB431A401B
:106C6000FB681A60034B00221A70FB7D1846183728
:106C7000BD4680BD5C1A00202820024080B584B04B
:106C800000AF7860374B1B78012B01D1022364E001
:106C9000344B01221A70334B00225A604FF47A7041
:106CA000FFF7BCFE0346FB73FB7B002B51D17B68D7
:106CB0001B6803F00103002B09D07B6858687B68D0
:106CC00099687B68DA687B681B7C00F0F3F87B6866
:106CD0001B6803F00203002B04D07B685B69184635
:106CE00000F02EF97B681B6803F04003002B08D0EE
:106CF0007B68986A7B68D96A7B681B6B1A4600F0D0
:106D000033F97B681B6803F00403002B07D07B6812
:106D10009A697B68DB691946104600F043F97B6885
:106D20001B6803F00803002B07D07B681A6A7B6896
:106D30005B6A1946104600F08BFA0B4B9B6A0A4AB5
:106D400043F4003393624FF47A70FFF767FE034613
:106D5000FB73044B00221A70FB7B18461037BD46AC
:106D600080BD00BF5C1A00200020024080B582B0C8
:106D700000AF78607B6806221A607B685B68012B35
:106D80000BD07B685B68022B07D07B685B68042BA9
:106D900003D07B685B68082B11D17B681B6843F0CC
:106DA00001027B681A607B6858687B6803F1080100
:106DB0007B6803F10C027B68103300F063FA00F08B
:106DC000D3FA02467B685A6100F0EAFA02467B6811
:106DD000DA617B681B6A012B03D07B681B6A022B7C
:106DE0000DD17B681B6843F008027B681A607B68E2
:106DF0001A6A7B6824331946104600F0E5FA00BF92
:106E00000837BD4680BD000080B485B000AF786013
:106E10000F4BFB607B6803F00103002B07D0FB687E
:106E20001B6843F4803343F00403FA6813607B6803
:106E300003F00203002B05D0FB681B6843F4C0324B
:106E4000FB681A6000BF1437BD465DF8047B7047CD
:106E50002820024080B485B000AF78603960144BC0
:106E6000FB603B6803F00103002B06D0FB681B6846
:106E700023F40062FB681A6005E0FB681B6843F4BA
:106E80000062FB681A60FB681B6823F4813323F4FB
:106E9000FD737A68D200134343F4803343F0020356
:106EA000FA68136000BF1437BD465DF8047B704775
:106EB0002820024080B485B000AFF860B9607A60E5
:106EC000FB70FB68012B0AD1FB78DB43DA077B6898
:106ED0001B041A431949BB6813438B6528E0FB6800
:106EE000022B0AD1FB78DB43DA077B681B041A43C9
:106EF0001249BB681343CB651AE0FB68042B0AD127
:106F0000FB78DB43DA077B681B041A430B49BB6839
:106F100013438B660CE0FB68082B09D1FB78DB433D
:106F2000DA077B681B041A430449BB681343CB662A
:106F300000BF1437BD465DF8047B70470020024057
:106F400080B483B000AF7860064B1B6C23F0FF0267
:106F500004497B6813430B6400BF0C37BD465DF8E2
:106F6000047B70470020024080B485B000AFF86019
:106F7000B9607A60FB68012B06D1094ABB681367C8
:106F8000074A7B68536705E0054ABB689367044A74
:106F90007B68D36700BF1437BD465DF8047B70473C
:106FA0000020024080B485B000AF786039600023D3
:106FB000FB600023BB607B6803F00103002B09D05A
:106FC0003B6803F4E063FA681343FB60BB6843F477
:106FD000E063BB607B6803F00203002B09D03B68D1
:106FE00003F48053FA681343FB60BB6843F4805397
:106FF000BB607B6803F00403002B09D03B6803F4FB
:107000000053FA681343FB60BB6843F40053BB6052
:107010007B6803F00803002B09D03B6803F480432E
:10702000FA681343FB60BB6843F48043BB607B6832
:1070300003F01003002B09D03B6803F40043FA6807
:107040001343FB60BB6843F40043BB607B6803F001
:107050002003002B09D03B6803F48033FA68134304
:10706000FB60BB6843F48033BB607B6803F0400384
:10707000002B09D03B6803F40033FA681343FB602C
:10708000BB6843F40033BB607B6803F08003002BD4
:1070900009D03B6803F48023FA681343FB60BB68A4
:1070A00043F48023BB607B6803F48073002B09D01A
:1070B0003B6803F40023FA681343FB60BB6843F4A6
:1070C0000023BB607B6803F40073002B09D03B688E
:1070D00003F48013FA681343FB60BB6843F4801326
:1070E000BB607B6803F48063002B09D03B6803F42A
:1070F0000013FA681343FB60BB6843F40013BB60E2
:107100007B6803F40063002B09D03B6803F4800321
:10711000FA681343FB60BB6843F48003BB607B6881
:1071200003F48053002B09D03B6803F40003FA6892
:107130001343FB60BB6843F40003BB607B6803F44C
:107140000053002B09D03B6803F08073FA681343A7
:10715000FB60BB6843F08073BB607B6803F48043D3
:10716000002B09D03B6803F00073FA681343FB60FF
:10717000BB6843F00073BB607B6803F40043002BE3
:1071800009D03B6803F08063FA681343FB60BB6877
:1071900043F08063BB607B6803F48033002B09D02D
:1071A0003B6803F00063FA681343FB60BB6843F07D
:1071B0000063BB607B6803F40033002B09D03B689D
:1071C00003F08053FA681343FB60BB6843F08053BD
:1071D000BB607B6803F48023002B09D03B6803F07D
:1071E0000053FA681343FB60BB6843F00053BB6075
:1071F0007B6803F40023002B09D03B6803F0804335
:10720000FA681343FB60BB6843F08043BB607B6854
:1072100003F48013002B09D03B6803F00043FA68A5
:107220001343FB60BB6843F00043BB60074B1A6C21
:10723000BB68DB431A400549FB6813430B6400BF7E
:107240001437BD465DF8047B704700BF0020024044
:1072500080B483B000AF786039607B68012B03D1C4
:10726000074A3B68536405E07B68022B02D1044A5D
:107270003B68936400BF0C37BD465DF8047B7047E4
:107280000020024080B485B000AFF860B9607A6039
:107290003B60FB68012B15D1324B9B6D03F07F02E5
:1072A000BB681A602F4B9B6D1B0C03F07F027B6841
:1072B0001A602C4B9B6DDB43DB0FDBB21A463B683D
:1072C0001A7049E0FB68022B15D1264BDB6D03F0E9
:1072D0007F02BB681A60234BDB6D1B0C03F07F023F
:1072E0007B681A601F4BDB6DDB43DB0FDBB21A469A
:1072F0003B681A7030E0FB68042B15D1194B9B6E6C
:1073000003F07F02BB681A60164B9B6E1B0C03F0E8
:107310007F027B681A60134B9B6EDB43DB0FDBB293
:107320001A463B681A7017E0FB68082B14D10D4B06
:10733000DB6E03F07F02BB681A600A4BDB6E1B0C2E
:1073400003F07F027B681A60064BDB6EDB43DB0FCA
:10735000DBB21A463B681A7000BF1437BD465DF8B1
:10736000047B70470020024080B483B000AF0B4B19
:107370001B6CDBB27B607B68AA2B07D07B68552B2C
:1073800004D07B68CC2B01D0BB2300E07B6818467F
:107390000C37BD465DF8047B704700BF00200240FB
:1073A00080B483B000AF074B1B6C7B607B6823F01D
:1073B000FF037B607B6818460C37BD465DF8047B95
:1073C000704700BF0020024080B483B000AF7860F7
:1073D00039607B68012B06D10A4B5B6C23F07F027E
:1073E0003B681A6008E07B68022B05D1054B9B6C5B
:1073F00023F07F023B681A6000BF0C37BD465DF882
:10740000047B70470020024080B489B000AF7860F0
:10741000396000237B617B683B61BAE13B681A6895
:1074200001217B6901FA03F31340FB607B69BB61B7
:10743000FB68002B00F0AA817B68554A93425DD11E
:107440007B681B68FB6101227B6902FA03F3DB4363
:10745000FA691340FB613B685B6803F001027B69DA
:1074600002FA03F3FA691343FB617B68FA691A6055
:10747000484A7B6952F833303B61464A7B69DB00FE
:1074800013445B68BB61BB69DA083B69083253F897
:107490002230FB61BB6903F007039B000F2202FA55
:1074A00003F3DB43FA691340FB61BB6903F0070395
:1074B0009B000B2202FA03F3FA691343FB61BB69D9
:1074C000DA083B690832F96943F822103B691B6806
:1074D000FB61BB695B00032202FA03F3DB43FA6939
:1074E0001340FB61BB695B00022202FA03F3FA69F5
:1074F0001343FB613B69FA691A6067E03B685B68AC
:10750000022B03D03B685B68122B45D17B69DA08FC
:107510007B68083253F82230FB617B6903F0070374
:107520009B000F2202FA03F3DB43FA691340FB616D
:107530003B681B6903F00F027B6903F007039B00A4
:1075400002FA03F3FA691343FB617B69DA087B688B
:107550000832F96943F822103B691B68FB61BB697B
:107560005B00032202FA03F3DB43FA691340FB6179
:107570003B685B6803F00302BB695B0002FA03F33C
:10758000FA691343FB613B69FA691A601EE000BFA8
:1075900000000246F0C502083B691B68FB61BB693D
:1075A0005B00032202FA03F3DB43FA691340FB6139
:1075B0003B685B6803F00302BB695B0002FA03F3FC
:1075C000FA691343FB613B69FA691A603B685B68BF
:1075D000012B0BD03B685B68022B07D03B685B68D4
:1075E000112B03D03B685B68122B30D13B699B6841
:1075F000FB61BB695B00032202FA03F3DB43FA6918
:107600001340FB613B68DA68BB695B0002FA03F375
:10761000FA691343FB613B69FA699A603B695B68ED
:10762000FB610122BB6902FA03F3DB43FA691340F1
:10763000FB613B685B681B0903F00102BB6902FA4E
:1076400003F3FA691343FB613B69FA695A603B68CB
:107650005B68032B17D03B69DB68FB61BB695B0090
:10766000032202FA03F3DB43FA691340FB613B6830
:107670009A68BB695B0002FA03F3FA691343FB6182
:107680003B69FA69DA603B685B6803F08053002B62
:107690007CD0474A7B699B08183352F82330FB6142
:1076A0007B6903F00303DB000F2202FA03F3DB43E1
:1076B000FA691340FB617B689A0A3E4B13407A6972
:1076C00002F00302D2009340FA691343FB61384988
:1076D0007B699B081833FA6941F82320344B1B68F7
:1076E000FB61FB68DB43FA691340FB613B685B6845
:1076F00003F48013002B03D0FA69FB681343FB618A
:107700002B4AFB6913602A4B5B68FB61FB68DB4318
:10771000FA691340FB613B685B6803F40013002BBC
:1077200003D0FA69FB681343FB61214AFB6953608C
:107730001F4BD3F88430FB61FB68DB43FA691340CD
:10774000FB613B685B6803F40033002B03D0FA69EC
:10775000FB681343FB61164AFB69C2F88430144B83
:10776000D3F88030FB61FB68DB43FA691340FB61AF
:107770003B685B6803F48033002B03D0FA69FB6835
:107780001343FB610A4AFB69C2F880307B6901330D
:107790007B613B681A687B6922FA03F3002B7FF454
:1077A0003DAE00BF00BF2437BD465DF8047B704787
:1077B000002002467F7F2F0080B489B000AF786040
:1077C00039600023BB617B687B61BCE00122BB693F
:1077D00002FA03F33A6813403B61BB69FB613B6902
:1077E000002B00F0AD807B685E4A934215D15E4A63
:1077F000FB6952F833307B615B4ABB69DB001344A1
:107800005B68FB61574B1A680121FB6901FA03F3BE
:10781000DB43544913400B6053E0544ABB699B0857
:10782000183352F82330FB60BB6903F00303DB001D
:107830000F2202FA03F3FA681340FB607B689A0A8E
:107840004B4B1340BA6902F00302D2009340FA682E
:107850009A4236D1454BD3F880203B69DB434349FC
:107860001340C1F88030414BD3F884203B69DB439F
:107870003E491340C1F884303C4B1A683B69DB43F6
:107880003A4913400B60394B5A683B69DB4337492F
:1078900013404B60BB6903F00303DB000F2202FAC5
:1078A00003F3FB60314ABB699B08183352F823107D
:1078B000FB68DA432D48BB699B080A40183340F83F
:1078C00023207B691A68FB695B00032101FA03F33B
:1078D0001A437B691A60FB69DA087B69083253F83E
:1078E0002210FB6903F007039B000F2202FA03F347
:1078F000DB43FA69D20819407B69083243F8221049
:107900007B699A68FB695B00032101FA03F3DB439F
:107910001A407B699A607B695A680121FB6901FA08
:1079200003F3DB431A407B695A607B69DA68FB69C1
:107930005B00032101FA03F3DB431A407B69DA6041
:10794000BB690133BB613A68BB6922FA03F3002BC0
:107950007FF43CAF00BF00BF2437BD465DF8047B19
:10796000704700BF00000246F0C502080020024632
:107970007F7F2F0080B485B000AF78600B467B809E
:107980007B681A697B881340002B02D00123FB73AC
:1079900001E00023FB73FB7B18461437BD465DF8FE
:1079A000047B704780B483B000AF78600B467B8067
:1079B00013467B707B78002B03D07A887B689A61B2
:1079C00002E07A887B689A6200BF0C37BD465DF89A
:1079D000047B704780B582B000AF0346FB800F4B3D
:1079E000DA68FB881340002B06D00C4AFB88D36072
:1079F000FB881846E9F756FE084B1A69FB881340C6
:107A0000002B06D0054AFB881361FB881846E9F76E
:107A10005FFE00BF0837BD4680BD00BF00200246A4
:107A200080B582B000AF78607B68002B01D1012364
:107A300043E07B6893F83530DBB2002B06D17B68DE
:107A4000002283F834207868F8F782FC7B680222F1
:107A500083F835207B6800221A627B680022DA6195
:107A60007B6800225A627B6800229A637B6800224E
:107A700083F837207B68012283F82D207B68002261
:107A800083F836200F4B1B6823F030027B681B689D
:107A90000C4913430B600B4B1B680A4A23F4005339
:107AA00013607B68002283F82C207B68012283F816
:107AB00035207B680022DA63002318460837BD466C
:107AC00080BD00BF00040C4280B483B000AF78607A
:107AD00000BF0C37BD465DF8047B704780B483B0AF
:107AE00000AF786000BF0C37BD465DF8047B70477F
:107AF00080B483B000AF786000BF0C37BD465DF83E
:107B0000047B704780B582B000AF7860786800F081
:107B1000ABFA03461A467B6883F82C207B6893F8FF
:107B20002C30002B0CD07B68DB6B43F001027B68B0
:107B3000DA637868FFF7DCFF7B68002283F82C208B
:107B400000BF0837BD4680BD80B483B000AF786009
:107B50007B6893F83530DBB218460C37BD465DF8CC
:107B6000047B704780B588B000AFF860B9607A6078
:107B7000BB687B610023FB616AE07B69634A1B6829
:107B800053607B6904337B61FB6893F83630012BCB
:107B90005BD1FB6901339B007A689A4255D9FB6936
:107BA0009B003F2B0BD94FF47A7301220821F86810
:107BB00000F0D4F90346002B01D00323A2E0534B7D
:107BC0005B6A03F00103012B3FD1FB68002283F8BD
:107BD0003620FB6893F82D30022B04D0FB6893F815
:107BE0002D30042B0BD17B691A46FB68DA60FB69E8
:107BF00001339B007A68D21AFB681A621FE0FB68A7
:107C000093F82D30032B04D0FB6893F82D30052B0F
:107C10000BD17B691A46FB685A61FB6901339B00F3
:107C20007A68D21AFB689A6209E0FB68012283F83D
:107C30003520FB68002283F83420012362E0FB68D2
:107C4000082283F8352000235CE0FB690133FB61E7
:107C50007B689B08FA699A428FD37B6803F0030321
:107C6000002B4ED0FB681B68102B12D17B6803F0F1
:107C70000303022B03D87B691A88244B5A607B6864
:107C800003F00303032B3CD17B69204A1B6853603C
:107C900037E0FB681B68202B03D0FB681B68302B88
:107CA0002BD17B6803F00303012B03D17B691A7886
:107CB000164B5A607B6803F00303022B03D17B69E8
:107CC0001A88124B5A607B6803F00303032B18D108
:107CD0007B691B78FB767B6901331B78BB767B69FC
:107CE00002331B787B76FA7EBB7E1B021A437B7EB7
:107CF0001B04064913434B6003E07B69034A1B687E
:107D00005360002318462037BD4680BD00040C4256
:107D100080B49DB000AF78600B46FB707B68FB665B
:107D2000FB78103B102B00F20D8101A252F823F0DA
:107D3000757D0108457F0108457F0108457F0108E1
:107D4000C17D0108457F0108457F0108457F010885
:107D5000457F0108457F0108457F0108457F0108EF
:107D6000217E0108457F0108457F0108457F010804
:107D7000A97E0108774BDA68FB6EFA65FA6D12BAD4
:107D80001A60FB6E0433FB66724B1A69FB6E3A662F
:107D90003A6E12BA1A60FB6E0433FB666D4B5A6979
:107DA000FB6E7A667A6E12BA1A60FB6E0433FB665B
:107DB000684B9A69FB6EBA66BA6E12BA1A60C2E074
:107DC000644BDA68FB6EBA64BA6C12BA1A60FB6E66
:107DD0000433FB665F4B1A69FB6EFA64FA6C12BAE5
:107DE0001A60FB6E0433FB665A4B5A69FB6E3A65A8
:107DF0003A6D12BA1A60FB6E0433FB66554B9A69F2
:107E0000FB6E7A657A6D12BA1A60FB6E0433FB66FC
:107E1000504BDA69FB6EBA65BA6D12BA1A6092E01D
:107E20004C4BDA68FB6EFA62FA6A12BA1A60FB6EA1
:107E30000433FB66474B1A69FB6E3A633A6B12BA1E
:107E40001A60FB6E0433FB66424B5A69FB6E7A6321
:107E50007A6B12BA1A60FB6E0433FB663D4B9A696B
:107E6000FB6EBA63BA6B12BA1A60FB6E0433FB6620
:107E7000384BDA69FB6EFA63FA6B12BA1A60FB6E62
:107E80000433FB66344B5A69FB6E3A643A6C12BA9F
:107E90001A60FB6E0433FB662F4B9A69FB6E7A64A3
:107EA0007A6C12BA1A604EE02A4BDA68FB6EFA60FE
:107EB000FA6812BA1A60FB6E0433FB66254B1A6926
:107EC000FB6E3A613A6912BA1A60FB6E0433FB66C4
:107ED000204B5A69FB6E7A617A6912BA1A60FB6E9E
:107EE0000433FB661B4B9A69FB6EBA61BA6912BA1E
:107EF0001A60FB6E0433FB66164BDA69FB6EFA619F
:107F0000FA6912BA1A60FB6E0433FB66124B5A69A7
:107F1000FB6E3A623A6A12BA1A60FB6E0433FB6671
:107F20000D4B9A69FB6E7A627A6A12BA1A60FB6E1E
:107F30000433FB66084BDA69FB6EBA62BA6A12BA9E
:107F40001A6000E000BF00BF7437BD465DF8047BD7
:107F5000704700BF00040C4210070C4280B586B089
:107F600000AFF860B9603B601346FB71F9F7A2FF00
:107F70007861FB79002B55D11CE03B68B3F1FF3FE2
:107F800018D0F9F797FF02467B69D31A3A689A42EC
:107F900002D33B68002B0DD1FB68012283F835200A
:107FA000FB68032283F82C20FB68002283F834202E
:107FB000032352E0BB68082B0AD92A4B1A68BB6816
:107FC0001340BA689A4214BF01230023DBB209E0D0
:107FD000244B5A6ABB681340BA689A4214BF012303
:107FE0000023DBB2002BC8D136E03B68B3F1FF3F82
:107FF00018D0F9F75FFF02467B69D31A3A689A42B4
:1080000002D33B68002B0DD1FB68012283F8352099
:10801000FB68032283F82C20FB68002283F83420BD
:1080200003231AE0BB68082B0AD90E4B1A68BB68F9
:108030001340BA689A420CBF01230023DBB209E067
:10804000084B5A6ABB681340BA689A420CBF0123B6
:108050000023DBB2002BC8D1002318461837BD46D9
:1080600080BD00BF00040C4280B582B000AF7860D4
:108070007B6893F83530DBB2022B40F0F1807B68EF
:108080005B6A002B0BD1794B1B6A784A23F0030300
:1080900013627B68012283F835200123E1E07B68CD
:1080A0005B6A012B03D17B6802225A6202E07B6883
:1080B00003225A626D4B5B6A03F00203022B33D139
:1080C0007B681A69694B1B6803F4C023002B13D02B
:1080D000664B1B6803F4C023B3F5802F0AD0634BB3
:1080E0001B6803F4C023B3F5C02F01D1202304E0A3
:1080F000102302E01C2300E0142319461046FFF76A
:1081000007FE5A4B1B6A594A23F0030313627B682C
:10811000012283F835207B68012283F82D207868BE
:10812000FFF7DCFC00239CE0504B5B6A03F001038B
:10813000012B40F093807B681B6A002B14D07B6876
:1081400093F83630012B0FD1484B1B6A474A23F076
:10815000030313627B68002283F836207B680822C1
:1081600083F8352000237CE0786800F081F803462E
:10817000012B73D17868FFF7A7FC7B6893F82D304B
:10818000032B33D14FF47A73012208217868FFF76B
:10819000E5FE0346002B07D0344B1B6A334A23F01D
:1081A0000303136203235CE07B68042283F82D2021
:1081B0002E4B9B6823F01F027B68DB6903F00303EF
:1081C000DB002A4913438B607B68DA697B681A629B
:1081D0007B689A697B68DA607B6801225A62234B6C
:1081E0001B6A224A43F00103136237E07B6893F86D
:1081F0002D30042B32D14FF47A7301220821786894
:10820000FFF7ACFE0346002B07D0184B1B6A174A3A
:1082100023F003031362032323E07B68052283F822
:108220002D20124B9B6823F01F027B685B6803F0D4
:108230000303DB000D4913438B607B685A687B683E
:108240001A627B689A687B68DA607B6801225A62EE
:10825000064B1B6A054A43F001031362002300E04A
:10826000022318460837BD4680BD00BF00040C42FB
:1082700080B586B000AF78600023FB607B681B6A26
:10828000402B3CD97B68DB687B6100233B6109E0C4
:108290007B693A4A1B6853607B6904337B613B69A5
:1082A00004333B613B693F2BF2D97B685B6A022B4D
:1082B00018D17B69314A1B6853607B681B6A432B6A
:1082C0000CD97B681B6AA3F144027B681A627B6845
:1082D000DB6803F144027B68DA6049E07B680022D6
:1082E0001A6245E07B681B6AA3F140027B681A6250
:1082F0007B68DB6803F140027B68DA6038E07B680A
:10830000DB687B617B681B6ABB601C4B1B6A1B4A7A
:1083100023F00103136200233B6109E07B69174AE4
:108320001B6853607B6904337B613B6901333B61AC
:10833000BB6803339B083A699A42EFD37B681B6C96
:10834000012B0AD17B6800221A647B68012283F822
:1083500035207868FFF7B8FB07E0084B9B68074AB1
:1083600043F4807393600123FB607B6800221A62F0
:10837000FB6818461837BD4680BD00BF00040C429C
:1083800080B588B000AFF860B9607A603B60FB6888
:1083900093F83530FB75FB7D012B03D0FB7D082B5B
:1083A00040F0C780BB68002B02D03B68002B05D192
:1083B000FB68012283F835200123BBE0FB6893F8BA
:1083C0003430012B01D10223B4E0FB68012283F891
:1083D0003420FB6893F82D30012B23D1FB68022257
:1083E00083F83520554B1B6823F4E02323F0440326
:1083F000FA6A1343514A43F0040313604F4B9B68DE
:1084000023F01F027B6803F00303DB004B49134397
:108410008B60BB68FB617B68BB61FB68022283F8F1
:108420002D202FE0FB6893F82D30022B20D1FB6824
:1084300093F83530DBB2082B06D1FB68DB68FB61B3
:10844000FB681B6ABB610EE0BB68FB617B68BB61BC
:108450003A4B9B6823F01F027B6803F00303DB00A9
:10846000364913438B60FB68022283F8352009E00C
:10847000FB68012283F83520FB68002283F8342052
:10848000012357E0BA69F969F868FFF76BFB034607
:108490001A46FB6883F82C20FB6893F82C30002BDD
:1084A00003D0FB6893F82C3044E0FB6893F8353038
:1084B000DBB2082B37D0214B9B68204A43F48073F2
:1084C0009360BB6A00220221F868FFF747FD03466C
:1084D000002B01D003232DE0184B1B6803F4C023AD
:1084E000002B13D0154B1B6803F4C023B3F5802F6A
:1084F0000AD0124B1B6803F4C023B3F5C02F01D17F
:10850000202304E0102302E01C2300E0142319467A
:108510003868FFF7FDFBFB68012283F83520FB6814
:10852000012283F82D20FB68002283F834200023E9
:1085300000E0022318462037BD4680BD00040C42EF
:1085400080B588B000AFF860B9607A603B60FB68C6
:1085500093F83530FB757B6803F00303002B01D0E3
:1085600001236EE0FB7D012B02D0FB7D082B67D140
:10857000BB68002B02D07B68002B05D1FB68012271
:1085800083F8352001235CE0FB6893F83430012B3D
:1085900001D1022355E0FB68012283F83420FB68F7
:1085A00093F83530DBB2082B0AD1FB68022283F83E
:1085B0003520FB68DB68FB61FB681B6ABB611CE064
:1085C000FB68022283F83520BB68FB617B68BB61D6
:1085D000FB6893F82D30012B0BD11C4B1B6823F447
:1085E000E02323F044033A681343184A43F004039A
:1085F0001360FB68022283F82D20BA69F969F868D4
:10860000FFF7B0FA03461A46FB6883F82C20FB6894
:1086100093F82C30002B03D0FB6893F82C3010E03B
:10862000FB6893F83530DBB2082B03D0FB680122DE
:1086300083F83520FB68002283F83420002300E013
:10864000022318462037BD4680BD00BF00040C42FF
:1086500080B586B002AFF860B9607A603B604FF4D5
:10866000C0230193BB6900933B687A68B968F868D6
:10867000FFF786FE034618461037BD4680BD80B51D
:1086800084B000AFF860B9607A604FF4C0237A68B4
:10869000B968F868FFF754FF034618461037BD461F
:1086A00080BD80B586B002AFF860B9607A603B608B
:1086B0004FF4C0230193BB6900933B687A68B968A3
:1086C000F868FFF75DFE034618461037BD4680BDCB
:1086D00080B582B000AF78607B68002B01D10123A8
:1086E0008DE07B6893F84130DBB2002B06D17B68CC
:1086F000002283F840207868F7F7CCFE7B682422BC
:1087000083F841207B681B681A687B681B6822F02D
:1087100001021A607B685A687B681B6822F07062ED
:108720001A617B681B689A687B681B6822F40042A8
:108730009A607B68DB68012B07D17B689A687B684D
:108740001B6842F400429A6006E07B689A687B6886
:108750001B6842F404429A607B68DB68022B08D1F4
:108760007B681B685A687B681B6842F400625A6029
:1087700007E07B681B685A687B681B6822F400620C
:108780005A607B681B685B687A68126843F0007304
:1087900043F4004353607B681B68DA687B681B689E
:1087A00022F40042DA607B681A697B685B6942EAFE
:1087B00003017B689B691A027B681B680A43DA60C5
:1087C0007B68D9697B681A6A7B681B680A431A60F0
:1087D0007B681B681A687B681B6842F001021A609C
:1087E0007B6800225A647B68202283F841207B68E2
:1087F00000221A637B68002283F842200023184677
:108800000837BD4680BD000080B588B002AFF86073
:10881000084611461A4603467B810B463B811346A8
:10882000FB80FB6893F84130DBB2202B40F0F980ED
:108830003B6A002B02D0BB8C002B05D1FB684FF4A8
:1088400000725A640123EDE0FB6893F84030012B7D
:1088500001D10223E6E0FB68012283F84020F9F70A
:1088600029FB78617B690093192301224FF40041B1
:10887000F86801F072FF0346002B01D00123D1E01C
:10888000FB68212283F84120FB68402283F84220C4
:10889000FB6800225A64FB683A6A5A62FB68BA8C29
:1088A0005A85FB6800225A63F8883A8979897B697E
:1088B0000193BB6A00930346F86801F091F90346FF
:1088C000002B05D0FB68002283F840200123A9E09B
:1088D000FB685B8D9BB2FF2B0ED9FB68FF221A85CC
:1088E000FB681B8DDAB27989002300934FF0807307
:1088F000F86802F0F5F80FE0FB685B8D9AB2FB6850
:108900001A85FB681B8DDAB27989002300934FF03A
:108910000073F86802F0E4F87A69B96AF86801F05F
:1089200075FF0346002B01D001237BE0FB685B6AE7
:108930001A78FB681B689A62FB685B6A5A1CFB68C2
:108940005A62FB685B8D9BB2013B9AB2FB685A8509
:10895000FB681B8D013B9AB2FB681A85FB685B8D37
:108960009BB2002B34D0FB681B8D002B30D17B6970
:108970000093BB6A00228021F86801F0EEFE0346F6
:10898000002B01D001234DE0FB685B8D9BB2FF2BD8
:108990000ED9FB68FF221A85FB681B8DDAB2798934
:1089A000002300934FF08073F86802F099F80FE00D
:1089B000FB685B8D9AB2FB681A85FB681B8DDAB287
:1089C0007989002300934FF00073F86802F088F86B
:1089D000FB685B8D9BB2002B9ED17A69B96AF868FF
:1089E00001F05BFF0346002B01D001231AE0FB6876
:1089F0001B682022DA61FB681B685968FB681A68EB
:108A00000A4B0B405360FB68202283F84120FB682F
:108A1000002283F84220FB68002283F840200023D4
:108A200000E0022318461837BD4680BD00E800FE6E
:108A300080B588B002AFF860084611461A46034672
:108A40007B810B463B811346FB80FB6893F84130EA
:108A5000DBB2202B40F0FD803B6A002B02D0BB8CA8
:108A6000002B05D1FB684FF400725A640123F1E03A
:108A7000FB6893F84030012B01D10223EAE0FB6848
:108A8000012283F84020F9F715FA78617B69009399
:108A9000192301224FF40041F86801F05EFE0346FD
:108AA000002B01D00123D5E0FB68222283F841206E
:108AB000FB68402283F84220FB6800225A64FB686E
:108AC0003A6A5A62FB68BA8C5A85FB6800225A637C
:108AD000F8883A8979897B690193BB6A00930346D8
:108AE000F86801F0D1F80346002B05D0FB6800229E
:108AF00083F840200123ADE0FB685B8D9BB2FF2B28
:108B00000ED9FB68FF221A85FB681B8DDAB27989C2
:108B1000524B00934FF08073F86801F0E1FF0FE0D3
:108B2000FB685B8D9AB2FB681A85FB681B8DDAB215
:108B300079894A4B00934FF00073F86801F0D0FF39
:108B40007B690093BB6A00220421F86801F005FEEE
:108B50000346002B01D001237CE0FB681B685A6AA6
:108B6000FB685B6AD2B21A70FB685B6A5A1CFB68CE
:108B70005A62FB681B8D013B9AB2FB681A85FB6841
:108B80005B8D9BB2013B9AB2FB685A85FB685B8D9B
:108B90009BB2002B34D0FB681B8D002B30D17B693E
:108BA0000093BB6A00228021F86801F0D6FD0346DD
:108BB000002B01D001234DE0FB685B8D9BB2FF2BA6
:108BC0000ED9FB68FF221A85FB681B8DDAB2798902
:108BD000002300934FF08073F86801F081FF0FE0ED
:108BE000FB685B8D9AB2FB681A85FB681B8DDAB255
:108BF0007989002300934FF00073F86801F070FF4B
:108C0000FB685B8D9BB2002B9AD17A69B96AF868D0
:108C100001F043FE0346002B01D001231AE0FB685C
:108C20001B682022DA61FB681B685968FB681A68B8
:108C30000B4B0B405360FB68202283F84120FB68FC
:108C4000002283F84220FB68002283F840200023A2
:108C500000E0022318461837BD4680BD002400807E
:108C600000E800FE80B586B002AFF8600846114605
:108C70001A4603467B810B463B811346FB80FB680B
:108C800093F84130DBB2202B6AD1BB69002B02D0B4
:108C9000BB8B002B05D1FB684FF400725A64012393
:108CA0005FE0FB681B689B6903F40043B3F5004F6A
:108CB00001D1022355E0FB6893F84030012B01D12C
:108CC00002234EE0FB68012283F84020FB6821224A
:108CD00083F84120FB68402283F84220FB68002291
:108CE0005A64FB6800221A85FB68BA695A62FB68FD
:108CF000BA8B5A85FB681D4ADA62FB681C4A5A63C4
:108D00007A89FB68DA64FB88012B09D13B89DAB2E6
:108D1000FB681B689A62FB684FF0FF321A650BE034
:108D20003B891B0A9BB2DAB2FB681B689A623B89DB
:108D3000DBB21A46FB681A65FB88DAB279890D4BFB
:108D400000934FF08073F86801F0CAFEFB680022C0
:108D500083F840200121F86801F0F4FE002300E0D0
:108D6000022318461037BD4680BD00BF0000FFFF3C
:108D7000499101080020008080B58AB002AFF860F8
:108D80007A603B600B467B8100237B610023FB778D
:108D9000FB6893F84130DBB2202B40F0ED80FB689C
:108DA0001B689B6903F40043B3F5004F01D1022314
:108DB000E3E0FB6893F84030012B01D10223DCE0B3
:108DC000FB68012283F84020FB68242283F84120BD
:108DD000FB6800225A64FB68DB68012B07D17B89A2
:108DE000C3F3090343F0007343F4005306E07B89A7
:108DF000C3F3090343F0007343F42053FA68126885
:108E00005360F9F757F8B861FB681B689B6903F07A
:108E10002003202B0CBF01230023DBB2BB77FB68B0
:108E20001B689B6903F01003102B0CBF0123002368
:108E3000DBB27B7734E03B68B3F1FF3F1AD0F9F740
:108E400039F80246BB69D31A3A689A4202D33B68A2
:108E5000002B0FD1FB68202283F84120FB685B6C5C
:108E600043F02002FB685A64FB68002283F840202C
:108E7000012382E0FB681B689B6903F02003202B21
:108E80000CBF01230023DBB2BB77FB681B689B6927
:108E900003F01003102B0CBF01230023DBB27B7700
:108EA000BB7F002B02D17B7F002BC4D0FB681B68EB
:108EB0009B6903F01003102B27D0BB6900933B681C
:108EC00000222021F86801F048FC0346002B0ED058
:108ED000FB685B6C042B07D1FB681B682022DA61FE
:108EE000FB6800225A6426E00123FB7723E0FB683D
:108EF0001B682022DA61FB68202283F84120FB688E
:108F0000002283F84020002337E0FB681B68102212
:108F1000DA61BB6900933B6800222021F86801F008
:108F20001CFC0346002B02D00123FB7703E0FB6807
:108F30001B682022DA617B6901337B617B697A6877
:108F40009A4204D9FB7F012B01D10023FB777B6977
:108F50007A689A423FF63FAFFB68202283F84120AF
:108F6000FB685B6C43F02002FB685A64FB680022DC
:108F700083F84020012300E0022318462037BD4635
:108F800080BD80B584B000AF78607B681B689B694A
:108F9000FB607B681B681B68BB607B685B6B002B9E
:108FA00005D07B685B6BBA68F9687868984700BF42
:108FB0001037BD4680BD80B586B000AF78607B6855
:108FC0001B689B697B617B681B681B683B617B69D5
:108FD0001B0A03F00103002B10D03B69DB0903F0EF
:108FE0000103002B0AD07B685B6C43F001027B68B5
:108FF0005A647B681B684FF48072DA617B699B0A54
:1090000003F00103002B10D03B69DB0903F00103DF
:10901000002B0AD07B685B6C43F008027B685A64C3
:109020007B681B684FF48062DA617B695B0A03F03E
:109030000103002B10D03B69DB0903F00103002B77
:109040000AD07B685B6C43F002027B685A647B68E1
:109050001B684FF40072DA617B685B6CFB60FB6835
:1090600003F00B03002B03D0F968786801F01CFAB9
:1090700000BF1837BD4680BD80B483B000AF7860B4
:1090800000BF0C37BD465DF8047B704780B483B0E9
:1090900000AF786000BF0C37BD465DF8047B7047B9
:1090A00080B483B000AF786000BF0C37BD465DF878
:1090B000047B704780B483B000AF786000BF0C378A
:1090C000BD465DF8047B704780B483B000AF786024
:1090D0000B46FB7013463B8000BF0C37BD465DF866
:1090E000047B704780B483B000AF786000BF0C375A
:1090F000BD465DF8047B704780B483B000AF7860F4
:1091000000BF0C37BD465DF8047B704780B483B068
:1091100000AF786000BF0C37BD465DF8047B704738
:1091200080B483B000AF786000BF0C37BD465DF8F7
:10913000047B704780B483B000AF786000BF0C3709
:10914000BD465DF8047B704780B588B002AFF8601B
:10915000B9607A60934B7B61BB683B61FB6893F8B5
:109160004030012B01D1022318E1FB68012283F872
:1091700040203B691B0903F00103002B13D07B68DF
:109180001B0903F00103002B0DD0FB681B681022A4
:10919000DA61FB685B6C43F00402FB685A64F868B0
:1091A00001F099FAE5E03B699B0803F00103002B0D
:1091B00023D07B689B0803F00103002B1DD03B6983
:1091C00023F004033B61FB681B685A6AFB685B6A17
:1091D000D2B21A70FB685B6A5A1CFB685A62FB6861
:1091E0001B8D013B9AB2FB681A85FB685B8D9BB2B5
:1091F000013B9AB2FB685A85BBE03B695B0803F010
:109200000103002B2DD07B685B0803F00103002BCA
:1092100027D0FB681B6DB3F1FF3F18D1FB685B6A79
:109220001A78FB681B689A62FB685B6A5A1CFB68C9
:109230005A62FB681B8D013B9AB2FB681A85FB687A
:109240005B8D9BB2013B9AB2FB685A8591E0FB684B
:109250001B68FA68126D9A62FB684FF0FF321A655C
:1092600087E03B69DB0903F00103002B3DD07B68FD
:109270009B0903F00103002B37D0FB685B8D9BB289
:10928000002B2CD0FB681B8D002B28D1FB685B8D3D
:109290009BB2FF2B10D9FB68FF221A85FB68DB6CA1
:1092A00099B2FB681B8DDAB2002300934FF08073F4
:1092B000F86801F015FC17E0FB685B8D9AB2FB685B
:1092C0001A85FB68DB6C99B2FB681B8DDAB2002350
:1092D00000934FF00073F86801F002FC04E04021B5
:1092E000F86801F0E1F844E043E03B699B0903F0D2
:1092F0000103002B3DD07B689B0903F00103002B89
:1093000037D00121F86801F0A1FC0221F86801F0D2
:1093100019FCFB6893F84130DBB2222B01D1224BC0
:109320007B61FB685B8D9BB2FF2B10D9FB68FF2232
:109330001A85FB68DB6C99B2FB681B8DDAB27B691E
:1093400000934FF08073F86801F0CAFB11E0FB68EE
:109350005B8D9AB2FB681A85FB68DB6C99B2FB687F
:109360001B8DDAB27B6900934FF00073F86801F04F
:10937000B7FB3B695B0903F00103002B09D07B6855
:109380005B0903F00103002B03D03969F86800F092
:10939000EFFDFB68002283F84020002318461837B1
:1093A000BD4680BD002000800024008080B586B0CE
:1093B00000AFF860B9607A60FB68DB6A7B61BB680C
:1093C0003B61FB6893F84030012B01D10223EDE0B3
:1093D000FB68012283F840203B695B0903F001032D
:1093E000002B0AD07B685B0903F00103002B04D03B
:1093F0003969F86800F086FED3E03B691B0903F089
:109400000103002B4DD07B681B0903F00103002BE7
:1094100047D0FB685B8D9BB2002B28D1FB6893F88B
:109420004130DBB2282B08D17B69B3F1007F04D136
:109430003969F86800F0E2FF32E0FB6893F84130E8
:10944000DBB2292B0ED17B6913F5803F0AD0FB6874
:109450001B681022DA61F86801F03DF9F86800F045
:1094600028FD1DE0FB681B681022DA6196E0FB68AE
:109470001B681022DA61FB685B6C43F00402FB6836
:109480005A647B69002B04D07B69B3F1807F40F084
:109490008580FB685B6C1946F86801F005F87DE093
:1094A0007CE03B699B0803F00103002B30D07B6814
:1094B0009B0803F00103002B2AD0FB685B8D9BB255
:1094C000002B18D0FB681B685A6AFB685B6AD2B233
:1094D0001A70FB685B6A5A1CFB685A62FB681B8D3A
:1094E000013B9AB2FB681A85FB685B8D9BB2013B1E
:1094F0009AB2FB685A85FB685B8D9BB2002B4FD1FB
:109500007B6913F5803F4BD0F86800F0D2FC47E050
:109510003B69DB0803F00103002B0AD07B68DB0802
:1095200003F00103002B04D03969F86800F000FC57
:1095300037E03B695B0803F00103002B31D07B6807
:109540005B0803F00103002B2BD0FB685B8D9BB203
:10955000002B18D0FB685B6A1A78FB681B689A625C
:10956000FB685B6A5A1CFB685A62FB685B8D9BB2A6
:10957000013B9AB2FB685A85FB681B8D013B9AB28E
:10958000FB681A850DE07B69B3F1807F02D07B69AF
:10959000002B06D1F86800F08CFC02E000BF00E070
:1095A00000BFFB68002283F84020002318461837CC
:1095B000BD4680BD80B588B002AFF860B9607A6002
:1095C000FB6893F84030012B01D10223E1E0FB68F6
:1095D000012283F84020BB681B0903F00103002B24
:1095E00017D07B681B0903F00103002B11D0FB6827
:1095F0001B681022DA61FB685B6C43F00402FB68B5
:109600005A642021F86801F09DFAF86801F063F8C7
:10961000BAE0BB68DB0903F00103002B72D07B6862
:109620009B0903F00103002B6CD0FB681B681A68D0
:10963000FB681B6822F040021A60FB685B8D9BB2DE
:10964000002B4ED0FB681B685B689BB2C3F3090319
:109650007B82FB685B8D9BB2FF2B06D9FB68FF22E8
:109660001A854FF080737B6110E0FB685B8D9AB2C6
:10967000FB681A85FB68DB6A13F5803F03D0FB6843
:10968000DB6A7B6102E04FF000737B61FB681B8D3E
:10969000DAB2798A002300937B69F86801F020FA36
:1096A000FB685B8D9AB2FB681B8DD31A9AB2FB687C
:1096B0005A85FB6893F84130DBB2222B08D1FB6856
:1096C0001B681A68FB681B6842F400421A605BE082
:1096D000FB681B681A68FB681B6842F480421A60CA
:1096E00052E0FB681B685B6803F00073B3F1007F16
:1096F00003D0F86800F0A0FB46E04021F86800F0D5
:10970000D3FE41E0BB689B0903F00103002B29D085
:109710007B689B0903F00103002B23D0FB685B8D62
:109720009BB2002B19D1FB681B685B6803F00073C8
:10973000B3F1007F27D0FB68DB6A13F5803F08D1C7
:10974000FB681B685A68FB681B6842F480425A60D9
:1097500019E0F86800F070FB15E04021F86800F0AF
:10976000A3FE10E0BB685B0903F00103002B0BD0E4
:109770007B685B0903F00103002B05D0B968F8682A
:1097800000F0F6FB00E000BFFB68002283F84020F9
:10979000002318461837BD4680BD000080B588B04C
:1097A00002AFF860B9607A60924B7B61FB6893F816
:1097B0004030012B01D1022318E1FB68012283F81C
:1097C0004020BB681B0903F00103002B17D07B6806
:1097D0001B0903F00103002B11D0FB681B6810224A
:1097E000DA61FB685B6C43F00402FB685A64202179
:1097F000F86801F0A7F9F86800F06DFFF1E0BB68C8
:109800005B0803F00103002B0FD07B685B0803F0BB
:109810000103002B09D0FB681B68FA68126D9A627D
:10982000FB684FF0FF321A65DBE0BB68DB0903F031
:109830000103002B60D07B689B0903F00103002B20
:109840005AD00121F86801F001FA1021F86801F0FE
:1098500079F9FB685B8D9BB2002B48D0FB685B8D70
:109860009BB2FF2B10D9FB68FF221A85FB68DB6CCB
:1098700099B2FB681B8DDAB2002300934FF080731E
:10988000F86801F02DF911E0FB685B8D9AB2FB6876
:109890001A85FB68DB6C99B2FB681B8DDAB200237A
:1098A00000934FF00073F86801F01AF9FB685B8DC4
:1098B0009AB2FB681B8DD31A9AB2FB685A85FB6873
:1098C00093F84130DBB2222B08D1FB681B681A6881
:1098D000FB681B6842F400421A6082E0FB681B6868
:1098E0001A68FB681B6842F480421A6079E04021E4
:1098F000F86800F0D9FD74E0BB689B0903F0010330
:10990000002B5ED07B689B0903F00103002B58D02D
:109910000121F86801F09AF91021F86801F012F9B4
:10992000FB6893F84130DBB2222B01D1324B7B61D3
:10993000FB685B8D9BB2FF2B10D9FB68FF221A8559
:10994000FB68DB6C99B2FB681B8DDAB27B69009314
:109950004FF08073F86801F0C3F811E0FB685B8D8D
:109960009AB2FB681A85FB68DB6C99B2FB681B8DA9
:10997000DAB27B6900934FF00073F86801F0B0F839
:10998000FB685B8D9AB2FB681B8DD31A9AB2FB6899
:109990005A85FB6893F84130DBB2222B08D1FB6873
:1099A0001B681A68FB681B6842F400421A6018E0E2
:1099B000FB681B681A68FB681B6842F480421A60E7
:1099C0000FE0BB685B0903F00103002B09D07B6843
:1099D0005B0903F00103002B03D0B968F86800F0BD
:1099E000C7FAFB68002283F8402000231846183786
:1099F000BD4680BD002000800024008090B589B065
:109A000000AFF860B9607A60FB68DB6ABB61002375
:109A1000FB61FB6893F84030012B01D10223DBE0AE
:109A2000FB68012283F84020BB685B0903F0010357
:109A3000002B0AD07B685B0903F00103002B04D0E4
:109A4000B968F86800F05EFBC1E0BB681B0903F071
:109A50000103002B00F0AB807B681B0903F00103BE
:109A6000002B00F0A4807B689B0B03F00103002B0C
:109A700006D17B68DB0B03F00103002B00F0908024
:109A8000FB68DB6B002B15D07B68DB0B03F001035D
:109A9000002B0FD0FB68DB6B1B689B6C9CB2FB68D8
:109AA000DB6B1846FCF7B8FD03462344002B01D1BD
:109AB0000123FB61FB689B6B002B15D07B689B0B24
:109AC00003F00103002B0FD0FB689B6B1B689B6CA2
:109AD0009CB2FB689B6B1846FCF79EFD0346234433
:109AE000002B01D10123FB61FB69012B28D1FB680D
:109AF00093F84130DBB2282B08D1BB69B3F1007F6A
:109B000004D1B968F86800F079FC48E0FB6893F884
:109B10004130DBB2292B0ED1BB6913F5803F0AD04F
:109B2000FB681B681022DA61F86800F0D4FDF86861
:109B300000F0BFF933E0FB681B681022DA6134E003
:109B4000FB681B681022DA61FB685B6C43F004025F
:109B5000FB685A64FB6893F84130FB75BB69002BC6
:109B600003D0BB69B3F1807F1FD1FB7D212B02D0D5
:109B7000FB7D292B03D1FB6821221A6308E0FB7DC2
:109B8000222B02D0FB7D2A2B02D1FB6822221A63F2
:109B9000FB685B6C1946F86800F086FC05E004E0A1
:109BA000FB681B681022DA6111E000BF0FE0BB68A0
:109BB000DB0803F00103002B09D07B68DB0803F00E
:109BC0000103002B03D0B968F86800F0B1F8FB6816
:109BD000002283F84020002318462437BD4690BD5C
:109BE00080B586B002AFF860084611461A460346B3
:109BF0007B810B463B811346FB80FB88DAB2798977
:109C0000204B00934FF08073F86800F069FFFA6909
:109C1000B969F86800F0FAFD0346002B01D0012372
:109C20002CE0FB88012B05D13B89DAB2FB681B686D
:109C30009A6215E03B891B0A9BB2DAB2FB681B688B
:109C40009A62FA69B969F86800F0E0FD0346002BF2
:109C500001D0012312E03B89DAB2FB681B689A62EB
:109C6000FB690093BB6900228021F86800F075FD54
:109C70000346002B01D0012300E0002318461037D3
:109C8000BD4680BD0020008080B586B002AFF86080
:109C9000084611461A4603467B810B463B81134614
:109CA000FB80FB88DAB27989204B00930023F868A7
:109CB00000F016FFFA69B969F86800F0A7FD0346DD
:109CC000002B01D001232CE0FB88012B05D13B891F
:109CD000DAB2FB681B689A6215E03B891B0A9BB2EB
:109CE000DAB2FB681B689A62FA69B969F86800F031
:109CF0008DFD0346002B01D0012312E03B89DAB22F
:109D0000FB681B689A62FB690093BB6900224021D3
:109D1000F86800F022FD0346002B01D0012300E08B
:109D2000002318461037BD4680BD00BF00200080CC
:109D300080B584B000AF786039607B6893F84130BB
:109D4000DBB203F02803282B6AD17B681B689B6970
:109D50001B0CDBB203F00103FB737B681B689B6980
:109D60001B0C9BB203F0FE03BB817B681B689B68E6
:109D70009BB2C3F309037B817B681B68DB689BB2E2
:109D800003F0FE033B817B68DB68022B38D17B89C3
:109D9000DB099AB2BB8953409BB203F00603002B48
:109DA0001CD17B89BB817B689B6C5A1C7B689A6445
:109DB0007B689B6C022B3BD17B6800229A647B689A
:109DC0001B680822DA617B68002283F84020BA8988
:109DD000FB7B19467868FFF777F929E03B89BB815F
:109DE0004FF40041786800F031FF7B68002283F86F
:109DF0004020BA89FB7B19467868FFF765F917E0C0
:109E00004FF40041786800F021FF7B68002283F85E
:109E10004020BA89FB7B19467868FFF755F907E0BF
:109E20007B681B680822DA617B68002283F8402087
:109E300000BF1037BD4680BD80B582B000AF7860EE
:109E40007B68002283F842207B6893F84130DBB2C4
:109E5000212B15D17B68202283F841207B681122B9
:109E60001A637B6800225A630121786800F0EEFED5
:109E70007B68002283F840207868FFF7FDF814E043
:109E80007B68202283F841207B6812221A637B685A
:109E900000225A630221786800F0D8FE7B68002215
:109EA00083F840207868FFF7F1F800BF0837BD4617
:109EB00080BD80B584B000AF78607B681B681B688C
:109EC000FB607B68002283F84220FB689B0B03F059
:109ED0000103002B08D07B681B681A687B681B682D
:109EE00022F480421A600DE0FB68DB0B03F00103F3
:109EF000002B07D07B681B681A687B681B6822F4FC
:109F000000421A607B6893F84130DBB2292B12D1F2
:109F10007B68282283F841207B6821221A63012173
:109F2000786800F093FE7B68002283F84020786810
:109F3000FFF7B6F817E07B6893F84130DBB22A2BC5
:109F400011D17B68282283F841207B6822221A6382
:109F50000221786800F07AFE7B68002283F84020B6
:109F60007868FFF7A7F800BF1037BD4680BD000036
:109F700080B586B000AF786039603B687B617B68F4
:109F80001B682022DA617B6893F84130DBB2212B19
:109F900007D10121786800F059FE7B6811221A630D
:109FA0000CE07B6893F84130DBB2222B06D1022112
:109FB000786800F04BFE7B6812221A637B681B688E
:109FC00059687B681A684D4B0B4053607B680022D0
:109FD0005A637B684A4ADA627B691B0903F0010312
:109FE000002B09D07B681B681022DA617B685B6CF0
:109FF00043F004027B685A647B6893F84130DBB21B
:10A00000602B0BD17B699B0803F00103002B05D06B
:10A010007B681B685B6ADBB2FB60FB68786800F0FA
:10A020005AFB7B685B6C3B617B6893F84130DBB229
:10A03000602B02D03B69002B06D07B685B6C194615
:10A04000786800F031FA54E07B6893F84130DBB275
:10A05000212B24D17B68202283F841207B680022B9
:10A060001A637B6893F84230DBB2402B0BD17B68DC
:10A07000002283F842207B68002283F84020786821
:10A08000FFF73AF835E07B68002283F842207B68CE
:10A09000002283F840207868FEF7EEFF29E07B6815
:10A0A00093F84130DBB2222B23D17B68202283F846
:10A0B00041207B6800221A637B6893F84230DBB250
:10A0C000402B0BD17B68002283F842207B68002262
:10A0D00083F840207868FFF719F80AE07B680022CF
:10A0E00083F842207B68002283F840207868FEF7DE
:10A0F000CDFF00BF1837BD4680BD00BF00E800FEA1
:10A100000000FFFF90B587B000AF786039607B68D2
:10A110001B681B683B613B687B617B68DB6AFB609B
:10A120007B6893F84130FB727B681B682022DA6100
:10A13000FB7A212B02D0FB7A292B08D148F20101AE
:10A14000786800F083FD7B6821221A6319E0FB7AAE
:10A15000222B02D0FB7A2A2B08D148F20201786820
:10A1600000F074FD7B6822221A630AE0FB7A282B38
:10A1700007D148F20301786800F068FD7B6800228F
:10A180001A637B681B685A687B681B6842F400424C
:10A190005A607B681B6859687B681A68954B0B404E
:10A1A0005360786800F097FA3B699B0B03F001035A
:10A1B000002B1CD07B681B681A687B681B6822F424
:10A1C00080421A607B689B6B002B32D07B689B6B54
:10A1D0001B689B6C9CB27B689B6B1846FCF71CFA57
:10A1E00003469BB223449AB27B685A8521E03B69BF
:10A1F000DB0B03F00103002B1BD07B681B681A6884
:10A200007B681B6822F400421A607B68DB6B002BC2
:10A210000FD07B68DB6B1B689B6C9CB27B68DB6B35
:10A220001846FCF7F9F903469BB223449AB27B68BF
:10A230005A857B699B0803F00103002B20D07B69C2
:10A2400023F004037B617B681B685A6A7B685B6A46
:10A25000D2B21A707B685B6A5A1C7B685A627B6850
:10A260001B8D002B0CD07B681B8D013B9AB27B6849
:10A270001A857B685B8D9BB2013B9AB27B685A85DD
:10A280007B685B8D9BB2002B05D07B685B6C43F0D9
:10A2900004027B685A647B691B0903F00103002BED
:10A2A0004AD03B691B0903F00103002B44D07B68B3
:10A2B0005B8D9BB2002B28D17B6893F84130DBB2D9
:10A2C000282B08D1FB68B3F1007F04D17969786845
:10A2D00000F094F830E07B6893F84130DBB2292B32
:10A2E0000ED1FB6813F5803F0AD07B681B681022F3
:10A2F000DA61786800F0EFF97868FFF7DAFD1BE0C3
:10A300007B681B681022DA6116E07B681B681022EC
:10A31000DA617B685B6C43F004027B685A64FB681B
:10A32000002B03D0FB68B3F1807F05D17B685B6CA9
:10A330001946786800F0B8F87B68002283F842205C
:10A340007B6800225A637B685B6C002B10D07B68B3
:10A350005B6C1946786800F0A7F87B6893F8413089
:10A36000DBB2282B41D17969786800F047F83CE0EE
:10A370007B68DB6A13F5803F14D07868FFF799FD9E
:10A380007B681D4ADA627B68202283F841207B6863
:10A3900000221A637B68002283F840207868FEF769
:10A3A000A1FE22E07B6893F84130DBB2222B0ED174
:10A3B0007B68202283F841207B6800221A637B6837
:10A3C000002283F840207868FEF774FE0DE07B6879
:10A3D000202283F841207B6800221A637B680022D8
:10A3E00083F840207868FEF75BFE00BF1C37BD464F
:10A3F00090BD00BF00E800FE0000FFFF80B582B006
:10A4000000AF786039607B68264ADA627B68002298
:10A410001A637B68202283F841207B68002283F83E
:10A4200042207B6800225A633B689B0803F00103CB
:10A43000002B22D07B681B685A6A7B685B6AD2B2A9
:10A440001A707B685B6A5A1C7B685A627B681B8D3A
:10A45000002B12D07B681B8D013B9AB27B681A855A
:10A460007B685B8D9BB2013B9AB27B685A857B68A7
:10A470005B6C43F004027B685A6448F2030178681D
:10A4800000F0E4FB7B681B681022DA617B68002225
:10A4900083F840207868FEF725FE00BF0837BD46E8
:10A4A00080BD00BF0000FFFF80B584B000AF7860C2
:10A4B00039607B6893F84130FB737B68002283F836
:10A4C00042207B686D4ADA627B6800225A857B688D
:10A4D0005A6C3B681A437B685A64FB7B282B05D077
:10A4E000FB7B292B02D0FB7B2A2B0BD10321786825
:10A4F00000F0ACFB7B68282283F841207B68604A2F
:10A500005A6330E048F20301786800F09FFB7868F6
:10A5100000F0E1F87B6893F84130DBB2602B1FD08C
:10A520007B68202283F841207B681B689B6903F0CD
:10A530002003202B14D17B681B689B6903F0100358
:10A54000102B09D17B681B681022DA617B685B6C79
:10A5500043F004027B685A647B681B682022DA613E
:10A560007B6800225A637B681B6BBB607B689B6BBC
:10A57000002B39D0BB68112B02D0BB68212B33D103
:10A580007B681B681B6803F48043B3F5804F07D1D9
:10A590007B681B681A687B681B6822F480421A601B
:10A5A0007B689B6B1846FBF791FC0346012B17D089
:10A5B0007B689B6B334ADA667B68002283F8402015
:10A5C0007B689B6B1846FBF7F7FA0346002B4DD0D0
:10A5D0007B689B6BDB6E7A68926B1046984745E010
:10A5E000786800F051F841E07B68DB6B002B39D0D4
:10A5F000BB68122B02D0BB68222B33D17B681B684F
:10A600001B6803F40043B3F5004F07D17B681B6858
:10A610001A687B681B6822F400421A607B68DB6B57
:10A620001846FBF753FC0346012B17D07B68DB6B06
:10A63000144ADA667B68002283F840207B68DB6B73
:10A640001846FBF7B9FA0346002B11D07B68DB6B89
:10A65000DB6E7A68D26B1046984709E0786800F0A4
:10A6600013F805E0786800F00FF802E000BF00E0A2
:10A6700000BF00BF1037BD4680BD00BF0000FFFF18
:10A68000AD9301081FA7010880B582B000AF7860C4
:10A690007B6893F84130DBB2602B0ED17B682022BF
:10A6A00083F841207B6800221A637B68002283F8CC
:10A6B00040207868FEF73EFD09E07B6800221A63BF
:10A6C0007B68002283F840207868FEF729FD00BFF0
:10A6D0000837BD4680BD80B483B000AF78607B682A
:10A6E0001B689B6903F00203022B03D17B681B6884
:10A6F00000229A627B681B689B6903F00103012BAF
:10A7000007D07B681B689A697B681B6842F001026E
:10A710009A6100BF0C37BD465DF8047B704780B579
:10A7200084B000AF78607B68DB6DFB60FB689B6B7F
:10A73000002B03D0FB689B6B0022DA66FB68DB6BA7
:10A74000002B03D0FB68DB6B0022DA66F868FFF7AA
:10A750009BFF00BF1037BD4680BD80B584B000AF01
:10A76000F860B9603B601346FB713BE0BA69396839
:10A77000F86800F0D5F80346002B01D0012341E032
:10A780003B68B3F1FF3F2DD0F7F794FB0246BB695E
:10A79000D31A3A689A4202D33B68002B22D1FB6855
:10A7A0001B689A69BB681340BA689A420CBF0123C0
:10A7B0000023DBB21A46FB799A4213D1FB685B6C2B
:10A7C00043F02002FB685A64FB68202283F8412092
:10A7D000FB68002283F84220FB68002283F84020B7
:10A7E00001230FE0FB681B689A69BB681340BA68D5
:10A7F0009A420CBF01230023DBB21A46FB799A422E
:10A80000B4D0002318461037BD4680BD80B584B053
:10A8100000AFF860B9607A6033E07A68B968F868C8
:10A8200000F07EF80346002B01D0012331E0BB6825
:10A83000B3F1FF3F25D0F7F73DFB02467B68D31A03
:10A84000BA689A4202D3BB68002B1AD1FB681B6816
:10A850009B6903F00203022B13D0FB685B6C43F08F
:10A860002002FB685A64FB68202283F84120FB68C1
:10A87000002283F84220FB68002283F84020012355
:10A8800007E0FB681B689B6903F00203022BC4D13D
:10A89000002318461037BD4680BD80B584B000AF98
:10A8A000F860B9607A602FE07A68B968F86800F0FB
:10A8B00037F80346002B01D001232DE0F7F7FAFA11
:10A8C00002467B68D31ABA689A4202D3BB68002B4F
:10A8D0001AD1FB681B689B6903F02003202B13D05F
:10A8E000FB685B6C43F02002FB685A64FB68202223
:10A8F00083F84120FB68002283F84220FB68002295
:10A9000083F84020012307E0FB681B689B6903F084
:10A910002003202BC8D1002318461037BD4680BD28
:10A9200080B58AB000AFF860B9607A60002387F81C
:10A930002730FB681B689B69BB6100233B627B6817
:10A94000FB61BB6903F01003002B68D0FB681B6838
:10A950001022DA6149E0BB68B3F1FF3F45D0F7F759
:10A96000A9FA0246FB69D31ABA689A4202D3BB68B5
:10A97000002B3AD1FB681B685B6803F480437B6162
:10A98000FB6893F84230FB74FB681B689B6903F417
:10A990000043B3F5004F21D17B69B3F5804F1DD043
:10A9A000FB7C202B1AD0FB681B685A68FB681B686D
:10A9B00042F480425A60F7F77DFAF8610EE0F7F74B
:10A9C00079FA0246FB69D31A192B07D93B6A43F07F
:10A9D00020033B62012387F8273006E0FB681B68F1
:10A9E0009B6903F02003202BE9D1FB681B689B695E
:10A9F00003F02003202B03D097F82730002BAAD098
:10AA000097F82730002B03D1FB681B682022DA61FE
:10AA10003B6A43F004033B62012387F82730FB685D
:10AA20001B689B69BB61BB6903F48073002B0BD06F
:10AA30003B6A43F001033B62FB681B684FF4807282
:10AA4000DA61012387F82730BB6903F48063002BA8
:10AA50000BD03B6A43F008033B62FB681B684FF472
:10AA60008062DA61012387F82730BB6903F4007341
:10AA7000002B0BD03B6A43F002033B62FB681B6870
:10AA80004FF40072DA61012387F8273097F82730F6
:10AA9000002B1CD0F868FFF71EFEFB681B68596886
:10AAA000FB681A680D4B0B405360FB685A6C3B6A9D
:10AAB0001A43FB685A64FB68202283F84120FB6834
:10AAC000002283F84220FB68002283F8402097F898
:10AAD000273018462837BD4680BD00BF00E800FE7D
:10AAE00080B487B000AFF8607B600B467B81134673
:10AAF0007B727B89C3F309027B7A1B0403F47F0317
:10AB00001A437B681A433B6A134323F000437B617B
:10AB1000FB681B685A683B6A5B0D03F48061084B55
:10AB20000B43DB4302EA0301FB681B687A690A43B3
:10AB30005A6000BF1C37BD465DF8047B704700BFFC
:10AB4000FF63FF0380B485B000AF78600B467B8065
:10AB50000023FB607B685B6B394A934232D07B6891
:10AB60005B6B384A93422DD07B685B6B364A9342CD
:10AB700028D0B7F90230002B03DAFB6843F0B803A2
:10AB8000FB607B8803F00103002B03D0FB6843F0DC
:10AB9000F203FB607B8803F00203002B03D0FB6809
:10ABA00043F0F403FB607B88102B03D1FB6843F078
:10ABB0009003FB607B88202B33D1FB6843F020039C
:10ABC000FB602EE0B7F90230002B03DAFB6843F09C
:10ABD000B803FB607B8803F00103002B03D0FB6804
:10ABE00043F0F203FB607B8803F00203002B03D0E9
:10ABF000FB6843F0F403FB607B88102B03D1FB68F8
:10AC000043F09003FB607B88202B03D1FB6843F06B
:10AC10006003FB607B88402B03D1FB6843F040035B
:10AC2000FB607B681B6819687B681B68FA680A43CD
:10AC30001A6000BF1437BD465DF8047B704700BF43
:10AC4000B5950108FD9901089D97010880B485B06C
:10AC500000AF78600B467B800023FB607B8803F0AD
:10AC60000103002B0FD0FB6843F04203FB607B68BD
:10AC700093F84130DBB203F02803282B03D0FB68A4
:10AC800043F0B003FB607B8803F00203002B0FD07E
:10AC9000FB6843F04403FB607B6893F84130DBB210
:10ACA00003F02803282B03D0FB6843F0B003FB60BC
:10ACB000B7F90230002B03DAFB6843F0B803FB60FE
:10ACC0007B88102B03D1FB6843F09003FB607B88EB
:10ACD000202B03D1FB6843F02003FB607B88402BD3
:10ACE00003D1FB6843F04003FB607B681B68196875
:10ACF000FB68DA437B681B680A401A6000BF1437A0
:10AD0000BD465DF8047B704780B483B000AF7860C7
:10AD100039607B6893F84130DBB2202B38D17B68F7
:10AD200093F84030012B01D1022332E07B680122ED
:10AD300083F840207B68242283F841207B681B68CD
:10AD40001A687B681B6822F001021A607B681B6826
:10AD50001A687B681B6822F480521A607B681B6843
:10AD600019687B681B683A680A431A607B681B682D
:10AD70001A687B681B6842F001021A607B68202217
:10AD800083F841207B68002283F84020002300E004
:10AD9000022318460C37BD465DF8047B704780B42B
:10ADA00085B000AF786039607B6893F84130DBB2E2
:10ADB000202B39D17B6893F84030012B01D102233D
:10ADC00033E07B68012283F840207B68242283F8EB
:10ADD00041207B681B681A687B681B6822F00102AF
:10ADE0001A607B681B681B68FB60FB6823F4706358
:10ADF000FB603B681B02FA681343FB607B681B68BF
:10AE0000FA681A607B681B681A687B681B6842F0E6
:10AE100001021A607B68202283F841207B680022AF
:10AE200083F84020002300E0022318461437BD4673
:10AE30005DF8047B7047000080B400AF054B1B68D1
:10AE4000044A43F00103136000231846BD465DF831
:10AE5000047B70470004034080B582B000AF0A4B0A
:10AE60005B6803F00103002B05D1074B1B68064A02
:10AE700043F00203136000F009F80346FB71FB790D
:10AE800018460837BD4680BD0004034080B582B037
:10AE900000AF0023FB71144B5B6803F00103002B30
:10AEA00019D0F7F707F838600FE0F7F703F8024614
:10AEB0003B68D31A012B08D90B4B5B6803F00203E4
:10AEC000002B02D10323FB7105E0074B5B6803F005
:10AED0000203002BE9D0044B0222DA60FB7918460A
:10AEE0000837BD4680BD00BF0004034080B582B076
:10AEF00000AF174B5B687B60154B9B683B607A68C3
:10AF00003B68134003F00403002B0AD0104B9B68EE
:10AF10000F4A23F0040393600D4B0422DA6000F023
:10AF200020F87A683B68134003F00203002B0AD034
:10AF3000074B9B68064A23F002039360044B0222EE
:10AF4000DA6000F007F800BF0837BD4680BD00BFDB
:10AF50000004034080B400AF00BFBD465DF8047B31
:10AF6000704780B400AF00BFBD465DF8047B7047FA
:10AF700080B584B000AF78607B68002B01D10123DD
:10AF800057E0786800F059F87B681B684CF6CC42B3
:10AF90001A607B681B6845F255521A607B681B6813
:10AFA0007A6852685A607B681B687A6892689A600F
:10AFB0007B681B69002B05D17B681B684FF48042BE
:10AFC0005A6106E07B681A697B681B6842F440425C
:10AFD0005A61F6F76FFFF86011E0F6F76BFF024673
:10AFE000FB68D31A41F20102934208D97B681B68BF
:10AFF000DB6803F00F03002B01D0032319E07B680B
:10B000001B68DB6803F00F03002BE6D17B681B682D
:10B010001A697B68DB689A4205D07B681B687A688E
:10B02000D2681A6104E07B681B684AF6AA221A609B
:10B03000002318461037BD4680BD80B483B000AFF2
:10B04000786000BF0C37BD465DF8047B704780B464
:10B0500083B000AF78607B681B684AF6AA221A604A
:10B06000002318460C37BD465DF8047B704780B559
:10B0700082B000AF78607B681B68DB6803F48043B4
:10B08000002B0AD07B681B685A697B681B6842F4F6
:10B0900080425A617868E6F7F1FF00BF0837BD4685
:10B0A00080BD000080B584B000AF78607B68002B65
:10B0B00001D10123E7E07B685B68012B7B6893F893
:10B0C0004A30DBB2002B06D17B68002283F849208E
:10B0D0007868F5F7F9FB7B68022283F84A207B68E1
:10B0E0001B681A697B681B6842F001021A617B6861
:10B0F0001B684FF480725A607B681B687A68526BD9
:10B100009A624FF48071786800F03CFB0346032B91
:10B1100001D10323B7E07B681B6810225A607B686B
:10B120001B687A68126A9A611021786800F02AFB1D
:10B130000346032B01D10323A5E07B681B68DB6A70
:10B1400003F00203002B0ED17B681B68DB6A03F45B
:10B150000033002B07D17B681B681A697B681B686A
:10B1600022F001021A617B681B68DB68FB607B6868
:10B170005B68012B04D07B689B6AB3F5000F03D199
:10B18000FB6823F01E03FB607B685B694FF6FF7270
:10B19000934205D0FB6823F4604323F0C003FB60B7
:10B1A000FA683B4B1340FB607B685A687B689B687E
:10B1B0001A437B685B6A1A437B689B6A1343FA688D
:10B1C0001343FB607B685B68002B07D17B68DA69FF
:10B1D0007B681B691343FA681343FB607B685B68F9
:10B1E000012B04D07B689B6AB3F5000F07D17B6805
:10B1F000DA687B681B691343FA681343FB607B685A
:10B200005B694FF6FF7293420AD07B685A697B688C
:10B210009B691A437B68DB691343FA681343FB603D
:10B220007B681B68FA68DA607B681B68194A93427E
:10B2300004D07B681B68184A934208D17B68D96A9E
:10B240007B681A6B7B681B680A435A620EE07B6856
:10B250001B68124A934204D07B681B68104A9342D1
:10B2600004D17B681B687A68D26A5A627B680122C3
:10B2700083F84B207B68012283F84C207B680122F5
:10B2800083F84A20002318461037BD4680BD00BF12
:10B29000FEF139FF0044004600940040004800469B
:10B2A000004C004680B582B000AF78607B68022217
:10B2B00083F84A207B685B68012B0CD07B689B6A13
:10B2C000B3F5000F07D17B681B68DA687B681B68E1
:10B2D00022F46062DA607B681B681A697B681B680D
:10B2E00042F001021A617B681B684FF080725A605D
:10B2F0007B681B689A687B681B6842F4C9729A6015
:10B300004FF08071786800F03DFA0346032B01D1BD
:10B3100003230CE07B681B681A697B681B6842F09A
:10B3200004021A617B68012283F84A200023184630
:10B330000837BD4680BD80B582B000AF78607B68BD
:10B34000022283F84A207B681B68DB6A03F0020351
:10B35000002B0ED17B681B68DB6A03F40033002BE3
:10B3600007D17B681B681A697B681B6822F00102A1
:10B370001A617B681B681A697B681B6842F00102CE
:10B380001A617B681B684FF080725A607B681B688B
:10B390009A687B681B6822F4C9729A604FF08071CA
:10B3A000786800F0EFF90346032B01D103231AE07C
:10B3B0007B681B68DB6A03F00203002B0ED17B68FD
:10B3C0001B68DB6A03F40033002B07D17B681B6822
:10B3D0001A697B681B6822F001021A617B680122EE
:10B3E00083F84A20002318460837BD4680BD80B543
:10B3F00082B000AF78607B681B681B6803F00103B4
:10B40000012B20D17B681B689B6803F00103012B93
:10B4100019D17B681B6801225A607B68012283F87E
:10B4200038207B681B68DB6A03F00103002B03D024
:10B43000786800F092F902E0786800F03EF97B68E5
:10B44000002283F838207B681B681B6803F40073B4
:10B45000B3F5007F22D17B681B689B6803F40073FF
:10B46000B3F5007F1AD17B681B684FF400725A60F5
:10B470007B68022283F838207B681B68DB6A03F450
:10B480008033002B03D0786800F067F902E0786819
:10B4900000F013F97B68002283F838207B681B6872
:10B4A0001B6803F48053B3F5805F17D17B681B687A
:10B4B0009B6803F48053B3F5805F0FD17B681B68F2
:10B4C0004FF480525A607B68012283F838207868F4
:10B4D00000F04DF97B68002283F838207B681B68F8
:10B4E0001B6803F40053B3F5005F17D17B681B683A
:10B4F0009B6803F40053B3F5005F0FD17B681B68B2
:10B500004FF400525A607B68022283F83820786832
:10B5100000F02DF97B68002283F838207B681B68D7
:10B520001B6803F00203022B0DD17B681B689B682C
:10B5300003F00203022B06D17B681B6802225A60CB
:10B54000786800F0C4F87B681B681B6803F004038C
:10B55000042B0DD17B681B689B6803F00403042B4C
:10B5600006D17B681B6804225A60786800F0B9F83D
:10B570007B681B681B6803F00803082B11D17B68EC
:10B580001B689B6803F00803082B0AD17B681B68C3
:10B5900008225A607B68012283F83820786800F01E
:10B5A000AAF87B681B681B6803F40023B3F5002F1F
:10B5B00013D17B681B689B6803F40023B3F5002F4D
:10B5C0000BD17B681B684FF400225A607B68022213
:10B5D00083F83820786800F08EF87B681B681B6859
:10B5E00003F01003102B0DD17B681B689B6803F0E0
:10B5F0001003102B06D17B681B6810225A607868F4
:10B6000000F083F87B681B681B6803F02003202B85
:10B610000DD17B681B689B6803F02003202B06D1AB
:10B620007B681B6820225A60786800F078F87B6895
:10B630001B681B6803F04003402B0DD17B681B681F
:10B640009B6803F04003402B06D17B681B684022B7
:10B650005A60786800F06DF87B681B681B6803F01F
:10B660008003802B0DD17B681B689B6803F08003EF
:10B67000802B06D17B681B6880225A607868EFF7C0
:10B68000EBFE7B681B681B6803F48073B3F5807F57
:10B690000FD17B681B689B6803F48073B3F5807FD0
:10B6A00007D17B681B684FF480725A60786800F09D
:10B6B0004AF800BF0837BD4680BD80B483B000AFF4
:10B6C000786000BF0C37BD465DF8047B704780B4DE
:10B6D00083B000AF786000BF0C37BD465DF8047BD7
:10B6E000704780B483B000AF786000BF0C37BD46B0
:10B6F0005DF8047B704780B483B000AF786000BF12
:10B700000C37BD465DF8047B704780B483B000AF52
:10B71000786000BF0C37BD465DF8047B704780B48D
:10B7200083B000AF786000BF0C37BD465DF8047B86
:10B73000704780B483B000AF786000BF0C37BD465F
:10B740005DF8047B704780B483B000AF786000BFC1
:10B750000C37BD465DF8047B704780B483B000AF02
:10B76000786000BF0C37BD465DF8047B704780B43D
:10B7700083B000AF786000BF0C37BD465DF8047B36
:10B780007047000080B485B000AF78603960002356
:10B79000FB73124B1B68124AA2FB03239B0B4FF453
:10B7A0007A7202FB03F3BB60BB68013BBB60BB6802
:10B7B000002B01D10323FB737B681B681A683B686D
:10B7C00013403A689A4202D0BB68002BECD1FB7B55
:10B7D00018461437BD465DF8047B7047501A0020A8
:10B7E0005917B7D180B586B002AF78600023FB73DC
:10B7F0007B68002B44D07B681B79DBB2002B02D125
:10B800007868F5F74BFA7B6802221A71F6F752FB5B
:10B81000B8600EE07B681B6801221A60F6F74AFBED
:10B820000246BB68D31AB3F57A7F02D90323FB73B0
:10B8300006E07B681B681B6803F00103012BE9D15C
:10B84000F6F738FBB86041F288330093BB680022FA
:10B850000121786800F0CDFC0346002B01D00323C2
:10B8600011E07B681B689A687B681B6842F4681269
:10B870009A607B6800229A607B6801221A7101E05D
:10B880000123FB73FB7B18461037BD4680BD80B596
:10B8900084B000AFF860B9607A60B968F86800F009
:10B8A00011FB7A682621F86800F0A0FA03461846D2
:10B8B0001037BD4680BD80B483B000AF78607B6830
:10B8C0001B68D3F8D0354DF20D62934201D10123AC
:10B8D00000E0002318460C37BD465DF8047B704736
:10B8E00080B586B000AF7860786800F007F97861BD
:10B8F0007B681B681B683B617B681B685B68FB603F
:10B900003B6903F48013002B0FD0FB6803F4801312
:10B91000002B0AD07B689B6843F001027B689A6029
:10B920007B681B684FF480129A603B6903F4002324
:10B93000002B0FD0FB6803F40023002B0AD07B6898
:10B940009B6843F002027B689A607B681B684FF437
:10B9500000229A603B6903F40013002B0FD0FB68B0
:10B9600003F40013002B0AD07B689B6843F00802A5
:10B970007B689A607B681B684FF400129A607B6951
:10B98000032B6BD07B69032B79D37B692F2B76D864
:10B990007B69202B73D37B69203B0F2B6FD801A2CF
:10B9A00052F823F03FBA01087FBA01087FBA0108B4
:10B9B0007FBA0108E5B901087FBA01087FBA01081A
:10B9C00003BA01087FBA01087FBA01087FBA0108EB
:10B9D0007FBA01087FBA01087FBA01087FBA01085F
:10B9E00021BA01087B681B68D3F8E03F4DF20D6275
:10B9F000934246D07B689B6843F008027B689A605C
:10BA00003FE07B681B68D3F820354DF20D6293420E
:10BA100039D07B689B6843F008027B689A6032E00B
:10BA20007B681B68D3F880364DF20D6293422CD0B0
:10BA30007B689B6843F008027B689A6025E07B681E
:10BA40001B68D3F880364DF20D6293421FD07B689D
:10BA50009B6843F008027B689A6018E07B681B686B
:10BA600003F58053D3F898324DF20D62934210D013
:10BA70007B689B6843F008027B689A6009E000BF1E
:10BA800008E000BF06E000BF04E000BF02E000BF26
:10BA900000E000BF7B689B68002B02D0786800F054
:10BAA00023F83B6903F40033002B0FD0FB6803F449
:10BAB0000033002B0AD07B681B684FF400329A6079
:10BAC0007B6801221A71786800F004F800BF18370B
:10BAD000BD4680BD80B483B000AF786000BF0C3736
:10BAE000BD465DF8047B704780B483B000AF7860DA
:10BAF00000BF0C37BD465DF8047B704780B483B04F
:10BB000000AF78607B681B681B681B0A03F03F036B
:10BB100018460C37BD465DF8047B704780B584B08D
:10BB200000AFF860B9607A6010E0BB68B3F1FF3F26
:10BB30000CD0F6F7BFF902467B68D31ABA689A426E
:10BB400002D3BB68002B01D1032307E0FB681B680D
:10BB50005B6803F40033002BE7D00023184610374E
:10BB6000BD4680BD80B485B000AF786039600023E9
:10BB7000FB607B681B685B6803F40023B3F5002F50
:10BB800003D1FB6843F00203FB607B681B685B68C2
:10BB900003F48013B3F5801F03D1FB6843F0010366
:10BBA000FB607B681B685B6803F40013B3F5001F40
:10BBB00003D1FB6843F00803FB603B68242B0BD1E7
:10BBC0007B681B68D3F8E03F4DF20D62934203D0CF
:10BBD000FB6843F00803FB603B68272B0BD17B68B5
:10BBE0001B68D3F820354DF20D62934203D0FB68F9
:10BBF00043F00803FB603B682F2B0BD17B681B686D
:10BC0000D3F880364DF20D62934203D0FB6843F0C7
:10BC10000803FB603B68202B0BD17B681B68D3F8C3
:10BC200080364DF20D62934203D0FB6843F0080367
:10BC3000FB603B68032B0DD17B681B6803F58053C9
:10BC4000D3F898324DF20D62934203D0FB6843F073
:10BC50000803FB60FB6818461437BD465DF8047B9B
:10BC6000704780B485B000AF78600B46FB70FB78FE
:10BC7000BB60BB68002B01D1202303E0BB68B3FA93
:10BC800083F3DBB2C3F12003FB607B68013BDA0086
:10BC9000FB68134418461437BD465DF8047B7047B3
:10BCA00080B487B000AFF860B9607A60FB68002BA1
:10BCB00000F09680BB68002B00F0928000237B612F
:10BCC00030E07B699B007A68D31A013BBA68134461
:10BCD0001B7819467B699B007A68D31A023BBA68C5
:10BCE00013441B781B0241EA03027B699B007968BD
:10BCF000CB1A033BB9680B441B781B0442EA0301CF
:10BD00007B699B007A68D31A043BBA6813441B789A
:10BD10001A067B699B00F86803440A431A607B6932
:10BD200001337B617B689B087A699A42C9D37B683F
:10BD300003F00303012B0ED17B699B007A68D31AB1
:10BD4000013BBA68134419787B699B00FA68134475
:10BD50000A461A6044E07B6803F00303022B18D103
:10BD60007B699B007A68D31A013BBA6813441B783D
:10BD700018467B699B007A68D31A023BBA68134461
:10BD80001B781A027B699B00F9680B4402431A6016
:10BD900026E07B6803F00303032B21D17B699B0022
:10BDA0007A68D31A013BBA6813441B7819467B6939
:10BDB0009B007A68D31A023BBA6813441B781B02B3
:10BDC00019437B699B007A68D31A033BBA68134412
:10BDD0001B781A047B699B00F86803440A431A60C5
:10BDE00000BF1C37BD465DF8047B704780B586B048
:10BDF00000AFF860B9607A600023FB75FB681B79BF
:10BE0000DBB2012B57D1FB6802221A71FB680022BA
:10BE10009A60F6F74FF83861FB681B681B6823F4DB
:10BE2000681323F47C53BA681102FA6812680B4352
:10BE30001360FB681B681A68FB681B6842F002020B
:10BE40001A603A697968F868FFF768FE0346002BC4
:10BE500015D0FB681B681A68FB681B6822F001029A
:10BE60001A60FB689B6843F00402FB689A60FB68F9
:10BE70001B681A68FB681B6842F001021A60B96807
:10BE8000F868FFF76FFE0246FB689B681A43FB6881
:10BE90009A60FB681B689A68FB681B6842F468122A
:10BEA0009A60FB6801221A71FB689B68002B04D022
:10BEB0000123FB7501E00123FB75FB7D1846183754
:10BEC000BD4680BD90B583B000AF786039603B68F7
:10BED0001A683B681B6B19787B681C681046FFF773
:10BEE000C0FE0346C4F808343B685A683B681B69C7
:10BEF00019787B681C681046FFF7B3FE0346C4F848
:10BF0000C8347B681B683A689268C3F868247B6809
:10BF10001B6803F58E603B68D9683B685B681A460E
:10BF2000FFF7BEFE7B681B683A68526803329208CE
:10BF30001C3202F58072002143F822107B681B68D6
:10BF40003A685268033292081D3202F5807200216D
:10BF500043F822107B681B6803F59A603B681969F7
:10BF60003B685B681A46FFF79BFE7B681B683A6874
:10BF7000526803329208343202F58072002143F88D
:10BF800022107B681B683A68526803329208353287
:10BF900002F58072002143F822107B681B6803F5CC
:10BFA000CF603B6859693B685B681A46FFF778FECB
:10BFB0007B681B683A685268033292089E3202F529
:10BFC0008072002143F822107B681B683A6852682F
:10BFD000033292089F3202F58072002143F822104A
:10BFE0007B681B6803F5DA603B6899693B685B68AE
:10BFF0001A46FFF755FE7B681B683A6852680332A1
:10C000009208B43202F58072002143F822107B6856
:10C010001B683A68526803329208B53202F58072A2
:10C02000002143F822107B681B6803F597531833EF
:10C030003A68D1693A6852681846FFF731FE7B6862
:10C040001B683A6852680332920802F2BE3202F567
:10C050008072002143F822107B681B683A6852689E
:10C060000332920802F2BF3202F58072002143F8D7
:10C0700022107B681B6803F59A5310333A68116AE3
:10C080003A6852681846FFF70BFE7B681B683A68EF
:10C0900052680332920802F5757202F5807200212F
:10C0A00043F822107B681B683A6852680332920892
:10C0B00002F2D53202F58072002143F822107B682B
:10C0C0001B6803F587503B68596A3B681B681A4632
:10C0D000FFF7E6FD7B681B683A6812680332920836
:10C0E00002F54E7202F58072002143F822107B683F
:10C0F0001B683A6812680332920802F2393202F57C
:10C100008072002143F822107B681B6803F66840A8
:10C110003B68996A3B681B681A46FFF7C1FD7B685C
:10C120001B683A6812680332920802F21A2202F57A
:10C130008072002143F822107B681B683A681268FD
:10C140000332920802F21B2202F58072002143F8AA
:10C1500022107B681B6803F59D5308333A68D16A47
:10C160003A6812681846FFF79BFD7B681B683A68BF
:10C1700012680332920802F2EA3202F5807200215C
:10C1800043F822107B681B683A68126803329208F1
:10C1900002F2EB3202F58072002143F822107B6834
:10C1A0001B6803F5845308333A68116B3A681268C8
:10C1B0001846FFF775FD7B681B683A681268033202
:10C1C000920802F2223202F58072002143F8221016
:10C1D0007B681B683A6812680332920802F22332C5
:10C1E00002F58072002143F8221000BF0C37BD46D3
:10C1F00090BD80B584B000AFF860B9603B60134675
:10C20000FB7116E0BB69B3F1FF3F12D0F5F752FEA8
:10C2100002463B68D31ABA699A4202D3BB69002B23
:10C2200007D1FB6801221A71FB6804229A6003237C
:10C230000FE0FB681B685A68BB681340BA689A42F3
:10C240000CBF01230023DBB21A46FB799A42D9D0F6
:10C25000002318461037BD4680BD000080B400AFF3
:10C26000054B9B6A044A43F00103936200BFBD463D
:10C270005DF8047B704700BF0008024680B483B0BD
:10C2800000AF78600B46FB70114B1B68104A23F01F
:10C29000070313600F4B1B690E4A43F0040313613D
:10C2A000FB78012B01D130BF05E0FB78032B01D0D7
:10C2B00040BF20BF20BF074B1B69064A23F0040381
:10C2C000136100BF0C37BD465DF8047B704700BFAB
:10C2D0000008024600ED00E080B485B000AF786051
:10C2E000394BDB6B03F44033BB60BA687B689A421E
:10C2F0000BD17B68B3F5803F05D9334BDB68324AFD
:10C3000043F48023D360002357E07B68B3F5803F7C
:10C310000AD92D4BDB6823F4E0227B6813432A4AB9
:10C3200043F48023D36007E0274BDB6823F4E0224B
:10C3300025497B681343CB60244B1B68244AA2FB2E
:10C3400003239B09322202FB03F3214AA2FB0323AE
:10C350009B090133FB6002E0FB68013BFB601A4B69
:10C36000DB6803F40043002B02D1FB68002BF3D100
:10C37000FB68002B1BD0154B1B68154AA2FB03233F
:10C380009B09322202FB03F3114AA2FB03239B0900
:10C390000133FB6002E0FB68013BFB600A4BDB6B97
:10C3A00003F40043002B02D1FB68002BF3D1FB68A0
:10C3B000002B01D1032300E0002318461437BD46AB
:10C3C0005DF8047B704700BF00080246501A002049
:10C3D000D34D621080B400AF044BDB6B03F44033E9
:10C3E0001846BD465DF8047B704700BF0008024652
:10C3F00080B485B000AF7860224B1B68224AA2FB54
:10C4000003239B09322202FB03F31F4AA2FB0323EF
:10C410009B090133FB607B68002B13D11B4B9B688E
:10C420001A4A23F00203936002E0FB68013BFB60C1
:10C43000164BDB6B03F00203022B16D1FB68002BBB
:10C44000F3D112E0114B9B68104A43F00203936052
:10C4500002E0FB68013BFB600C4BDB6B03F002036B
:10C46000002B02D1FB68002BF3D1FB68002B01D11C
:10C47000032300E0002318461437BD465DF8047B13
:10C48000704700BF501A0020D34D621000080246CA
:10C4900080B400AF054B1B69044A43F0005313619D
:10C4A00000BFBD465DF8047B704700BF0008024630
:10C4B00080B400AF054B1B69044A43F0804313610D
:10C4C00000BFBD465DF8047B704700BF0008024610
:10C4D00080B400AF054BDB6A044A43F00103D3622A
:10C4E00000BFBD465DF8047B704700BF00080246F0
:10C4F00080B58EB000AF7860002387F837307B6856
:10C50000002B02D1012300F0C8BE994BDB6903F078
:10C510000C033B63964B9B6A03F00303FB627B684F
:10C520001B6803F01003002B00F06C813B6B002BA9
:10C5300007D03B6B0C2B40F0DE80FB6A012B40F0F8
:10C54000DA807B68DB69002B02D1012300F0A5BEF5
:10C550007B685A6A864B9B6803F40003002B04D067
:10C56000834B9B6803F0704305E0814BD3F8F430B4
:10C570001B0403F07043934255D23B6B002B0AD14E
:10C580007B685B6A184601F0DDF90346002B02D098
:10C59000012300F082BE764B9B68754A43F400038A
:10C5A0009360734B9B6823F070427B685B6A7049B1
:10C5B00013438B607B685B6AB3F1404F09D36C4BCC
:10C5C000DB6823F01F027B681B6A69491343CB6059
:10C5D0007EE07B685B6A002B0ADA654BDB6823F43C
:10C5E00078727B681B6A5B0161491343CB606FE023
:10C5F0007B685B6AB3F1804F0AD35D4BDB6823F441
:10C60000F8427B681B6A9B0259491343CB605FE089
:10C61000574BDB6823F478227B681B6ADB035449A1
:10C620001343CB6054E0524B9B68514A43F40003E0
:10C6300093604F4B9B6823F070427B685B6A4C4968
:10C6400013438B607B685B6AB3F1404F09D3484B5F
:10C65000DB6823F01F027B681B6A45491343CB60EC
:10C6600028E07B685B6A002B0ADA414BDB6823F425
:10C6700078727B681B6A5B013D491343CB6019E00C
:10C680007B685B6AB3F1804F0AD3394BDB6823F4D4
:10C69000F8427B681B6A9B0235491343CB6009E073
:10C6A000334BDB6823F478227B681B6ADB03304959
:10C6B0001343CB603B6B002B0AD17B685B6A184647
:10C6C00001F040F90346002B02D0012300F0E5BD44
:10C6D00001F0E2F8274B1B681846F5F775FB034697
:10C6E00087F8273097F82730002B00F08A8097F8DA
:10C6F000273000F0D2BD7B68DB69002B66D01C4B75
:10C700001B681B4A43F001031360F5F7D3FBB862C3
:10C7100009E0F5F7CFFB0246BB6AD31A022B02D918
:10C72000032300F0BABD124B1B6803F00403002B77
:10C73000EFD00F4B9B680E4A43F4000393600C4B01
:10C740009B6823F070427B685B6A094913438B60E6
:10C750007B685B6AB3F1404F0ED3054BDB6823F077
:10C760001F027B681B6A02491343CB604AE000BF8B
:10C77000000C0246541A00207B685B6A002B0ADA20
:10C78000984BDB6823F478727B681B6A5B019549E0
:10C790001343CB6036E07B685B6AB3F1804F0AD30A
:10C7A000904BDB6823F4F8427B681B6A9B028D493F
:10C7B0001343CB6026E08B4BDB6823F478227B6845
:10C7C0001B6ADB0387491343CB601BE0854B1B6867
:10C7D000844A23F001031360F5F76CFBB86209E0AB
:10C7E000F5F768FB0246BB6AD31A022B02D9032372
:10C7F00000F053BD7B4B1B6803F00403002BEFD10B
:10C8000000E000BF7B681B6803F00103002B00F011
:10C810008B803B6B082B05D03B6B0C2B09D1FB6A43
:10C82000032B06D17B685B68002B7DD1012300F0D0
:10C8300034BD7B685B68B3F5803F06D1694B1B68EC
:10C84000684A43F48033136041E07B685B68B3F56A
:10C85000A02F12D1634B1B68624A43F480231360FC
:10C86000604B1B685F4A23F4801313605D4B1B68A9
:10C870005C4A43F48033136029E07B685B68B3F55E
:10C88000A81F12D1574B1B68564A43F480231360EC
:10C89000544B1B68534A43F480131360514B1B687D
:10C8A000504A43F48033136011E04E4B1B684D4AED
:10C8B00023F4803313604B4B1B684A4A23F48023D4
:10C8C0001360484B1B68474A23F4801313607B684E
:10C8D0005B68002B14D0F5F7EDFAB86209E0F5F7C4
:10C8E000E9FA0246BB6AD31A642B02D9032300F08B
:10C8F000D4BC3C4B1B6803F40033002BEFD013E097
:10C90000F5F7D8FAB86209E0F5F7D4FA0246BB6A3F
:10C91000D31A642B02D9032300F0BFBC314B1B6830
:10C9200003F40033002BEFD17B681B6803F0020394
:10C93000002B5FD03B6B042B05D03B6B0C2B14D131
:10C94000FB6A022B11D17B68DB68002B02D101232B
:10C9500000F0A3BC234B1B6923F4F8127B681B690E
:10C960001B04204913430B6144E07B68DB68002B08
:10C9700024D01C4B1B681B4A43F480731360F5F7EB
:10C9800099FAB86209E0F5F795FA0246BB6AD31A3C
:10C99000022B02D9032300F080BC124B1B6803F466
:10C9A0008063002BEFD00F4B1B6923F4F8127B68D8
:10C9B0001B691B040B4913430B611BE0094B1B68EC
:10C9C000084A23F480731360F5F774FAB8620BE039
:10C9D000F5F770FA0246BB6AD31A022B04D9032377
:10C9E00000F05BBC000C0246AF4B1B6803F4806395
:10C9F000002BEDD17B681B6803F00803002B00F0CF
:10CA0000C880002387F83630A74BD3F8943003F062
:10CA10000403002B11D1A44BD3F89430A24A43F065
:10CA20000403C2F89430A04BD3F8943003F004030D
:10CA30007B617B69012387F836309C4B9B6A03F04E
:10CA40000103002B19D1994B9B6A984A43F00103CB
:10CA50009362F5F72FFAB86209E0F5F72BFA024670
:10CA6000BB6AD31A022B02D9032300F016BC8F4BEA
:10CA70009B6A03F00103002BEFD07B685B69002BFE
:10CA80005FD0894BD3F8F0303B627B689A693B6A90
:10CA900003F080539A4237D03B6A03F00063002BC7
:10CAA00006D03B6A03F08063002B01D10123F4E33D
:10CAB0003B6A03F08063002B1BD07B4BD3F8F03034
:10CAC000794A23F0A053C2F8F030F5F7F3F9B862D1
:10CAD00008E0F5F7EFF90246BB6AD31A052B01D936
:10CAE0000323DAE3704BD3F8F03003F00063002B3C
:10CAF000EFD16D4BD3F8F03023F080527B689B6907
:10CB000069491343C1F8F030674BD3F8F030664AF7
:10CB100043F08063C2F8F030F5F7CCF9B86208E072
:10CB2000F5F7C8F90246BB6AD31A052B01D90323CE
:10CB3000B3E35D4BD3F8F03003F00063002BEFD08C
:10CB40001BE0594BD3F8F030574A23F0A053C2F8FA
:10CB5000F030F5F7AFF9B86208E0F5F7ABF9024647
:10CB6000BB6AD31A052B01D9032396E34E4BD3F8A6
:10CB7000F03003F00063002BEFD197F83630012B33
:10CB800007D1494BD3F89430474A23F00403C2F845
:10CB900094307B681B6803F00403002B00F01181C4
:10CBA000002387F83530404BD3F8943003F004036A
:10CBB000002B11D13C4BD3F894303B4A43F0040393
:10CBC000C2F89430384BD3F8943003F004033B613F
:10CBD0003B69012387F83530344B9B6A03F001032E
:10CBE000002B18D1314B9B6A304A43F0010393620A
:10CBF000F5F760F9B86208E0F5F75CF90246BB6A40
:10CC0000D31A022B01D9032347E3284B9B6A03F075
:10CC10000103002BF0D07B689B6803F00103002B1D
:10CC20001FD07B689B6803F00403002B10D01E4BC1
:10CC3000D3F8F0301C4A43F00403C2F8F0301A4B2A
:10CC4000D3F8F030184A43F00103C2F8F03018E08E
:10CC5000154BD3F8F030144A43F00103C2F8F0301A
:10CC60000FE0114BD3F8F0300F4A23F00103C2F864
:10CC7000F0300D4BD3F8F0300B4A23F00403C2F828
:10CC8000F0307B689B68002B57D0F5F713F9B8623A
:10CC90000EE0F5F70FF90246BB6AD31A41F288326B
:10CCA000934205D90323F8E2000C0246000802462D
:10CCB0009C4BD3F8F03003F00203002BE9D07B68E3
:10CCC0009B6803F08003002B1BD0964BD3F8F03009
:10CCD000944A43F08003C2F8F0300AE0F5F7EAF82E
:10CCE0000246BB6AD31A41F28832934201D9032328
:10CCF000D3E28C4BD3F8F03003F40063002BEDD07B
:10CD000053E0884BD3F8F030864A23F08003C2F812
:10CD1000F0300AE0F5F7CEF80246BB6AD31A41F2CA
:10CD20008832934201D90323B7E27E4BD3F8F03027
:10CD300003F40063002BEDD137E0F5F7BBF8B862E0
:10CD40000AE0F5F7B7F80246BB6AD31A41F2883217
:10CD5000934201D90323A0E2724BD3F8F03003F0E1
:10CD60000203002BEDD16F4BD3F8F03003F08003BA
:10CD7000002B1AD06B4BD3F8F0306A4A23F08003B3
:10CD8000C2F8F0300AE0F5F795F80246BB6AD31A0C
:10CD900041F28832934201D903237EE2614BD3F8FA
:10CDA000F03003F40063002BEDD197F83530012B00
:10CDB00007D15C4BD3F894305A4A23F00403C2F8ED
:10CDC00094307B681B6803F02003002B36D07B680F
:10CDD000DB6A002B19D0534B1B68524A43F4805333
:10CDE0001360F5F767F8B86208E0F5F763F80246F4
:10CDF000BB6AD31A022B01D903234EE2494B1B68AD
:10CE000003F40053002BF0D018E0464B1B68454A52
:10CE100023F480531360F5F74DF8B86208E0F5F796
:10CE200049F80246BB6AD31A022B01D9032334E224
:10CE30003C4B1B6803F40053002BF0D17B681B684C
:10CE400003F08003002B36D07B681B6B002B19D0BE
:10CE5000344B1B68334A43F480431360F5F72AF8D8
:10CE6000B86208E0F5F726F80246BB6AD31A022B2F
:10CE700001D9032311E22B4B1B6803F40043002B61
:10CE8000F0D018E0274B1B68264A23F48043136038
:10CE9000F5F710F8B86208E0F5F70CF80246BB6A3F
:10CEA000D31A022B01D90323F7E11E4B1B6803F4AD
:10CEB0000043002BF0D17B681B6803F04003002B7C
:10CEC0007FD07B685B6B002B62D0164B9B68154A4A
:10CED00043F400039360134B9B6823F070627B68FC
:10CEE0009B6A104913438B607B685B6AB3F1404FC8
:10CEF00009D30C4BDB6823F01F027B681B6A0949CE
:10CF00001343CB602AE07B685B6A002B0CDA054B8D
:10CF1000DB6823F478727B681B6A5B010149134369
:10CF2000CB601BE0000C02467B685B6AB3F1804F6C
:10CF30000AD3A14BDB6823F4F8427B681B6A9B028F
:10CF40009D491343CB6009E09B4BDB6823F47822B7
:10CF50007B681B6ADB0398491343CB60964B1B68C5
:10CF6000954A43F010031360F4F7A4FFB86208E099
:10CF7000F4F7A0FF0246BB6AD31A022B01D90323A0
:10CF80008BE18D4B1B6803F02003002BF0D018E0E1
:10CF9000894B1B68884A23F010031360F4F78AFF5B
:10CFA000B86208E0F4F786FF0246BB6AD31A022B88
:10CFB00001D9032371E1804B1B6803F02003002B90
:10CFC000F0D17B689B6B002B00F06681002387F813
:10CFD0003430794BDB6903F00C030C2B00F0F2804A
:10CFE0007B689B6B022B40F0C580734B1B68724AB9
:10CFF00023F080731360F4F75DFFB86208E0F4F784
:10D0000059FF0246BB6AD31A022B01D9032344E11C
:10D01000694B1B6803F00073002BF0D1664BD3F80B
:10D02000943003F00403002B11D1634BD3F89430F8
:10D03000614A43F00403C2F894305F4BD3F8943054
:10D0400003F00403FB60FB68012387F834305B4B7B
:10D05000DB6803F48023B3F5802F02D1012387F826
:10D060003730564BDB68554A23F48023D360524B4C
:10D070009B6A23F47F4323F003037A68D16B7A68B9
:10D08000126C013A120211437A68526C0A434A49FF
:10D0900013438B62484B5A6B494B13407A68926C2E
:10D0A000013AC2F308017A68D26C013A520292B294
:10D0B00011437A68126D013A120402F4FE02114320
:10D0C0007A68526D013A120602F0FE420A433A496A
:10D0D00013434B63384B9B6A374A23F01003936228
:10D0E0007B68DB6D344ADB009363334B9B6A324AC7
:10D0F00043F010039362304B9B6A23F00C027B6871
:10D100009B6D2D4913438B6297F83730012B05D166
:10D110002A4BDB68294A43F48023D36097F83430E4
:10D12000012B07D1244BD3F89430234A23F0040376
:10D13000C2F89430204B1B681F4A43F08073136081
:10D14000F4F7B8FEB86208E0F4F7B4FE0246BB6A32
:10D15000D31A022B01D903239FE0174B1B6803F05E
:10D160000073002BF0D0144B9B6A134A43F48023C6
:10D17000936291E0104B1B680F4A23F08073136099
:10D18000F4F798FEB86208E0F4F794FE0246BB6A32
:10D19000D31A022B01D903237FE0074B1B6803F04E
:10D1A0000073002BF0D1044B9B6A034A23F4E02365
:10D1B00023F0030393626FE0000C0246000802466E
:10D1C00000008080374B9B6AFB61364B5B6BBB6119
:10D1D0007B689B6B012B39D0FB6903F003027B68F2
:10D1E000DB6B9A4232D1FB691B0A03F00F027B68AA
:10D1F0001B6C013B9A4229D1FB6903F470427B68A6
:10D200005B6C9A4222D1BB69C3F308027B689B6CBA
:10D21000013B9A421AD1BB695B0A03F07F027B682B
:10D22000DB6C013B9A4211D1BB691B0C03F07F02FE
:10D230007B681B6D013B9A4208D1BB691B0E03F052
:10D240007F027B685B6D013B9A4201D0012324E0A1
:10D25000144B9B6BDB08C3F30C027B68DB6D9A42BB
:10D260001AD0104B9B6A0F4A23F010039362F4F715
:10D2700021FEB86200BFF4F71DFE0246BB6A93426E
:10D28000F9D07B68DB6D074ADB009363054B9B6A33
:10D29000044A43F010039362002318463837BD4612
:10D2A00080BD00BF000C024680B586B000AF78603C
:10D2B00039607B68002B01D10123D9E19B4B1B68AE
:10D2C00003F00F033A689A4210D9984B1B6823F079
:10D2D0000F0296493B6813430B60944B1B6803F0A5
:10D2E0000F033A689A4201D00123C1E17B681B68B1
:10D2F00003F01003002B10D07B685A698C4B5B6ADB
:10D3000003F070039A4208D9894B5B6A23F07002DC
:10D310007B685B69864913434B627B681B6803F03B
:10D320000803002B12D07B681A69814B1B6A1B090A
:10D3300003F070039A4209D97D4B1B6A23F4E06223
:10D340007B681B691B017A4913430B627B681B686E
:10D3500003F00403002B10D07B68DA68744B1B6A5F
:10D3600003F070039A4208D9714B1B6A23F07002D4
:10D370007B68DB686E4913430B627B681B6803F0B4
:10D380000203002B10D07B689A68694B1B6A03F07C
:10D390000F039A4208D9664B1B6A23F00F027B6881
:10D3A0009B68634913430B627B681B6803F00103AE
:10D3B000002B00F0D2800023FB757B685B68032B99
:10D3C00043D15B4BD3F8943003F00403002B10D10E
:10D3D000574BD3F89430564A43F00403C2F89430C4
:10D3E000534BD3F8943003F00403BB60BB680123B4
:10D3F000FB75F4F75FFD38614E4BDB6803F4802367
:10D40000002B0FD008E0F4F755FD02463B69D31A14
:10D41000022B01D903232BE1464BDB6803F4804345
:10D42000002BF0D0FB7D012B07D1414BD3F894307A
:10D430003F4A23F00403C2F894303D4B1B6803F0CD
:10D440000073002B21D1012312E17B685B68022B62
:10D4500007D1374B1B6803F40033002B15D1012390
:10D4600006E17B685B68002B07D1314B1B6803F03A
:10D470000403002B09D10123FAE02D4B1B6803F4B0
:10D480008063002B01D10123F2E0294BDB6923F0FB
:10D4900003027B685B6826491343CB61F4F70AFDFE
:10D4A00038617B685B68032B12D10AE0F4F702FD58
:10D4B00002463B69D31A41F28832934201D90323D1
:10D4C000D6E01B4BDB6903F00C030C2BEED144E0E0
:10D4D0007B685B68022B12D10AE0F4F7EBFC024692
:10D4E0003B69D31A41F28832934201D90323BFE04A
:10D4F0000F4BDB6903F00C03082BEED12DE07B68AA
:10D500005B68002B23D10AE0F4F7D4FC02463B69A8
:10D51000D31A41F28832934201D90323A8E0044B85
:10D52000DB6903F00C03002BEED116E00020024073
:10D53000000C024600080246F4F7BCFC02463B69B8
:10D54000D31A41F28832934201D9032390E04A4B27
:10D55000DB6903F00C03042BEED17B681B6803F03E
:10D560000203002B10D07B689A68434B1B6A03F0C0
:10D570000F039A4208D2404B1B6A23F00F027B68CC
:10D580009B683D4913430B623C4B1B6803F00F0340
:10D590003A689A4210D2394B1B6823F00F02374980
:10D5A0003B6813430B60354B1B6803F00F033A686D
:10D5B0009A4201D001235BE07B681B6803F00403FF
:10D5C000002B10D07B68DA682B4B1B6A03F07003CA
:10D5D0009A4208D2284B1B6A23F070027B68DB68F2
:10D5E000254913430B627B681B6803F00803002B7B
:10D5F00012D07B681A69204B1B6A1B0903F0700369
:10D600009A4209D21C4B1B6A23F4E0627B681B69B7
:10D610001B01194913430B627B681B6803F010035D
:10D62000002B10D07B685A69134B5B6A03F07003C0
:10D630009A4208D2104B5B6A23F070027B685B69E8
:10D640000D4913434B6200F021F802460A4B1B6A56
:10D6500003F00F030A49CB5C22FA03F3094A136073
:10D66000094B1B681846F4F7AFFB0346FB73FB7BC3
:10D6700018461837BD4680BD000C02460020024007
:10D6800098C50208501A0020541A002080B48BB0AC
:10D6900000AF00237B6200233B62784BDB6903F021
:10D6A0000C03BB61754B9B6A03F003037B61BB6991
:10D6B000002B05D0BB690C2B21D17B69012B1ED11E
:10D6C0006E4B9B6803F40003002B07D16B4BD3F820
:10D6D000F4301B0B03F00F037B6205E0674B9B6884
:10D6E0001B0F03F00F037B62654A7B6A52F82330FD
:10D6F0007B62BB69002B10D17B6A3B620DE05F4B04
:10D70000DB6903F00C03042B02D15E4B3B6204E0A7
:10D71000BB69082B01D15C4B3B62BB690C2B40F011
:10D72000A580564B9B6A03F003033B61534B9B6AF6
:10D730001B0A03F00F030133FB60504B9B6A1B096C
:10D7400003F00103BB604D4B9B6BDB08C3F30C0381
:10D75000BA6802FB03F307EE903AF8EE677AC7ED7A
:10D76000017A3B69022B03D03B69032B22D043E0B3
:10D77000FB6807EE903AF8EE677ADFED446A86EED2
:10D78000A77A3E4B5B6BC3F3080307EE903AF8EEC3
:10D79000676A97ED016ADFED3E5AC6EE257A76EEAE
:10D7A000A77AF7EE006A77EEA67A67EE277AC7EDDA
:10D7B000077A46E0FB6807EE903AF8EE677ADFED0D
:10D7C000356A86EEA77A2D4B5B6BC3F3080307EE31
:10D7D000903AF8EE676A97ED016ADFED2D5AC6EED2
:10D7E000257A76EEA77AF7EE006A77EEA67A67EEEC
:10D7F000277AC7ED077A24E07B6A07EE903AF8EEC5
:10D80000676AFB6807EE903AF8EE677A86EEA77AC9
:10D810001A4B5B6BC3F3080307EE903AF8EE676AA6
:10D8200097ED016ADFED1A5AC6EE257A76EEA77AF1
:10D83000F7EE006A77EEA67A67EE277AC7ED077AE9
:10D8400000BF0E4B5B6B1B0E03F07F0301333B608D
:10D850003B6807EE903AB8EE677AD7ED076AC6EEF6
:10D86000877AFCEEE77A17EE903A3B623B6A1846FD
:10D870002C37BD465DF8047B704700BF000C0246A4
:10D88000B0C502080024F400006CDC020024744BD4
:10D8900000000046001B374C80B500AFFFF7F6FED6
:10D8A0000246074B1B6A03F00F030649CB5C22FAC2
:10D8B00003F3054A1360044B1B68184680BD00BF84
:10D8C000000C024698C50208501A002080B500AF2F
:10D8D000FFF7E2FF0246054B1B6A1B0903F0070333
:10D8E0000349CB5C22FA03F3184680BD000C0246C4
:10D8F000A8C5020880B500AFFFF7CEFF0246054B72
:10D900001B6A1B0A03F007030349CB5C22FA03F3EB
:10D91000184680BD000C0246A8C5020880B500AFBD
:10D92000FFF7BAFF0246054B5B6A1B0903F00703CA
:10D930000349CB5C22FA03F3184680BD000C024673
:10D94000A8C5020880B586B000AF78603E4BD3F81A
:10D95000943003F00403002B03D0FEF73BFD786105
:10D9600019E0394BD3F89430374A43F00403C2F836
:10D970009430354BD3F8943003F00403FB60FB681C
:10D98000FEF728FD7861304BD3F894302E4A23F00F
:10D990000403C2F894307B69B3F5403F03D07B6940
:10D9A000B3F5003F09D17B68B3F1805F02D2012358
:10D9B0003B6133E000233B6130E07B68B3F1805F83
:10D9C00008D27B69B3F5803F02D103233B6125E098
:10D9D000012335E07B68B3F1005F0FD97B69002B31
:10D9E00009D17B68B3F1405F02D900233B6115E0A8
:10D9F00001233B6112E000233B610FE07B68B3F140
:10DA0000805F09D17B69B3F5803F02D101233B617F
:10DA100004E002233B6101E001233B610B4B1B68E7
:10DA200023F00F0209493B6913430B60074B1B6846
:10DA300003F00F033A699A4201D0012300E000236A
:10DA400018461837BD4680BD000C02460020024033
:10DA50002DE9B04FBAB000AFC7F8D400002387F863
:10DA6000E330002387F8E230D7F8D430D3E900233D
:10DA700002F00104002554EA05030BD0CB4BD3F888
:10DA8000E03023F00301D7F8D4301B6DC74A0B43B5
:10DA9000C2F8E030D7F8D430D3E9002302F002080E
:10DAA0004FF0000958EA09030BD0C04BD3F8E0301F
:10DAB00023F00C01D7F8D4305B6DBC4A0B43C2F89D
:10DAC000E030D7F8D430D3E9002302F0040A4FF055
:10DAD000000B5AEA0B030BD0B44BD3F8E03023F021
:10DAE0003001D7F8D4309B6DB04A0B43C2F8E03018
:10DAF000D7F8D430D3E9002302F00803C7F8C830C0
:10DB00000023C7F8CC30D7E932120B4613430BD0B1
:10DB1000A64BD3F8E03023F0C001D7F8D430DB6D4A
:10DB2000A24A0B43C2F8E030D7F8D430D3E900233F
:10DB300002F01003C7F8C0300023C7F8C430D7E99B
:10DB400030120B4613430BD0984BD3F8E03023F43C
:10DB50004071D7F8D4301B6E944A0B43C2F8E030C2
:10DB6000D7F8D430D3E9002302F02003C7F8B83047
:10DB70000023C7F8BC30D7E92E120B4613430BD055
:10DB80008A4BD3F8E83023F00701D7F8D4305B6E26
:10DB9000864A0B43C2F8E830D7F8D430D3E90023E3
:10DBA00002F04003C7F8B0300023C7F8B430D7E91B
:10DBB0002C120B4613430BD07C4BD3F8E03023F4EC
:10DBC0004061D7F8D4309B6E784A0B43C2F8E030FE
:10DBD000D7F8D430D3E9002302F08003C7F8A83087
:10DBE0000023C7F8AC30D7E92A120B4613430BD0F9
:10DBF0006E4BD3F8E03023F44051D7F8D430DB6ECD
:10DC00006A4A0B43C2F8E030D7F8D430D3E9002396
:10DC100002F48073C7F8A0300023C7F8A430D7E916
:10DC200028120B4613430BD0604BD3F8E83023F097
:10DC3000C001D7F8D4301B6F5C4A0B43C2F8E83000
:10DC4000D7F8D430D3E9002302F48003C7F8983022
:10DC50000023C7F89C30D7E926120B4613430BD09C
:10DC6000524BD3F8E03023F44041D7F8D4305B6F07
:10DC70004E4A0B43C2F8E030D7F8D430D3E9002342
:10DC800002F40073C7F890300023C7F89430D7E946
:10DC900024120B4613430BD0444BD3F8E83023F443
:10DCA0004061D7F8D4309B6F404A0B43C2F8E8304C
:10DCB000D7F8D430D3E9002302F48063C7F8883062
:10DCC0000023C7F88C30D7E922120B4613430BD040
:10DCD000364BD3F8E03023F44021D7F8D430DB6F53
:10DCE000324A0B43C2F8E030D7F8D430D3E90023EE
:10DCF00002F40063C7F880300023C7F88430D7E906
:10DD000020120B4613430CD0284BD3F8E83023F4F1
:10DD10004071D7F8D430D3F88030244A0B43C2F88E
:10DD2000E830D7F8D430D3E9002302F40053BB67BE
:10DD30000023FB67D7E91E120B4613434FD0D7F8D9
:10DD4000D430D3F89030802B2DD0802B27D8602B67
:10DD50002ED0602B23D8402B06D0402B1FD8002B71
:10DD600009D0202B11D01AE0104B9B6A0F4A43F4C4
:10DD7000803393621DE0D7F8D4300833184602F0A0
:10DD800021FA034687F8E33013E0D7F8D4302C3378
:10DD9000184602F0AFFA034687F8E33009E00123A2
:10DDA00087F8E33005E000BF03E000BF000C024647
:10DDB00000BF97F8E330002B0DD1B64BD3F8E43019
:10DDC00023F0E001D7F8D430D3F89030B14A0B43B8
:10DDD000C2F8E43003E097F8E33087F8E230D7F890
:10DDE000D430D3E9002302F480433B6700237B67F0
:10DDF000D7E91C120B46134353D0D7F8D430D3F8CD
:10DE00009430B3F5806F33D0B3F5806F2CD8B3F571
:10DE1000407F2FD0B3F5407F26D8B3F5007F08D0E0
:10DE2000B3F5007F20D8002B0AD0B3F5807F11D046
:10DE30001AE0984B9B6A974A43F4803393621AE046
:10DE4000D7F8D4300833184602F0BCF9034687F8F7
:10DE5000E33010E0D7F8D4302C33184602F04AFAF9
:10DE6000034687F8E33006E0012387F8E33002E059
:10DE700000BF00E000BF97F8E330002B0DD1854BC9
:10DE8000D3F8E43023F4E061D7F8D430D3F89430F9
:10DE9000804A0B43C2F8E43003E097F8E33087F898
:10DEA000E230D7F8D430D3E9002302F40043BB6654
:10DEB0000023FB66D7E91A120B46134346D0D7F866
:10DEC000D430D3F8A830B3F5A04F28D0B3F5A04F85
:10DED00021D8B3F5804F22D0B3F5804F1BD8B3F5CE
:10DEE000405F1CD0B3F5405F15D8B3F5005F08D094
:10DEF000B3F5005F0FD8002B11D0B3F5805F0ED0C3
:10DF000009E0D7F8D4300833184602F05BF903462D
:10DF100087F8E33004E0012387F8E33000E000BF36
:10DF200097F8E330002B0DD15A4BD3F8E83023F4A7
:10DF3000E041D7F8D430D3F8A830564A0B43C2F8A2
:10DF4000E83003E097F8E33087F8E230D7F8D430D0
:10DF5000D3E9002302F480333B6600237B66D7E9D4
:10DF600018120B4613433FD0D7F8D430D3F888307B
:10DF7000042B1ED801A252F823F000BFBBDF01081A
:10DF800091DF01089FDF0108BBDF0108BBDF01084B
:10DF9000404B9B6A3F4A43F4803393620EE0D7F8CC
:10DFA000D4302C33184602F0A5F9034687F8E33045
:10DFB00004E0012387F8E33000E000BF97F8E33086
:10DFC000002B0DD1334BD3F8E43023F00701D7F801
:10DFD000D430D3F888302F4A0B43C2F8E43003E042
:10DFE00097F8E33087F8E230D7F8D430D3E900234C
:10DFF00002F40033BB650023FB65D7E916120B461C
:10E0000013434DD0D7F8D430D3F88C30B3F5802FEC
:10E0100028D0B3F5802F21D8B3F5403F24D0B3F5F5
:10E02000403F1BD8B3F5003F0ED0B3F5003F15D8E5
:10E03000002B1BD0B3F5803F10D1164B9B6A154ABD
:10E0400043F48033936212E0D7F8D4302C3318466F
:10E0500002F050F9034687F8E33008E0012387F81F
:10E06000E33004E000BF02E000BF00E000BF97F82B
:10E07000E330002B10D1074BD3F8E83023F4E02134
:10E08000D7F8D430D3F88C30024A0B43C2F8E830CA
:10E0900006E000BF000C024697F8E33087F8E23054
:10E0A000D7F8D430D3E9002302F480233B65002362
:10E0B0007B65D7E914120B46134300F0B5800023AB
:10E0C00087F8E1309D4BD3F8943003F00403002B24
:10E0D00013D19A4BD3F89430984A43F00403C2F812
:10E0E0009430964BD3F8943003F00403C7F8D8303B
:10E0F000D7F8D830012387F8E130914B9B6A904ADA
:10E1000043F001039362F3F7D5FEC7F8DC000BE0A0
:10E11000F3F7D0FE0246D7F8DC30D31A022B03D92E
:10E12000032387F8E33005E0854B9B6A03F0010386
:10E13000002BEDD097F8E330002B65D17F4BD3F85F
:10E14000F03003F44073C7F8E430D7F8E430002B24
:10E1500023D0D7F8D430D3F8C020D7F8E430934296
:10E160001BD0764BD3F8F03023F44073C7F8E4307B
:10E17000724BD3F8F030714A43F48033C2F8F03078
:10E180006E4BD3F8F0306D4A23F48033C2F8F03090
:10E190006A4AD7F8E430C2F8F030D7F8E43003F038
:10E1A0000103002B19D0F3F785FEC7F8DC000DE062
:10E1B000F3F780FE0246D7F8DC30D21A41F28833FA
:10E1C0009A4203D9032387F8E33006E05B4BD3F888
:10E1D000F03003F00203002BEAD097F8E330002B75
:10E1E0000DD1564BD3F8F03023F44071D7F8D4302A
:10E1F000D3F8C030514A0B43C2F8F03008E097F82A
:10E20000E33087F8E23003E097F8E33087F8E23054
:10E2100097F8E130012B07D1484BD3F89430474AA7
:10E2200023F00403C2F89430D7F8D430D3E90023A4
:10E2300002F48013BB640023FB64D7E912120B467F
:10E24000134342D0D7F8D430D3F8A030B3F1406FA5
:10E2500022D0B3F1406F1BD8B3F1006F11D0B3F1EE
:10E26000006F15D8002B19D0B3F1806F10D1D7F8FB
:10E27000D4300833184601F0A5FF034687F8E33091
:10E280000DE02E4B9B6A2D4A43F40033936206E067
:10E29000012387F8E33002E000BF00E000BF97F8F9
:10E2A000E330002B0DD1254BD3F8E03023F0406153
:10E2B000D7F8D430D3F8A030204A0B43C2F8E0306E
:10E2C00003E097F8E33087F8E230D7F8D430D3E9A9
:10E2D000002302F400233B6400237B64D7E910127F
:10E2E0000B46134332D0D7F8D430D3F89830B3F577
:10E2F000005F0BD0B3F5005F04D8002B08D0B3F556
:10E30000805F07D0012387F8E33004E000BF02E01C
:10E3100000BF00E000BF97F8E330002B12D1074B9D
:10E32000D3F8E43023F44051D7F8D430D3F8983000
:10E33000024A0B43C2F8E43008E000BF000C02467A
:10E340000008024697F8E33087F8E230D7F8D43077
:10E35000D3E9002302F48053BB630023FB63D7E9B6
:10E360000E120B4613430CD0984BD3F8E43023F431
:10E370000061D7F8D430D3F89C30944A0B43C2F8EC
:10E38000E430D7F8D430D3E9002302F400133B6320
:10E3900000237B63D7E90C120B46134319D0D7F83F
:10E3A000D430D3F8A430B3F5804F05D1874B9B6AA6
:10E3B000864A43F480339362844BD3F8E43023F4E9
:10E3C0008041D7F8D430D3F8A430804A0B43C2F848
:10E3D000E430D7F8D430D3E9002302F40003BB6261
:10E3E0000023FB62D7E90A120B4613430CD0774B8C
:10E3F000D3F8E03023F44012D7F8D430D3F8B43057
:10E4000072491343C1F8E030D7F8D430D3E9002380
:10E4100002F080733B6200237B62D7E908120B464F
:10E4200013430CD0694BD3F8E03023F44032D7F8D3
:10E43000D430D3F8B83065491343C1F8E030D7F889
:10E44000D430D3E9002302F00073BB610023FB61E9
:10E45000D7E906120B4613430CD05C4BD3F8E830D7
:10E4600023F01802D7F8D430D3F8BC3057491343FF
:10E47000C1F8E830D7F8D430D3E9002302F0806344
:10E480003B6100237B61D7E904120B46134332D072
:10E49000D7F8D430D3F8B030B3F5001F05D14B4BCB
:10E4A0009B6A4A4A43F400339362D7F8D430D3F8D6
:10E4B000B030B3F5401F08D1D7F8D4300833184630
:10E4C00001F080FE034687F8E33097F8E330002B35
:10E4D0000DD13E4BD3F8E43023F44012D7F8D430BA
:10E4E000D3F8B03039491343C1F8E43003E097F86A
:10E4F000E33087F8E230D7F8D430D3E9002302F0D4
:10E500000063BB600023FB60D7E902120B46134394
:10E510003AD0D7F8D430D3F88430B3F1007F0ED09E
:10E52000B3F1007F15D8002B17D0B3F1807F10D145
:10E53000264B9B6A254A43F4003393620EE0D7F8DA
:10E54000D4300833184601F03DFE034687F8E33027
:10E5500004E0012387F8E33000E000BF97F8E330E0
:10E56000002B0DD1194BD3F8E03023F04072D7F8CF
:10E57000D430D3F8843015491343C1F8E03003E0B8
:10E5800097F8E33087F8E230D7F8D430D3E90023A6
:10E5900002F080533B6000237B60D7E900120B46FA
:10E5A00013430CD0094BD3F8E83023F40042D7F8DA
:10E5B000D430D3F8AC3005491343C1F8E83097F8AC
:10E5C000E2301846E837BD46BDE8B08F000C024681
:10E5D00080B489B000AF7860A64B5B6BC3F30803CF
:10E5E000BB61A44B9B6A03F003037B61A14B9B6A55
:10E5F0001B0A03F00F0301333B619E4B9B6A1B090F
:10E6000003F00103FB609B4B9B6BDB08C3F30C0324
:10E61000FA6802FB03F307EE903AF8EE677AC7ED6B
:10E62000027A7B69032B62D07B69032B00F2818025
:10E630007B69012B24D07B69022B7AD13B6907EEE1
:10E64000903AF8EE677ADFED8C6A86EEA77A894B0E
:10E650005B6BC3F3080307EE903AF8EE676A97ED39
:10E66000026ADFED865AC6EE257A76EEA77AF7EED5
:10E67000006A77EEA67A67EE277AC7ED077A8FE011
:10E680007C4B9B6803F40003002B05D0794B9B68FF
:10E690001B0F03F00F0306E0764BD3F8F4301B0496
:10E6A0001B0F03F00F03764A52F8233007EE903A1F
:10E6B000F8EE676A3B6907EE903AF8EE677A86EE05
:10E6C000A77ABB6907EE903AF8EE676A97ED026A9F
:10E6D000DFED6A5AC6EE257A76EEA77AF7EE006A83
:10E6E00077EEA67A67EE277AC7ED077A58E03B699E
:10E6F00007EE903AF8EE677ADFED626A86EEA77A67
:10E700005C4B5B6BC3F3080307EE903AF8EE676A65
:10E7100097ED026ADFED595AC6EE257A76EEA77AB2
:10E72000F7EE006A77EEA67A67EE277AC7ED077AEA
:10E7300036E0504B9B6803F40003002B05D04D4B93
:10E740009B681B0F03F00F0306E04A4BD3F8F4302D
:10E750001B041B0F03F00F03494A52F8233007EE46
:10E76000903AF8EE676A3B6907EE903AF8EE677AFE
:10E7700086EEA77ABB6907EE903AF8EE676A97EDE6
:10E78000026ADFED3E5AC6EE257A76EEA77AF7EEFC
:10E79000006A77EEA67A67EE277AC7ED077A00BFA0
:10E7A000344B9B6A03F48033002B17D0314B5B6BE7
:10E7B0005B0A03F07F0307EE903AF8EE677AB7EE54
:10E7C000007A37EE877AD7ED076AC6EE877AFCEED5
:10E7D000E77A17EE902A7B681A6002E07B680022D5
:10E7E0001A60244B9B6A03F40033002B17D0214B93
:10E7F0005B6B1B0C03F07F0307EE903AF8EE677A31
:10E80000B7EE007A37EE877AD7ED076AC6EE877AD9
:10E81000FCEEE77A17EE902A7B685A6002E07B688C
:10E8200000225A60134B9B6A03F48023002B17D0FD
:10E83000104B5B6B1B0E03F07F0307EE903AF8EE74
:10E84000677AB7EE007A37EE877AD7ED076AC6EEB9
:10E85000877AFCEEE77A17EE902A7B689A6002E0EE
:10E860007B6800229A6000BF2437BD465DF8047BB8
:10E87000704700BF000C02460024744B00000046A5
:10E88000B0C50208001B374C80B489B000AF786077
:10E89000A64BDB6BC3F30803BB61A44BDB6A03F03D
:10E8A00003037B61A14BDB6A1B0A03F00F030133F7
:10E8B0003B619E4BDB6A1B0903F00103FB609B4B32
:10E8C0001B6CDB08C3F30C03FA6802FB03F307EECF
:10E8D000903AF8EE677AC7ED027A7B69032B62D033
:10E8E0007B69032B00F281807B69012B24D07B693B
:10E8F000022B7AD13B6907EE903AF8EE677ADFEDAA
:10E900008C6A86EEA77A894BDB6BC3F3080307EEAC
:10E91000903AF8EE676A97ED026ADFED865AC6EE26
:10E92000257A76EEA77AF7EE006A77EEA67A67EE9A
:10E93000277AC7ED077A8FE07C4B9B6803F40003CE
:10E94000002B05D0794B9B681B0F03F00F0306E0EB
:10E95000764BD3F8F4301B041B0F03F00F03764AF9
:10E9600052F8233007EE903AF8EE676A3B6907EEFB
:10E97000903AF8EE677A86EEA77ABB6907EE903A8E
:10E98000F8EE676A97ED026ADFED6A5AC6EE257AFD
:10E9900076EEA77AF7EE006A77EEA67A67EE277A28
:10E9A000C7ED077A58E03B6907EE903AF8EE677AD0
:10E9B000DFED626A86EEA77A5C4BDB6BC3F308037C
:10E9C00007EE903AF8EE676A97ED026ADFED595A62
:10E9D000C6EE257A76EEA77AF7EE006A77EEA67A8B
:10E9E00067EE277AC7ED077A36E0504B9B6803F451
:10E9F0000003002B05D04D4B9B681B0F03F00F034A
:10EA000006E04A4BD3F8F4301B041B0F03F00F034E
:10EA1000494A52F8233007EE903AF8EE676A3B69AC
:10EA200007EE903AF8EE677A86EEA77ABB6907EEB2
:10EA3000903AF8EE676A97ED026ADFED3E5AC6EE4D
:10EA4000257A76EEA77AF7EE006A77EEA67A67EE79
:10EA5000277AC7ED077A00BF344BDB6A03F48033B3
:10EA6000002B17D0314BDB6B5B0A03F07F0307EE03
:10EA7000903AF8EE677AB7EE007A37EE877AD7EDFC
:10EA8000076AC6EE877AFCEEE77A17EE902A7B6873
:10EA90001A6002E07B6800221A60244BDB6A03F4F0
:10EAA0000033002B17D0214BDB6B1B0C03F07F03D3
:10EAB00007EE903AF8EE677AB7EE007A37EE877A8B
:10EAC000D7ED076AC6EE877AFCEEE77A17EE902A52
:10EAD0007B685A6002E07B6800225A60134BDB6A55
:10EAE00003F48023002B17D0104BDB6B1B0E03F0BD
:10EAF0007F0307EE903AF8EE677AB7EE007A37EECA
:10EB0000877AD7ED076AC6EE877AFCEEE77A17EECA
:10EB1000902A7B689A6002E07B6800229A6000BFBE
:10EB20002437BD465DF8047B704700BF000C0246E9
:10EB30000024744B00000046B0C50208001B374C8F
:10EB400080B489B000AF7860A64B5B6CC3F3080358
:10EB5000BB61A44B1B6B03F003037B61A14B1B6BDD
:10EB60001B0A03F00F0301333B619E4B1B6B1B0918
:10EB700003F00103FB609B4B9B6CDB08C3F30C03AE
:10EB8000FA6802FB03F307EE903AF8EE677AC7EDF6
:10EB9000027A7B69032B62D07B69032B00F28180B0
:10EBA0007B69012B24D07B69022B7AD13B6907EE6C
:10EBB000903AF8EE677ADFED8C6A86EEA77A894B99
:10EBC0005B6CC3F3080307EE903AF8EE676A97EDC3
:10EBD000026ADFED865AC6EE257A76EEA77AF7EE60
:10EBE000006A77EEA67A67EE277AC7ED077A8FE09C
:10EBF0007C4B9B6803F40003002B05D0794B9B688A
:10EC00001B0F03F00F0306E0764BD3F8F4301B0420
:10EC10001B0F03F00F03764A52F8233007EE903AA9
:10EC2000F8EE676A3B6907EE903AF8EE677A86EE8F
:10EC3000A77ABB6907EE903AF8EE676A97ED026A29
:10EC4000DFED6A5AC6EE257A76EEA77AF7EE006A0D
:10EC500077EEA67A67EE277AC7ED077A58E03B6928
:10EC600007EE903AF8EE677ADFED626A86EEA77AF1
:10EC70005C4B5B6CC3F3080307EE903AF8EE676AEF
:10EC800097ED026ADFED595AC6EE257A76EEA77A3D
:10EC9000F7EE006A77EEA67A67EE277AC7ED077A75
:10ECA00036E0504B9B6803F40003002B05D04D4B1E
:10ECB0009B681B0F03F00F0306E04A4BD3F8F430B8
:10ECC0001B041B0F03F00F03494A52F8233007EED1
:10ECD000903AF8EE676A3B6907EE903AF8EE677A89
:10ECE00086EEA77ABB6907EE903AF8EE676A97ED71
:10ECF000026ADFED3E5AC6EE257A76EEA77AF7EE87
:10ED0000006A77EEA67A67EE277AC7ED077A00BF2A
:10ED1000344B1B6B03F48033002B17D0314B5B6CEF
:10ED20005B0A03F07F0307EE903AF8EE677AB7EEDE
:10ED3000007A37EE877AD7ED076AC6EE877AFCEE5F
:10ED4000E77A17EE902A7B681A6002E07B6800225F
:10ED50001A60244B1B6B03F40033002B17D0214B9C
:10ED60005B6C1B0C03F07F0307EE903AF8EE677ABA
:10ED7000B7EE007A37EE877AD7ED076AC6EE877A64
:10ED8000FCEEE77A17EE902A7B685A6002E07B6817
:10ED900000225A60134B1B6B03F48023002B17D007
:10EDA000104B5B6C1B0E03F07F0307EE903AF8EEFE
:10EDB000677AB7EE007A37EE877AD7ED076AC6EE44
:10EDC000877AFCEEE77A17EE902A7B689A6002E079
:10EDD0007B6800229A6000BF2437BD465DF8047B43
:10EDE000704700BF000C02460024744B0000004630
:10EDF000B0C50208001B374C80B58EB000AFC7E924
:10EE00000001D7E90023A2F580210B4345D1A74B90
:10EE1000D3F8F03003F440733B63A44BD3F8F030E5
:10EE200003F00203022B08D13B6BB3F5807F04D1C2
:10EE30004FF400437B6301F0B7B99C4BD3F8F0303B
:10EE400003F00063B3F1006F14D13B6BB3F5007FA7
:10EE500010D1964BD3F8F03003F08053B3F1805FBC
:10EE600003D1FA237B6301F09FB94FF4FA437B632C
:10EE700001F09AB98D4B1B6803F40033B3F5003FE2
:10EE800007D13B6BB3F5407F03D1894B7B6301F026
:10EE90008BB900237B6301F087B9D7E90023A2F582
:10EEA00000510B4351D1814BD3F8E43003F0E00320
:10EEB0003B633B6B802B35D03B6B802B41D83B6B4E
:10EEC000602B2AD03B6B602B3BD83B6B402B09D08F
:10EED0003B6B402B35D83B6B002B0CD03B6B202B76
:10EEE00012D02EE007F124031846FFF771FB7B6A6E
:10EEF0007B6301F059B907F118031846FFF7C4FC0A
:10EF0000BB697B6301F050B907F10C031846FFF7AA
:10EF100017FEFB687B6301F047B94BF680337B63D8
:10EF200001F042B9614B1B6803F48063B3F5806F55
:10EF300003D1604B7B6301F037B900237B6301F0A1
:10EF400033B900237B6301F02FB9D7E90023A2F581
:10EF500080410B4358D1554BD3F8E43003F4E063C0
:10EF60003B633B6BB3F5806F3BD03B6BB3F5806F7E
:10EF700046D83B6BB3F5407F2ED03B6BB3F5407F5B
:10EF80003ED83B6BB3F5007F0BD03B6BB3F5007FF6
:10EF900036D83B6B002B0DD03B6BB3F5807F12D086
:10EFA0002EE007F124031846FFF712FB7B6A7B6310
:10EFB00001F0FAB807F118031846FFF765FCBB69C2
:10EFC0007B6301F0F1B807F10C031846FFF7B8FDB9
:10EFD000FB687B6301F0E8B84BF680337B6301F09C
:10EFE000E3B8324B1B6803F48063B3F5806F03D141
:10EFF000304B7B6301F0D8B800237B6301F0D4B8B9
:10F0000000237B6301F0D0B8D7E90023A2F580513B
:10F010000B4326D1254BD3F8E43003F400633B6364
:10F02000224B1B6803F48063B3F5806F06D13B6B02
:10F03000002B03D11F4B7B6301F0B6B81B4B1B6841
:10F0400003F48063B3F5806F07D13B6BB3F5006FBA
:10F0500003D1194B7B6301F0A7B800237B6301F058
:10F06000A3B8D7E90023A2F580110B436ED10F4B53
:10F07000D3F8E03003F040633B633B6BB3F1406F88
:10F080003DD03B6BB3F1406F5CD83B6BB3F1006F8D
:10F0900014D03B6BB3F1006F54D83B6B002B1FD0E7
:10F0A0003B6BB3F1806F12D04CE000BF000C024606
:10F0B00060E316000024F40000127A0007F1240334
:10F0C0001846FFF785FABB6A7B6301F06DB807F15C
:10F0D00018031846FFF7D8FBFB697B6301F064B89F
:10F0E000A74B1B6803F40053B3F5005F03D1A54B96
:10F0F0007B6301F059B800237B6301F055B8A04B46
:10F100001B6803F02003202B18D19D4B9B6803F450
:10F110000003002B05D09A4B9B681B0E03F00F03D6
:10F1200006E0974BD3F8F4301B041B0E03F00F03DB
:10F13000954A52F823307B6301F036B800237B6395
:10F1400001F032B800237B6301F02EB8D7E9002329
:10F15000A2F500110B437FD1894BD3F8E43003F4BF
:10F1600080433B633B6B002B65D1854BD3F8E0308C
:10F1700003F040633B633B6BB3F1406F34D03B6BB8
:10F18000B3F1406F53D83B6BB3F1006F0BD03B6BC7
:10F19000B3F1006F4BD83B6B002B16D03B6BB3F138
:10F1A000806F09D043E007F124031846FFF710FAF7
:10F1B000BB6A7B6300F0F8BF07F118031846FFF73E
:10F1C00063FBFB697B6300F0EFBF6D4B1B6803F4CF
:10F1D0000053B3F5005F03D16A4B7B6300F0E4BFDB
:10F1E00000237B6300F0E0BF654B1B6803F0200346
:10F1F000202B18D1624B9B6803F40003002B05D031
:10F200005F4B9B681B0E03F00F0306E05C4BD3F8CB
:10F21000F4301B041B0E03F00F035B4A52F823303B
:10F220007B6300F0C1BF00237B6300F0BDBF002300
:10F230007B6300F0B9BF3B6BB3F5804F08D107F19A
:10F2400024031846FFF7C4F97B6A7B6300F0ACBF68
:10F2500000237B6300F0A8BFD7E90023511E0B43B6
:10F2600036D1474BD3F8E03003F003033B633B6BED
:10F27000002B04D1FEF73EFB786300F095BF3B6B9B
:10F28000012B04D1FEF702FA786300F08DBF3C4BEE
:10F290001B6803F48063B3F5806F06D13B6B022BD0
:10F2A00003D13A4B7B6300F07FBF354BD3F8F0308E
:10F2B00003F00203022B07D13B6B032B04D14FF465
:10F2C00000437B6300F070BF00237B6300F06CBFE2
:10F2D000D7E90023911E0B4336D1294BD3F8E030F8
:10F2E00003F00C033B633B6B002B04D1FEF7EEFAFB
:10F2F000786300F059BF3B6B042B04D1FEF7C6F9CD
:10F30000786300F051BF1E4B1B6803F48063B3F5B4
:10F31000806F06D13B6B082B03D11C4B7B6300F045
:10F3200043BF174BD3F8F03003F00203022B07D191
:10F330003B6B0C2B04D14FF400437B6300F034BFD4
:10F3400000237B6300F030BFD7E90023111F0B437C
:10F350003FD10B4BD3F8E03003F030033B633B6B02
:10F36000002B04D1FEF7B2FA786300F01DBF3B6BAF
:10F37000102B0DD1FEF78AF9786300F015BF00BF9E
:10F38000000C0246006CDC02B0C502080024F40048
:10F39000A64B1B6803F48063B3F5806F06D13B6B0B
:10F3A000202B03D1A24B7B6300F0FEBE9F4BD3F812
:10F3B000F03003F00203022B07D13B6B302B04D15A
:10F3C0004FF400437B6300F0EFBE00237B6300F04B
:10F3D000EBBED7E90023A2F108010B4336D1934BD2
:10F3E000D3F8E03003F0C0033B633B6B002B04D148
:10F3F000FEF76CFA786300F0D7BE3B6B402B04D16C
:10F40000FEF744F9786300F0CFBE884B1B6803F425
:10F410008063B3F5806F06D13B6B802B03D1844BA7
:10F420007B6300F0C1BE814BD3F8F03003F00203E0
:10F43000022B07D13B6BC02B04D14FF400437B63FD
:10F4400000F0B2BE00237B6300F0AEBED7E900231C
:10F45000A2F110010B4339D1744BD3F8E03003F41F
:10F4600040733B633B6B002B04D1FEF72FFA7863AC
:10F4700000F09ABE3B6BB3F5807F04D1FEF706F92E
:10F48000786300F091BE694B1B6803F48063B3F5A9
:10F49000806F07D13B6BB3F5007F03D1644B7B6377
:10F4A00000F082BE614BD3F8F03003F00203022B70
:10F4B00008D13B6BB3F5407F04D14FF400437B632D
:10F4C00000F072BE00237B6300F06EBED7E900231C
:10F4D000A2F120010B4358D1544BD3F8E83003F08C
:10F4E00007033B633B6B002B04D1FEF717FA7863ED
:10F4F00000F05ABE3B6B012B04D1FEF7C7F87863CE
:10F5000000F052BE494B1B6803F48063B3F5806F73
:10F5100006D13B6B022B03D1454B7B6300F044BE0D
:10F52000424BD3F8F03003F00203022B07D13B6BC0
:10F53000032B04D14FF400437B6300F035BE3B4BFB
:10F540001B6803F02003202B1BD13B6B042B18D12D
:10F55000364B9B6803F40003002B05D0334B9B68AC
:10F560001B0E03F00F0306E0304BD3F8F4301B04FE
:10F570001B0E03F00F032F4A52F823307B6300F079
:10F5800013BE00237B6300F00FBED7E90023A2F572
:10F5900000410B4372D1254BD3F8E83003F4E0432C
:10F5A0003B633B6BB3F5805F04D1FEF76FF8786384
:10F5B00000F0FABD3B6BB3F5005F08D107F118030B
:10F5C0001846FFF761F93B6A7B6300F0EDBD3B6BCA
:10F5D000002B04D1FEF760F9786300F0E5BD3B6BCA
:10F5E000B3F5A04F28D1114B1B6803F02003202B4B
:10F5F00018D10E4B9B6803F40003002B05D00B4B76
:10F600009B681B0E03F00F0306E0084BD3F8F430A1
:10F610001B041B0E03F00F03064A52F823307B63D2
:10F6200000F0C2BD00237B6300F0BEBD000C0246AB
:10F630000024F400B0C50208AF4B1B6803F400338C
:10F64000B3F5003F07D13B6BB3F5405F03D1AB4B44
:10F650007B6300F0A9BDA84B1B6803F48063B3F57E
:10F66000806F07D13B6BB3F5804F03D1A44B7B6315
:10F6700000F09ABD00237B6300F096BDD7E900231C
:10F68000A2F580310B4358D19B4BD3F8E43003F003
:10F6900007033B633B6B042B4BD801A252F823F0CA
:10F6A000D9F60108B5F60108C7F60108E3F6010826
:10F6B000EDF6010807F124031846FEF789FF7B6A7F
:10F6C0007B6300F071BD07F10C031846FFF738FAB1
:10F6D0003B697B6300F068BDFEF7DEF8786300F0FD
:10F6E00063BD4BF680337B6300F05EBD824B1B68CD
:10F6F00003F02003202B18D17F4B9B6803F40003F9
:10F70000002B05D07C4B9B681B0E03F00F0306E01B
:10F71000794BD3F8F4301B041B0E03F00F03794A26
:10F7200052F823307B6300F03FBD00237B6300F081
:10F730003BBD00237B6300F037BDD7E90023A2F572
:10F7400000310B4367D16C4BD3F8E83003F4E0236E
:10F750003B633B6BB3F5802F36D03B6BB3F5802F0B
:10F7600055D83B6BB3F5403F29D03B6BB3F5403FD9
:10F770004DD83B6BB3F5003F13D03B6BB3F5003F67
:10F7800045D83B6B002B15D03B6BB3F5803F3ED18A
:10F7900007F124031846FEF71BFF7B6A7B6300F02A
:10F7A00003BD07F10C031846FFF7CAF93B697B63F9
:10F7B00000F0FABCFEF770F8786300F0F5BC4BF689
:10F7C00080337B6300F0F0BC4B4B1B6803F02003DD
:10F7D000202B18D1484B9B6803F40003002B05D065
:10F7E000454B9B681B0E03F00F0306E0424BD3F81A
:10F7F000F4301B041B0E03F00F03424A52F823306F
:10F800007B6300F0D1BC00237B6300F0CDBC002300
:10F810007B6300F0C9BCD7E90023A2F140010B4390
:10F820004CD1354BD3F8E03003F440633B633B6B82
:10F83000002B04D1FEF74AF8786300F0B5BC3B6BAF
:10F84000B3F5806F04D1FDF721FF786300F0ACBC05
:10F85000294B1B6803F48063B3F5806F07D13B6BC2
:10F86000B3F5006F03D1264B7B6300F09DBC224BA8
:10F870001B6803F02003202B1CD13B6BB3F5406FBA
:10F8800018D11D4B9B6803F40003002B05D01A4BC5
:10F890009B681B0E03F00F0306E0174BD3F8F43000
:10F8A0001B041B0E03F00F03164A52F823307B6330
:10F8B00000F07ABC00237B6300F076BCD7E900231C
:10F8C000A2F180010B4355D10B4BD3F8E03003F488
:10F8D00040533B633B6B002B04D1FDF7F7FF78638C
:10F8E00000F062BC3B6BB3F5805F0DD1FDF7CEFE3F
:10F8F000786300F059BC00BF000C0246006CDC02CB
:10F900000024F400B0C50208A14B1B6803F4806317
:10F91000B3F5806F07D13B6BB3F5005F03D19D4B0F
:10F920007B6300F041BC9A4B1B6803F02003202B43
:10F930001CD13B6BB3F5405F18D1954B9B6803F42A
:10F940000003002B05D0924B9B681B0E03F00F03A6
:10F9500006E08F4BD3F8F4301B041B0E03F00F03AB
:10F960008D4A52F823307B6300F01EBC00237B637A
:10F9700000F01ABCD7E90023A2F580710B4351D1E6
:10F98000834BD3F8E83003F0C0033B633B6BC02BE1
:10F9900024D03B6BC02B42D83B6B802B0DD03B6BF4
:10F9A000802B3CD83B6B002B03D03B6B402B11D002
:10F9B00035E0FDF7B3FF7863F6E3754B1B6803F49E
:10F9C0008063B3F5806F02D1724B7B63ECE300235D
:10F9D0007B63E9E3FDF75AFE7863E5E36C4B1B6854
:10F9E00003F02003202B17D1694B9B6803F400031D
:10F9F000002B05D0664B9B681B0E03F00F0306E03F
:10FA0000634BD3F8F4301B041B0E03F00F03624A60
:10FA100052F823307B63C7E300237B63C4E30023F6
:10FA20007B63C1E3D7E90023A2F580010B4347D1F3
:10FA3000574BD3F8E03003F440433B633B6B002B60
:10FA400003D1FDF743FF7863AEE33B6BB3F5804F23
:10FA500003D1FDF71BFE7863A6E34D4B1B6803F44F
:10FA60008063B3F5806F06D13B6BB3F5004F02D1D5
:10FA7000484B7B6398E3464B1B6803F02003202B25
:10FA80001BD13B6BB3F5404F17D1414B9B6803F43F
:10FA90000003002B05D03E4B9B681B0E03F00F03A9
:10FAA00006E03B4BD3F8F4301B041B0E03F00F03AE
:10FAB000394A52F823307B6376E300237B6373E398
:10FAC000D7E90023A2F500610B436AD1304BD3F88C
:10FAD000E83003F440733B633B6B002B20D12C4B8D
:10FAE0001B6803F02003202B17D1294B9B6803F4DC
:10FAF0000003002B05D0264B9B681B0E03F00F0361
:10FB000006E0234BD3F8F4301B041B0E03F00F0365
:10FB1000214A52F823307B6346E300237B6343E3AF
:10FB20001B4BD3F8F03003F00063B3F1006F12D138
:10FB30003B6BB3F5807F0ED1154BD3F8F03003F05B
:10FB40008053B3F1805F02D1FA237B632CE34FF43F
:10FB5000FA437B6328E30E4B1B6803F48063B3F521
:10FB6000806F06D13B6BB3F5007F02D1094B7B63FD
:10FB70001AE3074BD3F8F03003F00203022B0DD148
:10FB80003B6BB3F5407F09D14FF400437B630BE33C
:10FB9000000C02460024F400B0C5020800237B6379
:10FBA00002E3D7E90023A2F500710B4364D1A24B15
:10FBB000D3F8E83003F440633B633B6B002B20D168
:10FBC0009D4B1B6803F02003202B17D19A4B9B6899
:10FBD00003F40003002B05D0974B9B681B0E03F02A
:10FBE0000F0306E0944BD3F8F4301B041B0E03F014
:10FBF0000F03924A52F823307B63D5E200237B63E4
:10FC0000D2E28D4BD3F8F03003F00063B3F1006F14
:10FC100012D13B6BB3F5806F0ED1874BD3F8F03028
:10FC200003F08053B3F1805F02D1FA237B63BBE220
:10FC30004FF4FA437B63B7E27F4B1B6803F48063A6
:10FC4000B3F5806F06D13B6BB3F5006F02D17C4BEF
:10FC50007B63A9E2784BD3F8F03003F00203022B68
:10FC600007D13B6BB3F5406F03D14FF400437B6387
:10FC70009AE200237B6397E2D7E90023A2F5806133
:10FC80000B4347D16C4BD3F8E03003F440233B6384
:10FC90003B6B002B03D1FDF719FE786384E2664BC2
:10FCA000D3F8F03003F00063B3F1006F12D13B6B77
:10FCB000B3F5802F0ED1604BD3F8F03003F08053B2
:10FCC000B3F1805F02D1FA237B636DE24FF4FA4314
:10FCD0007B6369E2584B1B6803F48063B3F5806F64
:10FCE00006D13B6BB3F5002F02D1554B7B635BE232
:10FCF000514BD3F8F03003F00203022B07D13B6BDA
:10FD0000B3F5402F03D14FF400437B634CE2002353
:10FD10007B6349E2D7E9002302F178410B432DD1FF
:10FD2000454BD3F8E03003F040733B63424B1B6814
:10FD300003F40033B3F5003F05D13B6B002B02D138
:10FD4000404B7B6330E23B6BB3F1807F07D107F11F
:10FD500024031846FEF73CFCBB6A7B6324E23B6B42
:10FD6000B3F1007F07D107F118031846FEF78CFDA9
:10FD7000BB697B6318E200237B6315E2D7E90023AC
:10FD8000A2F500010B435FD12B4BD3F8E03003F415
:10FD900040133B633B6BB3F5401F28D03B6BB3F57F
:10FDA000401F45D83B6BB3F5001F13D03B6BB3F539
:10FDB000001F3DD83B6B002B04D03B6BB3F5801F7D
:10FDC00004D035E0FDF796FD7863EDE1FDF75EFCCC
:10FDD0007863E9E1184B1B6803F48063B3F5806F27
:10FDE00002D1174B7B63DFE100237B63DCE1124B25
:10FDF0001B6803F02003202B17D10F4B9B6803F4E3
:10FE00000003002B05D00C4B9B681B0E03F00F0367
:10FE100006E0094BD3F8F4301B041B0E03F00F036C
:10FE2000064A52F823307B63BEE100237B63BBE1CB
:10FE300000237B63B8E100BF000C0246B0C5020896
:10FE40000024F400006CDC02D7E9002302F17F41BA
:10FE50000B4356D1A54BD3F8E03003F440333B635A
:10FE60003B6BB3F5403F28D03B6BB3F5403F45D8E3
:10FE70003B6BB3F5003F13D03B6BB3F5003F3DD870
:10FE80003B6B002B04D03B6BB3F5803F04D035E0D7
:10FE9000FDF71CFD786387E1FDF7F8FB786383E1EC
:10FEA000924B1B6803F48063B3F5806F02D1904BD3
:10FEB0007B6379E100237B6376E18C4B1B6803F065
:10FEC0002003202B17D1894B9B6803F40003002BE0
:10FED00005D0864B9B681B0E03F00F0306E0834B97
:10FEE000D3F8F4301B041B0E03F00F03814A52F8C1
:10FEF00023307B6358E100237B6355E100237B6360
:10FF000052E1D7E9002302F17E410B4377D1774BD1
:10FF1000D3F8E83003F018033B633B6B182B6BD826
:10FF200001A252F823F000BF8DFF0108F9FF01087C
:10FF3000F9FF0108F9FF0108F9FF0108F9FF0108BD
:10FF4000F9FF0108F9FF010895FF0108F9FF010811
:10FF5000F9FF0108F9FF0108F9FF0108F9FF01089D
:10FF6000F9FF0108F9FF01089DFF0108F9FF0108E9
:10FF7000F9FF0108F9FF0108F9FF0108F9FF01087D
:10FF8000F9FF0108F9FF0108B7FF0108FDF7C6FCFA
:10FF9000786309E1FDF77AFB786305E1534B1B6851
:10FFA00003F48063B3F5806F02D1514B7B63FBE0B8
:10FFB00000237B63F8E04D4B1B6803F02003202BEC
:10FFC00017D14A4B9B6803F40003002B05D0474B25
:10FFD0009B681B0E03F00F0306E0444BD3F8F4308C
:10FFE0001B041B0E03F00F03424A52F823307B63BD
:10FFF000DAE000237B63D7E000237B63D4E0D7E91A
:020000040802F0
:10000000002302F17C410B4355D1384BD3F8E43047
:1000100003F440133B633B6BB3F5401F13D03B6BC2
:10002000B3F5401F44D83B6BB3F5001F13D03B6BB7
:10003000B3F5001F3CD83B6B002B14D03B6BB3F5E2
:10004000801F14D034E007F118031846FEF71CFC9B
:10005000FB697B63A8E007F124031846FEF7B8FAB2
:10006000BB6A7B63A0E0FDF711FB78639CE01F4B4C
:100070001B6803F02003202B17D11C4B9B6803F453
:100080000003002B05D0194B9B681B0E03F00F03D8
:1000900006E0164BD3F8F4301B041B0E03F00F03DD
:1000A000144A52F823307B637EE000237B637BE0BD
:1000B00000237B6378E0D7E9002302F170410B4312
:1000C00038D10A4BD3F8E83003F400433B63074BC5
:1000D000D3F8F03003F00203022B0DD13B6B002B61
:1000E0000AD14FF400437B635EE000BF000C024680
:1000F0000024F400B0C502082E4BD3F8F03003F012
:100100000063B3F1006F12D13B6BB3F5004F0ED11A
:10011000284BD3F8F03003F08053B3F1805F02D165
:10012000FA237B6340E04FF4FA437B633CE0002317
:100130007B6339E0D7E90023A2F500210B4331D1DD
:100140001C4BD3F8E43003F440533B63194B1B685A
:1001500003F40053B3F5005F05D13B6B002B02D1D4
:10016000154B7B6320E0134B1B6803F40053B3F57E
:10017000005F06D13B6BB3F5805F02D10F4B7B6311
:1001800012E00C4B1B6803F48063B3F5806F06D15B
:100190003B6BB3F5005F02D1094B7B6304E00023A6
:1001A0007B6301E000237B637B6B18463837BD46D9
:1001B00080BD00BF000C0246006CDC0200366E0100
:1001C0000024F40080B584B000AF7860474B1B6812
:1001D000464A23F080631360F1F76CFEF86008E094
:1001E000F1F768FE0246FB68D31A022B01D90323FC
:1001F00077E03E4B1B6803F00063002BF0D13B4BD4
:10020000DB6A23F4706323F003037A6811687A6869
:100210005268013A12020A4334491343CB62334B0A
:10022000DA6B334B13407A689268013AC2F30801E3
:100230007A68D268013A520292B211437A6812691E
:10024000013A120402F4FE0211437A685269013A3B
:10025000120602F0FE420A4324491343CB63234BA8
:10026000DB6A23F00C027B689B6920491343CB6255
:100270001E4BDA6A7B681B6A1C491343CB621B4B1B
:10028000DB6A1A4A23F01003D362184B1B6C23F469
:100290007F4323F0F8037A68D269D20013491343ED
:1002A0000B64124BDB6A114A43F01003D3620F4B0D
:1002B0001B680E4A43F080631360F1F7FBFDF860A2
:1002C00008E0F1F7F7FD0246FB68D31A022B01D9CB
:1002D000032306E0054B1B6803F00063002BF0D0FE
:1002E000002318461037BD4680BD00BF000C0246F3
:1002F0000000808080B584B000AF7860474B1B68F9
:10030000464A23F080531360F1F7D4FDF86008E00B
:10031000F1F7D0FD0246FB68D31A022B01D9032363
:1003200077E03E4B1B6803F00053002BF0D13B4BB2
:100330001B6B23F4706323F003037A6811687A68F7
:100340005268013A12020A43344913430B63334B98
:100350005A6C334B13407A689268013AC2F3080131
:100360007A68D268013A520292B211437A681269ED
:10037000013A120402F4FE0211437A685269013A0A
:10038000120602F0FE420A43244913434B64234BF6
:100390001B6B23F00C027B689B69204913430B63A2
:1003A0001E4B1A6B7B681B6A1C4913430B631B4B68
:1003B0001B6B1A4A23F010031363184B9B6C23F436
:1003C0007F4323F0F8037A68D269D20013491343BC
:1003D0008B64124B1B6B114A43F0100313630F4BDA
:1003E0001B680E4A43F080531360F1F763FDF86019
:1003F00008E0F1F75FFD0246FB68D31A022B01D932
:10040000032306E0054B1B6803F00053002BF0D0DC
:10041000002318461037BD4680BD00BF000C0246C1
:100420000000808080B584B000AF78607B68002BCE
:1004300001D101238CE07B685B7ADBB2002B05D114
:100440007B6800221A727868F0F766FC7B680222EB
:100450005A727B681B681A687B681B6822F004026A
:100460001A607B6859687B681A683B4B0B431360C2
:100470007B681B684AF2B0221A617B681B68374AA6
:10048000DA607B681B681A687B681B6822F0804210
:100490001A60F1F70FFDF86016E0F1F70BFD024668
:1004A000FB68D31A042B0FD97B681B681B6803F009
:1004B0008043B3F1804F07D17B6801225A727B6879
:1004C0000222DA60012343E07B681B681B6803F0AB
:1004D0008043B3F1804FE0D07B681B681A687B686B
:1004E0001B6842F004021A607B681B685B6803F0BB
:1004F0004003402B04D17B6804225A72012327E079
:10050000F1F7D8FCF86015E0F1F7D4FC0246FB687F
:10051000D31A042B0ED97B681B685B6803F00103B8
:10052000012B07D07B6804225A727B680222DA60B2
:1005300001230DE07B681B685B6803F00103012B5E
:10054000E2D17B6801225A727B680022DA600023C4
:1005500018461037BD4680BD000DF040BB7C010041
:1005600080B584B000AF78600023FB607B681B68B7
:100570005B68BB60BB6803F02003002B05D07B6881
:100580001022DA600123FB601FE0BB6803F0400328
:10059000002B1AD0BB6803F00403002B08D17B6842
:1005A0001B685A687B681B6822F040025A600CE0A6
:1005B0007B680822DA600123FB607B681B681A688D
:1005C0007B681B6822F008021A60FB68012B0BD1C4
:1005D0007B6804225A72786800F037F87B681B68E1
:1005E0006FF060025A6022E0BB6803F00103002B49
:1005F0001DD07B681B681A687B681B6822F00802A4
:100600001A607B681B689A687B681A617B685B7AF2
:10061000DBB2042B0BD07B6801225A727B6800226C
:100620001A727B681B691946786800F003F8103766
:10063000BD4680BD80B483B000AF7860396000BF34
:100640000C37BD465DF8047B704780B483B000AFC3
:10065000786000BF0C37BD465DF8047B7047000032
:1006600080B584B000AF78600123FB737B68002BFA
:1006700078D07B6893F82D30DBB2002B06D17B68F5
:10068000002283F82C207868F0F73EFC7B68022279
:1006900083F82D20364BDB6803F01003102B58D065
:1006A000334BDB6803F44073B3F5807F53D0304B9A
:1006B000CA225A622E4B53225A62786800F0B0FA6E
:1006C0000346FB73FB7B002B3FD1294B9B69284AD8
:1006D00023F08E6323F040039361254B9A697B6876
:1006E00059687B681B6919437B689B690B432049E8
:1006F00013438B617B68DA687B689B681B041C4929
:1007000013430B611A4BDB6823F4F8527B68596A78
:100710007B689B6A0B4316491343CB60786800F0F3
:10072000BBFA0346FB73FB7B002B0ED1104B9B697E
:1007300023F060427B68196A7B68DB6919437B6838
:100740005B690B430A4913438B61094BFF225A62D1
:1007500001E00023FB73FB7B002B03D17B680122AC
:1007600083F82D20FB7B18461037BD4680BD00BFA7
:100770000078004690B587B000AFF860B9607A6045
:10078000FB6893F82C30012B01D1022388E0FB6831
:10079000012283F82C20FB68022283F82D20424B93
:1007A000CA225A62404B53225A62F86800F038FA63
:1007B0000346FB74FB7C002B63D13B4BDB6803F4EB
:1007C0004073B3F5807F57D07B68002B25D1364B23
:1007D0009B6903F04003002B02D1BB680022DA7052
:1007E000BB681B78184600F095FA03461C04BB68EA
:1007F0005B78184600F08EFA03461B021C43BB6868
:100800009B78184600F086FA034644EA0302BB6868
:10081000DB789B0513437B6117E0234B9B6903F057
:100820004003002B02D1BB680022DA70BB681B7842
:100830001A04BB685B781B021343BA6892781A43A8
:10084000BB68DB789B0513437B61174A7B6903F028
:100850007F3323F0FE431360134B9B69124A23F44A
:1008600080239361104B9A69BB68D968BB681B6988
:100870000B430D4913438B61F86800F00DFA0346F2
:10088000FB74094BFF225A62FB7C002B03D1FB68EF
:10089000012283F82D20FB68002283F82C20FB7CAA
:1008A00018461C37BD4690BD0078004680B586B01E
:1008B00000AFF860B9607A60344B9A68BB685A60E0
:1008C000324BDB6803F44073B3F5807F4AD02F4B83
:1008D0001B69C3F30E02BB689A602C4B1B6803F0C4
:1008E0007F3323F0FE437B617B691B0CDBB203F09B
:1008F0003F03DAB2BB681A707B691B0ADBB203F0F4
:100900007F03DAB2BB685A707B69DBB203F07F0306
:10091000DAB2BB689A707B699B0DDBB203F001030E
:10092000DAB2BB68DA707B68002B2AD1BB681B780F
:10093000184600F00FFA03461A46BB681A70BB68E7
:100940005B78184600F006FA03461A46BB685A70F0
:10095000BB689B78184600F0FDF903461A46BB6851
:100960009A700EE0BB6800221A70BB6800225A70B1
:10097000BB6800229A70BB680022DA70BB68002254
:100980009A60002318461837BD4680BD007800469F
:1009900090B587B000AFF860B9607A60FB6893F8F3
:1009A0002C30012B01D1022371E0FB68012283F876
:1009B0002C20FB68022283F82D207B68002B0ED1AF
:1009C000BB685B7803F01003002B08D0BB685B7832
:1009D00023F01003DBB20A33DAB2BB685A707B68CB
:1009E000002B1CD1BB68DB78184600F093F9034656
:1009F0001C04BB685B78184600F08CF903461B02A8
:100A00001C43BB689B78184600F084F9034644EA0F
:100A10000302BB681B785B0313437B610EE0BB687A
:100A2000DB781A04BB685B781B021343BA689278C0
:100A30001A43BB681B785B0313437B61164BCA22C6
:100A40005A62154B53225A62F86800F0E9F80346DF
:100A5000FB74FB7C002B0BD10F4A7B6923F07F4397
:100A600023F0C0035360F86800F016F90346FB74E6
:100A7000094BFF225A62FB7C002B03D1FB68012249
:100A800083F82D20FB68002283F82C20FB7C18467D
:100A90001C37BD4690BD00BF0078004680B586B0CB
:100AA00000AFF860B9607A60224B5B6823F07F4347
:100AB00023F0C0037B617B691B0CDAB2BB68DA7080
:100AC0007B691B0ADBB203F01F03DAB2BB685A7002
:100AD0007B69DBB203F03F03DAB2BB689A707B69D3
:100AE0005B0BDBB203F00703DAB2BB681A707B68FA
:100AF000002B1AD1BB68DB78184600F02BF90346AF
:100B00001A46BB68DA70BB685B78184600F022F9B9
:100B100003461A46BB685A70BB689B78184600F0BB
:100B200019F903461A46BB689A700023184618370D
:100B3000BD4680BD0078004680B483B000AF7860C9
:100B400039607B6893F82C30012B01D102232DE012
:100B50007B68012283F82C207B68022283F82D20F9
:100B60003B68B3F5807F0CD1134B9B69124A23F489
:100B700088539361104B5B6C0F4A23F0004353641E
:100B80000BE00D4B9B690C4A23F4085393610A4B0D
:100B9000DB6C094A23F00043D3647B68012283F8AD
:100BA0002D207B68002283F82C20002318460C3768
:100BB000BD465DF8047B70470078004680B584B080
:100BC00000AF7860154BDB68144A23F02003D36034
:100BD000F1F770F9F86013E0F1F76CF90246FB6881
:100BE000D31AB3F57A7F0BD90C4BDB6803F02003E3
:100BF000002B0CD17B68032283F82D20032308E00F
:100C0000064BDB6803F02003002BE5D000E000BFBB
:100C1000002318461037BD4680BD00BF007800464F
:100C200080B584B000AF78600023FB73194BDB689C
:100C300003F04003002B28D1164BDB68154A43F024
:100C40008003D360F1F736F9B86013E0F1F732F9B9
:100C50000246BB68D31AB3F57A7F0BD90D4BDB681C
:100C600003F04003002B0FD10323FB737B680322A7
:100C700083F82D20074BDB6803F04003002B04D1E1
:100C8000FB7B032BE2D100E000BFFB7B1846103753
:100C9000BD4680BD0078004680B584B000AF786066
:100CA0000023FB731A4BDB68194A23F08003D360DF
:100CB000174B9B6903F02003002B0CD17868FFF7DA
:100CC0007DFF0346002B1ED07B68032283F82D2076
:100CD0000323FB7317E00E4B9B690D4A23F020039F
:100CE00093617868FFF76AFF0346002B05D07B68A5
:100CF000032283F82D200323FB73054B9B69044AD1
:100D000043F020039361FB7B18461037BD4680BD3E
:100D10000078004680B485B000AF0346FB71002325
:100D2000FB60FB79FB7205E0FB680133FB60FB7A3B
:100D30000A3BFB72FB7A092BF6D8FB68DBB21B017E
:100D4000DAB2FB7A1343DBB218461437BD465DF8BE
:100D5000047B704780B485B000AF0346FB71FB791C
:100D60001B09DBB21A4613469B0013445B00FB6071
:100D7000FB68DAB2FB7903F00F03DBB21344DBB29A
:100D800018461437BD465DF8047B704780B586B0C1
:100D900000AFF860B9607A603B60FB6893F82C3074
:100DA000012B01D1022357E0FB68012283F82C209C
:100DB000FB68022283F82D20294B9B69284A23F4E3
:100DC00080639361264B0422DA65254BDB6803F0D0
:100DD0004003002B23D1F1F76DF8786117E0F1F7AC
:100DE00069F802467B69D31AB3F57A7F0FD91C4B99
:100DF000DB6803F00403002B10D1FB68032283F8A7
:100E00002D20FB68002283F82C20032324E0144BC0
:100E1000DB6803F00403002BE1D000E000BF3B6877
:100E20001A040F49BB6813434B610D4B9B6923F0B8
:100E300007020B497B6813438B61094B9B69084A86
:100E400043F488439361FB68012283F82D20FB68FB
:100E5000002283F82C20002318461837BD4680BD99
:100E60000078004680B483B000AF78607B6893F868
:100E70002C30012B01D1022319E07B68012283F879
:100E80002C207B68022283F82D200C4B9B690B4A97
:100E900023F488439361094BFF225A627B68012245
:100EA00083F82D207B68002283F82C20002318462D
:100EB0000C37BD465DF8047B704700BF00780046E4
:100EC00080B582B000AF7860094B5B6D03F004031E
:100ED000002B05D0064B0422DA657868EAF7E8FAB9
:100EE0007B68012283F82D2000BF0837BD4680BDF6
:100EF0000078004680B487B000AFF860B9607A60CF
:100F0000074B7B61BB689B007A6913447B617B69FB
:100F10007A681A6000BF1C37BD465DF8047B7047D5
:100F2000007D004680B485B000AF78603960074B23
:100F3000FB603B689B00FA681344FB60FB681B681E
:100F400018461437BD465DF8047B7047007D0046A7
:100F500080B483B000AF786039603B681A683B6842
:100F60005B6810491343CB613B689A683B68DB6858
:100F70001A433B689B690C4913434B620A4B1B6A3B
:100F800003F0FF223B6819693B685B691B040B4354
:100F9000054913430B62002318460C37BD465DF824
:100FA000047B704700780046007C004680B584B022
:100FB00000AF78607B68002B01D10123FBE07B68E8
:100FC0001B687F4A934204D07B681B687D4A93422A
:100FD00000E000BF7B6800229A627B681B68784A49
:100FE000934204D07B681B68764A934205D17B68A4
:100FF000DB680F2B01D90123DDE0786801F094FC58
:10100000F8607B681B686E4A934204D07B681B685B
:101010006C4A934202D1FB68082B16D87B681B6888
:10102000694A93420ED07B681B68684A934209D094
:101030007B681B68664A934204D07B681B68654ADC
:10104000934204D1FB68102B01D90123B3E07B68E4
:1010500093F88930DBB2002B06D17B68002283F83D
:1010600088207868F0F714F87B68022283F88920DA
:101070007B681B681A687B681B6822F001021A6093
:101080007B681B689B6803F4F813BB607B689B69F3
:10109000B3F1806F19D17B685B68B3F5800F03D122
:1010A0007B689B6B002B08D07B685B68002B0CD1A6
:1010B0007B689B6BB3F1805F07D17B681B681A6804
:1010C0007B681B6842F480521A607B685B6803F49B
:1010D0008003002B0FD07B68DB68062B0BD97B6865
:1010E0001B681B6823F480717B681A6D7B681B6822
:1010F0000A431A6007E07B681B681A687B681B68F4
:1011000022F480721A607B68DA697B689B6A1A43F2
:10111000BB681A437B68DB6B42EA03017B68DA68D1
:101120007B681B680A439A607B685A6B7B685B6AC2
:101130001A437B689B6B1A437B689B691A437B68E5
:101140001B691A437B685B691A437B681B6A1A43F5
:101150007B685B681A437B68DB6C1A437B689B681F
:101160001A437B689B6C1A437B689B6D1A437B68B0
:10117000DB6D42EA03017B681A6E7B681B680A43D9
:10118000DA607B685B6803F48003002B0AD07B681D
:101190001B68DB6823F000417B685A6D7B681B6825
:1011A0000A43DA607B680022C3F88C207B68012246
:1011B00083F88920002318461037BD4680BD00BF44
:1011C0000020004600200056003001400030015051
:1011D000003800400038005080B588B002AFF86099
:1011E000B9603B601346FB80FB681B6820337B6162
:1011F000FB681B68904A9342F0F75CFE3861FB681D
:1012000093F88930DBB2012B01D00223F4E1BB68F3
:10121000002B02D0FB88002B01D10123ECE1FB68FD
:1012200093F88830012B01D10223E5E1FB6801220C
:1012300083F88820FB68032283F88920FB6800225A
:10124000C3F88C20FB68BA685A66FB68FA88A3F872
:101250006820FB68FA88A3F86A20FB680022DA6637
:10126000FB680022A3F87020FB680022A3F872201C
:10127000FB680022DA67FB6800229A67FB689B68BC
:10128000B3F5C02F08D1FB681B681A68FB681B68A0
:1012900042F400621A6009E0FB681B68DB6823F413
:1012A000C022FB681B6842F40032DA60FB681B68EE
:1012B0005B681B0C1B04F988FA6812680B435360C7
:1012C000FB681B681A68FB681B6842F001021A6021
:1012D000FB681B68DB6903F40013002B0CD1FB686F
:1012E0005B68B3F5800F07D1FB681B681A68FB6861
:1012F0001B6842F400721A60FB68DB680F2B5BD935
:10130000FB681B684D4A93424FD0FB681B684C4AF0
:1013100093424AD0FB681B684A4A934245D0FB6817
:101320001B68494A934247D13FE0FB681B685B69F1
:1013300003F00203022B14D1FB685A6EFB681B6892
:1013400012681A62FB685B6E1A1DFB685A66FB68BE
:10135000B3F86A309BB2013B9AB2FB68A3F86A20EB
:1013600023E0F0F7A7FD02463B69D31A3A689A4298
:1013700003D83B68B3F1FF3F02D13B68002B14D187
:10138000F86801F003FAFB68D3F88C3043F48072FC
:10139000FB68C3F88C20FB68012283F88920FB6876
:1013A000002283F88820032326E1FB68B3F86A3023
:1013B0009BB2002BB9D1F9E0FB68DB68072B40F248
:1013C000EE8067E0FB681B685B6903F00203022B99
:1013D0003CD1FB68B3F86A309BB2012B18D9FB688B
:1013E000DB6B002B14D0FB685A6EFB681B6812681D
:1013F0001A62FB685B6E1A1DFB685A66FB68B3F8DD
:101400006A309BB2023B9AB2FB68A3F86A2041E0C3
:10141000FB685B6E1A887B691A80FB685B6E9A1C9E
:10142000FB685A66FB68B3F86A309BB2013B9AB21C
:10143000FB68A3F86A202DE0002000460030014040
:10144000003001500038004000380050F0F732FD05
:1014500002463B69D31A3A689A4203D83B68B3F113
:10146000FF3F02D13B68002B14D1F86801F08EF9E0
:10147000FB68D3F88C3043F48072FB68C3F88C208F
:10148000FB68012283F88920FB68002283F888200A
:101490000323B1E0FB68B3F86A309BB2002B91D113
:1014A00084E0FB681B685B6903F00203022B52D1E6
:1014B000FB68B3F86A309BB2032B18D9FB68DB6B6F
:1014C000402B14D9FB685A6EFB681B6812681A62BD
:1014D000FB685B6E1A1DFB685A66FB68B3F86A30DE
:1014E0009BB2043B9AB2FB68A3F86A2057E0FB6802
:1014F000B3F86A309BB2012B17D9FB68DB6B002B6A
:1015000013D0FB685B6E1A887B691A80FB685B6E80
:101510009A1CFB685A66FB68B3F86A309BB2023BC0
:101520009AB2FB68A3F86A2039E0FB685A6EFB6840
:101530001B68203312781A70FB685B6E5A1CFB68BC
:101540005A66FB68B3F86A309BB2013B9AB2FB68FB
:10155000A3F86A2023E0F0F7ADFC02463B69D31AFA
:101560003A689A4203D83B68B3F1FF3F02D13B6827
:10157000002B14D1F86801F009F9FB68D3F88C301E
:1015800043F48072FB68C3F88C20FB68012283F867
:101590008920FB68002283F8882003232CE0FB6865
:1015A000B3F86A309BB2002B7FF47BAF3B690093AA
:1015B0003B6800220821F86801F088F90346002BF7
:1015C00007D0FB68D3F88C3043F02002FB68C3F8E7
:1015D0008C20F86801F0DAF8FB68012283F8892092
:1015E000FB68002283F88820FB68D3F88C30002B3E
:1015F00001D0012300E0002318461837BD4680BD06
:1016000080B588B000AFF860B9603B601346FB80DE
:10161000FB68DB6B5B099BB20133FB83FB681B68D8
:101620003033BB61FB681B68964A9342F0F742FC7B
:101630007861FB6893F88930DBB2012B01D002237B
:1016400074E2BB68002B02D0FB88002B01D1012380
:101650006CE2FB6893F88830012B01D1022365E22C
:10166000FB68012283F88820FB68042283F8892024
:10167000FB680022C3F88C20FB68BA68DA66FB6856
:10168000FA88A3F87020FB68FA88A3F87220FB6838
:1016900000225A66FB680022A3F86820FB6800223B
:1016A000A3F86A20FB6800229A67FB680022DA67C9
:1016B000FB689B68B3F5C02F08D1FB681B681A68EC
:1016C000FB681B6822F400621A6009E0FB681B6873
:1016D000DB6823F4C022FB681B6842F48022DA60D6
:1016E000FB681B685B681B0C1B04F988FA681268AE
:1016F0000B435360FB681B681A68FB681B6842F069
:1017000001021A60FB681B68DB6903F40013002BFD
:101710000CD1FB685B68B3F5800F07D1FB681B68D1
:101720001A68FB681B6842F400721A60FB68DB6889
:101730000F2B40F28180FB681B68534A934274D0A0
:10174000FB681B68514A93426FD0FB681B68504A84
:1017500093426AD0FB681B684E4A93426CD164E0A6
:10176000FB681B685B693B61FB681B685B6903F096
:101770000103012B14D1FB681A68FB68DB6E126B46
:101780001A60FB68DB6E1A1DFB68DA66FB68B3F84B
:1017900072309BB2013B9AB2FB68A3F8722044E01E
:1017A000FB68B3F872309BB2FA8B9A4219D93B6945
:1017B00003F40043002B14D0FB681A68FB68DB6E4F
:1017C000126B1A60FB68DB6E1A1DFB68DA66FB6839
:1017D000B3F872309BB2013B9AB2FB68A3F8722057
:1017E00023E0F0F767FB02467B69D31A3A689A4216
:1017F00003D83B68B3F1FF3F02D13B68002B14D103
:10180000F86800F0C3FFFB68D3F88C3043F48072B3
:10181000FB68C3F88C20FB68012283F88920FB68F1
:10182000002283F88820032380E1FB68B3F872303C
:101830009BB2002B94D166E1FB68DB68072B40F27A
:101840005B8199E0FB681B685B693B61FB681B6817
:101850005B6903F00103012B1ED1FB68DB6EBA69E3
:10186000128892B21A80FB68DB6E9A1CFB68DA66FB
:10187000FB68B3F872309BB2013B9AB2FB68A3F8E5
:10188000722079E000200046003001400030015015
:101890000038004000380050FB68B3F872309BB24B
:1018A000FA8B9A4224D93B6903F40043002B1FD0E2
:1018B000FB68DB6EBA69128892B21A80FB68DB6E35
:1018C0009A1CFB68DA66FB68DB6EBA69128892B212
:1018D0001A80FB68DB6E9A1CFB68DA66FB68B3F85B
:1018E00072309BB2023B9AB2FB68A3F8722043E0CD
:1018F000FB68B3F872309BB2012B19D13B6903F43A
:101900000053002B14D0FB68DB6EBA69128892B2C8
:101910001A80FB68DB6E9A1CFB68DA66FB68B3F81A
:1019200072309BB2013B9AB2FB68A3F8722023E0AD
:10193000F0F7C0FA02467B69D31A3A689A4203D894
:101940003B68B3F1FF3F02D13B68002B14D1F8682C
:1019500000F01CFFFB68D3F88C3043F48072FB6806
:10196000C3F88C20FB68012283F88920FB680022E1
:1019700083F888200323D9E0FB68B3F872309BB268
:10198000002B7FF45FAFBEE0FB681B685B693B61C7
:10199000FB681B685B6903F00103012B17D1FB682F
:1019A0001B6803F13002FB68DB6E1278D2B21A704A
:1019B000FB68DB6E5A1CFB68DA66FB68B3F87230B2
:1019C0009BB2013B9AB2FB68A3F8722094E0FB68DB
:1019D000B3F872309BB2FA8B9A4246D93B6903F452
:1019E0000043002B41D0FB681B6803F13002FB6809
:1019F000DB6E1278D2B21A70FB68DB6E5A1CFB6881
:101A0000DA66FB681B6803F13002FB68DB6E127854
:101A1000D2B21A70FB68DB6E5A1CFB68DA66FB6890
:101A20001B6803F13002FB68DB6E1278D2B21A70C9
:101A3000FB68DB6E5A1CFB68DA66FB681B6803F107
:101A40003002FB68DB6E1278D2B21A70FB68DB6E74
:101A50005A1CFB68DA66FB68B3F872309BB2043B31
:101A60009AB2FB68A3F8722046E0FB68B3F87230C4
:101A70009BB2032B1CD83B6903F4C043002B17D047
:101A8000FB681B6803F13002FB68DB6E1278D2B290
:101A90001A70FB68DB6E5A1CFB68DA66FB68B3F8E9
:101AA00072309BB2013B9AB2FB68A3F8722023E02C
:101AB000F0F700FA02467B69D31A3A689A4203D8D3
:101AC0003B68B3F1FF3F02D13B68002B14D1F868AB
:101AD00000F05CFEFB68D3F88C3043F48072FB6846
:101AE000C3F88C20FB68012283F88920FB68002260
:101AF00083F88820032319E0FB68B3F872309BB2A7
:101B0000002B7FF441AFF86800F040FEFB68012233
:101B100083F88920FB68002283F88820FB68D3F8CB
:101B20008C30002B01D0012300E000231846203721
:101B3000BD4680BD80B485B000AFF860B960134683
:101B4000FB80FB681B685C4A9342BB68002B02D099
:101B5000FB88002B01D10123A7E0FB6893F88930B3
:101B6000DBB2012B01D002239FE0FB6893F88830A1
:101B7000012B01D1022398E0FB68012283F8882021
:101B8000FB68032283F88920FB680022C3F88C20BD
:101B9000FB68BA685A66FB68FA88A3F86820FB6895
:101BA000FA88A3F86A20FB680022DA66FB68002244
:101BB000A3F87020FB680022A3F87220FB680022C3
:101BC0009A67FB68DB680F2B17D9FB681B683B4AD9
:101BD00093420ED0FB681B68394A934209D0FB68D8
:101BE0001B68384A934204D0FB681B68364A93420C
:101BF00003D1FB68354ADA670AE0FB68DB68072B2C
:101C000003D9FB68324ADA6702E0FB68314ADA67D7
:101C1000FB689B68B3F5C02F08D1FB681B681A6886
:101C2000FB681B6842F400621A6009E0FB681B68ED
:101C3000DB6823F4C022FB681B6842F40032DA60E0
:101C4000FB681B685B681B0C1B04F988FA68126848
:101C50000B435360FB681B681A68FB681B6842F003
:101C600001021A60FB68002283F88820FB681B6869
:101C70001B69FA68126843F44A7343F00203136164
:101C8000FB681B68DB6903F40013002B0CD1FB68B5
:101C90005B68B3F5800F07D1FB681B681A68FB68A7
:101CA0001B6842F400721A60002318461437BD46C0
:101CB0005DF8047B704700BF002000460030014003
:101CC0000030015000380040003800506D260208F6
:101CD0000F260208B525020880B584B000AF7860F1
:101CE0007B6893F88830012B01D10223E1E07B6807
:101CF000012283F888207B68072283F8892000234B
:101D0000FB736E4B1B686E4AA2FB03235B0A6422C3
:101D100002FB03F3BB607B681B681B6803F4007362
:101D2000B3F5007F5BD17B681B681A697B681B6811
:101D300022F008021A61BB68013BBB60BB68002B44
:101D400008D17B68D3F88C3043F040027B68C3F83D
:101D50008C2006E07B681B681B6903F00803082BD6
:101D6000E9D07B681B681A687B681B6842F4806254
:101D70001A60BB68013BBB60BB68002B08D17B6865
:101D8000D3F88C3043F040027B68C3F88C2007E026
:101D90007B681B681B6803F40073B3F5007FE8D011
:101DA0007B681B689A697B681B6842F400629A61D1
:101DB000BB68013BBB60BB68002B08D17B68D3F8D4
:101DC0008C3043F040027B68C3F88C2007E07B68CE
:101DD0001B685B6903F40063B3F5006FE8D07B68B0
:101DE0001B689B6803F40043B3F5004F1FD17B6869
:101DF000D3F88030002B1AD07B68D3F880300022D3
:101E0000DA667B68D3F880301846F3F759FE03464C
:101E1000002B0CD07B68D3F880301846F4F764F8B8
:101E20000346102B03D17B684022C3F88C207B68CB
:101E30001B689B6803F48043B3F5804F1FD17B6818
:101E4000D3F88430002B1AD07B68D3F8843000227A
:101E5000DA667B68D3F884301846F3F731FE034620
:101E6000002B0CD07B68D3F884301846F4F73CF88C
:101E70000346102B03D17B684022C3F88C2078687E
:101E800000F020FC7B68D3F88C3003F04003402B3B
:101E900002D10123FB7303E07B680022C3F88C208E
:101EA0007B68012283F889207B68002283F88820E0
:101EB000FB7B18461037BD4680BD00BF501A00207E
:101EC000F119760580B586B000AF786001233B61DB
:101ED0000123FB607B68072283F889200023FB75C0
:101EE000844B1B68844AA2FB03235B0A642202FB27
:101EF00003F3BB607B681B681B6803F40073B3F5D6
:101F0000007F5BD17B681B681A697B681B6822F0C5
:101F100008021A61BB68013BBB60BB68002B08D19B
:101F20007B68D3F88C3043F040027B68C3F88C2088
:101F300006E07B681B681B6903F00803082BE9D0E7
:101F40007B681B681A687B681B6842F480621A60B1
:101F5000BB68013BBB60BB68002B08D17B68D3F832
:101F60008C3043F040027B68C3F88C2007E07B682C
:101F70001B681B6803F40073B3F5007FE8D07B682F
:101F80001B689A697B681B6842F400629A61BB68AF
:101F9000013BBB60BB68002B08D17B68D3F88C3059
:101FA00043F040027B68C3F88C2007E07B681B6825
:101FB0005B6903F40063B3F5006FE8D07B68D3F886
:101FC0008430002B0CD07B681B689B6803F4804333
:101FD000B3F5804F04D17B68D3F88430474ADA6682
:101FE0007B68D3F88030002B2DD07B681B689B6802
:101FF00003F40043B3F5004F20D17B68D3F8803061
:102000003F4ADA6600233B617B68D3F8803018468C
:10201000F3F7D2FD0346002B15D07B68D3F8803050
:102020001846F3F761FF0346202B0CD101233B61D7
:102030007B68D3F880300022DA6604E07B68D3F84E
:1020400080300022DA667B68D3F88430002B2DD0F4
:102050007B681B689B6803F48043B3F5804F20D1F5
:102060007B68D3F88430254ADA660023FB607B68FE
:10207000D3F884301846F3F79FFD0346002B15D0A4
:102080007B68D3F884301846F3F72EFF0346202BE5
:102090000CD10123FB607B68D3F884300022DA6620
:1020A00004E07B68D3F884300022DA663B69012BB8
:1020B0001AD1FB68012B17D1786800F003FB7B680D
:1020C000D3F88C3003F04003402B02D10123FB7581
:1020D00003E07B680022C3F88C207B68012283F830
:1020E00089207868DFF7BEFEFB7D18461837BD46AD
:1020F00080BD00BF501A0020F1197605692502083D
:102100001D25020880B58AB000AF78607B681B6827
:102110001B693B627B681B685B69FB613A6AFB6910
:102120001340BB617B681B689B687B6100237B62FB
:102130007B6893F88930FB747B681B683033FB60E5
:10214000FB6903F40063002B10D03B6A03F0080323
:10215000002B0BD07B681B689A697B681B6842F474
:1021600000629A61786800F0B5F99AE1BB6903F002
:102170004003002B13D1BB6903F02003002B0ED1C9
:10218000BB6903F00403002B09D07B68DB6F786820
:1021900098477B689B6F7868984701237B62BB698F
:1021A00003F04003002B0FD1BB6903F00103002BA8
:1021B0000AD0BB6903F00403002B05D17B689B6F39
:1021C0007868984701237B62BB6903F02003002BEA
:1021D0000FD1BB6903F00203002B0AD0BB6903F0E7
:1021E0000403002B05D17B68DB6F786898470123D7
:1021F0007B627B6A002B40F04F81BB6903F00803D0
:10220000002B00F08B807B681B689A697B681B68D9
:1022100042F008029A617B681B689A697B681B68B8
:1022200042F010029A617B681B689A697B681B68A0
:1022300042F400629A617B681B681A697B681B68BC
:1022400022F008021A617B681B689B6803F4404314
:10225000002B3DD136E07B68DB680F2B0BD97B6808
:102260001A687B68DB6E126B1A607B68DB6E1A1D66
:102270007B68DA661DE07B68DB68072B0BD97B681F
:10228000DB6EFA68128892B21A807B68DB6E9A1C49
:102290007B68DA660DE07B681B6803F130027B68BF
:1022A000DB6E1278D2B21A707B68DB6E5A1C7B68C8
:1022B000DA667B68B3F872309BB2013B9AB27B68F6
:1022C000A3F872207B68B3F872309BB2002BC2D1A6
:1022D000786800F05BFA7B68012283F889207B68CC
:1022E000D3F88C30002B03D07868DFF7ABFDD8E053
:1022F000FB7C052B03D1786800F0E2F8CEE0FB7C94
:10230000042B03D1786800F0D1F8C7E0FB7C032BE5
:1023100040F0C4807868DFF7CFFDBFE0BB6903F40D
:102320005873002B00F0BD80BB6903F04003002B05
:102330000FD07B68D3F88C3043F004027B68C3F87D
:102340008C207B681B689A697B681B6842F040029E
:102350009A61BB6903F40073002B0FD07B68D3F83C
:102360008C3043F001027B68C3F88C207B681B68CB
:102370009A697B681B6842F400729A61BB6903F436
:102380008073002B0FD07B68D3F88C3043F00802A9
:102390007B68C3F88C207B681B689A697B681B6824
:1023A00042F480729A61BB6903F02003002B0FD0C6
:1023B0007B68D3F88C3043F080027B68C3F88C20B4
:1023C0007B681B689A697B681B6842F020029A61EF
:1023D0007B68D3F88C30002B62D07B681B681A684E
:1023E0007B681B6822F001021A607B681B681B690E
:1023F0007A68126823F45A7323F0030313617B692C
:1024000003F44043B3F5404F3ED17B681B689A68A4
:102410007B681B6822F440429A607B68D3F8843062
:10242000002B15D07B68D3F884301F4ADA667B68AE
:10243000D3F884301846F3F7BFFB0346002B07D0D0
:102440007B68D3F88C3043F040027B68C3F88C2063
:102450007B68D3F88030002B22D07B68D3F88030A3
:10246000114ADA667B68D3F880301846F3F7A4FB8C
:102470000346002B14D07B68D3F88C3043F0400225
:102480007B68C3F88C200BE07B68012283F88920ED
:102490007868DFF7D7FC03E000BF02E000BF00E090
:1024A00000BF2837BD4680BDE924020880B483B050
:1024B00000AF786000BF0C37BD465DF8047B704705
:1024C00080B483B000AF786000BF0C37BD465DF8C4
:1024D000047B704780B483B000AF786000BF0C37D6
:1024E000BD465DF8047B704780B584B000AF78606E
:1024F0007B68DB6DFB60FB680022A3F87220FB6841
:102500000022A3F86A20FB68012283F88920F8687A
:10251000DFF798FC00BF1037BD4680BD80B584B0A2
:1025200000AF78607B68DB6DFB60FB68D3F88030C0
:102530000022DA66FB68D3F88430002B05D0FB68F4
:10254000D3F88430DB6E002B0AD1F86800F0BAF8BB
:10255000FB68012283F88920F868DFF783FC00E03C
:1025600000BF1037BD4680BD80B584B000AF786035
:102570007B68DB6DFB60FB68D3F884300022DA6691
:10258000FB68D3F88030002B05D0FB68D3F880308F
:10259000DB6E002B0AD1F86800F094F8FB6801228A
:1025A00083F88920F868DFF75DFC00E000BF103792
:1025B000BD4680BD80B483B000AF78607B685A6E42
:1025C0007B681B68203312781A707B685B6E5A1C1C
:1025D0007B685A667B68B3F86A309BB2013B9AB25B
:1025E0007B68A3F86A207B68B3F86A309BB2002B43
:1025F00007D17B681B681A697B681B6822F002029E
:102600001A6100BF0C37BD465DF8047B704780B48B
:1026100085B000AF78607B681B682033FB607B6807
:102620005B6E1A88FB681A807B685B6E9A1C7B68FD
:102630005A667B68B3F86A309BB2013B9AB27B68FA
:10264000A3F86A207B68B3F86A309BB2002B07D1ED
:102650007B681B681A697B681B6822F002021A619A
:1026600000BF1437BD465DF8047B704780B483B06B
:1026700000AF78607B685A6E7B681B6812681A62CC
:102680007B685B6E1A1D7B685A667B68B3F86A309C
:102690009BB2013B9AB27B68A3F86A207B68B3F8CF
:1026A0006A309BB2002B07D17B681B681A697B6874
:1026B0001B6822F002021A6100BF0C37BD465DF8AC
:1026C000047B704780B483B000AF78607B681B6880
:1026D0001A687B681B6822F001021A607B681B681D
:1026E0001B697A68126823F45B7323F00303136198
:1026F0007B681B689A697B681B6842F008029A61D4
:102700007B681B689A697B681B6842F010029A61BB
:102710007B681B689A687B681B6822F440429A6059
:102720007B681B689A697B681B6842F040029A616B
:102730007B681B689A697B681B6842F020029A617B
:102740007B681B689A697B681B6842F480729A6197
:102750007B681B689A697B681B6842F400729A6107
:102760007B681B689A697B681B6842F400629A6107
:102770007B680022A3F86A207B680022A3F87220FD
:1027800000BF0C37BD465DF8047B704780B485B050
:1027900000AF78607B681B685B69FB607B681B68C7
:1027A0009A697B681B6842F008029A617B681B6823
:1027B0009A697B681B6842F010029A617B681B680B
:1027C0001A687B681B6822F001021A607B681B682C
:1027D0001B697A68126823F45B7323F003031361A7
:1027E0007B681B689A687B681B6822F440429A6089
:1027F0007B6893F88930DBB2042B14D0FB6803F0BC
:102800002003002B0FD07B68D3F88C3043F080027C
:102810007B68C3F88C207B681B689A697B681B689F
:1028200042F020029A617B6893F88930DBB2032B77
:1028300014D0FB6803F04003002B0FD07B68D3F863
:102840008C3043F004027B68C3F88C207B681B68E3
:102850009A697B681B6842F040029A61FB6803F446
:102860000073002B0FD07B68D3F88C3043F001024B
:102870007B68C3F88C207B681B689A697B681B683F
:1028800042F400729A61FB6803F48073002B0FD04E
:102890007B68D3F88C3043F008027B68C3F88C2047
:1028A0007B681B689A697B681B6842F480729A6136
:1028B0007B680022A3F86A207B680022A3F87220BC
:1028C00000BF1437BD465DF8047B704780B584B007
:1028D00000AFF860B9603B601346FB7110E0EFF7A2
:1028E000E9FA0246BB69D31A3A689A4203D83B68B0
:1028F000B3F1FF3F02D13B68002B01D103230FE06E
:10290000FB681B685A69BB681340BA689A420CBFDF
:1029100001230023DBB21A46FB799A42DFD0002361
:1029200018461037BD4680BD80B485B000AF7860D2
:102930007B68DB6B5B090133FB607B68DB68013321
:10294000BB60BB680733DB08BB60BB68FA6802FB8F
:1029500003F318461437BD465DF8047B704780B416
:1029600083B000AF786039607B6893F88930DBB260
:10297000012B2ED17B6893F88830012B01D10223E3
:1029800028E07B68012283F888207B68022283F894
:1029900089207B681B681A687B681B6822F001022B
:1029A0001A603B681A683B685B6803F4702342EA6C
:1029B00003013B689A687B681B680A43DA617B689D
:1029C000012283F889207B68002283F88820002375
:1029D00000E0012318460C37BD465DF8047B7047C4
:1029E00080B582B000AF78607B68002B01D10123F5
:1029F00049E07B6893F83D30DBB2002B06D17B6861
:102A0000002283F83C207868EEF7C6FF7B6802223C
:102A100083F83D207B681A687B68043319461046AA
:102A200001F03CFB7B68012283F848207B6801228F
:102A300083F83E207B68012283F83F207B680122D7
:102A400083F840207B68012283F841207B680122C3
:102A500083F842207B68012283F843207B680122AF
:102A600083F844207B68012283F845207B6801229B
:102A700083F846207B68012283F847207B68012287
:102A800083F83D20002318460837BD4680BD80B43A
:102A900083B000AF78607B681B681A6A41F211133B
:102AA0001340002B0FD17B681B681A6A44F2444321
:102AB0001340002B07D17B681B681A687B681B6872
:102AC00022F001021A607B68012283F83D20002376
:102AD00018460C37BD465DF8047B704780B485B05E
:102AE00000AF78607B6893F83D30DBB2012B01D0FA
:102AF000012372E07B68022283F83D207B681B681B
:102B0000DA687B681B6842F00102DA607B681B6848
:102B1000354A934240D07B681B68344A93423BD08D
:102B20007B681B68B3F1804F36D07B681B68B3F1BC
:102B3000A04F31D07B681B682D4A93422CD07B6814
:102B40001B682C4A934227D07B681B682A4A934211
:102B500022D07B681B68294A93421DD07B681B6882
:102B6000274A934218D07B681B68264A934213D0A9
:102B70007B681B68244A93420ED07B681B68234AFB
:102B8000934209D07B681B68214A934204D07B683A
:102B90001B68204A934215D17B681B689A681E4BBC
:102BA0001340FB60FB68062B15D0FB68B3F5803F34
:102BB00011D07B681B681A687B681B6842F00102B1
:102BC0001A6008E07B681B681A687B681B6842F023
:102BD00001021A6000E000BF002318461437BD460A
:102BE0005DF8047B704700BF002C0140002C0150B1
:102BF000000400400004005000080040000800509D
:102C0000000C0040000C0050003401400034015022
:102C100000400140004001500700010080B483B033
:102C200000AF78607B681B68DA687B681B6822F0FD
:102C30000102DA607B681B681A6A41F211131340C3
:102C4000002B0FD17B681B681A6A44F2444313407F
:102C5000002B07D17B681B681A687B681B6822F011
:102C600001021A607B68012283F83D200023184688
:102C70000C37BD465DF8047B704780B582B000AF6D
:102C800078607B68002B01D1012349E07B6893F8D1
:102C90003D30DBB2002B06D17B68002283F83C205C
:102CA000786800F041F87B68022283F83D207B6859
:102CB0001A687B6804331946104601F0EFF97B6807
:102CC000012283F848207B68012283F83E207B683C
:102CD000012283F83F207B68012283F840207B6833
:102CE000012283F841207B68012283F842207B681F
:102CF000012283F843207B68012283F844207B680B
:102D0000012283F845207B68012283F846207B68F6
:102D1000012283F847207B68012283F83D200023AD
:102D200018460837BD4680BD80B483B000AF7860D8
:102D300000BF0C37BD465DF8047B704780B584B09A
:102D400000AF786039600023FB733B68002B09D12A
:102D50007B6893F83E30DBB2012B14BF01230023C4
:102D6000DBB23CE03B68042B09D17B6893F83F3031
:102D7000DBB2012B14BF01230023DBB22FE03B6841
:102D8000082B09D17B6893F84030DBB2012B14BFCC
:102D900001230023DBB222E03B680C2B09D17B68C6
:102DA00093F84130DBB2012B14BF01230023DBB2C7
:102DB00015E03B68102B09D17B6893F84230DBB2F9
:102DC000012B14BF01230023DBB208E07B6893F8DA
:102DD0004330DBB2012B14BF01230023DBB2002BF5
:102DE00001D0012324E13B68002B04D17B6802223F
:102DF00083F83E2023E03B68042B04D17B68022249
:102E000083F83F201BE03B68082B04D17B6802223B
:102E100083F8402013E03B680C2B04D17B6802222E
:102E200083F841200BE03B68102B04D17B68022221
:102E300083F8422003E07B68022283F843203B684A
:102E40000C2B41D801A252F823F000BF812E0208BA
:102E5000C92E0208C92E0208C92E0208932E0208A4
:102E6000C92E0208C92E0208C92E0208A52E020882
:102E7000C92E0208C92E0208C92E0208B72E020860
:102E80007B681B68DA687B681B6842F00202DA60C4
:102E90001DE07B681B68DA687B681B6842F00402EF
:102EA000DA6014E07B681B68DA687B681B6842F0B4
:102EB0000802DA600BE07B681B68DA687B681B68D5
:102EC00042F01002DA6002E00123FB7300BFFB7BDB
:102ED000002B40F0AC807B681B68012239681846E3
:102EE00001F04EFE7B681B68534A93422CD07B68EE
:102EF0001B68524A934227D07B681B68504A934212
:102F000022D07B681B684F4A93421DD07B681B68A8
:102F10004D4A934218D07B681B684C4A934213D0A9
:102F20007B681B684A4A93420ED07B681B68494AFB
:102F3000934209D07B681B68474A934204D07B6860
:102F40001B68464A934201D1012300E00023002B75
:102F500007D07B681B685A6C7B681B6842F4004290
:102F60005A647B681B68344A934240D07B681B6874
:102F7000324A93423BD07B681B68B3F1804F36D016
:102F80007B681B68B3F1A04F31D07B681B68344A63
:102F900093422CD07B681B68324A934227D07B68CF
:102FA0001B68314A934222D07B681B682F4A9342A8
:102FB0001DD07B681B682E4A934218D07B681B6823
:102FC0002C4A934213D07B681B681D4A93420ED053
:102FD0007B681B681B4A934209D07B681B681A4AAE
:102FE000934204D07B681B68184A934215D17B68D2
:102FF0001B689A68204B1340BB60BB68062B15D03A
:10300000BB68B3F5803F11D07B681B681A687B688A
:103010001B6842F001021A6008E07B681B681A68AE
:103020007B681B6842F001021A6000E000BFFB7B76
:1030300018461037BD4680BD002C0140002C0150C1
:103040000034014000340150004001400040015074
:103050000044014000440150004801400048015034
:103060000004004000040050000800400008005028
:10307000000C0040000C00500700010080B584B037
:1030800000AF786039600023FB733B680C2B41D89C
:1030900001A252F823F000BFCD300208153102081A
:1030A0001531020815310208DF3002081531020817
:1030B0001531020815310208F130020815310208F5
:1030C0001531020815310208033102087B681B68BC
:1030D000DA687B681B6822F00202DA601DE07B6818
:1030E0001B68DA687B681B6822F00402DA6014E06F
:1030F0007B681B68DA687B681B6822F00802DA606C
:103100000BE07B681B68DA687B681B6822F01002A2
:10311000DA6002E00123FB7300BFFB7B002B40F071
:103120009A807B681B6800223968184601F028FDE8
:103130007B681B684A4A93422CD07B681B68494ACB
:10314000934227D07B681B68474A934222D07B6812
:103150001B68464A93421DD07B681B68444A9342D1
:1031600018D07B681B68434A934213D07B681B6866
:10317000414A93420ED07B681B68404A934209D073
:103180007B681B683E4A934204D07B681B683D4ABB
:10319000934201D1012300E00023002B17D07B686C
:1031A0001B681A6A41F211131340002B0FD17B6880
:1031B0001B681A6A44F244431340002B07D17B6812
:1031C0001B685A6C7B681B6822F400425A647B6857
:1031D0001B681A6A41F211131340002B0FD17B6850
:1031E0001B681A6A44F244431340002B07D17B68E2
:1031F0001B681A687B681B6822F001021A603B6832
:10320000002B04D17B68012283F83E2023E03B6839
:10321000042B04D17B68012283F83F201BE03B682C
:10322000082B04D17B68012283F8402013E03B681F
:103230000C2B04D17B68012283F841200BE03B6812
:10324000102B04D17B68012283F8422003E07B68C5
:10325000012283F84320FB7B18461037BD4680BD12
:10326000002C0140002C015000340140003401507A
:103270000040014000400150004401400044015022
:10328000004801400048015080B582B000AF78602E
:103290007B68002B01D1012349E07B6893F83D3026
:1032A000DBB2002B06D17B68002283F83C207868D3
:1032B00000F041F87B68022283F83D207B681A68A1
:1032C0007B6804331946104600F0E8FE7B68012253
:1032D00083F848207B68012283F83E207B68012226
:1032E00083F83F207B68012283F840207B6801221D
:1032F00083F841207B68012283F842207B68012209
:1033000083F843207B68012283F844207B680122F4
:1033100083F845207B68012283F846207B680122E0
:1033200083F847207B68012283F83D20002318465C
:103330000837BD4680BD80B483B000AF786000BF61
:103340000C37BD465DF8047B7047000080B584B043
:1033500000AF786039600023FB733B68002B09D114
:103360007B6893F83E30DBB2012B14BF01230023AE
:10337000DBB23CE03B68042B09D17B6893F83F301B
:10338000DBB2012B14BF01230023DBB22FE03B682B
:10339000082B09D17B6893F84030DBB2012B14BFB6
:1033A00001230023DBB222E03B680C2B09D17B68B0
:1033B00093F84130DBB2012B14BF01230023DBB2B1
:1033C00015E03B68102B09D17B6893F84230DBB2E3
:1033D000012B14BF01230023DBB208E07B6893F8C4
:1033E0004330DBB2012B14BF01230023DBB2002BDF
:1033F00001D0012324E13B68002B04D17B68022229
:1034000083F83E2023E03B68042B04D17B68022232
:1034100083F83F201BE03B68082B04D17B68022225
:1034200083F8402013E03B680C2B04D17B68022218
:1034300083F841200BE03B68102B04D17B6802220B
:1034400083F8422003E07B68022283F843203B6834
:103450000C2B41D801A252F823F000BF913402088E
:10346000D9340208D9340208D9340208A334020836
:10347000D9340208D9340208D9340208B534020814
:10348000D9340208D9340208D9340208C7340208F2
:103490007B681B68DA687B681B6842F00202DA60AE
:1034A0001DE07B681B68DA687B681B6842F00402D9
:1034B000DA6014E07B681B68DA687B681B6842F09E
:1034C0000802DA600BE07B681B68DA687B681B68BF
:1034D00042F01002DA6002E00123FB7300BFFB7BC5
:1034E000002B40F0AC807B681B68012239681846CD
:1034F00001F046FB7B681B68534A93422CD07B68E3
:103500001B68524A934227D07B681B68504A9342FB
:1035100022D07B681B684F4A93421DD07B681B6892
:103520004D4A934218D07B681B684C4A934213D093
:103530007B681B684A4A93420ED07B681B68494AE5
:10354000934209D07B681B68474A934204D07B684A
:103550001B68464A934201D1012300E00023002B5F
:1035600007D07B681B685A6C7B681B6842F400427A
:103570005A647B681B68344A934240D07B681B685E
:10358000324A93423BD07B681B68B3F1804F36D000
:103590007B681B68B3F1A04F31D07B681B68344A4D
:1035A00093422CD07B681B68324A934227D07B68B9
:1035B0001B68314A934222D07B681B682F4A934292
:1035C0001DD07B681B682E4A934218D07B681B680D
:1035D0002C4A934213D07B681B681D4A93420ED03D
:1035E0007B681B681B4A934209D07B681B681A4A98
:1035F000934204D07B681B68184A934215D17B68BC
:103600001B689A68204B1340BB60BB68062B15D023
:10361000BB68B3F5803F11D07B681B681A687B6874
:103620001B6842F001021A6008E07B681B681A6898
:103630007B681B6842F001021A6000E000BFFB7B60
:1036400018461037BD4680BD002C0140002C0150AB
:10365000003401400034015000400140004001505E
:10366000004401400044015000480140004801501E
:103670000004004000040050000800400008005012
:10368000000C0040000C00500700010080B584B021
:1036900000AF786039600023FB733B680C2B41D886
:1036A00001A252F823F000BFDD36020825370208D8
:1036B0002537020825370208EF36020825370208A9
:1036C0002537020825370208013702082537020886
:1036D0002537020825370208133702087B681B6864
:1036E000DA687B681B6822F00202DA601DE07B6802
:1036F0001B68DA687B681B6822F00402DA6014E059
:103700007B681B68DA687B681B6822F00802DA6055
:103710000BE07B681B68DA687B681B6822F010028C
:10372000DA6002E00123FB7300BFFB7B002B40F05B
:103730009A807B681B6800223968184601F020FADD
:103740007B681B684A4A93422CD07B681B68494AB5
:10375000934227D07B681B68474A934222D07B68FC
:103760001B68464A93421DD07B681B68444A9342BB
:1037700018D07B681B68434A934213D07B681B6850
:10378000414A93420ED07B681B68404A934209D05D
:103790007B681B683E4A934204D07B681B683D4AA5
:1037A000934201D1012300E00023002B17D07B6856
:1037B0001B681A6A41F211131340002B0FD17B686A
:1037C0001B681A6A44F244431340002B07D17B68FC
:1037D0001B685A6C7B681B6822F400425A647B6841
:1037E0001B681A6A41F211131340002B0FD17B683A
:1037F0001B681A6A44F244431340002B07D17B68CC
:103800001B681A687B681B6822F001021A603B681B
:10381000002B04D17B68012283F83E2023E03B6823
:10382000042B04D17B68012283F83F201BE03B6816
:10383000082B04D17B68012283F8402013E03B6809
:103840000C2B04D17B68012283F841200BE03B68FC
:10385000102B04D17B68012283F8422003E07B68AF
:10386000012283F84320FB7B18461037BD4680BDFC
:10387000002C0140002C0150003401400034015064
:10388000004001400040015000440140004401500C
:10389000004801400048015080B584B000AF786016
:1038A0007B681B68DB68FB607B681B681B69BB600F
:1038B000BB6803F00203002B20D0FB6803F0020377
:1038C000002B1BD07B681B686FF002021A617B68BB
:1038D00001221A777B681B689B6903F00303002BA6
:1038E00003D0786800F0B8FB05E07868E7F750FE91
:1038F0007868E7F7E7FD7B6800221A77BB6803F07A
:103900000403002B20D0FB6803F00403002B1BD022
:103910007B681B686FF004021A617B6802221A77C9
:103920007B681B689B6903F44073002B03D07868A5
:1039300000F092FB05E07868E7F72AFE7868E7F781
:10394000C1FD7B6800221A77BB6803F00803002BD7
:1039500020D0FB6803F00803002B1BD07B681B689A
:103960006FF008021A617B6804221A777B681B6873
:10397000DB6903F00303002B03D0786800F06CFBD5
:1039800005E07868E7F704FE7868E7F79BFD7B6859
:1039900000221A77BB6803F01003002B20D0FB68CD
:1039A00003F01003002B1BD07B681B686FF0100224
:1039B0001A617B6808221A777B681B68DB6903F44D
:1039C0004073002B03D0786800F046FB05E0786870
:1039D000E7F7DEFD7868E7F775FD7B6800221A7768
:1039E000BB6803F00103002B0CD0FB6803F001035C
:1039F000002B07D07B681B686FF001021A617868A2
:103A0000E7F792FDBB6803F08003002B04D1BB688D
:103A100003F40053002B0CD0FB6803F08003002B51
:103A200007D07B681B686FF402521A61786801F056
:103A300099F9BB6803F48073002B0CD0FB6803F08A
:103A40008003002B07D07B681B686FF480721A61BB
:103A5000786801F091F9BB6803F04003002B0CD0AB
:103A6000FB6803F04003002B07D07B681B686FF0F6
:103A700040021A61786800F0F9FABB6803F020038D
:103A8000002B0CD0FB6803F02003002B07D07B68D1
:103A90001B686FF020021A61786801F059F9BB6861
:103AA00003F48013002B0CD0FB6803F48013002B6D
:103AB00007D07B681B686FF480121A61786801F088
:103AC00065F9BB6803F40013002B0CD0FB6803F40A
:103AD0000013002B07D07B681B686FF400121A617B
:103AE000786801F05DF9BB6803F48003002B0CD00B
:103AF000FB6803F48003002B07D07B681B686FF41E
:103B000080021A61786801F055F9BB6803F400037C
:103B1000002B0CD0FB6803F40003002B07D07B685C
:103B20001B686FF400021A61786801F04DF900BF5C
:103B30001037BD4680BD000080B586B000AFF8608C
:103B4000B9607A600023FB75FB6893F83C30012B69
:103B500001D1022366E0FB68012283F83C207B68E8
:103B6000142B57D801A252F823F000BFC13B020822
:103B7000153C0208153C0208153C0208CF3B020820
:103B8000153C0208153C0208153C0208DD3B020802
:103B9000153C0208153C0208153C0208EB3B0208E4
:103BA000153C0208153C0208153C0208F93B0208C6
:103BB000153C0208153C0208153C0208073C0208A7
:103BC000FB681B68B968184600F068FB25E0FB68D5
:103BD0001B68B968184600F023FC1EE0FB681B68F0
:103BE000B968184600F0CCFC17E0FB681B68B968A0
:103BF000184600F073FD10E0FB681B68B9681846B2
:103C000000F01CFE09E0FB681B68B968184600F06C
:103C100097FE02E00123FB7500BFFB68002283F8DA
:103C20003C20FB7D18461837BD4680BD80B586B068
:103C300000AFF860B9607A600023FB75FB6893F809
:103C40003C30012B01D10223FFE0FB68012283F805
:103C50003C207B68142B00F2F08001A252F823F084
:103C6000B53C02083B3E02083B3E02083B3E0208D0
:103C7000F53C02083B3E02083B3E02083B3E020880
:103C8000373D02083B3E02083B3E02083B3E02082D
:103C9000773D02083B3E02083B3E02083B3E0208DD
:103CA000B93D02083B3E02083B3E02083B3E02088B
:103CB000F93D0208FB681B68B968184600F0EEFA87
:103CC000FB681B689A69FB681B6842F008029A61EE
:103CD000FB681B689A69FB681B6822F004029A6102
:103CE000FB681B689969BB681A69FB681B680A4313
:103CF0009A61A5E0FB681B68B968184600F090FB64
:103D0000FB681B689A69FB681B6842F400629A6151
:103D1000FB681B689A69FB681B6822F480629A61E1
:103D2000FB681B689969BB681B691A02FB681B6802
:103D30000A439A6184E0FB681B68B968184600F082
:103D40001FFCFB681B68DA69FB681B6842F008020D
:103D5000DA61FB681B68DA69FB681B6822F0040201
:103D6000DA61FB681B68D969BB681A69FB681B6864
:103D70000A43DA6164E0FB681B68B968184600F022
:103D8000ADFCFB681B68DA69FB681B6842F40062E3
:103D9000DA61FB681B68DA69FB681B6822F48062E1
:103DA000DA61FB681B68D969BB681B691A02FB688A
:103DB0001B680A43DA6143E0FB681B68B968184670
:103DC00000F03CFDFB681B681A6DFB681B6842F045
:103DD00008021A65FB681B681A6DFB681B6822F0F5
:103DE00004021A65FB681B68196DBB681A69FB68D9
:103DF0001B680A431A6523E0FB681B68B96818460C
:103E000000F09EFDFB681B681A6DFB681B6842F49E
:103E100000621A65FB681B681A6DFB681B6822F458
:103E200080621A65FB681B68196DBB681B691A0202
:103E3000FB681B680A431A6502E00123FB7500BF9B
:103E4000FB68002283F83C20FB7D18461837BD46EE
:103E500080BD00BF80B584B000AF786039600023BA
:103E6000FB737B6893F83C30012B01D10223E6E021
:103E70007B68012283F83C207B68022283F83D2086
:103E80007B681B689B68BB60BB6823F4441323F00A
:103E90007703BB60BB6823F47F43BB607B681B6810
:103EA000BA689A603B681B68674A934200F0B18029
:103EB000654A934200F2B680644A934200F0A980BA
:103EC000624A934200F2AE80614A934200F0A180C0
:103ED0005F4A934200F2A6805E4A934200F09980C6
:103EE0005C4A934200F29E80B3F1101F00F0918073
:103EF000B3F1101F00F29680B3F5801F00F08980A7
:103F0000B3F5801F00F28E80B3F5005F3ED0B3F5AD
:103F1000005F00F28780B3F5805F00F08680B3F524
:103F2000805F7FD8702B1AD0702B7BD8602B50D03D
:103F3000602B77D8502B3CD0502B73D8402B58D0C7
:103F4000402B6FD8302B64D0302B6BD8202B60D017
:103F5000202B67D8002B5CD0102B5AD062E07B68F6
:103F600018683B6899683B685A683B68DB6800F0F2
:103F7000E7FD7B681B689B68BB60BB6843F0770309
:103F8000BB607B681B68BA689A604FE07B68186802
:103F90003B6899683B685A683B68DB6800F0D0FD75
:103FA0007B681B689A687B681B6842F480429A6051
:103FB0003CE07B6818683B6859683B68DB681A46D8
:103FC00000F042FD7B681B685021184600F09BFD05
:103FD0002CE07B6818683B6859683B68DB681A46C8
:103FE00000F061FD7B681B686021184600F08BFDC6
:103FF0001CE07B6818683B6859683B68DB681A46B8
:1040000000F022FD7B681B684021184600F07BFD14
:104010000CE07B681A683B681B681946104600F084
:1040200072FD03E00123FB7300E000BF7B68012207
:1040300083F83D207B68002283F83C20FB7B1846F8
:104040001037BD4680BD00BF70001000400010005A
:10405000300010002000100080B483B000AF786002
:1040600000BF0C37BD465DF8047B704780B483B059
:1040700000AF786000BF0C37BD465DF8047B704729
:1040800080B483B000AF78607B6893F83D30DBB2DA
:1040900018460C37BD465DF8047B704780B485B088
:1040A00000AF786039607B681B68FB607B686B4A97
:1040B00093422BD07B686A4A934227D07B68B3F146
:1040C000804F23D07B68B3F1A04F1FD07B68654A37
:1040D00093421BD07B68644A934217D07B68634A43
:1040E000934213D07B68624A93420FD07B68614A47
:1040F00093420BD07B68604A934207D07B685F4A4B
:10410000934203D07B685E4A934208D1FB6823F058
:104110007003FB603B685B68FA681343FB607B6875
:104120004E4A934243D07B684D4A93423FD07B68CE
:10413000B3F1804F3BD07B68B3F1A04F37D07B68A1
:10414000484A934233D07B68474A93422FD07B68DA
:10415000464A93422BD07B68454A934227D07B68DE
:10416000444A934223D07B68434A93421FD07B68E2
:10417000424A93421BD07B68414A934217D07B68E6
:10418000404A934213D07B683F4A93420FD07B68EA
:104190003E4A93420BD07B683D4A934207D07B68EE
:1041A0003C4A934203D07B683B4A934208D1FB6868
:1041B00023F44073FB603B68DB68FA681343FB60E1
:1041C000FB6823F080023B685B691343FB603B683C
:1041D0009A687B68DA623B681A687B689A627B68D7
:1041E0001E4A934223D07B681D4A93421FD07B68AE
:1041F000224A93421BD07B68214A934217D07B68A6
:10420000204A934213D07B681F4A93420FD07B68A9
:104210001E4A93420BD07B681D4A934207D07B68AD
:104220001C4A934203D07B681B4A934203D13B68EC
:104230001A697B681A637B681B6843F004027B6819
:104240001A607B6801225A617B68FA681A6000BFB5
:104250001437BD465DF8047B704700BF002C014059
:10426000002C0150000400400004005000080040F1
:1042700000080050000C0040000C005000340140C9
:104280000034015000400140004001500044014012
:1042900000440150004801400048015080B487B0FC
:1042A00000AF786039607B681B6A7B617B681B6A42
:1042B00023F001027B681A627B685B683B617B6864
:1042C0009B69FB60FB6823F4803323F07003FB6081
:1042D000FB6823F00303FB603B681B68FA68134329
:1042E000FB607B6923F002037B613B689B687A6912
:1042F00013437B617B68404A934223D07B683F4AEB
:1043000093421FD07B683E4A93421BD07B683D4A54
:10431000934217D07B683C4A934213D07B683B4A58
:1043200093420FD07B683A4A93420BD07B68394A5C
:10433000934207D07B68384A934203D07B68374A60
:1043400093420CD17B6923F008037B613B68DB68F7
:104350007A6913437B617B6923F004037B617B688B
:10436000254A934223D07B68244A93421FD07B681E
:10437000234A93421BD07B68224A934217D07B6822
:10438000214A934213D07B68204A93420FD07B6826
:104390001F4A93420BD07B681E4A934207D07B682A
:1043A0001D4A934203D07B681C4A934211D13B695A
:1043B00023F480733B613B6923F400733B613B68EA
:1043C0005B693A6913433B613B689B693A691343F4
:1043D0003B617B683A695A607B68FA689A613B681E
:1043E0005A687B685A637B687A691A6200BF1C3717
:1043F000BD465DF8047B7047002C0140002C015045
:1044000000340140003401500040014000400150A0
:104410000044014000440150004801400048015060
:1044200080B487B000AF786039607B681B6A7B61BD
:104430007B681B6A23F010027B681A627B685B68EA
:104440003B617B689B69FB60FB6823F0807323F40E
:10445000E043FB60FB6823F44073FB603B681B6830
:104460001B02FA681343FB607B6923F020037B6126
:104470003B689B681B017A6913437B617B68364A02
:1044800093420BD07B68354A934207D07B68344A0D
:10449000934203D07B68334A93420DD17B6923F06A
:1044A00080037B613B68DB681B017A6913437B6196
:1044B0007B6923F040037B617B68274A934223D0CA
:1044C0007B68264A93421FD07B68254A93421BD0C3
:1044D0007B68244A934217D07B68234A934213D0C7
:1044E0007B68224A93420FD07B68214A93420BD0CB
:1044F0007B68204A934207D07B681F4A934203D0CF
:104500007B681E4A934213D13B6923F480633B616D
:104510003B6923F400633B613B685B699B003A693C
:1045200013433B613B689B699B003A6913433B61C2
:104530007B683A695A607B68FA689A613B685A6896
:104540007B689A637B687A691A6200BF1C37BD4634
:104550005DF8047B704700BF002C0140002C015027
:10456000003401400034015000400140004001503F
:1045700000440140004401500048014000480150FF
:1045800080B487B000AF786039607B681B6A7B615C
:104590007B681B6A23F480727B681A627B685B68A5
:1045A0003B617B68DB69FB60FB6823F4803323F0AD
:1045B0007003FB60FB6823F00303FB603B681B6830
:1045C000FA681343FB607B6923F400737B613B68EB
:1045D0009B681B027A6913437B617B68354A93426F
:1045E0000BD07B68344A934207D07B68334A9342AE
:1045F00003D07B68324A93420DD17B6923F4006378
:104600007B613B68DB681B027A6913437B617B69D2
:1046100023F480637B617B68264A934223D07B68C6
:10462000254A93421FD07B68244A93421BD07B6863
:10463000234A934217D07B68224A934213D07B6867
:10464000214A93420FD07B68204A93420BD07B686B
:104650001F4A934207D07B681E4A934203D07B686F
:104660001D4A934213D13B6923F480533B613B695C
:1046700023F400533B613B685B691B013A691343B8
:104680003B613B689B691B013A6913433B617B6853
:104690003A695A607B68FA68DA613B685A687B68F5
:1046A000DA637B687A691A6200BF1C37BD465DF821
:1046B000047B7047002C0140002C01500034014065
:1046C00000340150004001400040015000440140CE
:1046D00000440150004801400048015080B487B0B8
:1046E00000AF786039607B681B6A7B617B681B6AFE
:1046F00023F480527B681A627B685B683B617B684D
:10470000DB69FB60FB6823F0807323F4E043FB600C
:10471000FB6823F44073FB603B681B681B02FA686C
:104720001343FB607B6923F400537B613B689B6808
:104730001B037A6913437B617B68364A93420BD033
:104740007B68354A934207D07B68344A934203D052
:104750007B68334A93420DD17B6923F400437B612C
:104760003B68DB681B037A6913437B617B6923F435
:1047700080437B617B68274A934223D07B68264A2B
:1047800093421FD07B68254A93421BD07B68244A02
:10479000934217D07B68234A934213D07B68224A06
:1047A00093420FD07B68214A93420BD07B68204A0A
:1047B000934207D07B681F4A934203D07B681E4A0E
:1047C000934213D13B6923F480433B613B6923F45B
:1047D00000433B613B685B699B013A6913433B6162
:1047E0003B689B699B013A6913433B617B683A696B
:1047F0005A607B68FA68DA613B685A687B681A64B9
:104800007B687A691A6200BF1C37BD465DF8047B7D
:10481000704700BF002C0140002C015000340140C3
:10482000003401500040014000400150004401406C
:1048300000440150004801400048015080B487B056
:1048400000AF786039607B681B6A3B617B681B6ADC
:1048500023F480327B681A627B685B687B617B68CB
:104860001B6DFB60FB6823F4803323F07003FB6057
:104870003B681B68FA681343FB603B6923F4003311
:104880003B613B689B681B043A6913433B617B684F
:10489000214A934223D07B68204A93421FD07B68F1
:1048A0001F4A93421BD07B681E4A934217D07B68F5
:1048B0001D4A934213D07B681C4A93420FD07B68F9
:1048C0001B4A93420BD07B681A4A934207D07B68FD
:1048D000194A934203D07B68184A934209D17B69F5
:1048E00023F480337B613B685B691B027A69134365
:1048F0007B617B687A695A607B68FA681A653B68F5
:104900005A687B689A647B683A691A6200BF1C37F0
:10491000BD465DF8047B7047002C0140002C01501F
:10492000003401400034015000400140004001507B
:10493000004401400044015000480140004801503B
:1049400080B487B000AF786039607B681B6A3B61D8
:104950007B681B6A23F480127B681A627B685B6841
:104960007B617B681B6DFB60FB6823F0807323F425
:10497000E043FB603B681B681B02FA681343FB6063
:104980003B6923F400133B613B689B681B053A6954
:1049900013433B617B68224A934223D07B68214AC0
:1049A00093421FD07B68204A93421BD07B681F4AEA
:1049B000934217D07B681E4A934213D07B681D4AEE
:1049C00093420FD07B681C4A93420BD07B681B4AF2
:1049D000934207D07B681A4A934203D07B68194AF6
:1049E000934209D17B6923F480237B613B685B6937
:1049F0009B027A6913437B617B687A695A607B68A2
:104A0000FA681A653B685A687B68DA647B683A69B9
:104A10001A6200BF1C37BD465DF8047B704700BFBB
:104A2000002C0140002C01500034014000340150A2
:104A3000004001400040015000440140004401504A
:104A4000004801400048015080B487B000AFF860D2
:104A5000B9607A60FB681B6A7B61FB681B6A23F0A4
:104A60000102FB681A62FB689B693B613B6923F0AA
:104A7000F0033B617B681B013A6913433B617B692F
:104A800023F00A037B617A69BB6813437B61FB688F
:104A90003A699A61FB687A691A6200BF1C37BD46A1
:104AA0005DF8047B704780B487B000AFF860B960F0
:104AB0007A60FB681B6A7B61FB681B6A23F010024B
:104AC000FB681A62FB689B693B613B6923F4704396
:104AD0003B617B681B033A6913433B617B6923F0AD
:104AE000A0037B61BB681B017A6913437B61FB6890
:104AF0003A699A61FB687A691A6200BF1C37BD4641
:104B00005DF8047B704780B485B000AF7860396091
:104B10007B689B68FB60FB6823F4401323F0700301
:104B2000FB603A68FB68134343F00703FB607B6854
:104B3000FA689A6000BF1437BD465DF8047B704781
:104B400080B487B000AFF860B9607A603B60FB6802
:104B50009B687B617B6923F47F437B613B681A021E
:104B60007B681A43BB6813437A6913437B61FB6814
:104B70007A699A6000BF1C37BD465DF8047B7047B8
:104B800080B487B000AFF860B9607A60BB6803F0AA
:104B90001F03012202FA03F37B61FB681A6A7B6937
:104BA000DB431A40FB681A62FB681A6ABB6803F0B1
:104BB0001F03796801FA03F31A43FB681A6200BF06
:104BC0001C37BD465DF8047B7047000080B485B09B
:104BD00000AF786039607B6893F83C30012B01D1DD
:104BE000022397E07B68012283F83C207B68022245
:104BF00083F83D207B681B685B68FB607B681B68F3
:104C00009B68BB607B681B68454A93420ED07B68FB
:104C10001B68444A934209D07B681B68424A93420E
:104C200004D07B681B68414A934208D1FB6823F497
:104C30007003FB603B685B68FA681343FB60FB68CA
:104C400023F0007323F07003FB603B681B68FA6875
:104C50001343FB607B681B68FA685A607B681B68BB
:104C60002F4A934240D07B681B682E4A93423BD028
:104C70007B681B68B3F1804F36D07B681B68B3F14B
:104C8000A04F31D07B681B68294A93422CD07B68A7
:104C90001B68284A934227D07B681B68264A9342A8
:104CA00022D07B681B68254A93421DD07B681B6815
:104CB000234A934218D07B681B68224A934213D040
:104CC0007B681B68184A93420ED07B681B68174AA2
:104CD000934209D07B681B681B4A934204D07B68CF
:104CE0001B681A4A93420CD1BB6823F08003BB6057
:104CF0003B689B68BA681343BB607B681B68BA68F3
:104D00009A607B68012283F83D207B68002283F84B
:104D10003C20002318461437BD465DF8047B7047DD
:104D2000002C0140002C015000340140003401509F
:104D3000000400400004005000080040000800503B
:104D4000000C0040000C00500040014000400150A9
:104D500080B483B000AF786000BF0C37BD465DF80B
:104D6000047B704780B483B000AF786000BF0C371D
:104D7000BD465DF8047B704780B483B000AF7860B7
:104D800000BF0C37BD465DF8047B704780B483B02C
:104D900000AF786000BF0C37BD465DF8047B7047FC
:104DA00080B483B000AF786000BF0C37BD465DF8BB
:104DB000047B704780B483B000AF786000BF0C37CD
:104DC000BD465DF8047B704780B483B000AF786067
:104DD00000BF0C37BD465DF8047B704780B582B0DC
:104DE00000AF78607B68002B01D1012342E07B6833
:104DF000D3F88830002B06D17B68002283F884200A
:104E00007868ECF7F3FE7B682422C3F888207B687F
:104E10001B681A687B681B6822F001021A607B68B5
:104E20009B6A002B02D0786800F036FF786800F0AB
:104E300091FD0346012B01D101231BE07B681B6818
:104E40005A687B681B6822F490425A607B681B6832
:104E50009A687B681B6822F02A029A607B681B684C
:104E60001A687B681B6842F001021A60786800F0DB
:104E7000B5FF034618460837BD4680BD80B491B0E3
:104E800000AFF860B9601346FB80FB68D3F8883048
:104E9000202B40F08880BB68002B02D0FB88002BC1
:104EA00001D1012380E0FB681B689B6803F080034D
:104EB000802B07D1FB681B689A68FB681B6822F08F
:104EC00080029A60FB68BA681A65FB68FA88A3F8E2
:104ED0005420FB68FA88A3F85620FB6800229A67E2
:104EE000FB680022C3F89020FB682122C3F88820C9
:104EF000FB685B6EB3F1005F2AD1FB689B68B3F57A
:104F0000805F07D1FB681B69002B03D1FB68294A2E
:104F10009A6702E0FB68284A9A67FB681B680833B7
:104F2000BB62BB6A53E8003F7B627B6A43F40003C9
:104F3000BB63FB681B680833BA6B7A633B63396BEE
:104F40007A6B41E80023FB62FB6A002BE5D128E085
:104F5000FB689B68B3F5805F07D1FB681B69002B7A
:104F600003D1FB68154A9A6702E0FB68144A9A6706
:104F7000FB681B687B617B6953E8003F3B613B69D1
:104F800043F08003FB63FB681B681A46FB6B3B62C4
:104F9000FA61F9693A6A41E80023BB61BB69002BF9
:104FA000E6D1002300E0022318464437BD465DF8F1
:104FB000047B7047A7660208C765020805650208FA
:104FC0004D64020880B594B000AF78607B681B68C0
:104FD0007B637B6B53E8003F3B633B6B23F4F073D5
:104FE000FB647B681B681A46FB6C3B64FA63F96BD5
:104FF0003A6C41E80023BB63BB6B002BE6D17B68B6
:105000001B6808333B623B6A53E8003FFB61FB6966
:1050100023F0845323F00103BB647B681B680833CF
:10502000BA6CFA62BB62B96AFA6A41E800237B6231
:105030007B6A002BE3D17B68DB6E012B18D17B6888
:105040001B68FB60FB6853E8003FBB60BB6823F054
:1050500010037B647B681B681A467B6CBB617A61BA
:105060007969BA6941E800233B613B69002BE6D1CD
:105070007B681B689B6803F08003802B1DD17B68D5
:10508000DB6F002B19D07B68DB6F0022DA667B6850
:10509000DB6F1846F0F714FD0346002B0DD07B683C
:1050A000DB6F1846F0F720FF0346102B05D17B6815
:1050B0001022C3F89020032359E07B681B689B688B
:1050C00003F04003402B21D17B68D3F88030002BC4
:1050D0001CD07B68D3F880300022DA667B68D3F876
:1050E00080301846F0F7ECFC0346002B0ED07B68AE
:1050F000D3F880301846F0F7F7FE0346102B05D1A1
:105100007B681022C3F89020032330E07B680022E4
:10511000A3F856207B680022A3F85E207B681B68FA
:105120000F221A627B685B6EB3F1005F07D17B6868
:105130001B689A697B681B6842F010029A617B6861
:105140001B689A697B681B6842F008029A617B6859
:105150002022C3F888207B682022C3F88C207B683B
:105160000022DA667B680022C3F8902000231846EC
:105170005037BD4680BD000080B596B000AF786066
:1051800001237B657B681B68BB63BB6B53E8003FF7
:105190007B637B6B23F4F0733B657B681B681A466B
:1051A0003B6D7B643A64396C7A6C41E80023FB63A5
:1051B000FB6B002BE6D17B681B6808337B627B6A44
:1051C00053E8003F3B623B6A23F0845323F0010322
:1051D000FB647B681B680833FA6C3A63FB62F96A0C
:1051E0003A6B41E80023BB62BB6A002BE3D17B68CA
:1051F000DB6E012B18D17B681B683B613B6953E870
:10520000003FFB60FB6823F01003BB647B681B68F6
:105210001A46BB6CFB61BA61B969FA6941E80023BF
:105220007B617B69002BE6D17B68DB6F002B0FD0A5
:105230007B681B689B6803F08003802B04D17B682C
:10524000DB6F4C4ADA6603E07B68DB6F0022DA66CC
:105250007B68D3F88030002B11D07B681B689B687B
:1052600003F04003402B05D17B68D3F88030424ADD
:10527000DA6604E07B68D3F880300022DA667B6867
:105280001B689B6803F08003802B12D17B68DB6F67
:10529000002B0ED07B68DB6F1846F0F78DFC0346C1
:1052A000002B04D07B68DB6F0022DA6601E000236C
:1052B0007B657B681B689B6803F04003402B17D11C
:1052C0007B68D3F88030002B12D07B68D3F8803015
:1052D0001846F0F771FC0346002B07D07B68D3F823
:1052E00080300022DA6601237B6501E000237B65C4
:1052F0007B6D012B38D17B680022A3F856207B6898
:105300000022A3F85E207B6800225A677B68002297
:105310009A677B680022C3F890207B681B680F2285
:105320001A627B685B6EB3F1005F07D17B681B6814
:105330009A697B681B6842F010029A617B681B685F
:105340009A697B681B6842F008029A617B68202298
:10535000C3F888207B682022C3F88C207B68002259
:10536000DA667868DCF720FE002318465837BD4619
:1053700080BD00BF41630208CD63020880B5AEB0B6
:1053800000AF78607B681B68DB69C7F8B4307B6866
:105390001B681B68C7F8B0307B681B689B68C7F840
:1053A000AC30D7F8B42040F60F031340C7F8A8304C
:1053B000D7F8A830002B1BD1D7F8B43003F0200366
:1053C000002B15D0D7F8B03003F02003002B05D107
:1053D000D7F8AC3003F08053002B09D07B685B6FAB
:1053E000002B00F097827B685B6F7868984791E2AA
:1053F000D7F8A830002B00F0FD80D7F8AC207A4B0E
:105400001340002B06D1D7F8B020784B1340002B67
:1054100000F0F080D7F8B43003F00103002B11D076
:10542000D7F8B03003F48073002B0BD07B681B6877
:1054300001221A627B68D3F8903043F001027B6846
:10544000C3F89020D7F8B43003F00203002B11D03A
:10545000D7F8AC3003F00103002B0BD07B681B683E
:1054600002221A627B68D3F8903043F004027B6812
:10547000C3F89020D7F8B43003F00403002B11D008
:10548000D7F8AC3003F00103002B0BD07B681B680E
:1054900004221A627B68D3F8903043F002027B68E2
:1054A000C3F89020D7F8B43003F00803002B17D0CE
:1054B000D7F8B03003F02003002B05D1D7F8AC208B
:1054C000494B1340002B0BD07B681B6808221A62E3
:1054D0007B68D3F8903043F008027B68C3F89020D3
:1054E000D7F8B43003F40063002B12D0D7F8B030F3
:1054F00003F08063002B0CD07B681B684FF40062C4
:105500001A627B68D3F8903043F020027B68C3F8BE
:1055100090207B68D3F89030002B00F0FD81D7F805
:10552000B43003F02003002B13D0D7F8B03003F0D1
:105530002003002B05D1D7F8AC3003F08053002BAB
:1055400007D07B685B6F002B03D07B685B6F78684C
:1055500098477B68D3F89030C7F8A4307B681B6805
:105560009B6803F04003402B05D0D7F8A43003F02C
:105570002803002B2ED0786800F06AFE7B681B6839
:105580009B6803F04003402B20D17B68D3F8803028
:10559000002B17D07B68D3F88030154ADA667B6819
:1055A000D3F880301846F0F707FB0346002B19D0DC
:1055B0007B68D3F88030DB6E7A68D2F880201046A2
:1055C00098470FE07868DCF7DFFC0BE07868DCF7E1
:1055D000DBFC07E07868DCF7D7FC7B680022C3F8C7
:1055E000902099E100BF97E1010000102001000424
:1055F0001D6302087B68DB6E012B40F04281D7F807
:10560000B43003F01003002B00F03B81D7F8B0302A
:1056100003F01003002B00F034817B681B6810221C
:105620001A627B681B689B6803F04003402B40F0C4
:10563000AA807B68D3F880301B689B6CA7F89230F7
:10564000B7F89230002B00F084807B68B3F85C30B0
:10565000B7F892209A427CD27B68B7F89220A3F8E0
:105660005E207B68D3F880301B6D812B60D07B6817
:105670001B687B677B6F53E8003F3B673B6F23F4FE
:105680008073C7F88C307B681B681A46D7F88C305B
:10569000C7F88030FA67F96FD7F8802041E8002317
:1056A000BB67BB6F002BE2D17B681B6808333B668E
:1056B0003B6E53E8003FFB65FB6D23F00103C7F829
:1056C00088307B681B680833D7F88820FA66BB6689
:1056D000B96EFA6E41E800237B667B6E002BE3D146
:1056E0007B682022C3F88C207B680022DA667B6806
:1056F0001B68FB64FB6C53E8003FBB64BB6C23F08E
:105700001003C7F884307B681B681A46D7F88430CA
:10571000BB657A65796DBA6D41E800233B653B6DE9
:10572000002BE4D17B68D3F880301846F0F7C8F935
:105730007B6802221A677B68B3F85C207B68B3F849
:105740005E309BB2D31A9BB219467868DCF74CFCEA
:10575000E4E07B68B3F85C30B7F892209A4240F0FE
:10576000DD807B68D3F880301B6D812B40F0D680C4
:105770007B6802221A677B68B3F85C301946786848
:10578000DCF732FCCAE07B68B3F85C207B68B3F8D6
:105790005E309BB2D31AA7F8A2307B68B3F85E30B4
:1057A0009BB2002B00F0BC80B7F8A230002B00F0B9
:1057B000B7807B681B68BB63BB6B53E8003F7B63B0
:1057C0007B6B23F49073C7F89C307B681B681A4688
:1057D000D7F89C307B643A64396C7A6C41E80023DA
:1057E000FB63FB6B002BE4D17B681B6808337B6297
:1057F0007B6A53E8003F3B623B6A23F0805323F00F
:105800000103C7F898307B681B680833D7F89820E5
:105810003A63FB62F96A3A6B41E80023BB62BB6AF8
:10582000002BE1D17B682022C3F88C207B6800220A
:10583000DA667B6800225A677B681B683B613B69BC
:1058400053E8003FFB60FB6823F01003C7F8943077
:105850007B681B681A46D7F89430FB61BA61B96956
:10586000FA6941E800237B617B69002BE4D17B6806
:1058700002221A67B7F8A23019467868DCF7B4FB41
:105880004EE0D7F8B43003F08003002B14D0D7F8E3
:10589000B03003F08003002B05D1D7F8AC3003F40F
:1058A0000003002B08D07B689B6F002B3AD07B68ED
:1058B0009B6F7868984735E0D7F8B43003F0400321
:1058C000002B09D0D7F8B03003F04003002B03D0F1
:1058D000786800F05DFF26E0D7F8B43003F40003E9
:1058E000002B09D0D7F8B03003F08043002B03D051
:1058F000786801F0BBFC16E0D7F8B43003F0807391
:10590000002B10D0D7F8B030002B0CDA786801F0FB
:10591000A3FC08E000BF06E000BF04E000BF02E017
:1059200000BF00E000BFB837BD4680BD80B483B083
:1059300000AF786000BF0C37BD465DF8047B704750
:1059400080B483B000AF786000BF0C37BD465DF80F
:10595000047B70472DE9B04F94B000AFF86200238C
:1059600087F84730FB6A1A687E4B9A42FB6A9A684E
:10597000FB6A1B691A43FB6A5B691A43FB6ADB69B2
:105980001343FB64FB6A1B681B6877491940FB6A79
:105990001A68FB6C0B431360FB6A1B685B6823F49B
:1059A0004050FB6AD968FB6A1A6840EA01035360F9
:1059B000FB6A9B69FB64FB6A1A686A4B9A4209D0CE
:1059C000FB6A1A68694B9A4204D0FB6A1A6AFB6C3C
:1059D0001343FB64FB6A1B689B6823F06E4121F450
:1059E0003061FB6A1A68FB6C0B439360FB6A1B68AF
:1059F000DB6A23F00F00FB6A596AFB6A1A6840EA07
:105A00000103D362FB6A1A68594B9A4202D10123FF
:105A1000BB6429E0FB6A1A68564B9A4202D1022302
:105A2000BB6421E0FB6A1A68534B9A4202D10423FB
:105A3000BB6419E0FB6A1A68504B9A4202D10823F2
:105A4000BB6411E0FB6A1A684D4B9A4202D11023E5
:105A5000BB6409E0FB6A1A68424B9A4202D12023D8
:105A6000BB6401E00023BB64FB6A1A683D4B9A42A9
:105A700005D0FB6A1A683D4B9A4240F08580BB6CAA
:105A800000223B627A62D7E90801F9F7B5F9386478
:105A90003B6C002B00F0E880FB6A5B6A394A32F805
:105AA00013301A463B6CB3FBF2F37B63FB6A5A6814
:105AB00013465B0013447A6B9A4205D3FB6A5B681A
:105AC0001B037A6B9A4203D9012387F8473048E0D9
:105AD0003B6C0022BB61FA61FB6A5B6A294A32F8BF
:105AE00013309BB200223B617A61D7E90423D7E9E6
:105AF0000601DBF7B7F802460B46104619464FF091
:105B000000024FF000030B0243EA10630202F96A3D
:105B10004968490800200C46054612EB040843EB8F
:105B20000509FB6A5B680022BB60FA60D7E90223C3
:105B300040464946DBF796F802460B461346FB63A0
:105B4000FB6BB3F5407F08D3FB6BB3F5801F04D22A
:105B5000FB6A1B68FA6BDA6003E0012387F84730C1
:105B600082E081E000240046F369FFCF0024005664
:105B7000003801400044004000480040004C004014
:105B80000050004070C60208FB6ADB69B3F5004FA5
:105B90003CD1BB6C00223B607A60D7E90001F9F789
:105BA0002BF938643B6C002B5ED0FB6A5B6A394A88
:105BB00032F813301A463B6CB3FBF2F35A00FB6A1F
:105BC0005B685B081A44FB6A5B68B2FBF3F3FB6338
:105BD000FB6B0F2B16D9FB6BB3F5803F12D2FB6B1F
:105BE0009BB223F00F037B87FB6B5B089BB203F038
:105BF00007039AB27B8F13437B87FB6A1B687A8FFC
:105C0000DA6031E0012387F847302DE0BB6C0022D9
:105C10009A46934650465946F9F7EEF838643B6C7D
:105C2000002B21D0FB6A5B6A1A4A32F813301A46FD
:105C30003B6CB3FBF2F2FB6A5B685B081A44FB6ADD
:105C40005B68B2FBF3F3FB63FB6B0F2B09D9FB6BB8
:105C5000B3F5803F05D2FB6B9AB2FB6A1B68DA6032
:105C600002E0012387F84730FB6A0122A3F86A208B
:105C7000FB6A0122A3F86820FB6A00225A67FB6ACC
:105C800000229A6797F8473018465037BD46BDE85E
:105C9000B08F00BF70C6020880B483B000AF7860D8
:105CA0007B689B6A03F00803002B0AD07B681B68A3
:105CB0005B6823F400417B689A6B7B681B680A432E
:105CC0005A607B689B6A03F00103002B0AD07B6853
:105CD0001B685B6823F400317B68DA6A7B681B68A9
:105CE0000A435A607B689B6A03F00203002B0AD0C8
:105CF0007B681B685B6823F480317B681A6B7B6868
:105D00001B680A435A607B689B6A03F00403002BFC
:105D10000AD07B681B685B6823F480217B685A6B20
:105D20007B681B680A435A607B689B6A03F0100318
:105D3000002B0AD07B681B689B6823F480517B682A
:105D4000DA6B7B681B680A439A607B689B6A03F086
:105D50002003002B0AD07B681B689B6823F400514A
:105D60007B681A6C7B681B680A439A607B689B6A35
:105D700003F04003002B1AD07B681B685B6823F498
:105D800080117B685A6C7B681B680A435A607B6889
:105D90005B6CB3F5801F0AD17B681B685B6823F4DA
:105DA000C0017B689A6C7B681B680A435A607B68F9
:105DB0009B6A03F08003002B0AD07B681B685B683A
:105DC00023F400217B68DA6C7B681B680A435A6005
:105DD00000BF0C37BD465DF8047B704780B598B0B6
:105DE00002AF78607B680022C3F89020ECF762F87D
:105DF00078657B681B681B6803F00803082B2FD1AC
:105E00006FF07E4300937B6D00224FF400117868A1
:105E100000F08EF80346002B22D07B681B68BB6322
:105E2000BB6B53E8003F7B637B6B23F080033B65D8
:105E30007B681B681A463B6D7B643A64396C7A6CEC
:105E400041E80023FB63FB6B002BE6D17B6820223B
:105E5000C3F888207B68002283F88420032363E052
:105E60007B681B681B6803F00403042B49D16FF0A7
:105E70007E4300937B6D00224FF48001786800F030
:105E800057F80346002B3CD07B681B687B627B6A1B
:105E900053E8003F3B623B6A23F49073FB647B68EA
:105EA0001B681A46FB6C3B63FA62F96A3A6B41E87D
:105EB0000023BB62BB6A002BE6D17B681B680833FA
:105EC0003B613B6953E8003FFB60FB6823F0010343
:105ED000BB647B681B680833BA6CFA61BB61B96943
:105EE000FA6941E800237B617B69002BE5D17B687F
:105EF0002022C3F88C207B68002283F884200323AF
:105F000012E07B682022C3F888207B682022C3F837
:105F10008C207B680022DA667B6800221A677B6827
:105F2000002283F88420002318465837BD4680BDE0
:105F300080B584B000AFF860B9603B601346FB7178
:105F40004FE0BB69B3F1FF3F4BD0EBF7B3FF024625
:105F50003B68D31ABA699A4202D3BB69002B01D1BC
:105F600003234EE0FB681B681B6803F00403002B4F
:105F700037D0BB68802B34D0BB68402B31D0FB6856
:105F80001B68DB6903F00803082B10D1FB681B6852
:105F900008221A62F86800F05BF9FB680822C3F86F
:105FA0009020FB68002283F88420012329E0FB680D
:105FB0001B68DB6903F40063B3F5006F11D1FB6864
:105FC0001B684FF400621A62F86800F041F9FB6840
:105FD0002022C3F89020FB68002283F8842003234A
:105FE0000FE0FB681B68DA69BB681340BA689A4225
:105FF0000CBF01230023DBB21A46FB799A42A0D0E2
:10600000002318461037BD4680BD000080B4A3B001
:1060100000AFF860B9601346FB80FB68BA689A6508
:10602000FB68FA88A3F85C20FB68FA88A3F85E2076
:10603000FB6800225A67FB689B68B3F5805F0ED14E
:10604000FB681B69002B05D1FB6840F2FF12A3F827
:1060500060202DE0FB68FF22A3F8602028E0FB68A9
:106060009B68002B0DD1FB681B69002B04D1FB68DA
:10607000FF22A3F860201BE0FB687F22A3F86020CA
:1060800016E0FB689B68B3F1805F0DD1FB681B696C
:10609000002B04D1FB687F22A3F8602008E0FB6896
:1060A0003F22A3F8602003E0FB680022A3F86020F1
:1060B000FB680022C3F89020FB682222C3F88C20E2
:1060C000FB681B6808337B667B6E53E8003F3B66CA
:1060D0003B6E43F00103C7F88430FB681B6808334C
:1060E000D7F884203A67FB66F96E3A6F41E80023DF
:1060F000BB66BB6E002BE3D1FB685B6EB3F1005F48
:106100004FD1FB68B3F86830FA889A4249D3FB68EC
:106110009B68B3F5805F07D1FB681B69002B03D137
:10612000FB68474A5A6702E0FB68464A5A67FB68C1
:106130001B69002B1AD0FB681B683B653B6D53E85D
:10614000003FFB64FB6C43F48073C7F88030FB684E
:106150001B681A46D7F88030FB65BA65B96DFA6DD1
:1061600041E800237B657B6D002BE4D1FB681B6855
:106170000833FB63FB6B53E8003FBB63BB6B43F02F
:106180008053FB67FB681B680833FA6FBA647B6453
:10619000796CBA6C41E800233B643B6C002BE5D181
:1061A00046E0FB689B68B3F5805F07D1FB681B691D
:1061B000002B03D1FB68244A5A6702E0FB68234A9C
:1061C0005A67FB681B69002B19D0FB681B68BB6210
:1061D000BB6A53E8003F7B627B6A43F490737B6742
:1061E000FB681B681A467B6F7B633A63396B7A6B7B
:1061F00041E80023FB62FB6A002BE6D118E0FB6854
:106200001B687B617B6953E8003F3B613B6943F05E
:106210002003BB67FB681B681A46BB6F3B62FA61D1
:10622000F9693A6A41E80023BB61BB69002BE6D1FA
:10623000002318468C37BD465DF8047B704700BFCD
:10624000E16E0208716B0208AD690208E967020895
:1062500080B495B000AF78607B681B687B637B6B14
:1062600053E8003F3B633B6B23F49073FB647B6814
:106270001B681A46FB6C3B64FA63F96B3A6C41E8A5
:106280000023BB63BB6B002BE6D17B681B68083324
:106290003B623B6A53E8003FFB61FB6923F080539C
:1062A00023F00103BB647B681B680833BA6CFA6295
:1062B000BB62B96AFA6A41E800237B627B6A002B01
:1062C000E3D17B68DB6E012B18D17B681B68FB6018
:1062D000FB6853E8003FBB60BB6823F010037B649E
:1062E0007B681B681A467B6CBB617A617969BA6905
:1062F00041E800233B613B69002BE6D17B6820220B
:10630000C3F88C207B680022DA667B6800225A671B
:1063100000BF5437BD465DF8047B704780B584B03C
:1063200000AF78607B68DB6DFB60FB680022A3F840
:106330005E20F868DBF728FE00BF1037BD4680BD41
:1063400080B584B000AF78607B68DB6DFB60FB6874
:10635000DB6F0022DA66FB68D3F88030002B05D0B3
:10636000FB68D3F88030DB6E002B2BD1FB6800225A
:10637000A3F85620FB680022A3F85E20FB680022E9
:10638000C3F89020FB681B680F221A62FB685B6EE3
:10639000B3F1005F07D1FB681B689A69FB681B6853
:1063A00042F010029A61FB682022C3F88820FB6843
:1063B0002022C3F88C20FB680022DA66F868DBF73D
:1063C000F3FD00E000BF1037BD4680BD80B584B04E
:1063D00000AF78607B68DB6DFB60FB68D3F88030D2
:1063E0000022DA66FB68DB6F002B04D0FB68DB6FF2
:1063F000DB6E002B26D1FB680022A3F85620FB6839
:106400000022A3F85E20FB680022C3F89020FB68FE
:106410001B680F221A62FB681B689A69FB681B687D
:1064200042F008029A61FB682022C3F88820FB68CA
:106430002022C3F88C20FB680022DA66F868DBF7BC
:10644000B3FD00E000BF1037BD4680BD80B48FB003
:1064500000AF78607B68D3F88830212B4CD17B6803
:10646000B3F856309BB2002B32D17B681B683B627D
:106470003B6A53E8003FFB61FB6923F080037B63C9
:106480007B681B681A467B6BFB62BA62B96AFA6A60
:1064900041E800237B627B6A002BE6D17B681B68A6
:1064A000FB60FB6853E8003FBB60BB6843F0400300
:1064B0003B637B681B681A463B6BBB617A617969F9
:1064C000BA6941E800233B613B69002BE6D113E048
:1064D0007B681B6D1A787B681B689A627B681B6DF2
:1064E0005A1C7B681A657B68B3F856309BB2013B37
:1064F0009AB27B68A3F8562000BF3C37BD465DF8D2
:10650000047B704780B491B000AF78607B68D3F8AB
:106510008830212B51D17B68B3F856309BB2002BC9
:1065200032D17B681B687B627B6A53E8003F3B6229
:106530003B6A23F08003BB637B681B681A46BB6B16
:106540003B63FA62F96A3A6B41E80023BB62BB6ABB
:10655000002BE6D17B681B683B613B6953E8003F39
:10656000FB60FB6843F040037B637B681B681A4653
:106570007B6BFB61BA61B969FA6941E800237B6111
:106580007B69002BE6D118E07B681B6DFB63FB6B1E
:106590001B881A467B681B68C2F308029A627B68F4
:1065A0001B6D9A1C7B681A657B68B3F856309BB2EA
:1065B000013B9AB27B68A3F8562000BF4437BD4622
:1065C0005DF8047B704780B491B000AF78607B6861
:1065D000D3F88830212B60D17B68B3F86A30FB8711
:1065E00057E07B68B3F856309BB2002B33D17B6801
:1065F0001B6808337B627B6A53E8003F3B623B6A5F
:1066000023F40003BB637B681B680833BA6B3A63EF
:10661000FB62F96A3A6B41E80023BB62BB6A002B5C
:10662000E5D17B681B683B613B6953E8003FFB6039
:10663000FB6843F040037B637B681B681A467B6BF7
:10664000FB61BA61B969FA6941E800237B617B6942
:10665000002BE6D121E07B681B68DB6903F0800337
:10666000002B13D07B681B6D1A787B681B689A62BD
:106670007B681B6D5A1C7B681A657B68B3F85630C3
:106680009BB2013B9AB27B68A3F85620FB8F013B7B
:10669000FB87FB8F002BA4D1FFE700BF4437BD462B
:1066A0005DF8047B704780B491B000AF78607B6880
:1066B000D3F88830212B65D17B68B3F86A30FB872B
:1066C0005CE07B68B3F856309BB2002B33D17B681B
:1066D0001B6808333B623B6A53E8003FFB61FB6980
:1066E00023F400037B637B681B6808337A6BFA62D0
:1066F000BB62B96AFA6A41E800237B627B6A002BBD
:10670000E5D17B681B68FB60FB6853E8003FBB601A
:10671000BB6843F040033B637B681B681A463B6BD6
:10672000BB617A617969BA6941E800233B613B69E1
:10673000002BE6D126E07B681B68DB6903F0800351
:10674000002B18D07B681B6DBB63BB6B1B881A4684
:106750007B681B68C2F308029A627B681B6D9A1CF7
:106760007B681A657B68B3F856309BB2013B9AB2DE
:106770007B68A3F85620FB8F013BFB87FB8F002B28
:106780009FD1FFE700BF4437BD465DF8047B7047EB
:1067900080B588B000AF78607B681B68FB60FB68E1
:1067A00053E8003FBB60BB6823F04003FB617B689C
:1067B0001B681A46FB69BB617A617969BA6941E86D
:1067C00000233B613B69002BE6D17B682022C3F8A4
:1067D00088207B6800229A677868FFF7A7F800BFD7
:1067E0002037BD4680BD000080B59CB000AF78600A
:1067F0007B68B3F86030A7F86E307B68D3F88C30D4
:10680000222B40F0C3807B681B685B6AA7F86C3062
:10681000B7F86C30D9B2B7F86E30DAB27B689B6DDE
:106820000A40D2B21A707B689B6D5A1C7B689A65CD
:106830007B68B3F85E309BB2013B9AB27B68A3F8E9
:106840005E207B68B3F85E309BB2002B40F0A680E0
:106850007B681B68FB64FB6C53E8003FBB64BB6C4C
:1068600023F49073BB667B681B681A46BB6EBB65DE
:106870007A65796DBA6D41E800233B653B6D002B6D
:10688000E6D17B681B680833BB63BB6B53E8003FF2
:106890007B637B6B23F001037B667B681B6808339B
:1068A0007A6E7A643B64396C7A6C41E80023FB634E
:1068B000FB6B002BE5D17B682022C3F88C207B6822
:1068C00000225A677B6800221A677B681B68354A7A
:1068D000934224D07B681B68334A93421FD07B6865
:1068E0001B685B6803F40003002B18D07B681B68EF
:1068F0007B627B6A53E8003F3B623B6A23F0806324
:106900003B667B681B681A463B6E3B63FA62F96A1A
:106910003A6B41E80023BB62BB6A002BE6D17B687F
:10692000DB6E012B2ED17B680022DA667B681B6848
:106930003B613B6953E8003FFB60FB6823F01003B9
:10694000FB657B681B681A46FB6DFB61BA61B96920
:10695000FA6941E800237B617B69002BE6D17B6803
:106960001B68DB6903F01003102B03D17B681B68E5
:1069700010221A627B68B3F85C3019467868DBF73E
:1069800033FB0BE07868FEF7DBFF07E07B681B68F2
:106990009A697B681B6842F008029A6100BF7037F1
:1069A000BD4680BD002400460024005680B59CB042
:1069B00000AF78607B68B3F86030A7F86E307B6812
:1069C000D3F88C30222B40F0C3807B681B685B6A55
:1069D000A7F86C307B689B6DBB66B7F86C20B7F886
:1069E0006E3013409AB2BB6E1A807B689B6D9A1C06
:1069F0007B689A657B68B3F85E309BB2013B9AB2C4
:106A00007B68A3F85E207B68B3F85E309BB2002BF6
:106A100040F0A6807B681B68BB64BB6C53E8003FFA
:106A20007B647B6C23F490737B667B681B681A46DF
:106A30007B6E7B653A65396D7A6D41E80023FB64B6
:106A4000FB6C002BE6D17B681B6808337B637B6B98
:106A500053E8003F3B633B6B23F001033B667B68DD
:106A60001B6808333A6E3A64FB63F96B3A6C41E891
:106A70000023BB63BB6B002BE5D17B682022C3F8EE
:106A80008C207B6800225A677B6800221A677B682B
:106A90001B68354A934224D07B681B68334A934273
:106AA0001FD07B681B685B6803F40003002B18D0C1
:106AB0007B681B683B623B6A53E8003FFB61FB69F4
:106AC00023F08063FB657B681B681A46FB6DFB62E5
:106AD000BA62B96AFA6A41E800237B627B6A002BDA
:106AE000E6D17B68DB6E012B2ED17B680022DA6653
:106AF0007B681B68FB60FB6853E8003FBB60BB68BA
:106B000023F01003BB657B681B681A46BB6DBB6135
:106B10007A617969BA6941E800233B613B69002BDE
:106B2000E6D17B681B68DB6903F01003102B03D1EF
:106B30007B681B6810221A627B68B3F85C301946C8
:106B40007868DBF751FA0BE07868FEF7F9FE07E0AA
:106B50007B681B689A697B681B6842F008029A612F
:106B600000BF7037BD4680BD00240046002400569B
:106B700080B5ACB000AF78607B68B3F86030A7F840
:106B8000AA307B681B68DB69C7F8AC307B681B6880
:106B90001B68C7F8A4307B681B689B68C7F8A030E7
:106BA0007B68D3F88C30222B40F088817B68B3F867
:106BB0006830A7F89E302BE17B681B685B6AA7F8FA
:106BC0009C30B7F89C30D9B2B7F8AA30DAB27B68FB
:106BD0009B6D0A40D2B21A707B689B6D5A1C7B6811
:106BE0009A657B68B3F85E309BB2013B9AB27B68D2
:106BF000A3F85E207B681B68DB69C7F8AC30D7F868
:106C0000AC3003F00703002B53D0D7F8AC3003F0BF
:106C10000103002B11D0D7F8A43003F48073002BAC
:106C20000BD07B681B6801221A627B68D3F8903016
:106C300043F001027B68C3F89020D7F8AC3003F032
:106C40000203002B11D0D7F8A03003F00103002B72
:106C50000BD07B681B6802221A627B68D3F89030E5
:106C600043F004027B68C3F89020D7F8AC3003F0FF
:106C70000403002B11D0D7F8A03003F00103002B40
:106C80000BD07B681B6804221A627B68D3F89030B3
:106C900043F002027B68C3F890207B68D3F8903001
:106CA000002B06D07868DBF76FF97B680022C3F809
:106CB00090207B68B3F85E309BB2002B40F0A88038
:106CC0007B681B683B673B6F53E8003FFB66FB6ECE
:106CD00023F48073C7F898307B681B681A46D7F88E
:106CE0009830FB67BA67B96FFA6F41E800237B679A
:106CF0007B6F002BE4D17B681B680833FB65FB6D61
:106D000053E8003FBB65BB6D23F0805323F00103C4
:106D1000C7F894307B681B680833D7F89420BA66AC
:106D20007B66796EBA6E41E800233B663B6E002BB2
:106D3000E1D17B682022C3F88C207B6800225A674F
:106D40007B6800221A677B681B68624A934226D0E0
:106D50007B681B68604A934221D07B681B685B6834
:106D600003F40003002B1AD07B681B68BB64BB6C68
:106D700053E8003F7B647B6C23F08063C7F890305E
:106D80007B681B681A46D7F890307B653A65396D89
:106D90007A6D41E80023FB64FB6C002BE4D17B6837
:106DA000DB6E012B30D17B680022DA667B681B68C2
:106DB0007B637B6B53E8003F3B633B6B23F010032B
:106DC000C7F88C307B681B681A46D7F88C303B6458
:106DD000FA63F96B3A6C41E80023BB63BB6B002B91
:106DE000E4D17B681B68DB6903F01003102B03D12F
:106DF0007B681B6810221A627B68B3F85C30194606
:106E00007868DBF7F1F80EE07868FEF799FD0AE0A4
:106E1000B7F89E30002B06D0D7F8AC3003F0200333
:106E2000002B7FF4C9AE7B68B3F85E30A7F88A30D8
:106E3000B7F88A30002B49D07B68B3F86830B7F8D0
:106E40008A209A4242D27B681B6808333B623B6AC5
:106E500053E8003FFB61FB6923F08053C7F884309F
:106E60007B681B680833D7F88420FA62BB62B96A72
:106E7000FA6A41E800237B627B6A002BE3D17B68DE
:106E8000164A5A677B681B68FB60FB6853E8003F43
:106E9000BB60BB6843F02003C7F880307B681B6889
:106EA0001A46D7F88030BB617A617969BA6941E8DE
:106EB00000233B613B69002BE4D107E07B681B6842
:106EC0009A697B681B6842F008029A6100BFB0377C
:106ED000BD4680BD0024004600240056E967020834
:106EE00080B5AEB000AF78607B68B3F86030A7F8CB
:106EF000B2307B681B68DB69C7F8B4307B681B68FD
:106F00001B68C7F8AC307B681B689B68C7F8A83063
:106F10007B68D3F88C30222B40F08C817B68B3F8EF
:106F20006830A7F8A6302FE17B681B685B6AA7F87A
:106F3000A4307B689B6DC7F8A030B7F8A420B7F8E1
:106F4000B23013409AB2D7F8A0301A807B689B6D9C
:106F50009A1C7B689A657B68B3F85E309BB2013BF4
:106F60009AB27B68A3F85E207B681B68DB69C7F870
:106F7000B430D7F8B43003F00703002B53D0D7F860
:106F8000B43003F00103002B11D0D7F8AC3003F478
:106F90008073002B0BD07B681B6801221A627B6810
:106FA000D3F8903043F001027B68C3F89020D7F803
:106FB000B43003F00203002B11D0D7F8A83003F04F
:106FC0000103002B0BD07B681B6802221A627B68CE
:106FD000D3F8903043F004027B68C3F89020D7F8D0
:106FE000B43003F00403002B11D0D7F8A83003F01D
:106FF0000103002B0BD07B681B6804221A627B689C
:10700000D3F8903043F002027B68C3F890207B688D
:10701000D3F89030002B06D07868DAF7B5FF7B689C
:107020000022C3F890207B68B3F85E309BB2002B3F
:1070300040F0AA807B681B687B677B6F53E8003F4A
:107040003B673B6F23F48073C7F89C307B681B68F9
:107050001A46D7F89C30C7F88030FA67F96FD7F82E
:10706000802041E80023BB67BB6F002BE2D17B6827
:107070001B6808333B663B6E53E8003FFB65FB6DC6
:1070800023F0805323F00103C7F898307B681B6816
:107090000833D7F89820FA66BB66B96EFA6E41E8F5
:1070A00000237B667B6E002BE1D17B682022C3F836
:1070B0008C207B6800225A677B6800221A677B68F5
:1070C0001B68624A934226D07B681B68604A9342E1
:1070D00021D07B681B685B6803F40003002B1AD087
:1070E0007B681B68FB64FB6C53E8003FBB64BB6CB4
:1070F00023F08063C7F894307B681B681A46D7F882
:107100009430BB657A65796DBA6D41E800233B65C3
:107110003B6D002BE4D17B68DB6E012B30D17B68AB
:107120000022DA667B681B68BB63BB6B53E8003FD9
:107130007B637B6B23F01003C7F890307B681B6880
:107140001A46D7F890307B643A64396C7A6C41E81F
:107150000023FB63FB6B002BE4D17B681B68DB69BE
:1071600003F01003102B03D17B681B6810221A62F6
:107170007B68B3F85C3019467868DAF735FF0EE0C3
:107180007868FEF7DDFB0AE0B7F8A630002B06D0E2
:10719000D7F8B43003F02003002B7FF4C5AE7B6832
:1071A000B3F85E30A7F88E30B7F88E30002B49D098
:1071B0007B68B3F86830B7F88E209A4242D27B6879
:1071C0001B6808337B627B6A53E8003F3B623B6A83
:1071D00023F08053C7F888307B681B680833D7F8E2
:1071E00088203A63FB62F96A3A6B41E80023BB628C
:1071F000BB6A002BE3D17B68164A5A677B681B6821
:107200003B613B6953E8003FFB60FB6843F02003B0
:10721000C7F884307B681B681A46D7F88430FB6156
:10722000BA61B969FA6941E800237B617B69002B87
:10723000E4D107E07B681B689A697B681B6842F0B1
:1072400008029A6100BFB837BD4680BD00240046E1
:1072500000240056AD69020880B483B000AF7860A6
:1072600000BF0C37BD465DF8047B704780B483B027
:1072700000AF786000BF0C37BD465DF8047B7047F7
:1072800080B485B000AF78607B6893F88430012BC0
:1072900001D1022327E07B68012283F884207B68E8
:1072A0002422C3F888207B681B681B68FB607B680E
:1072B0001B681A687B681B6822F001021A60FB6871
:1072C00023F00053FB607B6800225A667B681B68D2
:1072D000FA681A607B682022C3F888207B68002245
:1072E00083F88420002318461437BD465DF8047BDC
:1072F000704780B584B000AF786039607B6893F8E0
:107300008430012B01D102232DE07B68012283F818
:1073100084207B682422C3F888207B681B681B6854
:10732000FB607B681B681A687B681B6822F001029F
:107330001A607B681B689B6823F060417B681B6850
:107340003A680A439A60786800F0AEF87B681B6878
:10735000FA681A607B682022C3F888207B680022C4
:1073600083F88420002318461037BD4680BD80B5C1
:1073700084B000AF786039607B6893F88430012B6B
:1073800001D102232DE07B68012283F884207B68F1
:107390002422C3F888207B681B681B68FB607B681D
:1073A0001B681A687B681B6822F001021A607B6800
:1073B0001B689B6823F060617B681B683A680A431E
:1073C0009A60786800F070F87B681B68FA681A6049
:1073D0007B682022C3F888207B68002283F8842001
:1073E000002318461037BD4680BD80B58CB000AF75
:1073F000F860B9601346FB80002387F82F30FB68E4
:10740000D3F88C30202B4AD1BB68002B02D0FB88EC
:10741000002B01D1012343E0FB681B689B6803F04C
:107420004003402B07D1FB681B689A68FB681B6808
:1074300022F040029A60FB680122DA66FB680022B3
:107440001A67FB881A46B968F868FEF7DFFDFB6823
:10745000DB6E012B1DD1FB681B6810221A62FB68D2
:107460001B68BB61BB6953E8003F7B617B6943F0EC
:107470001003BB62FB681B681A46BB6A7B623A62F8
:10748000396A7A6A41E80023FB61FB69002BE6D187
:1074900002E0012387F82F3097F82F3000E0022315
:1074A00018463037BD4680BD80B485B000AF7860E7
:1074B0007B685B6E002B08D17B680122A3F86A20F1
:1074C0007B680122A3F8682031E00823FB730823BE
:1074D000BB737B681B689B685B0EDBB203F0070322
:1074E0007B737B681B689B685B0FDBB203F0070351
:1074F0003B73BB7B3A7B11498A5C02FB03F33A7B0B
:107500000F498A5C93FBF2F39AB27B68A3F86A2076
:10751000FB7B7A7B09498A5C02FB03F37A7B08498F
:107520008A5C93FBF2F39AB27B68A3F8682000BFF1
:107530001437BD465DF8047B704700BF88C602085B
:1075400090C6020880B483B000AF78607B689B6807
:1075500043F001027B689A6000BF0C37BD465DF8BE
:10756000047B704780B483B000AF786039607B687B
:107570003A681A6000BF0C37BD465DF8047B70475F
:1075800080B485B000AF78600B467B807B68FB6081
:10759000FB687A881A8000BF1437BD465DF8047B0B
:1075A000704780B483B000AF78607B681B689BB283
:1075B00018460C37BD465DF8047B704780B59CB01B
:1075C00000AF0346FB71052387F84A300023FB66B2
:1075D0000023BB6600237B6600233B660023FB651C
:1075E0000023BB6500237B6500233B650023FB6410
:1075F0004FF000024FF00003C7E910230023FB63A4
:107600004FF000024FF00003C7E90C234FF00002D7
:107610004FF00003C7E906234FF000024FF00003CC
:10762000C7E90823002387F84B300023FB8503F0CC
:107630000BF80346002B02D00E2301F087B9A24BB2
:1076400001221A70A14B1B6803F17842A04B1B88E2
:107650004FF6FF718B420BD09D4B1B88002B04D043
:107660009B4B1B889B025B0804E04FF4801301E0F6
:107670004FF48013B2FBF3F101FB03F3D31A5B0B5E
:10768000FB665CE0FB6E03F580435A038F4B1B687F
:1076900003F178418E4B1B884FF6FF7083420BD06D
:1076A0008B4B1B88002B04D0894B1B889B025B08EB
:1076B00004E04FF4801301E04FF48013B1FBF3F1C9
:1076C000834B1B884FF6FF7083420BD0804B1B8887
:1076D000002B04D07E4B1B889B025B0804E04FF418
:1076E000801301E04FF4801301FB03F31344BB66E6
:1076F00000237B661CE0BA6E7B6E1344754A1360F0
:10770000BA6E7B6E1344D3E90023C7E91023BA6E27
:107710007B6E134408336F4A1360BA6E7B6E13445A
:107720000833D3E90023C7E910237B6E10337B664F
:107730007B6EB3F5005FDED3FB6E0133FB66634BFC
:107740001B6803F17842624B1B884FF6FF718B4236
:107750000BD05F4B1B88002B04D05D4B1B889B021A
:107760005B0804E04FF4801301E04FF48013B2FB98
:10777000F3F101FB03F3D31A5B0B0633FA6E9A4263
:1077800080D3554B1B6B03F08043B3F1804F09D17D
:10779000514B1B6BC3F3130343F00063FB63F86BA4
:1077A00001F012FB484B00221A70484B1B6803F192
:1077B0007842474B1B884FF6FF718B420BD0444BEE
:1077C0001B88002B04D0424B1B889B025B0804E003
:1077D0004FF4801301E04FF48013B2FBF3F101FB8F
:1077E00003F3D31A5B0BFB6658E0FB6E03F5804393
:1077F0005A03364B1B6803F17841354B1B884FF613
:10780000FF7083420BD0324B1B88002B04D0304BCF
:107810001B889B025B0804E04FF4801301E04FF4E7
:107820008013B1FBF3F12A4B1B884FF6FF708342A4
:107830000BD0274B1B88002B04D0254B1B889B02A9
:107840005B0804E04FF4801301E04FF4801301FB68
:1078500003F31344BB66B86E02F09CFC034687F842
:107860004A3097F84A30022B03D097F84A30012B60
:1078700003D1FB6D0133FB650DE097F84A30032B14
:1078800009D1BB6D002B01D1FB6E3B65FB6E7B65A7
:10789000BB6D0133BB65FB6E0133FB660B4B1B6895
:1078A00003F178420A4B1B884FF6FF718B4215D0CB
:1078B000074B1B88002B04D0054B1B889B025B08E1
:1078C0000EE04FF480130BE0DC9500207C1A0020C2
:1078D000A007FA0BD8950020002002404FF4801337
:1078E000B2FBF3F101FB03F3D31A5B0B0633FA6E21
:1078F0009A42FFF47AAFFB6D002B40F0E080BB6D45
:10790000002B00F0D680A94B1B6803F17842A84BEE
:107910001B884FF6FF718B420BD0A54B1B88002BA9
:1079200004D0A34B1B889B025B0804E04FF4801338
:1079300001E04FF48013B2FBF3F101FB03F3D31A20
:107940005B0B3A6DD31A591D9A4BA3FB01239A087E
:1079500013465B0013445B00CA1A944B1B6803F187
:107960007841934B1B884FF6FF7083420BD0904BAE
:107970001B88002B04D08E4B1B889B025B0804E005
:107980004FF4801301E04FF48013B1FBF3F000FBE0
:1079900003F3CB1A5B0B134403F580435A03834B69
:1079A0001B6803F17841824B1B884FF6FF708342BE
:1079B0000BD07F4B1B88002B04D07D4B1B889B0278
:1079C0005B0804E04FF4801301E04FF48013B1FB37
:1079D000F3F1774B1B884FF6FF7083420BD0744B4B
:1079E0001B88002B04D0724B1B889B025B0804E0B1
:1079F0004FF4801301E04FF4801301FB03F31344B1
:107A0000184602F0C7FB0346042B58D1674B1B688E
:107A100003F17842664B1B884FF6FF718B420BD007
:107A2000634B1B88002B04D0614B1B889B025B08B7
:107A300004E04FF4801301E04FF48013B2FBF3F144
:107A400001FB03F3D31A5B0B7A6DD31A591C594B04
:107A5000A3FB01239A0813465B0013445B00CA1A78
:107A6000524B1B6803F17841514B1B884FF6FF7056
:107A700083420BD04E4B1B88002B04D04C4B1B88F1
:107A80009B025B0804E04FF4801301E04FF4801385
:107A9000B1FBF3F000FB03F3CB1A5B0B13440121A2
:107AA000184602F00FFA0346002B08D0022300F01C
:107AB0004DBF002000F056FF034600F047BF3B4B90
:107AC0001B6803F178423A4B1B884FF6FF718B42DB
:107AD0000BD0374B1B88002B04D0354B1B889B02E7
:107AE0005B0804E04FF4801301E04FF48013B2FB15
:107AF000F3F101FB03F3D31A5B0BFB66C5E1FB6EED
:107B000003F580435A03294B1B6803F17841284B46
:107B10001B884FF6FF7083420BD0254B1B88002B30
:107B200004D0234B1B889B025B0804E04FF48013B6
:107B300001E04FF48013B1FBF3F11D4B1B884FF6AE
:107B4000FF7083420BD01A4B1B88002B04D0184BBC
:107B50001B889B025B0804E04FF4801301E04FF4A4
:107B6000801301FB03F31344BB66B86E02F012FBF3
:107B7000034687F84A3097F84A30012B40F082815B
:107B80000A4B1B6803F17842094B1B884FF6FF71C3
:107B90008B4211D0064B1B88002B04D0044B1B8852
:107BA0009B025B080AE04FF4801307E07C1A002078
:107BB000A007FA0BABAAAAAA4FF48013B2FBF3F109
:107BC00001FB03F3D31A5B0BFA6E9A4200F0AE800E
:107BD000A84B1B6803F17842A74B1B884FF6FF7137
:107BE0008B420BD0A44B1B88002B04D0A24B1B88CC
:107BF0009B025B0804E04FF4801301E04FF4801314
:107C0000B2FBF3F101FB03F3D31A5B0B0333FA6E00
:107C10009A4200F08B80974B1B6803F17842964B99
:107C20001B884FF6FF718B420BD0934B1B88002BA8
:107C300004D0914B1B889B025B0804E04FF4801337
:107C400001E04FF48013B2FBF3F101FB03F3D31A0D
:107C50005B0BFA6ED31A591D884BA3FB01239A08BC
:107C600013465B0013445B00CA1A824B1B6803F186
:107C70007841814B1B884FF6FF7083420BD07E4BBF
:107C80001B88002B04D07C4B1B889B025B0804E004
:107C90004FF4801301E04FF48013B1FBF3F000FBCD
:107CA00003F3CB1A5B0B134403F580435A03714B68
:107CB0001B6803F17841704B1B884FF6FF708342BD
:107CC0000BD06D4B1B88002B04D06B4B1B889B0289
:107CD0005B0804E04FF4801301E04FF48013B1FB24
:107CE000F3F1654B1B884FF6FF7083420BD0624B5C
:107CF0001B88002B04D0604B1B889B025B0804E0B0
:107D00004FF4801301E04FF4801301FB03F313449D
:107D1000184602F03FFA0346032B03D1002387F8ED
:107D20004B308DE0012387F84B3089E0514B1B68C5
:107D300003F17842504B1B884FF6FF718B420BD0FA
:107D40004D4B1B88002B04D04B4B1B889B025B08C0
:107D500004E04FF4801301E04FF48013B2FBF3F121
:107D600001FB03F3D31A5B0BFA6ED31A591C434B76
:107D7000A3FB01239A0813465B0013445B00CA1A55
:107D80003C4B1B6803F178413B4B1B884FF6FF705F
:107D900083420BD0384B1B88002B04D0364B1B88FA
:107DA0009B025B0804E04FF4801301E04FF4801362
:107DB000B1FBF3F000FB03F3CB1A5B0B134403F5A9
:107DC00080435A032B4B1B6803F178412A4B1B88D5
:107DD0004FF6FF7083420BD0274B1B88002B04D03B
:107DE000254B1B889B025B0804E04FF4801301E0E5
:107DF0004FF48013B1FBF3F11F4B1B884FF6FF705C
:107E000083420BD01C4B1B88002B04D01A4B1B88C1
:107E10009B025B0804E04FF4801301E04FF48013F1
:107E200001FB03F31344184602F0B4F90346002B98
:107E300003D1002387F84B3002E0012387F84B3051
:107E400097F84B30002B1DD1FB6EDAB20C4B1A7039
:107E500007F1180301221946002001F023FB034615
:107E6000B3F5807F02D00C2300F070BD0123FB64CA
:107E70002EE000BF7C1A0020A007FA0BABAAAAAA2A
:107E8000D6950020FB6E0133FB66AB4B1B6803F1FC
:107E90007842AA4B1B884FF6FF718B420BD0A74B41
:107EA0001B88002B04D0A54B1B889B025B0804E0B9
:107EB0004FF4801301E04FF48013B2FBF3F101FBA8
:107EC00003F3D31A5B0B0633FA6E9A42FFF417AE34
:107ED00000233B66984B1B6803F17842974B1B8845
:107EE0004FF6FF718B420BD0944B1B88002B04D0B4
:107EF000924B1B889B025B0804E04FF4801301E067
:107F00004FF48013B2FBF3F101FB03F3D31A5B0BC5
:107F1000FB66BBE1FB6E03F580435A03864B1B688F
:107F200003F17841854B1B884FF6FF7083420BD0DD
:107F3000824B1B88002B04D0804B1B889B025B0864
:107F400004E04FF4801301E04FF48013B1FBF3F130
:107F50007A4B1B884FF6FF7083420BD0774B1B8800
:107F6000002B04D0754B1B889B025B0804E04FF488
:107F7000801301E04FF4801301FB03F31344BB664D
:107F8000B86E02F007F9034687F84A3097F84A308E
:107F9000022B40F07281684B1B6803F17842674BFB
:107FA0001B884FF6FF718B420BD0644B1B88002B54
:107FB00004D0624B1B889B025B0804E04FF48013E3
:107FC00001E04FF48013B2FBF3F101FB03F3D31A8A
:107FD0005B0BFA6E9A4200F0B580574B1B6803F1B9
:107FE0007842564B1B884FF6FF718B420BD0534B98
:107FF0001B88002B04D0514B1B889B025B0804E0BC
:108000004FF4801301E04FF48013B2FBF3F101FB56
:1080100003F3D31A5B0B0333FA6E9A4200F092809B
:10802000454B1B6803F17842444B1B884FF6FF71A8
:108030008B420BD0414B1B88002B04D03F4B1B883D
:108040009B025B0804E04FF4801301E04FF48013BF
:10805000B2FBF3F101FB03F3D31A5B0BFA6ED31AF5
:10806000591D374BA3FB01239A0813465B001344A9
:108070005B00CA1A304B1B6803F178412F4B1B88F9
:108080004FF6FF7083420BD02C4B1B88002B04D083
:108090002A4B1B889B025B0804E04FF4801301E02D
:1080A0004FF48013B1FBF3F000FB03F3CB1A5B0B2F
:1080B000134403F580435A031F4B1B6803F17841B7
:1080C0001E4B1B884FF6FF7083420BD01B4B1B8847
:1080D000002B04D0194B1B889B025B0804E04FF473
:1080E000801301E04FF48013B1FBF3F1134B1B88B5
:1080F0004FF6FF7083420BD0104B1B88002B04D02F
:108100000E4B1B889B025B0804E04FF4801301E0D8
:108110004FF4801301FB03F31344184602F03AF8BE
:108120000346032B03D1002387F84B3094E001234F
:1081300087F84B3090E000BF7C1A0020A007FA0BB4
:10814000ABAAAAAAA34B1B6803F17842A24B1B88D7
:108150004FF6FF718B420BD09F4B1B88002B04D036
:108160009D4B1B889B025B0804E04FF4801301E0E9
:108170004FF48013B2FBF3F101FB03F3D31A5B0B53
:10818000FA6ED31A591C954BA3FB01239A08134688
:108190005B0013445B00CA1A8E4B1B6803F17841E5
:1081A0008D4B1B884FF6FF7083420BD08A4B1B8888
:1081B000002B04D0884B1B889B025B0804E04FF423
:1081C000801301E04FF48013B1FBF3F000FB03F3E5
:1081D000CB1A5B0B134403F580435A037D4B1B689A
:1081E00003F178417C4B1B884FF6FF7083420BD024
:1081F000794B1B88002B04D0774B1B889B025B08B4
:1082000004E04FF4801301E04FF48013B1FBF3F16D
:10821000714B1B884FF6FF7083420BD06E4B1B884F
:10822000002B04D06C4B1B889B025B0804E04FF4CE
:10823000801301E04FF4801301FB03F3134418464D
:1082400001F0A8FF0346002B03D1002387F84B3031
:1082500002E0012387F84B3097F84B30002B12D106
:108260003B6E002B07D1FB6EDAB25D4B1A703B6E92
:1082700001333B6607E00A2368E397F84A30032B93
:1082800001D1FB6E7B65FB6E0133FB66514B1B68B6
:1082900003F17842504B1B884FF6FF718B420BD095
:1082A0004D4B1B88002B04D04B4B1B889B025B085B
:1082B00004E04FF4801301E04FF48013B2FBF3F1BC
:1082C00001FB03F3D31A5B0B0633FA6E9A42FFF4F9
:1082D00021AE3B6E002B58D13E4B1B6803F1784218
:1082E0003D4B1B884FF6FF718B420BD03A4B1B88DE
:1082F000002B04D0384B1B889B025B0804E04FF432
:10830000801301E04FF48013B2FBF3F101FB03F3A0
:10831000D31A5B0B7A6DD31A591C304BA3FB012384
:108320009A0813465B0013445B00CA1AD1B2294B6A
:108330001B6803F17842284B1B884FF6FF7083427D
:108340000BD0254B1B88002B04D0234B1B889B0292
:108350005B0804E04FF4801301E04FF48013B2FB9C
:10836000F3F000FB03F3D31A5B0BDBB20B44DAB27E
:108370001B4B1A701A4B1B780221184601F0A2FD04
:108380000346002B01D00223E0E2164B00221A80A4
:10839000154B40221A6040237B66A3E0104B1B78EC
:1083A00003F580435A030B4B1B6803F178410A4BDA
:1083B0001B884FF6FF70834218D0074B1B88002B99
:1083C00004D0054B1B889B025B0811E04FF480131F
:1083D0000EE000BF7C1A0020A007FA0BABAAAAAAE5
:1083E000D6950020D4950020781A00204FF48013F1
:1083F000B1FBF3F1A74B1B884FF6FF7083420BD004
:10840000A44B1B88002B04D0A24B1B889B025B084B
:1084100004E04FF4801301E04FF4801301FB03F3F9
:108420001A447B6E1344D3E90023C7E910239A4B07
:108430001B7803F580435A03984B1B6803F178417E
:10844000944B1B884FF6FF7083420BD0914B1B88D7
:10845000002B04D08F4B1B889B025B0804E04FF479
:10846000801301E04FF48013B1FBF3F1894B1B88BB
:108470004FF6FF7083420BD0864B1B88002B04D035
:10848000844B1B889B025B0804E04FF4801301E0DF
:108490004FF4801301FB03F31A447B6E134408333B
:1084A000D3E90023C7E90C23D7E91023B3F1FF3F39
:1084B00008BFB2F1FF3F1AD0D7E90C23B3F1FF3F59
:1084C00008BFB2F1FF3F12D0754B1B8801339AB23F
:1084D000734B1A80734B1B681033724A13607B6EA8
:1084E00010337B667B6EB3F5005FFFF457AF6A4BCA
:1084F0001B78FB66684B1B783B6594E0674B1B68F9
:1085000003F17842634B1B884FF6FF718B420BD00F
:10851000604B1B88002B04D05E4B1B889B025B08C2
:1085200004E04FF4801301E04FF48013B2FBF3F149
:1085300001FB03F3D31A5B0BFA6ED31A591D5A4B86
:10854000A3FB01239A0813465B0013445B00CA1A7D
:10855000524B1B6803F178414E4B1B884FF6FF705E
:1085600083420BD04B4B1B88002B04D0494B1B88FC
:108570009B025B0804E04FF4801301E04FF480138A
:10858000B1FBF3F000FB03F3CB1A5B0B1344FB6668
:10859000FB6E03F580435A03404B1B6803F178419F
:1085A0003C4B1B884FF6FF7083420BD0394B1B8826
:1085B000002B04D0374B1B889B025B0804E04FF470
:1085C000801301E04FF48013B1FBF3F1314B1B88B2
:1085D0004FF6FF7083420BD02E4B1B88002B04D02C
:1085E0002C4B1B889B025B0804E04FF4801301E0D6
:1085F0004FF4801301FB03F31344184601F0CAFD46
:10860000034687F84A3097F84A30032B09D1244BA8
:108610001B8803F5FE739AB2214B1A80FB6E3B65F3
:1086200001E00A2392E11D4B1B6803F17842194BCC
:108630001B884FF6FF718B420BD0164B1B88002B0B
:1086400004D0144B1B889B025B0804E04FF480139A
:1086500001E04FF48013B2FBF3F101FB03F3D31AF3
:108660005B0BFA6E9A422ED00C4B1B6803F17842DA
:10867000084B1B884FF6FF718B4217D0054B1B88A8
:10868000002B04D0034B1B889B025B0810E04FF4C7
:1086900080130DE0A007FA0BD69500207C1A00206D
:1086A000D4950020781A0020ABAAAAAA4FF4801310
:1086B000B2FBF3F101FB03F3D31A5B0B0333FA6E46
:1086C0009A427FF41BAFA34B1B781846A24B1B6842
:1086D00003F17842A14B1B884FF6FF718B420BD000
:1086E0009E4B1B88002B04D09C4B1B889B025B0875
:1086F00004E04FF4801301E04FF48013B2FBF3F178
:1087000001FB03F3D31A5B0BC31A591C944BA3FB55
:1087100001239A0813465B0013445B00CA1A8E4B70
:108720001B6803F178418D4B1B884FF6FF70834225
:108730000BD08A4B1B88002B04D0884B1B889B02D4
:108740005B0804E04FF4801301E04FF48013B1FBA9
:10875000F3F000FB03F3CB1A5B0B1344FB66FB6ED9
:1087600003F580435A037C4B1B6803F178417B4B34
:108770001B884FF6FF7083420BD0784B1B88002B71
:1087800004D0764B1B889B025B0804E04FF48013F7
:1087900001E04FF48013B1FBF3F1704B1B884FF6EF
:1087A000FF7083420BD06D4B1B88002B04D06B4BAA
:1087B0001B889B025B0804E04FF4801301E04FF438
:1087C000801301FB03F31344BB669CE0FB79002B91
:1087D00008D10121F86E01F0FFFD0346002B12D0F5
:1087E0000123B3E04FF40051B86E00F07FFC034664
:1087F000102B08D10121F86E01F0EEFD0346002B8D
:1088000001D00123A2E0544B1B6803F17842534B83
:108810001B884FF6FF718B420BD0504B1B88002BEF
:1088200004D04E4B1B889B025B0804E04FF480137E
:1088300001E04FF48013B2FBF3F101FB03F3D31A11
:108840005B0BFA6ED31A591C454BA3FB01239A0804
:1088500013465B0013445B00CA1A3F4B1B6803F1CD
:1088600078413E4B1B884FF6FF7083420BD03B4B49
:108870001B88002B04D0394B1B889B025B0804E04B
:108880004FF4801301E04FF48013B1FBF3F000FBD1
:1088900003F3CB1A5B0B1344FB66FB6E03F58043BB
:1088A0005A032D4B1B6803F178412C4B1B884FF664
:1088B000FF7083420BD0294B1B88002B04D0274B21
:1088C0001B889B025B0804E04FF4801301E04FF427
:1088D0008013B1FBF3F1214B1B884FF6FF708342ED
:1088E0000BD01E4B1B88002B04D01C4B1B889B02FB
:1088F0005B0804E04FF4801301E04FF4801301FBA8
:1089000003F31344BB66FA6E3B6D9A427FF45EAF8D
:1089100001F0C6FDFB6C002B17D107F10803002204
:108920001A605A609A60DA6007F108030322194658
:10893000002001F0C3F90346FB85FB8D002B04D01A
:10894000FB8D122B01D0022300E000231846703764
:10895000BD4680BDD69500207C1A0020A007FA0BEA
:10896000ABAAAAAA80B584B000AF0346FB7100236E
:10897000FB6001F069FE0346002B01D00E23E7E007
:10898000754B1B6803F17842744B1B884FF6FF71DF
:108990008B420BD0714B1B88002B04D06F4B1B8874
:1089A0009B025B0804E04FF4801301E04FF4801356
:1089B000B2FBF3F101FB03F3D31A5B0BFB6054E052
:1089C000FB79002B08D10121F86801F005FD034671
:1089D000002B47D00123BBE0FB6803F580435A031B
:1089E0005D4B1B6803F178415C4B1B884FF6FF70B1
:1089F00083420BD0594B1B88002B04D0574B1B884C
:108A00009B025B0804E04FF4801301E04FF48013F5
:108A1000B1FBF3F1514B1B884FF6FF7083420BD033
:108A20004E4B1B88002B04D04C4B1B889B025B08D1
:108A300004E04FF4801301E04FF4801301FB03F3D3
:108A400013444FF40051184600F050FB0346102B1E
:108A500008D10121F86801F0BFFC0346002B01D0CA
:108A6000012375E0FB680133FB603B4B1B6803F19E
:108A700078423A4B1B884FF6FF718B420BD0374B35
:108A80001B88002B04D0354B1B889B025B0804E03D
:108A90004FF4801301E04FF48013B2FBF3F101FBBC
:108AA00003F3D31A5B0B0633FA689A4288D301F0BA
:108AB000F7FC294B1B6803F17842284B1B884FF6C3
:108AC000FF718B420BD0254B1B88002B04D0234B0E
:108AD0001B889B025B0804E04FF4801301E04FF415
:108AE0008013B2FBF3F101FB03F3D31A5B0B0221FA
:108AF000184601F0E7F90346002B01D0022327E0D6
:108B0000174B00221A80144B1B6803F17842134B59
:108B10001B884FF6FF718B420BD0104B1B88002B2C
:108B200004D00E4B1B889B025B0804E04FF48013BB
:108B300001E04FF48013B2FBF3F101FB03F3D31A0E
:108B40005B0BDAB2074B1A70074B40221A60002306
:108B500018461037BD4680BD7C1A0020A007FA0BCE
:108B6000D4950020D6950020781A002080B584B0D6
:108B700000AF03463960FB80FB88002B0FD0FB88D9
:108B80004FF6FF7293420AD00023FB81FB883968BD
:108B9000184600F025F90346FB81FB8900E0082315
:108BA00018461037BD4680BD80B582B000AF034681
:108BB0003960FB80FB88002B0BD0FB884FF6FF72DF
:108BC000934206D0FB883968184600F06FFA0346D6
:108BD00000E0082318460837BD4680BD80B586B042
:108BE00000AF00237B6100233B610023FB60002377
:108BF000BB600523FB710523BB71714B1B6803F13F
:108C00007842704B1B884FF6FF718B420BD06D4B37
:108C10001B88002B04D06B4B1B889B025B0804E075
:108C20004FF4801301E04FF48013B2FBF3F101FB2A
:108C300003F3D31A5B0B7B6199E07B6903F58043F7
:108C40005A035F4B1B6803F178415E4B1B884FF65C
:108C5000FF7083420BD05B4B1B88002B04D0594B19
:108C60001B889B025B0804E04FF4801301E04FF483
:108C70008013B1FBF3F1534B1B884FF6FF70834217
:108C80000BD0504B1B88002B04D04E4B1B889B02F3
:108C90005B0804E04FF4801301E04FF4801301FB04
:108CA00003F31344FB60F86801F074FA0346FB71A8
:108CB000FB79042B58D17B6901333B6142E03B696E
:108CC00003F580435A033E4B1B6803F178413D4B4B
:108CD0001B884FF6FF7083420BD03A4B1B88002B4A
:108CE00004D0384B1B889B025B0804E04FF48013D0
:108CF00001E04FF48013B1FBF3F1324B1B884FF6C8
:108D0000FF7083420BD02F4B1B88002B04D02D4BC0
:108D10001B889B025B0804E04FF4801301E04FF4D2
:108D2000801301FB03F31344BB60B86801F032FA0F
:108D30000346BB71BB79042B01D005233BE03B69A3
:108D400001333B617B6903333A699A42B7D303210C
:108D5000786901F041FB0346002B01D001232AE092
:108D600001F09EFB002326E07B6903337B61144BFB
:108D70001B6803F17842134B1B884FF6FF718B423F
:108D80000BD0104B1B88002B04D00E4B1B889B0272
:108D90005B0804E04FF4801301E04FF48013B2FB52
:108DA000F3F101FB03F3D31A5B0B06337A699A42A2
:108DB000FFF443AF052318461837BD4680BD00BFFA
:108DC0007C1A0020A007FA0B80B582B000AF786053
:108DD000786801F0BFFB034618460837BD4680BDE2
:108DE0002DE9B0438CB000AF03463960FB804FF0F3
:108DF00000024FF00003C7E906234FF000024FF0D6
:108E00000003C7E904230023FB620023BB620023A5
:108E10007B620023FB60052387F82330002000F0ED
:108E200097F9F862FB6AB3F1FF3F01D1032332E106
:108E3000FB6A03F580435A03994B1B6803F17841A1
:108E4000984B1B884FF6FF7083420BD0954B1B88C5
:108E5000002B04D0934B1B889B025B0804E04FF46B
:108E6000801301E04FF48013B1FBF3F18D4B1B88AD
:108E70004FF6FF7083420BD08A4B1B88002B04D027
:108E8000884B1B889B025B0804E04FF4801301E0D1
:108E90004FF4801301FB03F31344BB62B86A01F083
:108EA00079F9034687F82330E5E041F6F0737B62F9
:108EB00058E0BA6A7B6A1344D3E90023C7E9062362
:108EC000BA6A7B6A13440833D3E90023C7E9042351
:108ED000D7E90623B3F1FF3F08BFB2F1FF3F3ED011
:108EE000D7E90423B3F1FF3F08BFB2F1FF3F36D00B
:108EF000D7E9062394B20025FB88002298469146C4
:108F00004D4508BF44452AD1D7E90623D7E90401D6
:108F100001F0F2F90346FB60D7E906014FF00002C9
:108F20004FF00003020C42EA01420B0C93B21A46C6
:108F3000FB68934213D13968D7E90423C1E90023C0
:108F40003B6803F10804D7E906014FF000024FF037
:108F500000030A000023C4E9002300239BE07B6A8E
:108F6000103B7B627B6A3F2BA3D84D4B1B6803F100
:108F700078424C4B1B884FF6FF718B420BD0494B0C
:108F80001B88002B04D0474B1B889B025B0804E026
:108F90004FF4801301E04FF48013B2FBF3F101FBB7
:108FA00003F3D31A5B0BFA6AD31A591D3E4BA3FB8A
:108FB00001239A0813465B0013445B00CA1A384B1E
:108FC0001B6803F17841374B1B884FF6FF708342D3
:108FD0000BD0344B1B88002B04D0324B1B889B02D8
:108FE0005B0804E04FF4801301E04FF48013B1FB01
:108FF000F3F000FB03F3CB1A5B0B1344FB62FB6A39
:1090000003F580435A03264B1B6803F17841254B37
:109010001B884FF6FF7083420BD0224B1B88002B1E
:1090200004D0204B1B889B025B0804E04FF48013A4
:1090300001E04FF48013B1FBF3F11A4B1B884FF69C
:10904000FF7083420BD0174B1B88002B04D0154BAD
:109050001B889B025B0804E04FF4801301E04FF48F
:10906000801301FB03F31344BB62B86A01F092F86A
:10907000034687F8233097F82330022B3FF415AFCF
:1090800097F82330032B3FF410AF97F82330042BCD
:109090003FF40BAF072318463037BD46BDE8B08319
:1090A0007C1A0020A007FA0BABAAAAAA80B584B04C
:1090B00000AF03463960FB800023FB81FB8801225F
:1090C0003968184600F0FAFD0346FB81FB89122B34
:1090D00007D1FB8800223968184600F0E3F90346FF
:1090E00000E0FB8918461037BD4680BD80B485B0CE
:1090F00000AF786039601123FB810023BB601BE067
:109100007A68BB681344D3E90023B3F1FF3F08BF7B
:10911000B2F1FF3F0DD07A68BB6813440833D3E93E
:109120000023B3F1FF3F08BFB2F1FF3F01D010238E
:10913000FB81BB681033BB60BA683B689A42DFD3DF
:10914000FB8918461437BD465DF8047B7047000064
:1091500080B586B000AF0346FB710523FB75052380
:10916000BB7500233B610023FB600023BB60A64B63
:109170001B783B613B6903F580435A03A34B1B6893
:1091800003F17841A24B1B884FF6FF7083420BD04E
:109190009F4B1B88002B04D09D4B1B889B025B08B8
:1091A00004E04FF4801301E04FF48013B1FBF3F1BE
:1091B000974B1B884FF6FF7083420BD0944B1B8854
:1091C000002B04D0924B1B889B025B0804E04FF4F9
:1091D000801301E04FF4801301FB03F3134418469E
:1091E00000F0D8FF0346FB75884B1B6803F17842FB
:1091F000874B1B884FF6FF718B420BD0844B1B882B
:10920000002B04D0824B1B889B025B0804E04FF4C8
:10921000801301E04FF48013B2FBF3F101FB03F381
:10922000D31A5B0B3A69D31A591C7A4BA3FB01235F
:109230009A0813465B0013445B00CA1A734B1B6801
:1092400003F17841724B1B884FF6FF7083420BD0BD
:109250006F4B1B88002B04D06D4B1B889B025B0857
:1092600004E04FF4801301E04FF48013B1FBF3F0FE
:1092700000FB03F3CB1A5B0B1344FB60FB6803F5A5
:1092800080435A03614B1B6803F17841604B1B8894
:109290004FF6FF7083420BD05D4B1B88002B04D030
:1092A0005B4B1B889B025B0804E04FF4801301E0DA
:1092B0004FF48013B1FBF3F1554B1B884FF6FF7051
:1092C00083420BD0524B1B88002B04D0504B1B8881
:1092D0009B025B0804E04FF4801301E04FF480131D
:1092E00001FB03F31344184600F054FF0346BB751B
:1092F000464B1B6803F17842454B1B884FF6FF71C4
:109300008B420BD0424B1B88002B04D0404B1B8858
:109310009B025B0804E04FF4801301E04FF48013DC
:10932000B2FBF3F101FB03F3D31A5B0B3A69D31AD7
:10933000591D384BA3FB01239A0813465B001344C5
:109340005B00CA1A314B1B6803F17841304B1B8814
:109350004FF6FF7083420BD02D4B1B88002B04D09F
:109360002B4B1B889B025B0804E04FF4801301E049
:109370004FF48013B1FBF3F000FB03F3CB1A5B0B4C
:109380001344BB60FB79022B7CD0022B00F382805C
:10939000002B6AD0012B7DD1FB7D022B2AD11E4BE5
:1093A0001B68B3F5005F01D23B6975E0BB7D042B00
:1093B00007D1FFF713FC0346002B02D04FF0FF3319
:1093C0006AE00321386900F07DFD0346002B02D0DE
:1093D0004FF0FF3360E00221F86800F073FD0346B0
:1093E000002B02D04FF0FF3356E00B4B40221A60A7
:1093F000FB6851E0FB7D012B34D1074B1B68B3F5B3
:10940000005F0BD23B6947E0D69500207C1A002014
:10941000A007FA0BABAAAAAA781A0020BB7D042BDE
:1094200007D1FFF7DBFB0346002B02D04FF0FF33E1
:1094300032E00321386900F045FD0346002B02D0DD
:109440004FF0FF3328E00121F86800F03BFD0346B0
:10945000002B02D04FF0FF331EE0114B40221A6068
:10946000FB6819E04FF0FF3316E0FB7D022B01D1C2
:109470003B6911E0FB7D012B01D1BB680CE04FF093
:10948000FF3309E0BB7D002B01D1FB6804E04FF006
:10949000FF3301E04FF0FF3318461837BD4680BD5B
:1094A000781A002080B590B000AF03463960FB8089
:1094B00013467B71052387F83F300023FB620023AE
:1094C000BB6300237B634FF000024FF00003C7E94A
:1094D00008234FF000024FF00003C7E906230023E2
:1094E0007B860023FB824FF000024FF00003C7E9A8
:1094F00002237B79002B01D1022300E001231846CF
:10950000FFF726FEB863BB6BB3F1FF3F01D1042325
:10951000C5E3AC4B00221A80BB6BDAB2AA4B1A70BF
:10952000AA4B40221A607B79002B08D10121B86B2D
:1095300000F0C8FC0346002B01D00223AFE3A44B8C
:109540001B6803F17842A34B1B884FF6FF718B42D7
:109550000BD0A04B1B88002B04D09E4B1B889B027A
:109560005B0804E04FF4801301E04FF48013B2FB7A
:10957000F3F101FB03F3D31A5B0BBA6BD31A591D3A
:10958000954BA3FB01239A0813465B0013445B0031
:10959000CA1A8F4B1B6803F178418E4B1B884FF61C
:1095A000FF7083420BD08B4B1B88002B04D0894B60
:1095B0001B889B025B0804E04FF4801301E04FF42A
:1095C0008013B1FBF3F000FB03F3CB1A5B0B1344E6
:1095D000BB63BB6B03F580435A037D4B1B6803F1F0
:1095E00078417C4B1B884FF6FF7083420BD0794B40
:1095F0001B88002B04D0774B1B889B025B0804E080
:109600004FF4801301E04FF48013B1FBF3F1714B81
:109610001B884FF6FF7083420BD06E4B1B88002BCC
:1096200004D06C4B1B889B025B0804E04FF4801352
:1096300001E04FF4801301FB03F31344FB62F86A6B
:1096400000F0A8FD034687F83F3097F83F30022B23
:1096500004D097F83F30042B40F03E8197F83F301C
:10966000022B08D10421B86B00F02CFC0346002B20
:1096700001D0022313E3564B1B6803F17842554B8C
:109680001B884FF6FF718B420BD0524B1B88002B6F
:1096900004D0504B1B889B025B0804E04FF48013FE
:1096A00001E04FF48013B2FBF3F101FB03F3D31A93
:1096B0005B0BBA6BD31A591D474BA3FB01239A08C6
:1096C00013465B0013445B00CA1A414B1B6803F14D
:1096D0007841404B1B884FF6FF7083420BD03D4BC7
:1096E0001B88002B04D03B4B1B889B025B0804E0CB
:1096F0004FF4801301E04FF48013B1FBF3F000FB53
:1097000003F3CB1A5B0B1344BB63BB6B03F58043C2
:109710005A032F4B1B6803F178412E4B1B884FF6E1
:10972000FF7083420BD02B4B1B88002B04D0294B9E
:109730001B889B025B0804E04FF4801301E04FF4A8
:109740008013B1FBF3F1234B1B884FF6FF7083426C
:109750000BD0204B1B88002B04D01E4B1B889B0278
:109760005B0804E04FF4801301E04FF4801301FB29
:1097700003F31344FB62F86A00F00CFD034687F81C
:109780003F309EE097F83F30032B08D10421B86B9F
:1097900000F098FB0346002B01D002237FE20C4B24
:1097A0001B6803F178420B4B1B884FF6FF718B420D
:1097B00017D0084B1B88002B10D0064B1B889B0230
:1097C0005B0810E0D4950020D6950020781A002080
:1097D0007C1A0020A007FA0BABAAAAAA4FF48013A8
:1097E00001E04FF48013B2FBF3F101FB03F3D31A52
:1097F0005B0BBA6BD31A591DA14BA3FB01239A082B
:1098000013465B0013445B00CA1A9E4B1B6803F1AE
:1098100078419D4B1B884FF6FF7083420BD09A4BCB
:109820001B88002B04D0984B1B889B025B0804E02C
:109830004FF4801301E04FF48013B1FBF3F000FB11
:1098400003F3CB1A5B0B1344BB63BB6B03F5804381
:109850005A038C4B1B6803F178418B4B1B884FF6E6
:10986000FF7083420BD0884B1B88002B04D0864BA3
:109870001B889B025B0804E04FF4801301E04FF467
:109880008013B1FBF3F1804B1B884FF6FF708342CE
:109890000BD07D4B1B88002B04D07B4B1B889B027D
:1098A0005B0804E04FF4801301E04FF4801301FBE8
:1098B00003F31344FB62F86A00F06CFC034687F87C
:1098C0003F3097F83F30032B3FF45CAF97F83F30C1
:1098D000042B3FF457AF08E07B79012B03D197F8B5
:1098E0003F30032B01D00A23D9E17B79012B40F0D3
:1098F0006F8100237B8640237B63B5E0634B1B783D
:1099000003F580435A035F4B1B6803F178415E4BBC
:109910001B884FF6FF7083420BD05B4B1B88002BDC
:1099200004D0594B1B889B025B0804E04FF4801362
:1099300001E04FF48013B1FBF3F1534B1B884FF65A
:10994000FF7083420BD0504B1B88002B04D04E4B32
:109950001B889B025B0804E04FF4801301E04FF486
:10996000801301FB03F31A447B6B1344D3E90023F8
:10997000C7E90823454B1B7803F580435A03414B45
:109980001B6803F17841404B1B884FF6FF70834200
:109990000BD03D4B1B88002B04D03B4B1B889B02FC
:1099A0005B0804E04FF4801301E04FF48013B1FB37
:1099B000F3F1354B1B884FF6FF7083420BD0324BCF
:1099C0001B88002B04D0304B1B889B025B0804E0F3
:1099D0004FF4801301E04FF4801301FB03F31A44AA
:1099E0007B6B13440833D3E90023C7E90623D7E987
:1099F0000823134312D1D7E9062313430ED17B8EDC
:109A000001337B86224B1B8801339AB2204B1A808C
:109A1000204B1B6810331F4A136022E0D7E908234C
:109A2000B3F1FF3F08BFB2F1FF3F22D0D7E90623D1
:109A3000B3F1FF3F08BFB2F1FF3F1AD0D7E90823C7
:109A4000134316D0D7E90623134312D0104B1B88BB
:109A500001339AB20E4B1A800E4B1B6810330D4A1D
:109A600013607B6B10337B637B6BB3F5005FFFF49C
:109A700045AF064B1B78BB6300237B63A2E000BFAE
:109A8000ABAAAAAA7C1A0020A007FA0BD695002040
:109A9000D4950020781A0020834B1B6803F178428C
:109AA000824B1B884FF6FF718B420BD07F4B1B887C
:109AB000002B04D07D4B1B889B025B0804E04FF415
:109AC000801301E04FF48013B2FBF3F101FB03F3C9
:109AD000D31A5B0BBA6BD31A591D754BA3FB012329
:109AE0009A0813465B0013445B00CA1A6E4B1B684E
:109AF00003F178416D4B1B884FF6FF7083420BD00A
:109B00006A4B1B88002B04D0684B1B889B025B08A8
:109B100004E04FF4801301E04FF48013B1FBF3F045
:109B200000FB03F3CB1A5B0B1344BB63BB6B03F566
:109B300080435A035C4B1B6803F178415B4B1B88E5
:109B40004FF6FF7083420BD0584B1B88002B04D07C
:109B5000564B1B889B025B0804E04FF4801301E026
:109B60004FF48013B1FBF3F1504B1B884FF6FF709D
:109B700083420BD04D4B1B88002B04D04B4B1B88D2
:109B80009B025B0804E04FF4801301E04FF4801364
:109B900001FB03F31344184600F0FCFA034687F870
:109BA0003F3097F83F30032B11D1424B1B8803F510
:109BB000FE739AB23F4B1A807B8E02337B867B6B9F
:109BC00001337B637B6B052B7FF666AF00E000BF44
:109BD000FB8800223968184600F070F80346002B15
:109BE00001D002235BE03B68D3E90023134308D193
:109BF0003B680833D3E90023134302D17B8E013342
:109C00007B862C4B1B88022B03D92A4B1B88023BDB
:109C100000E001237B637B8E7A6B9A4203D37B8EB9
:109C20007A6BD31A00E001237B6327E0FB887A6B11
:109C30009A4220D07B6B9BB207F10802114618466E
:109C4000FFF7CEF80346FB82FB8A002B0ED17B6B1D
:109C50009BB207F108010022184600F02FF80346D6
:109C6000FB82FB8A002B06D0FB8A18E0FB8A072BBD
:109C700001D0FB8A13E07B6B01337B637B6BB3F515
:109C80007A7FD3D90C4B1B780221184600F01AF9C1
:109C90000346002B01D0022301E04FF480731846E5
:109CA0004037BD4680BD00BF7C1A0020A007FA0BDC
:109CB000ABAAAAAAD4950020D69500202DE9B04FD2
:109CC00092B000AF0346B961FB8313467B774FF038
:109CD00000024FF00003C7E908234FF000024FF0E5
:109CE0000003C7E90A234FF000024FF00003C7E961
:109CF0001023704B1B8840F2F352934201D9122378
:109D0000D2E00120FFF724FAF8630023BB63FB6B6A
:109D1000B3F1FF3F01D10323C6E0FB6B03F58043A2
:109D20005803654B1B6803F17841644B1A884FF662
:109D3000FF739A420BD0614B1B88002B04D05F4B02
:109D40001B889B025B0804E04FF4801301E04FF492
:109D50008013B1FBF3F1594B1A884FF6FF739A4207
:109D60000BD0564B1B88002B04D0544B1B889B02F6
:109D70005B0804E04FF4801301E04FF4801301FB13
:109D800003F30344BB63BB69D3E9002313430FD13F
:109D9000BB690833D3E90023134309D1FB8B002BA4
:109DA00006D14FF000024FF00003C7E9102327E06F
:109DB000BB690833D3E900234FF000004FF00001E6
:109DC00011000020FB8B00221C46154640EA0403CC
:109DD0003B6141EA05037B61D7E90434C7E90834F4
:109DE000BB69D3E90001D7E9082300F085FA0346EF
:109DF0009BB200223B607A60D7E90034C7E9103497
:109E00004FF000024FF00003C7E908234FF00002B3
:109E10004FF00003C7E90A23BB690833D3E90023E5
:109E20004FF000004FF0000111000020D7E910456D
:109E30004FF000024FF000032B0443EA14432204C6
:109E400040EA020841EA0309FB8B00229A46934646
:109E500048EA0A03BB6049EA0B03FB60D7E9023416
:109E6000C7E90834BB69D3E90023C7E90A23144BC7
:109E70001A68BB6B13447A7F07F12001184600F083
:109E800073FA0346FB86FB8E002B01D0FB8E0BE0A2
:109E90000B4B1B6810330A4A1360064B1B880133B7
:109EA0009AB2044B1A80002318464837BD46BDE8D5
:109EB000B08F00BFD49500207C1A0020A007FA0BB9
:109EC000781A002080B58AB000AF78600B46FB702E
:109ED00000237B6200233B620023FB610023BB6104
:109EE0007B6803F580435A03A74B1B6803F1784155
:109EF000A64B1B884FF6FF7083420BD0A34B1B88E9
:109F0000002B04D0A14B1B889B025B0804E04FF49C
:109F1000801301E04FF48013B1FBF3F19B4B1B88DE
:109F20004FF6FF7083420BD0984B1B88002B04D058
:109F3000964B1B889B025B0804E04FF4801301E002
:109F40004FF4801301FB03F313447B627B6803F53A
:109F500080435A038C4B1B6803F178418B4B1B8861
:109F60004FF6FF7083420BD0884B1B88002B04D028
:109F7000864B1B889B025B0804E04FF4801301E0D2
:109F80004FF48013B1FBF3F1804B1B884FF6FF7049
:109F900083420BD07D4B1B88002B04D07B4B1B884E
:109FA0009B025B0804E04FF4801301E04FF4801340
:109FB00001FB03F3134410333B627B6803F58043DA
:109FC0005A03714B1B6803F17841704B1B884FF6A5
:109FD000FF7083420BD06D4B1B88002B04D06B4B62
:109FE0001B889B025B0804E04FF4801301E04FF4F0
:109FF0008013B1FBF3F1654B1B884FF6FF70834272
:10A000000BD0624B1B88002B04D0604B1B889B023B
:10A010005B0804E04FF4801301E04FF4801301FB70
:10A0200003F313442033FB617B6803F580435A0339
:10A03000554B1B6803F17841544B1B884FF6FF705A
:10A0400083420BD0514B1B88002B04D04F4B1B88F5
:10A050009B025B0804E04FF4801301E04FF480138F
:10A06000B1FBF3F1494B1B884FF6FF7083420BD0D5
:10A07000464B1B88002B04D0444B1B889B025B087B
:10A0800004E04FF4801301E04FF4801301FB03F36D
:10A0900013443033BB614FF000024FF00003C7E9B7
:10A0A0000223FB78013B032B64D801A252F823F072
:10A0B000C1A00208F3A0020825A102084DA10208D0
:10A0C0004FF0AA324FF0AA33C7E9022307F1080381
:10A0D00002221946786A00F047F90346FB82FB8AA0
:10A0E000002B01D0FB8A4BE07B68DAB2284B1A7058
:10A0F00045E04FF0AA324FF0AA33C7E9022307F137
:10A10000080302221946386A00F02EF90346FB8242
:10A11000FB8A002B01D0FB8A32E07B68DAB21C4B51
:10A120001A702CE04FF0AA324FF0AA33C7E902238D
:10A1300007F1080302221946F86900F015F90346F1
:10A14000FB82FB8A002B17D0FB8A19E04FF0AA3262
:10A150004FF0AA33C7E9022307F108030222194688
:10A16000B86900F001F90346FB82FB8A002B05D099
:10A17000FB8A05E000BF02E000BF00E000BF002353
:10A1800018462837BD4680BD7C1A0020A007FA0B70
:10A19000D695002080B493B000AF78604FF00002F5
:10A1A0004FF00003C7E910234FF000024FF0000307
:10A1B000C7E90E234FF000024FF00003C7E90C235C
:10A1C0004FF000024FF00003C7E90A234FF00002EE
:10A1D0004FF00003C7E908234FF000024FF00003DF
:10A1E000C7E906234FF000024FF00003C7E904233C
:10A1F0004FF000024FF00003C7E902237B68D3E968
:10A200000023C7E910237B681033D3E90023C7E993
:10A210000E237B682033D3E90023C7E90C237B6836
:10A220003033D3E90023C7E90A237B680833D3E935
:10A230000023C7E908237B681833D3E90023C7E963
:10A2400006237B682833D3E90023C7E904237B680E
:10A250003833D3E90023C7E90223D7E90A23B3F14E
:10A26000FF3F08BFB2F1FF3F09D0D7E90223B3F1A6
:10A27000FF3F08BFB2F1FF3F01D0042336E0D7E92A
:10A280000C23B3F1FF3F08BFB2F1FF3F09D0D7E97C
:10A290000423B3F1FF3F08BFB2F1FF3F01D0032316
:10A2A00024E0D7E90E23B3F1FF3F08BFB2F1FF3F2F
:10A2B00009D0D7E90623B3F1FF3F08BFB2F1FF3F52
:10A2C00001D0022312E0D7E91023B3F1FF3F08BF0A
:10A2D000B2F1FF3F09D0D7E90823B3F1FF3F08BF30
:10A2E000B2F1FF3F01D0012300E0002318464C37B4
:10A2F000BD465DF8047B704780B584B000AFC7E908
:10A300000201C7E900231748FDF71CF9BB6819468D
:10A310001448FDF727F9D7E902014FF000024FF08A
:10A3200000030A000023134619460E48FDF71AF9E8
:10A33000D7E900014FF000024FF000030A000023AC
:10A34000134619460748FDF70DF93B88194605489D
:10A35000FDF716F90348FDF724F9034618461037B0
:10A36000BD4680BD0030024080B586B000AFF860C9
:10A37000B9601346FB710023FB82FB79022B0CD1E1
:10A38000BB68D3E900231349C1E90023BB68D3E9C3
:10A3900000231049C1E902230BE0BB68D3E9002385
:10A3A0000C49C1E90023BB68D3E902230949C1E98B
:10A3B0000223084B1A46F9680120ECF777FA0346A6
:10A3C000002B01D00223FB82FB8A18461837BD46BA
:10A3D00080BD00BFE095002080B58AB000AF7860F6
:10A3E0000B467B800023FB8401233B620023FB6040
:10A3F0007B6803F580435A03274B1B6803F17841C0
:10A40000264B1B884FF6FF7083420BD0234B1B88D3
:10A41000002B04D0214B1B889B025B0804E04FF407
:10A42000801301E04FF48013B1FBF3F11B4B1B8849
:10A430004FF6FF7083420BD0184B1B88002B04D0C3
:10A44000164B1B889B025B0804E04FF4801301E06D
:10A450004FF4801301FB03F31344184600F026F871
:10A46000386202233B617B88FB617B68BB613B6A8E
:10A470007B6107F10C0207F1100311461846ECF757
:10A480008DFB0346002B01D00123FB84FB8C184677
:10A490002837BD4680BD00BF7C1A0020A007FA0BFC
:10A4A00080B500AFF0F7D8FC00BF80BD80B485B0A8
:10A4B00000AF78600023FB60244B1B6C03F4801317
:10A4C000002B1ED1224B1B884FF6FF7293420DD0FA
:10A4D0001F4B1B88002B06D01D4B1B889B025B0863
:10A4E00003F1006304E04FF0016301E04FF001630A
:10A4F0007A68934202D90123FB6020E00223FB60CB
:10A500001DE0134B1B884FF6FF7293420DD0104B8A
:10A510001B88002B06D00E4B1B889B025B0803F1A7
:10A52000006304E04FF0016301E04FF001637A68DB
:10A53000934202D90223FB6001E00123FB60FB6828
:10A5400018461437BD465DF8047B70470020024072
:10A55000A007FA0B80B485B000AF78600023FB81C0
:10A5600000BF384B1B6A03F48033B3F5803FF8D04B
:10A57000344B1B6B334A43F040431363314B42F27D
:10A58000FA021A622F4B9B6A2E4A43F00103936230
:10A5900079684FF000024FF00003C1E900237B68A7
:10A5A000083319464FF000024FF00003C1E90023C1
:10A5B00000BF244B1B6A03F48033B3F5803FF8D00F
:10A5C000204B1B6A03F00203022B1DD01D4B1B6A9C
:10A5D00003F00803082B17D01A4B1B6A03F0100373
:10A5E000102B11D0174B1B6A03F02003202B0BD02C
:10A5F000144B1B6A03F04003402B05D0114B1B6A20
:10A6000003F08003802B01D10D23FB810D4B1B6ACE
:10A6100003F00103012B02D10A4B01221A62094BFC
:10A620009B6A084A23F001039362064B1B6B054AA1
:10A6300043F000431363FB8918461437BD465DF8A9
:10A64000047B70470020024080B400AF002318460E
:10A65000BD465DF8047B704780B586B000AFF860FA
:10A66000B9607A607B800023FB82FB68002B24D0DA
:10A67000BB68B3F5801F20D27B68002B1DD07B8880
:10A68000002B1AD0BB683B61FB6802221A70FB6882
:10A690000133BA7C1A70FB6802337A7C1A70FB684B
:10A6A00003333A7C1A70FB6804337A887968184659
:10A6B00000F05AFA7B880433FB82FB8A184618376D
:10A6C000BD4680BD80B485B000AF7860396000239E
:10A6D000FB817B68002B16D03B68B3F5801F12D23C
:10A6E0003B68BB607B6803221A707B680133BA7ACF
:10A6F0001A707B6802337A7A1A707B6803333A7A6D
:10A700001A700423FB81FB8918461437BD465DF897
:10A71000047B704780B487B000AF03460A46FB71E4
:10A720001346BB803B1D7B61FB793B737B695B7888
:10A730007B737B691B78BB7307F1100307F10C0275
:10A740001268114619800233120C1A7000233A7CE9
:10A7500062F307037A7C62F30F23BA7C62F3174338
:10A7600018461C37BD465DF8047B704700000000AA
:10A77000B0B584B000AF0446084611461A462346D9
:10A78000FB800346BB800B46FB701346BB70FA8808
:10A79000BB889A4203D9284ABB88138002E0264A24
:10A7A000FB881380244B1B881846D5F7AFFE044660
:10A7B0000D46BB781846D5F7A9FE02460B46204643
:10A7C0002946D6F747F802460B4614461D46FB7845
:10A7D0001846D5F79BFE02460B4620462946D5F77C
:10A7E0000FFF02460B4614461D46BB881846D5F798
:10A7F0008DFE02460B4620462946D6F72BF8024628
:10A800000B46104619460AA3D3E90023D5F7F8FEF4
:10A8100002460B46C7E90223D7E90201D6F7B2F98F
:10A8200003469BB218461037BD46B0BDAFF300805B
:10A8300000000000E0FFEF40F09500200000000065
:10A8400080B586B000AF87ED000B4FF000024FF0EF
:10A850000003C7E904234FF000024FF00003D7E9DB
:10A860000001D6F73FF90346002B06D04FF0000257
:10A870004FF00003C7E9042313E020A3D3E900232A
:10A88000D7E90001D6F74CF90346002B05D01BA3EE
:10A89000D3E90023C7E9042303E0D7E90023C7E98C
:10A8A000042318A3D3E90023D7E90401D5F7D2FF85
:10A8B00002460B46104619464FF000020E4BD5F7E4
:10A8C000E7FC02460B460AA1D1E90001D5F7E0FCFE
:10A8D00002460B46C7E90223D7E90201D6F752F92F
:10A8E0000346DBB218461837BD4680BDAFF3008083
:10A8F0000000000000E06F400000E03F00000000AA
:10A90000006AF840838282828282784000000000E0
:10A9100080B586B000AF87ED020B87ED001B1BA34F
:10A92000D3E90023D7E90001D5F794FF02460B468F
:10A93000104619464FF00002134BD5F7A9FC02460A
:10A940000B46C7E904234FF000024FF00003D7E99C
:10A950000401D6F7E5F80346002B08D0D7E9042315
:10A96000D7E90201D5F776FF02460B4601E0D7E9A9
:10A97000022343EC172BB0EE470AF0EE670A1837B4
:10A98000BD4680BDAFF300800000F03FAE47E17AE6
:10A9900014AEF33F80B485B000AF0346FB800723BD
:10A9A000FB73FB88B3F5C87F63D0B3F5C87F64DC65
:10A9B000C82B5AD0C82B60DC642B52D0642B5CDCD3
:10A9C000192B3BDC002B58DB192B56D801A252F86F
:10A9D00023F000BF81AA020843AA02087BAA02084A
:10A9E0007BAA02087BAA02087BAA02087BAA0208AB
:10A9F0007BAA02087BAA02087BAA02084BAA0208CB
:10AA00007BAA02087BAA02087BAA02087BAA02088A
:10AA10007BAA02087BAA02087BAA02087BAA02087A
:10AA20007BAA02087BAA02087BAA02087BAA02086A
:10AA30007BAA02087BAA020853AA0208322B0CD078
:10AA40001BE0FB7B1033FB731BE0FB7B2033FB73B2
:10AA500017E0FB7B3033FB7313E0FB7B4033FB736E
:10AA60000FE0FB7B5033FB730BE0FB7B6033FB732E
:10AA700007E0FB7B7033FB7303E00023FB7300E014
:10AA800000BFFB7B18461437BD465DF8047B70475A
:10AA90000139024410B5904201D1002005E003784D
:10AAA00011F8014FA34201D0181B10BD0130F2E78D
:10AAB000884210B501EB020402D98442234607D82C
:10AAC000431EA14207D011F8012B03F8012FF8E72C
:10AAD0000244824200D110BD13F8011D02F8011D8D
:10AAE000F7E702440346934200D1704703F8011B85
:10AAF000F9E7034670B51E4613F8014B44B14A1EF0
:10AB000001E0A54204D012F8015F002DF9D1F2E76F
:10AB1000301A70BD014B1868704700BF801A0020C2
:10AB200070B50D4B00260D4D5B1B9C10A64209D144
:10AB30000B4D01F049FB0B4B00265B1B9C10A64202
:10AB400005D170BD55F8043B01369847EEE755F83E
:10AB5000043B01369847F2E728C9020828C90208D1
:10AB600028C902082CC902080A44431E914200D198
:10AB7000704710B511F8014B914203F8014FF9D11C
:10AB800010BD000008B52DED028BB0EE408A00F03C
:10AB9000C1F8B4EE488AF1EE10FA0FD6B5EEC08ACD
:10ABA000F1EE10FA0ADCB5EE408AF1EE10FA08D1A7
:10ABB000FFF7B0FF22239FED090A0360BDEC028B73
:10ABC00008BDFFF7A7FF212203460548BDEC028B15
:10ABD0001A60BDE8084000F005B800BF000080FF23
:10ABE00044C702089FED010A704700BF0000C07F04
:10ABF00051EC100B1E4A21F0004393421ED91D4A0E
:10AC0000934200B585B007D902460B46D5F740FB05
:10AC100041EC100B05B000BD684600F079F900F07A
:10AC2000030001289DED000B9DED021B16D00228AC
:10AC300009D0B0B9012001F0EBF8EBE79FED0A1B5A
:10AC4000002001F0E5B8012001F0E2F853EC102BF0
:10AC500003F1004300EE903A05B000BD00F0A0FF04
:10AC6000D8E700F09DFFF1E70000000000000000C1
:10AC7000FB21E93FFFFFEF7F53EC102BC3F30A509A
:10AC80009C46A0F2FF31132910B5964613DC00292B
:10AC90002BDB1F4C0C4104EA0300104310D04FF48F
:10ACA000002300200B41634423EA040C6346024660
:10ACB00043EC102B10BD332905DDB1F5806F1AD0A0
:10ACC00043EC102B10BDA0F213404FF0FF34C440F2
:10ACD0001442F5D0C1F1330101208840801828BF0B
:10ACE00003F1010C20EA0400E0E7013103F0004C1D
:10ACF00008D00020DAE710461946D5F7CBFA41EC28
:10AD0000100B10BD4CF07F5C00204CF4401CCDE7D4
:10AD1000FFFF0F0010EE102A32F0004330D0002A5F
:10AD2000134634DBB2F1FF4F41DAB2F5000F00B544
:10AD300034DB4FF0000EC3F316016348DB15F7EE6A
:10AD4000007A084401F10F0C7F3B00F400027344C9
:10AD500082F07E5203EBD0535C480A430CEA0000B9
:10AD600000EE102A30EE670A20BBB5EE400AF1EE85
:10AD700010FA60D1002B40F08E809FED550A00BD87
:10AD80009FED547ADFED527A87EE270A704770EE16
:10AD9000407A9FED4F7A87EE870A7047DFED4E7A53
:10ADA0006FF0180E60EE277A17EE903AC3E730EE98
:10ADB000000A7047B0EE007A06EE103ADFED472A3F
:10ADC000B8EEC63ADFED464A30EE077ADFED455A77
:10ADD000DFED453A9FED455A80EE074ADFED447AB4
:10ADE000DFED446A4448454A0844521A0243002AA7
:10ADF00024EE046A26EE067AE7EE224AA7EE235AEC
:10AE0000E4EE875AE5EE076AE5EE877A67EE867A22
:10AE1000E6EE877A2ADDB6EE007A20EE077A27EE94
:10AE2000007A77EE877A67EE847A3BBB37EE677AF3
:10AE300030EE470A00BDF6EE007ADFED316A20EE13
:10AE4000007AE0EE667A27EE277A002BF0D007EE44
:10AE5000903A9FED2C6ADFED2C6AF8EEE77AA7EEC8
:10AE6000C67A37EE400A97EEA60A00BD70EE677A02
:10AE700067EE847AE3B930EE670A00BD9FED216A80
:10AE8000DFED216AE3EE067A37EE677A37EE400AA5
:10AE900093EE260A00BD07EE903A9FED1A0A9FED49
:10AEA0001A7AF8EEE77A27EE800AA7EE870A00BD45
:10AEB000DFED146A9FED147AE3EE667A37EEC00A8E
:10AEC00093EE070A00BD00BF20FB4A00F0FF7F00A1
:10AED00000000000000000CC0000004C9788173EE6
:10AEE00025333A3E2549923E4FD01C3E298E633E83
:10AEF000ABAA2A3FCDCCCC3E305CCFFF88C2350018
:10AF0000ABAAAA3ED1F717378071313F000000008D
:10AF100053EC102B2DE9F04F994923F000458FB0E9
:10AF200004468D4240F28E8096491F468D422AD8B3
:10AF3000002F1046194688A3D3E9002340F3A681C9
:10AF4000D5F7A6F9904B06460F469D4200F08E803D
:10AF500083A3D3E90023D5F79BF980468946304681
:10AF6000424639464B46D5F793F97DA3D3E90023F2
:10AF7000D5F78EF90126C4E90089C4E902013046FB
:10AF80000FB0BDE8F08F81498D4240F28980804941
:10AF90008D4262D82E15104690460DF1380AA6F261
:10AFA0001646A5EB065903254946D5F7C3FDD5F747
:10AFB000BDFA02460B4640464946CDE90823D5F77F
:10AFC00067F90022734BD5F71BFB89468046D5F7FE
:10AFD000B1FDD5F7ABFA02460B46404649464FF065
:10AFE00000084FF00009CDE90A23D5F751F90022F6
:10AFF000684BD5F705FBCDE90C017AE90201424621
:10B000004B46AB46013DD5F763FD0028F5D16249BB
:10B0100032465B4608A8019102210091214600F0CA
:10B0200087F9002F0646AADA61684642226801F1D4
:10B030000043E168C4E90023A26801F10043C4E9C8
:10B0400002239CE70020002184ED000BC4E90201EB
:10B05000002630460FB0BDE8F08F10461946D5F7F0
:10B0600017F9C4E90201C4E90001F1E73EA3D3E9FD
:10B070000023D5F70DF906460F463DA3D3E900237B
:10B08000D5F706F9804689463046424639464B4652
:10B09000D5F7FEF836A3D3E90023D5F7F9F869E729
:10B0A00000F078FF59EC108B33A3D3E9002340461E
:10B0B0004946D5F7A5FA0022384BD5F7EBF8D5F776
:10B0C00039FD0646D5F732FA02460B46CDE9022392
:10B0D00021A3D3E90023D5F793FA02460B46404655
:10B0E0004946D5F7D5F882468B461DA3D3E9002300
:10B0F000DDE90201D5F784FA02460B46504659466F
:10B10000CDE90423D5F7C4F81F2E8046894649DCD3
:10B11000234B721E53F82230AB4243D042464B467B
:10B1200050465946C4E90089D5F7B2F8DDE9042351
:10B13000D5F7AEF8002FC4E90201BFF620AF09F140
:10B1400000437642C4E9008301F10043C4E90203ED
:10B1500015E700BFAFF3008000004054FB21F93F2A
:10B160003163621A61B4D03D0000601A61B4D03D11
:10B170007370032E8A19A33B83C8C96D305FE43F07
:10B18000FB21E93F7BD90240FB21F93FFB213941FB
:10B19000FFFFEF7F00007041C8C702080000E03FDA
:10B1A00048C70208C9F30A53C3EB15532D15102BDA
:10B1B000B4DD55A3D3E90023DDE90201D5F720FA78
:10B1C000804689465046424659464B46D5F760F878
:10B1D00002460B465046594692469B46CDE9062309
:10B1E000D5F756F842464B46D5F752F88046894681
:10B1F00047A3D3E90023DDE90201D5F701FA42466E
:10B200004B46D5F745F80B46024659465046CDE920
:10B210000423D5F73DF8C1F30A5380468946ED1A59
:10B22000312D7FF77BAF3DA3D3E90023DDE9020198
:10B23000D5F7E6F98046894642464B46DDE90601E8
:10B24000D5F726F882468B4652465B46DDE9060175
:10B25000D5F71EF842464B46D5F71AF88046894680
:10B2600030A3D3E90023DDE90201D5F7C9F942464D
:10B270004B46D5F70DF802460B4650465946CDE9E8
:10B280000423D5F705F88046894647E7D5F702F845
:10B29000214B06460F469D4218D019A3D3E900233F
:10B2A000D4F7F8FF804689463046424639464B4639
:10B2B000D4F7EEFF12A3D3E90023D4F7EBFF4FF04E
:10B2C000FF36C4E90089C4E9020158E60EA3D3E9B8
:10B2D0000023D4F7DFFF06460F460DA3D3E9002372
:10B2E000D4F7D8FF804689463046424639464B4619
:10B2F000D4F7CEFF06A3D3E90023D4F7CBFFDEE7D4
:10B300003163621A61B4D03D0000601A61B4D03D6F
:10B310007370032E8A19A33BFB21F93F0000002E16
:10B320008A19A33BC14920259A837B39000000007C
:10B330002DE9F04FADF5197D9C46B44B12F1140F79
:10B340000A91A299039053F8213004930CF1FF3332
:10B350000293C0F2B582D31EAD4981FB0301DB1716
:10B36000C3EBA10307930133A3EB8303DB00D318E3
:10B37000079A0B930CF1FF33D41A049AD71816D4FA
:10B38000013720AD4FF000084FF000092744E24696
:10B39000A39E002C4046494603DB56F82400D5F70F
:10B3A000C5F80134BC42E5E80201F2D1D446049B61
:10B3B000002BC0F2BD8303990DF18009029A0DF5AF
:10B3C000E07B049B01EBCC0809EBCC0992464FEAE9
:10B3D000CC06634400200021002A80F296810AF105
:10B3E000010A09F108099A45EBE80201F4D1039B2F
:10B3F000049A99190CAB009203EB82038B46CDF8AB
:10B4000024C0043B08930CAB03EB820637460B9E2B
:10B41000009A0DEBC203002A4FEAC208D3E9704537
:10B420002CDD0DF5E07A0DF130090196D044059739
:10B430000022784B20462946D5F7E2F8D5F77AFB6B
:10B44000D5F774F80022744B06460F46D5F7D8F8A6
:10B4500002460B4620462946D4F71AFFD5F76AFB69
:10B46000394649F8040B304678E90223D4F712FF35
:10B470000446D0450D46DBD1019E059F304645EC84
:10B48000104B00F091FD00224FF07F5355EC104B14
:10B4900020462946D5F7B4F841EC100B00F010FE19
:10B4A00000225E4B51EC100BD5F7AAF802460B4672
:10B4B00020462946D4F7ECFE0D460446D5F73AFB64
:10B4C0008246D5F733F802460B4620462946D4F784
:10B4D000DFFE002E8046894640F38880009B0CA941
:10B4E000C6F117045A1EC6F1180351F8221041FA8A
:10B4F00003F000FA03F38244CB1A0CA943FA04F4D4
:10B5000041F82230002C00F3E38000220023404663
:10B510004946D5F7DDFA002800F09D82009B049A89
:10B5200093420CDD0CAA02EB8303002253F8041DA6
:10B53000BB4242EA0102F9D1002A40F00E81049B8D
:10B540000CAA013B52F82330009A501C8146002B74
:10B5500040F0D980089A012352F8041D01330029D4
:10B56000FAD0009A1344009A6FF0404A09990DF1FD
:10B57000800805960A4407990193014408EBC20824
:10B5800070AA06978A44A39902EBC00201EB8A0ACB
:10B5900000925AF8040FD4F7C9FF029B002BE8E889
:10B5A000020120DB4746039E0024002577E90223A1
:10B5B000F6E80201D5F724F802460B462046294654
:10B5C000D4F768FE5E4504460D46EFD1009B09F1B5
:10B5D0000109E3E802450093019B9945D9DD0093F9
:10B5E000DDE9056714E700240025EFE71AD0002203
:10B5F0000B4BD5F78BFA0446002886D0009B0AF146
:10B60000010A002B40F38A82022419E010C90208C3
:10B61000ABAAAA2A0000703E000070410000204042
:10B620000000E03F009B0CAA013B52F82340E415C8
:10B63000002C7FF76AAF009B0AF1010A002B56DD50
:10B640000CAB002153F8045B002D3CD0C5F1807594
:10B650006FF07F4043F8045C03E01A68821A43F8F5
:10B66000042B0131009A8A42F7DC0125002E0EDD01
:10B67000012E00F01A81022E09D1009B0CA95A1E3E
:10B680000CAB53F82230C3F3150341F82230022CDF
:10B690007FF43BAF42464B460020AB49D4F7F8FD60
:10B6A00080468946002D3FF430AF30469FEDA40B15
:10B6B00000F07AFC4046494653EC102BD4F7E8FDE5
:10B6C0008046894621E70131009A8A42BADCCDE7FB
:10B6D00000990AF1010A0029B2DC012E00F035823E
:10B6E000022E04D1C3F315030CA941F82230022C19
:10B6F0007FF40BAF42464B4600209349D4F7C8FD78
:10B700008046894601E703462DE75246DA46CB4696
:10B7100005969146CDE9003C5F46039E0024002536
:10B7200077E90223F6E80201D4F76AFF02460B46E6
:10B7300020462946D4F7AEFD464504460D46EFD1D6
:10B7400009F10109009B0BF1080B9945EAE8024554
:10B75000E2D1DDF804C0059E49E60B9BDDF800B0A0
:10B76000A3F118020CABCDE9024A0BF1FF340B92A6
:10B7700053F8243063B96FF040430CA95B4401EBEC
:10B78000830353F8041D013C183A0029F9D00B92A9
:10B790000B989FED6B0B00F007FC002C5BEC10ABE3
:10B7A000C0F2C98104F101080DF5E0790CAB002667
:10B7B0004FEAC801654F03EB880509EBC808009103
:10B7C00055F8040DD4F7B2FE52465B46D4F718FF85
:10B7D0003B46324668E9020150465946D4F710FF0D
:10B7E0000CAB82468B469D42EAD1009948ABA346FA
:10B7F000A1F1080A1A460793CA444FF000095346BC
:10B80000CA46DDF81090CDE90541B9F1000FC0F24C
:10B810009280DFF83C811F46002600240025CDE9F8
:10B82000002B9B4610E0F7E80223F8E802010136FE
:10B83000D4F7E6FE02460B4620462946D4F72AFDF9
:10B84000B14504460D4601DBB245ECDA5B46009A91
:10B85000DDF804B00BF1FF3B0AF1010A083BBBF134
:10B86000FF3FE2E80245D0D1A29A079B022ADDE918
:10B8700005416FDC002A28DC10D15C180020002173
:10B880001D4674E90223D4F705FDA542F9D1029BB8
:10B89000002B40F03F810A9BC3E90001039B03F0AA
:10B8A00007000DF5197DBDE8F08F009B0CA95A1E0D
:10B8B0000CAB53F82230C3F3160341F82230E6E60E
:10B8C00000216FF01703079151E55D18002600274E
:10B8D0009A46D3E9008975E9022330463946D4F700
:10B8E000D9FCAA4506460F46F5D1029B404649467B
:10B8F000002B40F002813B463246D4F7C9FC0A9B3C
:10B90000C3E900676CB14AAE01250135F6E80223B0
:10B91000D4F7C0FCAC42F8DA029B13B101F100434A
:10B9200019460A9BC3E90201039B03F007000DF5CA
:10B93000197DBDE8F08F002400258BE7AFF3008070
:10B94000000000000000F03F0000F03F0000703EEB
:10B95000D0C80208A29A032AA0D1002C00F00381CB
:10B9600003EBC4059946E600A84695ED007BCDE9BA
:10B970000054CDE9046552EC171B0C4615462046D1
:10B980002946A246AB4678E9026732463B46D4F7E1
:10B9900081FC04460D463046224639462B46D4F7F4
:10B9A00077FC52465B46D4F775FCC145C8E90201F5
:10B9B000C8E90045E3D14B46DDE900A4DDE90465B3
:10B9C000012C00F0D08009F1080BD5E90045CDE944
:10B9D00000697AE902892046294642464B46D4F757
:10B9E00059FC26462F4604460D4640462246494607
:10B9F0002B46D4F74DFC32463B46D4F74BFCD3459F
:10BA0000CAE90201CAE90045E3D100200021DDE9CD
:10BA1000006306F1080403F110051E461C4474E996
:10BA20000223D4F737FCA542F9D13346D3E90045C8
:10BA3000D3E90278029B002B4AD10A9BC3E9040197
:10BA4000C3E90045C3E90278039B03F007000DF545
:10BA5000197DBDE8F08F0B9EDDF800B0704249EC17
:10BA6000108BCDE9024A00F09FFA0022484B55ECBA
:10BA7000104B20462946D5F749F800B30022454B24
:10BA800020462946D4F7BCFD1836D5F753F80746AB
:10BA9000D4F74CFD00223E4BD4F7B2FD0B460246D4
:10BAA000294620460BF10104D4F7F2FBD5F742F802
:10BAB0000CAB0B9643F82B0043F8247068E6204645
:10BAC0002946D5F737F80CAB5C4643F82B005FE608
:10BAD000264608F1004305F100440A9DC5E90273BA
:10BAE00001F10043C5E90403039B03F00700C5E926
:10BAF00000640DF5197DBDE8F08F0A9A07F1004347
:10BB00001660536032463B46D4F7C2FB002C7FF4EC
:10BB1000FAAE03E701F100431946BCE642464B4644
:10BB200000201D49D4F7B4FB022480468946ECE48A
:10BB30004FEACC065BE4A29B022B0FDC002B15DC4A
:10BB40007FF4ACAE00200021A1E6C3F316030CA9DC
:10BB5000022C41F822307FF4D8ACCBE5A29B032B1A
:10BB60007FF49CAE48AB002000215FE7029BDDE93B
:10BB7000480133B100224FF000430A9CC4E900237E
:10BB8000CCE6002200230A9CC4E90023C9E600BFDA
:10BB9000000070410000703E0000F03F0000000017
:10BBA0002DE9F04F57EC106B27F0004885B0B8F145
:10BBB000795F5BEC11AB71D230463946D4F7BAFFEE
:10BBC000002800F0F48032463B4630463946D4F730
:10BBD00017FD04460D4678A3D3E90023D4F710FDE2
:10BBE00077A3D3E90023D4F755FB22462B46D4F79D
:10BBF00007FD75A3D3E90023D4F74AFB22462B4661
:10BC0000D4F7FEFC72A3D3E90023D4F743FB22460A
:10BC10002B46D4F7F5FC70A3D3E90023D4F738FB07
:10BC200022462B46D4F7ECFC6DA3D3E90023D4F7CE
:10BC300031FB22462B46D4F7E3FCCDE9000100227C
:10BC40006D4B20462946D4F7DBFC804689462046CA
:10BC5000294644464D46DDE90023D4F7D1FC804611
:10BC6000894652465B4630463946D4F7C9FC0246FF
:10BC70000B4640464946D4F70BFB02460B4620468E
:10BC80002946D4F705FB02460B4600205B49D4F752
:10BC9000FFFA41EC100B05B0BDE8F08F32463B4691
:10BCA00030463946D4F7ACFC04460D4642A3D3E9EE
:10BCB0000023D4F7A5FC42A3D3E90023D4F7EAFA82
:10BCC00022462B46D4F79CFC3FA3D3E90023D4F7AC
:10BCD000DFFA22462B46D4F793FC3DA3D3E9002399
:10BCE000D4F7D8FA22462B46D4F78AFC3AA3D3E9F4
:10BCF0000023D4F7CDFA22462B46D4F781FC38A393
:10BD0000D3E90023D4F7C6FA2B462246D4F778FCB1
:10BD10003B4B9845CDE9000191D93A4B98453DD828
:10BD2000A8F5001300220020344990469946D4F724
:10BD3000AFFACDE9020100222F4B20462946D4F765
:10BD40005FFC42464B46D4F7A3FA8046894620461C
:10BD5000294644464D46DDE90023D4F751FC804690
:10BD6000894652465B4630463946D4F749FC02467E
:10BD70000B4640464946D4F78BFA02460B4620460E
:10BD80002946D4F785FA02460B46DDE90201D4F7CD
:10BD90007FFA41EC100B05B0BDE8F08F9FED127BF0
:10BDA0004FF00008DFF860908DED027BC3E79FED58
:10BDB000100B05B0BDE8F08FD43888BEE9FAA8BDF5
:10BDC000C4B1B4BD9EEE213EAD529C804F7E923EEA
:10BDD0009015CB19A001FA3E7751C1166CC1563FA0
:10BDE0004C5555555555A53F000000000000E73F54
:10BDF000000000000000F03F0000E03F0000F03FC6
:10BE00003233D33F0000E93F0000D23F0000000082
:10BE10002DE9F04F55EC104B25F0004385B08246DC
:10BE2000B3F1795F8DED001B06D220462946D4F789
:10BE300081FE002800F08C8022462B4620462946B1
:10BE4000D4F7DEFB06460F462046324629463B46DF
:10BE5000D4F7D6FB45A3D3E90023CDE90201304650
:10BE60003946D4F7CDFB43A3D3E90023D4F710FA26
:10BE700032463B46D4F7C4FB40A3D3E90023D4F7B2
:10BE800009FA32463B46D4F7BBFB3EA3D3E9002375
:10BE9000D4F7FEF932463B46D4F7B2FB3BA3D3E9D5
:10BEA0000023D4F7F7F980468946BAF1000F37D05E
:10BEB00000222D4BDDE90001D4F7A2FB42464B46A0
:10BEC00080468946DDE902AB50465946D4F798FBD7
:10BED00002460B4640464946D4F7DAF932463B461D
:10BEE000D4F78EFBDDE90023D4F7D2F906460F46DE
:10BEF000504659461AA3D3E90023D4F781FB0246E2
:10BF00000B4630463946D4F7C5F902460B46204663
:10BF10002946D4F7BDF941EC100B05B0BDE8F08F10
:10BF200002460B4630463946D4F76AFB0CA3D3E9E8
:10BF30000023D4F7ADF9DDE90223D4F761FB2246F3
:10BF40002B46D4F7A7F941EC100B05B0BDE8F08FF4
:10BF500045EC104B05B0BDE8F08F00BFAFF300809B
:10BF6000495555555555C53F0000E03F7CD5CF5A42
:10BF70003AD9E53DEB9C2B8AE6E55A3E7DFEB1576A
:10BF8000E31DC73ED561C119A0012A3FA6F81011D3
:10BF90001111813F51EC100B024621F0004343EC9C
:10BFA000102B70470000000070B555EC104BC5F326
:10BFB0000A522B46064672BB25F00043234329D084
:10BFC0003B4B204629460022D4F71AFB394B044646
:10BFD0000D469E4252DBC1F30A520B46363A4CF2F2
:10BFE00050318E4223DC164440F2FE7296421EDC33
:10BFF000002E34DC16F1350F38DB6FF31E53363666
:10C000000022204643EA06552B4B2946D4F7F8FA7E
:10C0100041EC100B70BD40F2FF718A42DFD1224625
:10C0200020462946D4F736F941EC100B70BD002D9F
:10C0300017A1D1E9000107DB15A3D3E90023D4F749
:10C04000DFFA41EC100B70BD13A1D1E9000110A380
:10C05000D3E90023D4F7D4FA41EC100BF3E76FF3E4
:10C060001E5343EA065545EC104B70BD002D0CA144
:10C07000D1E9000102DA0CA1D1E9000108A3D3E95A
:10C080000023D4F7BDFA41EC100B70BDAFF3008074
:10C090009C7500883CE4377E9C7500883CE437FE44
:10C0A00059F3F8C21F6EA50159F3F8C21F6EA5819E
:10C0B00000005043B03CFFFF0000903C0000000037
:10C0C00051EC100BC1F30A532DE9F041A3F2FF35F7
:10C0D0000C460646132D22DC002D41DB384B0F4663
:10C0E00043FA05F801EA080303431DD032A3D3E95C
:10C0F0000023D4F7CFF800220023D4F711FD40B17C
:10C10000002C03DA4FF480132B411F4427EA080464
:10C1100000262346324643EC102BBDE8F081332D38
:10C1200006DDB5F5806F2BD041EC100BBDE8F0813A
:10C13000A3F213434FF0FF37DF403842F4D01EA381
:10C14000D3E90023D4F7A6F800220023D4F7E8FCB3
:10C150000028DED0002C334620DB23EA0706D8E790
:10C1600015A3D3E90023D4F795F800220023D4F7D0
:10C17000D7FC0028CDD0002C09DB00263446C8E7C8
:10C1800002460B46D4F786F841EC100BCEE724F0BC
:10C19000004426430DD14FF00044BAE7142D06D0D9
:10C1A000C5F134050122AA4013449E42D5D9013479
:10C1B000D3E70026034CACE79C7500883CE4377E4F
:10C1C000FFFF0F000000F0BFF8B500BFF8BC08BCCF
:10C1D0009E467047F8B500BFF8BC08BC9E46704745
:10C1E0004850303900000000485031320000000053
:10C1F0004850323400000000485032350000000042
:10C200004D442020200000005B323059592D4D4D07
:10C210002D44445468683A6D6D3A73735A287575A5
:10C2200075295D00594D44686D7300003C45563ECC
:10C23000000000003C42413E00000000413D582EFD
:10C2400058562C20423D592E59560000585900008E
:10C250003C494D3E00000000582C5858582C585866
:10C26000586F686D000000003C50413E0000000027
:10C27000287850494429000056616C3D78787878D8
:10C28000787800003031323334353637383941422E
:10C29000434445460000000030300000485030352F
:10C2A000000000005354313100000000535432317B
:10C2B0000000000053543331000000005354343167
:10C2C0000000000053543531000000005354363153
:10C2D0000000000053543132000000005354323249
:10C2E0000000000053543332000000005354343235
:10C2F0000000000053543532000000005354363221
:10C300000000000048503138000000005546202051
:10C3100020000000485032360000000053503031F9
:10C32000000000004850323700000000454F532005
:10C3300020000000485032320000000048503233E4
:10C34000000000004D442020200000000A000301EE
:10C350005450303100000000504F202020000000D9
:10C3600048503236000000004850323700000000CC
:10C370004552202020000000454F5320200000009F
:10C3800048503035000000004850303300000000B5
:10C3900048503133000000004850313100000000A7
:10C3A00042432020200000004250303100000000B5
:10C3B000425030320000000048503134000000008C
:10C3C000425030330000000048503135000000007A
:10C3D0004250303100000000425030320000000076
:10C3E0005344202020000000485031360000000057
:10C3F0004850000053500000535400004244202095
:10C4000020000000535030390000000053503130FC
:10C41000000000005350313300000000535031340D
:10C420000000000053432020200000004849202045
:10C43000200000004E49202020000000534320200F
:10C4400020000000535030320000000053503033C1
:10C4500000000000535030340000000053503035CD
:10C4600000000000535030360000000053503037B9
:10C4700000000000535030380000000053503039A5
:10C4800000000000535031300000000053503133A1
:10C490000000000053503135000000005350313689
:10C4A0000000000053503137000000005350313875
:10C4B0000000000053503139000000004C5341206F
:10C4C000200000005353202020000000534520206E
:10C4D0002000000048503330000000004850303346
:10C4E0000000000042503031000000004250303265
:10C4F000000000004850313400000000425030334A
:10C500000000000048503236000000005345202053
:10C51000200000004850333000000000574B20201E
:10C52000200000004850323900000000677D512E85
:10C530009044344923992B03CDFB595CFA4E531F89
:10C54000983AD720B8C29F06B06C2036EAA4E7AF6D
:10C5500008EBA2DA587D4487F84901FCE350D2C6C3
:10C560007DC9F76E05F3BC6F8CBBA6750D0A000084
:10C5700014000000C0ED010019000000A0860100B9
:10C580001E000000E63601002800000078C8000008
:10C5900032000000FE8300000000000000000000E8
:10C5A0000102030406070809000000000102030459
:10C5B000006CDC0200366E010024F400001BB700A2
:10C5C00000093D0080841E00504B140040420F00C3
:10C5D00000E02E000070170000A00F0000B80B0054
:10C5E000801A0600400D030088070200A0860100A3
:10C5F00000000242010000000000024203000000AF
:10C600000000024206000000000402420100000097
:10C61000000402420A00000000080242020000007A
:10C62000000C02420D000000000C0242020000005B
:10C63000000802420A00000000040242000000005C
:10C64000000802420C000000000402420300000047
:10C65000000402420400000000100242000000003A
:10C66000001002420200000000100242030000001D
:10C67000010002000400060008000A000C0010007F
:10C6800020004000800000010101010307010000BB
:10C690000804020408010101FFFFFFFF0000000180
:10C6A000000000000000000000000000FFFFFFFF8E
:10C6B000FFFFFFFFFFFFFFFF200000000000000062
:10C6C000000000000000000000000000000000006A
:10C6D0000000000000000000000000030100000056
:10C6E0006B17D1F2E12C4247F8BCE6E563A440F2B7
:10C6F00077037D812DEB33A0F4A13945D898C296FC
:10C700004FE342E2FE1A7F9B8EE7EB4A7C0F9E16B8
:10C710002BCE33576B315ECECBB6406837BF51F569
:10C72000FFFFFFFF00000000FFFFFFFFFFFFFFFF15
:10C73000BCE6FAADA7179E84F3B9CAC2FC632551C3
:10C740002000000000000000FB21F93FFB21094010
:10C750007CD91240FB2119407A6A1F407CD92240C3
:10C76000BBFD2540FB2129403A462C407A6A2F40E8
:10C770005C4731407CD932409C6B3440BBFD354036
:10C78000DB8F3740FB2139401BB43A403A463C40EE
:10C790005AD83D407A6A3F404C7E40405C47414019
:10C7A0006C1042407CD942408CA243409C6B444078
:10C7B000AC344540BBFD4540CBC64640DB8F4740CF
:10C7C000EB584840FB21494083F9A200444E6E00DB
:10C7D000FC291500D1572700DD34F50062DBC000CD
:10C7E0003C999500419043006351FE00BBDEAB00D5
:10C7F000B761C5003A6E2400D24D42004906E00000
:10C8000009EA2E001C92D100EB1DFE0029B11C008C
:10C81000E83EA700F535820044BB2E009CE9840069
:10C82000B4267000417E5F00D691390053833900F1
:10C830009CF439008B5F840028F9BD00F81F3B0091
:10C84000DEFF97000F980500112FEF000A5A8B00AA
:10C850006D1F6D00CF7E360009CB2700464FB70015
:10C860009E663F002DEA5F00BA277500E5EBC70022
:10C870003D7BF100F739070092528A00FB6BEA001A
:10C880001FB15F00085D8D00300356007BFC460041
:10C89000F0AB6B0020BCCF0036F49A00E3A91D007A
:10C8A0005E619100081BE60085996500A0145F0099
:10C8B0008D40680080D8FF0027734D0006063100C8
:10C8C000CA561500C9A873007BE260006B8CC000DB
:10C8D00000000040FB21F93F000000002D44743EA1
:10C8E000000000809846F83C0000006051CC783B86
:10C8F00000000080831BF0390000004020257A38BA
:10C90000000000802282E336000000001DF369353C
:10C910000200000003000000040000000600000008
:08C920005839FD7F0100000001
:04C928005D020008A4
:04C92C0039020008C4
:10C93000060000000C0000001200000018000000BB
:10C9400000010000060100000C01000012010000BF
:10C950001801000000020000060200000C020000A6
:10C96000120200001802000000030000060300008D
:10C97000688E0020F48E0020FFFFFFFF0100000002
:10C98000000000000000000000000000BCC602081B
:10C9900098C60208E0C6020800C7020800000000AE
:10C9A0000000000000000000000000000000000087
:10C9B00020C70208FF000000FFFFFFFF5B32305975
:10C9C000592D4D4D2D44445468683A6D6D3A73733A
:10C9D0005A28757575295D002C4900200200000059
:10C9E0003030303030300000B00000200600000051
:10C9F00001000000C000002001000000F0F0000075
:10CA0000CC0000200200000059594C4C303030312D
:10CA1000D8000020080000004F4E2D3031000000EB
:10CA2000E80000200500000030490020040000005C
:10CA3000344900200A00000032363038303300001C
:10CA40000801002006000000312E302E303000009A
:10CA50001801002006000000595959592D4D4D2D3F
:10CA600044440000280100200A0000005959595987
:10CA70002D4D4D2D444400003C0100200A000000D3
:10CA8000F69D818D758012243860FD3A2DB1F7191D
:10CA9000A32C02ADC94087660999A741316109C23B
:10CAA000386539B86634F40A7D1662FA4D739BB85E
:10CAB00097BB48DB8DC09BA2A9D3A71252F6BE52EA
:10CAC0005001002040000000D10649A65B8E1220D4
:10CAD000367FCD4BA0DBFA905F112769AFD82FEFDF
:10CAE000DAE7314831F2871A7D4D92B200A0118504
:10CAF0006F96CBA4BD39343EC24371E844EA686AFC
:10CB00002206890B18F3F4819801002040000000F0
:10CB100000000000000024400000000000C082402F
:10CB20000000000000C05D40000000000000244044
:10CB300000000000000024400000000000C082400F
:10CB40000000000000C0724000000000000024400F
:10CB500000000000000024400000000000C08240EF
:10CB600000000000000024400000000000002440FD
:10CB7000000000000000F03F0000000000C0824004
:10CB80000000000000004E40000000000000F03FE8
:10CB9000000000000000F03F0000000000005840CE
:10CBA000000000000000F03F000000000000F03F27
:10CBB000000000000000F03F0000000000005840AE
:10CBC000000000000000F03F000000000000F03F07
:10CBD000000000000000F03F0000000000004E4098
:10CBE0000000000000000040000000000000F03FD6
:10CBF000000000000000F03F0000000000004E4078
:10CC00000000000000001840000000000000F03F9D
:10CC1000000000000000F03F0000000000004E4057
:10CC20000000000000002240000000000000F03F73
:10CC3000000000000000F03F0000000000004E4037
:10CC40000000000000002A40000000000000F03F4B
:10CC50000000000000000040000000000000104044
:10CC60006666666666660A409A9999999999B93F87
:10CC70000000000000000040000000000000104024
:10CC80009A999999999909409A9999999999B93F35
:10CC9000000000000000F03F000000000000104015
:10CCA000000000000000F03F000000000000F03F26
:10CCB000000000000000F03F0000000000C08240C3
:10CCC000000000000000F03F000000000000F03F06
:10CCD0000000000000004E400000000000004E4038
:10CCE0000000000000004E40000000000000F03F87
:10CCF000000000000000F03F0000000000001840AD
:10CD00000000000000000840000000000000F03FAC
:10CD10009A9999999999C93F000000000000144020
:10CD20009A9999999999C93F9A9999999999B93FD5
:10CD300000000000000059400000000000408F404B
:10CD40000000000000407F4000000000000049405B
:10CD5000000000000000F03F0000000000409F4085
:10CD60000000000000001440000000000000F03F40
:10CD7000000000000000000000000000000024404F
:10CD80000000000000000040000000000000F03F34
:10CD9000000000000000000000000000000024402F
:10CDA0000000000000000040000000000000F03F14
:10CDB00000000000000024400000000000C072409D
:10CDC000000000000000244000000000000024409B
:10CDD00000000000000000000000000000C07240E1
:10CDE00000000000008056400000000000002440C9
:10CDF000000000000000F03F0000000000001440B0
:10CE0000000000000000F03F000000000000F03FC4
:10CE1000000000000000F03F00000000000014408F
:10CE20000000000000000040000000000000F03F93
:10CE3000000000000000F03F00000000000014406F
:10CE4000000000000000F03F000000000000F03F84
:10CE5000000000000000F03F00000000000014404F
:10CE60000000000000000040000000000000F03F53
:10CE7000000000000000E03F00000000000014403F
:10CE8000000000000000E03F9A9999999999B93FF4
:10CE900000000000000059400000000000C0824077
:10CEA0000000000000207C40000000000000244042
:10CEB0009A9999999999B93F0000000000000040A3
:10CEC000000000000000F03F9A9999999999A93FB4
:10CED00000000000000000400000000000000040D2
:10CEE0000000000000000040000000000000F03FD3
:10CEF000000000000000E03F0000000000002E40A5
:10CF000000000000000004409A9999999999B93F4E
:10CF1000000000000000F03F0000000000C0824060
:10CF20000000000000002440000000000000F03F6E
:10CF300000000000000000000000000000C082406F
:10CF40000000000000002440000000000000F03F4E
:10CF50000000000000000000000000000078964083
:10CF60000000000000007E40000000000000F03FD4
:10CF7000000000000000F03F00000000007C964030
:10CF80000000000000E07F40000000000000F03FD3
:10CF90000000000000000000000000000078964043
:10CFA0000000000000007E40000000000000F03F94
:10CFB000000000000000F03F00000000007C9640F0
:10CFC0000000000000E07F40000000000000F03F93
:10CFD0000000000000000000000000000078964003
:10CFE0000000000000007E40000000000000F03F54
:10CFF000000000000000F03F00000000007C9640B0
:10D000000000000000E07F40000000000000F03F52
:10D0100000000000000000000000000000789640C2
:10D020000000000000007E40000000000000F03F13
:10D03000000000000000F03F00000000007C96406F
:10D040000000000000E07F40000000000000F03F12
:10D050000000000000000000000000000078964082
:10D060000000000000007E40000000000000F03FD3
:10D07000000000000000F03F00000000007C96402F
:10D080000000000000E07F40000000000000F03FD2
:10D090000000000000000000000000000078964042
:10D0A0000000000000007E40000000000000F03F93
:10D0B000000000000000F03F00000000007C9640EF
:10D0C0000000000000E07F40000000000000F03F92
:10D0D0005450303100000000A80000200000000083
:10D0E0004250303100000000B80000200000000075
:10D0F0004250303200000000C40000200000000058
:10D100004250303300000000D0000020000000003A
:10D110004850303100000000E00000200000000016
:10D120004850303200000000F000002000000000F5
:10D130004850303300000000F800002000000000DC
:10D1400048503034000000000001002000000000C2
:10D1500048503035000000001001002000000000A1
:10D16000485030360000000034010020000000006C
:10D170004850303700000000480100200000000047
:10D180004850303800000000F80000200000000087
:10D1900048503039000000009001002000000000DD
:10D1A0004850313000000000200100200000000045
:10D1B0004850313100000000F8000020000000005D
:10D1C0004850313200000000D8010020000000006B
:10D1D0004850313300000000200100200000000012
:10D1E000485031340000000000000000E001002041
:10D1F000485031350000000000000000000200200F
:10D2000048503136000000000000000020020020DD
:10D2100048503137000000000000000040020020AC
:10D22000485031380000000000000000600200207B
:10D23000485031390000000000000000800200204A
:10D24000485032320000000000000000A002002020
:10D25000485032330000000000000000C0020020EF
:10D26000485032340000000000000000E0020020BE
:10D27000485032350000000000000000000300208C
:10D28000485032360000000000000000200300205B
:10D29000485032370000000000000000400300202A
:10D2A00048503238000000000000000060030020F9
:10D2B00048503239000000000000000080030020C8
:10D2C000485033300000000000000000A0030020A0
:10D2D000535030310000000000000000C003002067
:10D2E000535030320000000000000000E003002036
:10D2F0005350303300000000000000000004002004
:10D3000053503034000000000000000020040020D2
:10D3100053503035000000000000000040040020A1
:10D320005350303600000000000000006004002070
:10D33000535030370000000000000000800400203F
:10D34000535030380000000000000000A00400200E
:10D35000535030390000000000000000C0040020DD
:10D36000535031300000000000000000E0040020B5
:10D370005350313100000000000000000005002083
:10D380005350313200000000000000002005002052
:10D390005350313300000000000000004005002021
:10D3A00053503134000000000000000060050020F0
:10D3B00053503135000000000000000080050020BF
:10D3C000535031360000000000000000A00500208E
:10D3D000535031370000000000000000C00500205D
:10D3E000535031380000000000000000E00500202C
:10D3F00053503139000000000000000000060020FA
:10D4000053543131000000000000000020060020CD
:10D41000535431320000000000000000400600209C
:10D42000535432310000000000000000600600206C
:10D43000535432320000000000000000800600203B
:10D44000535433310000000000000000A00600200B
:10D45000535433320000000000000000C0060020DA
:10D46000535434310000000000000000E0060020AA
:10D470005354343200000000000000000007002078
:10D480005354353100000000000000002007002048
:10D490005354353200000000000000004007002017
:10D4A00053543631000000000000000060070020E7
:10D4B00053543632000000000000000080070020B6
:10D4C000FFFFFFFFFFFFFFFFA4C20208ACC202087C
:10D4D000B4C20208BCC20208C4C20208CCC202081C
:10D4E000D4C20208DCC20208E4C20208ECC202088C
:10D4F000F4C20208FCC202086400C800E803640029
:10D50000C800E8030A00C800300000000000000066
:10D51000000000000000000000000000000000000B
:10D5200000000000000000000000000000000000FB
:10D5300000000000000000000000000000000000EB
:10D5400000000000000000000000000000000000DB
:10D5500000000000000000000000000000000000CB
:10D5600000000000000000000000000000000000BB
:10D5700000000000000000000000000000000000AB
:10D58000000000000000000000000000000000009B
:10D59000000000000000000000000000000000008B
:10D5A000000000000000000000000000000000007B
:10D5B000000000000000000000000000000000006B
:10D5C000000000000000000000000000000000005B
:10D5D000000000000000000000000000000000004B
:10D5E000000000000000000000000000000000003B
:10D5F000000000000000000000000000000000002B
:10D60000000000000000000000000000000000001A
:10D61000000000000000000000000000000000000A
:10D6200000000000000000000000000000000000FA
:10D6300000000000000000000000000000000000EA
:10D6400000000000000000000000000000000000DA
:10D6500000000000000000000000000000000000CA
:10D6600000000000000000000000000000000000BA
:10D6700000000000000000000000000000000000AA
:10D68000000000000000000000000000000000009A
:10D69000000000000000000000000000000000008A
:10D6A000000000000000000000000000000000007A
:10D6B000000000000000000000000000000000006A
:10D6C000000000000000000000000000000000005A
:10D6D000000000000000000000000000000000004A
:10D6E000000000000000000000000000000000003A
:10D6F000000000000000000000000000000000002A
:10D700000000000000000000000000000000000019
:10D710000000000000000000000000000000000009
:10D7200000000000000000000000000000000000F9
:10D7300000000000000000000000000000000000E9
:10D7400000000000000000000000000000000000D9
:10D7500000000000000000000000000000000000C9
:10D7600000000000000000000000000000000000B9
:10D7700000000000000000000000000000000000A9
:10D780000000000000000000000000000000000099
:10D790000000000000000000000000000000000089
:10D7A0000000000000000000000000000000000079
:10D7B0000000000000000000000000000000000069
:10D7C0000000000000000000000000000000000059
:10D7D0000000000000000000000000000000000049
:10D7E0000000000000000000000000000000000039
:10D7F0000000000000000000000000000000000029
:10D800000000000000000000000000000000000018
:10D810000000000000000000000000000000000008
:10D8200000000000000000000000000000000000F8
:10D8300000000000000000000000000000000000E8
:10D8400000000000000000000000000000000000D8
:10D8500000000000000000000000000000000000C8
:10D8600000000000000000000000000000000000B8
:10D8700000000000000000000000000000000000A8
:10D880000000000000000000000000000000000098
:10D890000000000000000000000000000000000088
:10D8A0000000000000000000000000000000000078
:10D8B0000000000000000000000000000000000068
:10D8C0000000000000000000000000000000000058
:10D8D0000000000000000000000000000000000048
:10D8E0000000000000000000000000000000000038
:10D8F0000000000000000000000000000000000028
:10D900000000000000000000000000000000000017
:10D910000000000000000000000000000000000007
:10D9200000000000000000000000000000000000F7
:10D9300000000000000000000000000000000000E7
:10D9400000000000000000000000000000000000D7
:10D9500000000000000000000000000000000000C7
:10D9600000000000000000000000000000000000B7
:10D9700000000000000000000000000000000000A7
:10D980000000000000000000000000000000000097
:10D990000000000000000000000000000000000087
:10D9A0000000000000000000000000000000000077
:10D9B0000000000000000000000000000000000067
:10D9C0000000000000000000000000000000000057
:10D9D0000000000000000000000000000000000047
:10D9E0000000000000000000000000000000000037
:10D9F0000000000000000000000000000000000027
:10DA00000000000000000000000000000000000016
:10DA10000000000000000000000000000000000006
:10DA200000000000000000000000000000000000F6
:10DA300000000000000000000000000000000000E6
:10DA400000000000000000000000000000000000D6
:10DA500000000000000000000000000000000000C6
:10DA600000000000000000000000000000000000B6
:10DA700000000000000000000000000000000000A6
:10DA80000000000000000000000000000000000096
:10DA90000000000000000000000000000000000086
:10DAA0000000000000000000000000000000000076
:10DAB0000000000000000000000000000000000066
:10DAC0000000000000000000000000000000000056
:10DAD0000000000000000000000000000000000046
:10DAE0000000000000000000000000000000000036
:10DAF0000000000000000000000000000000000026
:10DB00000000000000000000000000000000000015
:10DB10000000000000000000000000000000000005
:10DB200000000000000000000000000000000000F5
:10DB300000000000000000000000000000000000E5
:10DB400000000000000000000000000000000000D5
:10DB500000000000000000000000000000000000C5
:10DB600000000000000000000000000000000000B5
:10DB700000000000000000000000000000000000A5
:10DB80000000000000000000000000000000000095
:10DB90000000000000000000000000000000000085
:10DBA0000000000000000000000000000000000075
:10DBB0000000000000000000000000000000000065
:10DBC0000000000000000000000000000000000055
:10DBD0000000000000000000000000000000000045
:10DBE0000000000000000000000000000000000035
:10DBF0000000000000000000000000000000000025
:10DC00000000000000000000000000000000000014
:10DC10000000000000000000000000000000000004
:10DC200032000000000000000000000000000000C2
:10DC300000000000000000000000000000000000E4
:10DC400000000000000000000000000000000000D4
:10DC500000000000000000000000000000000000C4
:10DC600000000000000000000000000000000000B4
:10DC700000000000000000000000000000000000A4
:10DC80000000000000000000000000000000000094
:10DC90000000000000000000000000000000000084
:10DCA0000000000000000000000000000000000074
:10DCB0000000000000000000000000000000000064
:10DCC0000000000000000000000000000000000054
:10DCD0000000000000000000000000000000000044
:10DCE0000000000000000000000000000000000034
:10DCF0000000000000000000000000000000000024
:10DD00000000000000000000000000000000000013
:10DD10000000000000000000000000000000000003
:10DD200000000000000000000000000000000000F3
:10DD300000000000000000000000000000000000E3
:10DD400000000000000000000000000000000000D3
:10DD500000000000000000000000000000000000C3
:10DD600000000000000000000000000000000000B3
:10DD700000000000000000000000000000000000A3
:10DD80000000000000000000000000000000000093
:10DD90000000000000000000000000000000000083
:10DDA0000000000000000000000000000000000073
:10DDB0000000000000000000000000000000000063
:10DDC0000000000000000000000000000000000053
:10DDD0000000000000000000000000000000000043
:10DDE0000000000000000000000000000000000033
:10DDF0000000000000000000000000000000000023
:10DE00000000000000000000000000000000000012
:10DE10000000000000000000000000000000000002
:10DE200000000000000000000000000000000000F2
:10DE300000000000000000000000000000000000E2
:10DE400000000000000000000000000000000000D2
:10DE500000000000000000000000000000000000C2
:10DE600000000000000000000000000000000000B2
:10DE700000000000000000000000000000000000A2
:10DE80000000000000000000000000000000000092
:10DE90000000000000000000000000000000000082
:10DEA0000000000000000000000000000000000072
:10DEB0000000000000000000000000000000000062
:10DEC0000000000000000000000000000000000052
:10DED0000000000000000000000000000000000042
:10DEE0000000000000000000000000000000000032
:10DEF0000000000000000000000000000000000022
:10DF00000000000000000000000000000000000011
:10DF10000000000000000000000000000000000001
:10DF200000000000000000000000000000000000F1
:10DF300000000000000000000000000000000000E1
:10DF400000000000000000000000000000000000D1
:10DF500000000000000000000000000000000000C1
:10DF600000000000000000000000000000000000B1
:10DF700000000000000000000000000000000000A1
:10DF80000000000000000000000000000000000091
:10DF90000000000000000000000000000000000081
:10DFA0000000000000000000000000000000000071
:10DFB0000000000000000000000000000000000061
:10DFC0000000000000000000000000000000000051
:10DFD0000000000000000000000000000000000041
:10DFE0000000000000000000000000000000000031
:10DFF0000000000000000000000000000000000021
:10E000000000000000000000000000000000000010
:10E010000000000000000000000000000000000000
:10E0200000000000000000000000000000000000F0
:10E0300000000000000000000000000000000000E0
:10E0400000000000000000000000000000000000D0
:10E0500000000000000000000000000000000000C0
:10E0600000000000000000000000000000000000B0
:10E0700000000000000000000000000000000000A0
:10E080000000000000000000000000000000000090
:10E090000000000000000000000000000000000080
:10E0A0000000000000000000000000000000000070
:10E0B0000000000000000000000000000000000060
:10E0C0000000000000000000000000000000000050
:10E0D0000000000000000000000000000000000040
:10E0E0000000000000000000000000000000000030
:10E0F0000000000000000000000000000000000020
:10E10000000000000000000000000000000000000F
:10E1100000000000000000000000000000000000FF
:10E1200000000000000000000000000000000000EF
:10E1300000000000000000000000000000000000DF
:10E1400000000000000000000000000000000000CF
:10E1500000000000000000000000000000000000BF
:10E1600000000000000000000000000000000000AF
:10E17000000000000000000000000000000000009F
:10E18000000000000000000000000000000000008F
:10E19000000000000000000000000000000000007F
:10E1A000000000000000000000000000000000006F
:10E1B000000000000000000000000000000000005F
:10E1C000000000000000000000000000000000004F
:10E1D000000000000000000000000000000000003F
:10E1E000000000000000000000000000000000002F
:10E1F000000000000000000000000000000000001F
:10E20000000000000000000000000000000000000E
:10E2100000000000000000000000000000000000FE
:10E2200000000000000000000000000000000000EE
:10E2300000000000000000000000000000000000DE
:10E2400000000000000000000000000000000000CE
:10E2500000000000000000000000000000000000BE
:10E2600000000000000000000000000000000000AE
:10E27000000000000000000000000000000000009E
:10E28000000000000000000000000000000000008E
:10E29000000000000000000000000000000000007E
:10E2A000000000000000000000000000000000006E
:10E2B000000000000000000000000000000000005E
:10E2C000000000000000000000000000000000004E
:10E2D000000000000000000000000000000000003E
:10E2E000000000000000000000000000000000002E
:10E2F000000000000000000000000000000000001E
:10E30000000000000000000000000000000000000D
:10E3100000000000000000000000000000000000FD
:10E3200000000000000000000000000000000000ED
:10E3300000000000000000003030303030300001BC
:10E3400000000000000000FFFF00000000000000CF
:10E3500000000000000000000000000000000000BD
:10E3600015000000FFFFFFFFFFFFFFFFFFFFFFFFA4
:10E37000F401000010270000C800000000000000A9
:10E3800000093D0010000000010000000000000036
:10E39000000000000000000000000000010000007C
:10E3A0000000000000000000400000000000040821
:10E3B000841A002000000000F49500205C960020E4
:10E3C000C4960020000000000000000000000000D3
:10E3D000000000000000000000000000000000003D
:10E3E000000000000000000000000000000000002D
:10E3F000000000000000000000000000000000001D
:0400000508011D15BC
:00000001FF
